Accident_Index,Longitude,Latitude,SV,Number_of_Vehicles,Number_of_Casualties,Day_of_Week,Time,1st_Road_Class,Road_Type,Speed_limit,Junction_Detail,Junction_Control,2nd_Road_Class,Pedestrian_Crossing-Human_Control,Pedestrian_Crossing-Physical_Facilities,Light_Conditions,Weather_Conditions,Road_Surface_Conditions,Special_Conditions_at_Site,Carriageway_Hazards,Urban_or_Rural_Area,Vehicle1_Type,Vehicle2_Type,Vehicle3_Type,Vehicle1_Manoeuvre,Vehicle2_Manoeuvre,Vehicle3_Manoeuvre,Vehicle1_Location-Restricted_Lane,Vehicle2_Location-Restricted_Lane,Vehicle3_Location-Restricted_Lane,Junction1_Location,Junction2_Location,Junction3_Location,Skidding1_and_Overturning,Skidding2_and_Overturning,Skidding3_and_Overturning,Hit_Object_in_Carriageway1,Hit_Object_in_Carriageway2,Hit_Object_in_Carriageway3,Vehicle1_Leaving_Carriageway,Vehicle2_Leaving_Carriageway,Vehicle3_Leaving_Carriageway,Hit_Object_off_Carriageway1,Hit_Object_off_Carriageway2,Hit_Object_off_Carriageway3,1st_Point_of_Impact1,1st_Point_of_Impact2,1st_Point_of_Impact3,Was_Vehicle 1_Left_Hand_Drive?,Was_Vehicle2_Left_Hand_Drive?,Was_Vehicle 3_Left_Hand_Drive?,Journey_Purpose_of_Driver1,Journey_Purpose_of_Driver2,Journey_Purpose_of_Driver3,Sex_of_Driver1,Sex_of_Driver2,Sex_of_Driver3,Age_Band_of_Driver1,Age_Band_of_Driver2,Age_Band_of_Driver3,Age_of_Vehicle1,Age_of_Vehicle2,Age_of_Vehicle3
2016100046316 ,-1.704742,54.959895,1,1,1,3,12.45,4,6,30,3,4,6,0,0,1,2,2,0,0,1,9,0,0,18,0,0,10,0,0,2,0,0,6,0,0,13,0,0,9,0,0,12,0,0,1,0,0,1,0,0,6,0,0,2,0,0,9,0,0,3,0,0
2016100054669 ,-1.777686,55.268241,1,2,2,6,16.50,3,6,60,0,0,0,0,0,1,2,2,0,0,2,9,21,0,13,18,0,10,10,0,9,9,0,1,6,0,13,13,0,9,9,0,12,12,0,1,2,0,1,1,0,6,1,0,1,1,0,7,8,0,2,3,0
2016100054690 ,-1.369785,54.964893,1,1,1,7,13.50,6,6,40,0,0,0,0,0,1,2,1,0,0,2,9,0,0,17,0,0,10,0,0,9,0,0,5,0,0,10,0,0,1,0,0,1,0,0,1,0,0,1,0,0,6,0,0,1,0,0,6,0,0,15,0,0
2016100056646 ,-1.529372,54.959028,1,1,1,7,0.19,3,6,30,0,0,0,0,0,4,1,1,0,0,2,9,0,0,18,0,0,9,0,0,9,0,0,6,0,0,13,0,0,9,0,0,12,0,0,4,0,0,1,0,0,6,0,0,1,0,0,7,0,0,14,0,0
2016100059678 ,-1.62395,55.160866,1,1,5,4,19.20,3,6,60,0,0,0,0,0,1,1,2,0,0,2,9,0,0,17,0,0,10,0,0,9,0,0,2,0,0,13,0,0,1,0,0,4,0,0,3,0,0,1,0,0,5,0,0,1,0,0,4,0,0,15,0,0
2016100074619 ,-1.56968,54.937071,1,1,3,5,21.25,6,6,30,1,4,6,0,0,1,1,1,0,0,2,5,0,0,18,0,0,10,0,0,1,0,0,6,0,0,10,0,0,7,0,0,1,0,0,1,0,0,1,0,0,6,0,0,1,0,0,7,0,0,26,0,0
2016100075054 ,-1.755656,54.964708,1,3,2,6,5.41,3,6,60,0,0,0,0,0,1,1,1,0,0,2,9,9,9,13,17,18,10,10,10,9,9,9,6,6,6,13,13,13,7,9,9,11,12,12,4,1,5,1,1,1,2,6,2,1,2,1,6,5,7,9,7,16
2016100081794 ,-2.174697,55.033699,1,2,3,7,13.57,4,6,60,0,0,0,0,0,1,2,2,0,0,2,9,9,0,16,17,0,10,10,0,9,9,0,6,6,0,13,13,0,9,9,0,12,12,0,1,1,0,1,1,0,5,5,0,2,1,0,8,10,0,5,8,0
2016100088496 ,-1.541488,55.038748,1,4,3,7,1.38,3,3,70,0,0,0,0,0,6,1,1,0,3,2,9,9,8,2,18,4,10,10,10,9,9,9,1,1,6,13,1,13,5,9,9,12,12,12,1,1,3,1,1,1,6,5,1,1,1,1,5,5,6,12,2,3
2016100090608 ,-1.616274,54.958012,1,1,5,1,4.0,3,1,40,1,4,3,0,0,4,1,1,0,0,1,9,0,0,18,0,0,10,0,0,8,0,0,5,0,0,13,0,0,9,0,0,12,0,0,3,0,0,1,0,0,5,0,0,1,0,0,4,0,0,12,0,0
2016100094186 ,-1.704253,54.920182,1,2,3,4,4.0,6,6,50,0,0,0,0,0,6,1,2,0,0,2,21,9,0,18,18,0,10,10,0,9,9,0,6,1,0,13,13,0,9,7,0,12,12,0,1,4,0,1,1,0,1,6,0,1,1,0,9,7,0,5,4,0
2016100104516 ,-2.320068,54.977616,1,2,2,2,7.3,3,6,60,0,0,0,0,0,6,1,4,0,0,2,9,19,0,18,18,0,10,10,0,9,9,0,1,6,0,13,13,0,7,1,0,12,12,0,4,1,0,1,1,0,6,1,0,1,1,0,7,8,0,6,1,0
2016100109080 ,-1.998961,55.747222,1,2,1,6,19.33,3,6,60,0,0,0,0,0,4,1,1,0,0,2,17,9,0,7,18,0,10,10,0,9,9,0,6,6,0,13,13,0,9,9,0,12,12,0,4,1,0,1,1,0,1,6,0,1,1,0,8,6,0,13,5,0
2016100122670 ,-1.849053,54.961382,1,1,1,4,16.5,4,6,30,3,4,6,0,0,1,1,1,0,0,1,9,0,0,10,0,0,10,0,0,8,0,0,6,0,0,13,0,0,9,0,0,12,0,0,1,0,0,1,0,0,5,0,0,2,0,0,7,0,0,3,0,0
2016110050067 ,-1.663903,54.693856,1,1,1,7,1.25,5,6,60,0,0,0,0,0,6,1,4,0,0,2,9,0,0,18,0,0,10,0,0,9,0,0,2,0,0,13,0,0,1,0,0,12,0,0,4,0,0,1,0,0,5,0,0,1,0,0,5,0,0,7,0,0
2016110054991 ,-1.705848,54.630356,1,2,2,2,18.56,3,6,60,3,4,6,0,0,6,1,1,0,0,2,9,9,0,18,18,0,10,10,0,1,1,0,6,5,0,13,13,0,9,1,0,12,12,0,1,1,0,1,1,0,5,5,0,2,1,0,4,7,0,5,13,0
2016110055224 ,-1.637849,54.871916,1,2,1,3,6.55,3,6,30,3,4,6,0,0,1,1,1,4,0,2,9,5,0,9,18,0,10,10,0,6,1,0,6,1,0,13,13,0,9,9,0,12,12,0,3,1,0,1,1,0,6,2,0,2,1,0,7,6,0,7,18,0
2016110070292 ,-1.835905,54.88808,1,1,2,1,19.40,4,6,40,0,0,0,0,0,1,1,1,0,0,2,9,0,0,18,0,0,10,0,0,9,0,0,5,0,0,10,0,0,8,0,0,11,0,0,1,0,0,1,0,0,5,0,0,1,0,0,6,0,0,10,0,0
2016110070917 ,-1.705515,54.819976,1,1,1,7,9.30,5,6,30,0,0,0,0,0,1,1,1,0,0,2,9,0,0,18,0,0,10,0,0,9,0,0,6,0,0,13,0,0,1,0,0,4,0,0,1,0,0,1,0,0,1,0,0,1,0,0,8,0,0,7,0,0
2016110071308 ,-1.854794,54.563691,1,1,3,6,17.35,3,6,60,3,4,6,0,0,1,1,1,0,0,2,9,0,0,16,0,0,10,0,0,8,0,0,6,0,0,13,0,0,1,0,0,10,0,0,1,0,0,1,0,0,5,0,0,1,0,0,9,0,0,6,0,0
2016110072651 ,-1.45954,54.748818,1,1,1,4,14.34,3,6,60,0,0,0,0,0,1,8,2,0,0,2,9,0,0,18,0,0,10,0,0,9,0,0,6,0,0,13,0,0,9,0,0,12,0,0,1,0,0,1,0,0,5,0,0,2,0,0,8,0,0,3,0,0
2016110075260 ,-1.798267,54.632989,1,2,4,1,0.20,4,6,60,0,0,0,0,0,6,1,1,0,0,2,9,9,0,16,17,0,10,10,0,9,9,0,6,6,0,13,13,0,1,1,0,12,12,0,1,1,0,1,1,0,5,5,0,1,1,0,8,5,0,14,12,0
2016110085127 ,-1.553945,54.527142,1,1,8,5,10.52,6,2,30,0,0,0,0,0,1,1,1,0,0,1,11,0,0,18,0,0,10,0,0,9,0,0,6,0,0,13,0,0,7,0,0,2,0,0,1,0,0,1,0,0,1,0,0,1,0,0,8,0,0,3,0,0
2016110090879 ,-1.781552,54.710867,1,1,1,3,17.42,3,6,60,0,0,0,0,0,1,1,1,0,0,2,5,0,0,16,0,0,10,0,0,9,0,0,6,0,0,13,0,0,7,0,0,1,0,0,1,0,0,1,0,0,2,0,0,1,0,0,8,0,0,24,0,0
2016110100576 ,-1.904436,54.637227,1,3,1,4,10.40,5,6,60,3,4,6,0,0,1,1,1,0,0,2,5,9,5,13,9,18,10,10,10,8,8,1,6,6,6,13,13,13,9,9,9,12,12,12,1,3,5,1,1,1,5,5,5,1,2,1,10,7,9,14,8,10
2016110108849 ,-1.594689,54.556952,1,1,1,7,11.36,3,1,50,1,4,2,0,0,1,2,2,0,0,2,9,0,0,18,0,0,10,0,0,8,0,0,6,0,0,10,0,0,3,0,0,1,0,0,1,0,0,1,0,0,5,0,0,1,0,0,6,0,0,13,0,0
2016110119043 ,-1.288457,54.747135,1,1,1,2,9.55,3,6,30,6,4,6,0,8,1,1,2,0,0,2,9,0,0,9,0,0,10,0,0,6,0,0,6,0,0,13,0,0,9,0,0,12,0,0,1,0,0,1,0,0,1,0,0,2,0,0,9,0,0,2,0,0
2016110127297 ,-1.681813,54.667267,1,2,1,5,4.49,3,6,60,0,0,0,0,0,1,1,2,0,0,2,9,9,0,18,18,0,10,10,0,9,9,0,6,6,0,13,13,0,9,9,0,12,12,0,4,3,0,1,1,0,6,6,0,1,1,0,7,5,0,6,6,0
2016110128936 ,-1.521599,54.720392,1,2,3,7,1.55,2,3,70,0,0,0,0,0,6,1,2,0,0,2,21,9,0,18,18,0,10,10,0,9,9,0,6,6,0,13,13,0,9,9,0,12,12,0,1,1,0,1,1,0,1,5,0,1,1,0,8,7,0,4,11,0
2016110133601 ,-1.390935,54.753921,1,3,3,7,11.44,4,6,40,3,4,6,0,0,1,2,2,0,0,2,9,9,9,18,18,18,10,10,10,8,8,1,6,6,6,13,13,13,7,1,9,5,5,12,1,1,3,1,1,1,5,5,5,1,1,2,6,8,6,4,9,4
2016110139131 ,-1.824551,54.71686,1,1,1,5,22.37,3,6,60,0,0,0,0,0,6,1,2,0,0,2,9,0,0,18,0,0,10,0,0,9,0,0,6,0,0,13,0,0,1,0,0,4,0,0,3,0,0,1,0,0,2,0,0,1,0,0,5,0,0,12,0,0
2016110147044 ,-1.588461,54.711579,1,1,1,7,23.35,4,6,30,3,4,6,0,0,4,2,2,0,0,1,8,0,0,18,0,0,10,0,0,8,0,0,6,0,0,13,0,0,9,0,0,12,0,0,1,0,0,1,0,0,1,0,0,1,0,0,9,0,0,5,0,0
201611ND01206,-1.473813,54.783956,1,1,2,3,18.12,6,6,60,3,4,5,0,0,4,2,2,0,0,2,9,0,0,18,0,0,10,0,0,2,0,0,6,0,0,13,0,0,9,0,0,12,0,0,1,0,0,1,0,0,1,0,0,1,0,0,6,0,0,33,0,0
201611NI04036,-1.826219,54.864001,1,2,1,4,17.29,6,6,30,3,4,6,0,0,4,1,2,0,0,1,9,5,0,9,18,0,10,10,0,8,8,0,6,6,0,13,13,0,9,9,0,12,12,0,1,1,0,1,1,0,2,6,0,2,1,0,4,8,0,8,10,0
201611SB05696,-1.791718,54.74127,1,1,4,1,18.29,4,6,60,0,0,0,0,0,6,1,1,0,0,2,9,0,0,18,0,0,10,0,0,9,0,0,6,0,0,13,0,0,7,0,0,11,0,0,1,0,0,1,0,0,6,0,0,1,0,0,5,0,0,14,0,0
201611SL00696,-1.521871,54.685434,1,1,2,2,17.55,5,6,60,0,0,0,0,0,6,1,2,0,0,2,19,0,0,18,0,0,10,0,0,9,0,0,5,0,0,10,0,0,7,0,0,11,0,0,1,0,0,1,0,0,6,0,0,1,0,0,8,0,0,10,0,0
2016120013183 ,-1.602356,54.506353,1,1,1,7,11.34,5,6,50,0,0,0,0,0,1,1,1,6,0,2,19,0,0,18,0,0,10,0,0,9,0,0,6,0,0,13,0,0,7,0,0,10,0,0,1,0,0,1,0,0,1,0,0,1,0,0,7,0,0,3,0,0
2016120026930 ,-2.377037,54.107889,1,2,3,1,12.12,3,6,60,0,0,0,0,0,1,1,2,0,0,2,5,9,0,16,17,0,10,10,0,9,9,0,6,6,0,13,13,0,7,9,0,11,12,0,1,1,0,1,1,0,6,6,0,1,2,0,8,7,0,28,13,0
2016120052322 ,-1.089828,53.956572,1,1,1,7,2.38,6,6,30,3,4,6,0,0,4,1,1,0,0,1,8,0,0,18,0,0,10,0,0,1,0,0,6,0,0,13,0,0,9,0,0,12,0,0,1,0,0,1,0,0,1,0,0,1,0,0,10,0,0,8,0,0
2016120067605 ,-1.785145,54.037159,1,2,3,3,8.50,5,6,60,0,0,0,0,0,1,1,1,0,0,2,90,9,0,18,18,0,10,10,0,9,9,0,5,6,0,13,13,0,9,9,0,12,12,0,3,3,0,1,1,0,1,6,0,1,1,0,6,10,0,9,3,0
2016120070516 ,-2.251242,54.015491,1,2,1,7,13.50,3,6,30,8,4,6,0,0,1,1,1,0,0,2,9,5,0,9,18,0,10,10,0,6,1,0,6,1,0,13,13,0,9,9,0,12,12,0,1,1,0,1,1,0,6,6,0,2,1,0,10,8,0,4,5,0
2016120105881 ,-0.81305,54.20502,1,1,2,5,15.22,5,6,60,0,0,0,0,0,1,1,1,0,0,2,9,0,0,18,0,0,10,0,0,9,0,0,2,0,0,13,0,0,8,0,0,4,0,0,1,0,0,1,0,0,6,0,0,1,0,0,6,0,0,2,0,0
2016120106067 ,-0.637509,54.486487,1,1,1,5,18.14,6,6,30,0,0,0,0,0,1,1,1,0,0,1,9,0,0,18,0,0,10,0,0,9,0,0,6,0,0,13,0,0,9,0,0,12,0,0,1,0,0,1,0,0,6,0,0,1,0,0,8,0,0,2,0,0
2016120109228 ,-2.225576,53.970998,1,1,1,3,19.0,3,6,60,0,0,0,0,0,1,1,1,0,0,2,5,0,0,17,0,0,10,0,0,9,0,0,1,0,0,13,0,0,2,0,0,4,0,0,1,0,0,1,0,0,6,0,0,1,0,0,7,0,0,4,0,0
2016120136119 ,-1.734427,53.952401,1,1,1,7,10.10,5,6,60,0,0,0,0,0,1,1,1,0,0,2,5,0,0,17,0,0,10,0,0,9,0,0,1,0,0,13,0,0,1,0,0,4,0,0,1,0,0,1,0,0,6,0,0,1,0,0,6,0,0,14,0,0
2016120145554 ,-1.6884,54.379455,1,1,2,7,10.54,6,6,30,0,0,0,0,0,1,1,1,0,0,2,3,0,0,17,0,0,10,0,0,9,0,0,6,0,0,13,0,0,9,0,0,10,0,0,4,0,0,1,0,0,6,0,0,1,0,0,6,0,0,2,0,0
2016120146200 ,-1.549029,53.984367,1,2,4,1,7.8,4,6,30,6,2,6,0,5,1,1,1,0,0,1,9,9,0,18,18,0,10,10,0,8,8,0,6,5,0,13,13,0,7,2,0,1,11,0,1,3,0,1,1,0,6,2,0,1,2,0,6,8,0,3,3,0
2016120146392 ,-1.115761,53.893443,1,1,1,1,11.38,6,6,60,0,0,0,0,0,1,1,1,0,0,2,9,0,0,18,0,0,10,0,0,9,0,0,2,0,0,13,0,0,7,0,0,9,0,0,1,0,0,1,0,0,6,0,0,1,0,0,6,0,0,44,0,0
2016120147041 ,-1.011897,53.956226,1,3,6,2,13.30,3,3,70,0,0,0,0,0,1,1,1,0,0,2,9,9,19,18,3,3,10,10,10,9,9,9,1,6,6,13,13,13,9,9,9,12,6,12,1,1,5,1,1,1,6,6,1,1,1,1,8,7,5,6,10,1
2016120155899 ,-1.093999,53.762526,1,1,4,1,8.26,3,6,40,0,0,0,0,0,1,1,2,0,0,2,9,0,0,16,0,0,10,0,0,9,0,0,1,0,0,13,0,0,8,0,0,4,0,0,4,0,0,1,0,0,6,0,0,1,0,0,5,0,0,8,0,0
2016120174963 ,-0.916473,54.001073,1,4,1,1,16.10,5,6,60,3,4,5,0,0,1,1,1,0,0,2,5,9,5,13,18,18,10,10,10,1,1,2,6,6,6,13,13,13,7,9,9,9,12,12,1,2,5,1,1,1,6,6,6,1,1,1,7,8,6,9,10,7
2016120175076 ,-1.473467,53.923732,1,2,1,1,17.50,5,6,60,0,0,0,0,0,1,1,2,0,0,2,5,9,0,16,17,0,10,10,0,9,9,0,6,6,0,13,13,0,9,9,0,12,12,0,5,3,0,1,1,0,6,6,0,1,2,0,8,8,0,1,7,0
2016120183219 ,-1.966959,53.973623,1,2,1,7,8.25,3,6,60,0,0,0,0,0,1,2,2,0,0,2,3,21,0,18,9,0,10,10,0,8,8,0,1,6,0,13,13,0,9,9,0,12,12,0,1,3,0,1,1,0,2,2,0,1,1,0,5,9,0,12,16,0
2016120202405 ,-1.142252,54.488713,1,1,1,2,18.10,3,6,30,3,4,6,0,0,4,1,2,0,0,2,9,0,0,18,0,0,10,0,0,1,0,0,6,0,0,13,0,0,9,0,0,12,0,0,1,0,0,1,0,0,6,0,0,1,0,0,5,0,0,11,0,0
2016120226664 ,-1.027577,53.989728,1,1,1,7,12.40,3,1,40,1,2,3,0,0,1,1,1,0,0,2,9,0,0,18,0,0,10,0,0,1,0,0,6,0,0,13,0,0,7,0,0,1,0,0,1,0,0,1,0,0,6,0,0,2,0,0,11,0,0,8,0,0
2016120230096 ,-0.766662,54.164116,1,1,1,5,20.46,3,6,60,0,0,0,0,0,6,1,2,0,0,2,9,0,0,13,0,0,10,0,0,9,0,0,2,0,0,13,0,0,8,0,0,4,0,0,3,0,0,1,0,0,6,0,0,1,0,0,5,0,0,11,0,0
2016120231539 ,-1.305145,54.446926,1,1,1,1,16.33,5,6,60,0,0,0,0,0,6,4,1,0,0,2,9,0,0,16,0,0,10,0,0,9,0,0,6,0,0,13,0,0,8,0,0,3,0,0,1,0,0,1,0,0,6,0,0,1,0,0,11,0,0,7,0,0
2016133180831 ,-1.591989,53.718534,1,1,1,6,14.35,6,6,40,3,4,3,0,0,1,1,2,0,0,1,21,0,0,9,0,0,10,0,0,8,0,0,6,0,0,13,0,0,9,0,0,12,0,0,1,0,0,1,0,0,1,0,0,1,0,0,7,0,0,1,0,0
20161331K1386,-1.438583,53.839508,1,2,2,4,19.35,6,6,60,3,4,6,0,0,6,1,2,0,0,2,9,9,0,18,18,0,10,10,0,6,8,0,6,6,0,13,13,0,1,9,0,4,12,0,3,1,0,1,1,0,6,6,0,1,1,0,10,8,0,1,8,0
20161332N0706,-1.7737,53.827647,1,1,1,3,13.5,3,6,30,0,0,0,0,0,1,1,1,0,0,1,21,0,0,18,0,0,10,0,0,9,0,0,6,0,0,13,0,0,9,0,0,12,0,0,4,0,0,1,0,0,1,0,0,1,0,0,9,0,0,8,0,0
20161334D1616,-1.82669,53.691914,1,1,1,4,17.0,6,6,30,0,0,0,0,0,1,1,1,0,0,1,5,0,0,17,0,0,10,0,0,9,0,0,6,0,0,10,0,0,1,0,0,11,0,0,1,0,0,1,0,0,6,0,0,1,0,0,8,0,0,17,0,0
20161334O0105,-1.776828,53.730688,1,1,1,1,1.10,3,6,30,6,2,3,0,5,4,1,2,0,0,2,9,0,0,18,0,0,10,0,0,8,0,0,6,0,0,13,0,0,9,0,0,12,0,0,1,0,0,1,0,0,2,0,0,1,0,0,5,0,0,6,0,0
2016133541446 ,-1.375365,53.686968,1,3,1,4,19.10,4,6,60,0,0,0,0,0,1,1,1,0,0,2,5,5,8,16,16,17,10,10,10,9,9,9,2,6,6,13,13,13,7,9,1,12,12,12,1,5,1,1,1,1,6,6,6,1,1,1,9,7,8,6,6,5
20161335O1785,-1.539501,53.684871,1,1,2,3,21.50,6,6,30,0,0,0,0,0,4,1,1,0,0,1,9,0,0,18,0,0,10,0,0,9,0,0,6,0,0,13,0,0,7,0,0,4,0,0,4,0,0,1,0,0,6,0,0,1,0,0,5,0,0,11,0,0
20161335U1042,-1.431034,53.785399,1,1,1,2,16.44,6,6,60,0,0,0,0,0,1,1,1,0,0,2,9,0,0,18,0,0,10,0,0,9,0,0,6,0,0,13,0,0,9,0,0,12,0,0,1,0,0,1,0,0,6,0,0,2,0,0,8,0,0,10,0,0
20161336I0056,-1.338769,53.600743,1,2,5,7,0.27,4,6,60,0,0,0,0,0,4,1,2,0,0,2,9,9,0,18,18,0,10,10,0,9,9,0,6,6,0,13,13,0,9,9,0,12,12,0,1,4,0,1,1,0,6,6,0,1,1,0,8,5,0,21,9,0
2016133770458 ,-1.845492,53.664768,1,2,2,5,10.2,3,3,50,3,4,6,0,0,1,1,1,0,0,2,9,9,0,9,18,0,10,10,0,5,1,0,6,6,0,13,13,0,9,1,0,12,11,0,1,1,0,1,1,0,6,6,0,1,1,0,11,9,0,15,10,0
20161337F0305,-1.729812,53.63785,1,1,1,6,8.44,3,6,30,8,4,6,0,0,1,1,1,0,0,1,9,0,0,10,0,0,9,0,0,6,0,0,6,0,0,13,0,0,9,0,0,12,0,0,1,0,0,1,0,0,3,0,0,1,0,0,11,0,0,9,0,0
20161338B0452,-1.998769,53.735264,1,1,1,4,1.20,3,6,30,0,0,0,0,0,4,2,2,0,0,2,5,0,0,16,0,0,10,0,0,9,0,0,1,0,0,13,0,0,7,0,0,11,0,0,1,0,0,1,0,0,6,0,0,1,0,0,5,0,0,20,0,0
2016133961680 ,-1.766646,53.699776,1,2,2,3,20.40,3,6,30,0,0,0,0,0,4,1,1,0,0,1,9,9,0,18,18,0,10,10,0,9,9,0,6,1,0,13,13,0,9,1,0,12,4,0,5,3,0,1,1,0,6,6,0,1,1,0,4,6,0,16,19,0
20161339N1416,-1.734578,53.818066,1,1,2,6,18.25,6,6,30,3,4,6,0,0,1,1,1,0,0,1,19,0,0,18,0,0,10,0,0,1,0,0,6,0,0,13,0,0,9,0,0,12,0,0,1,0,0,1,0,0,6,0,0,1,0,0,6,0,0,6,0,0
20161339R0014,-1.745325,53.791718,1,1,2,3,0.16,3,3,40,0,0,0,0,0,4,1,2,0,0,1,9,0,0,18,0,0,10,0,0,9,0,0,2,0,0,13,0,0,7,0,0,6,0,0,1,0,0,1,0,0,6,0,0,1,0,0,4,0,0,10,0,0
20161339T1815,-1.878502,53.685075,1,2,2,5,22.0,4,6,30,3,4,6,0,0,4,1,1,0,0,2,9,9,0,18,9,0,10,10,0,1,5,0,1,6,0,13,13,0,2,9,0,11,12,0,2,5,0,1,1,0,6,6,0,1,1,0,4,10,0,9,1,0
2016133AB1480,-1.846106,53.861602,1,1,1,3,19.38,4,6,30,3,4,6,0,4,4,1,2,0,0,1,9,0,0,18,0,0,10,0,0,1,0,0,6,0,0,13,0,0,9,0,0,12,0,0,5,0,0,1,0,0,6,0,0,1,0,0,10,0,0,7,0,0
2016133AT0612,-1.411222,53.787865,1,1,1,7,10.9,3,3,50,0,0,0,0,0,1,1,1,0,0,2,21,0,0,18,0,0,10,0,0,9,0,0,6,0,0,13,0,0,9,0,0,12,0,0,1,0,0,1,0,0,1,0,0,1,0,0,9,0,0,10,0,0
2016133BT1430,-1.541404,53.748031,1,1,2,3,20.45,6,6,30,3,4,6,0,0,4,1,1,0,0,1,9,0,0,18,0,0,10,0,0,1,0,0,2,0,0,7,0,0,7,0,0,12,0,0,1,0,0,1,0,0,6,0,0,1,0,0,6,0,0,12,0,0
2016133C40860,-1.828106,53.760685,1,1,1,1,13.30,6,6,60,0,0,0,0,0,1,1,1,0,0,2,9,0,0,17,0,0,10,0,0,9,0,0,6,0,0,13,0,0,1,0,0,3,0,0,1,0,0,1,0,0,6,0,0,1,0,0,11,0,0,7,0,0
2016133C81300,-1.44263,53.807088,1,1,1,5,18.46,6,6,30,3,4,6,0,0,4,1,2,0,0,1,9,0,0,9,0,0,10,0,0,5,0,0,6,0,0,13,0,0,9,0,0,12,0,0,1,0,0,1,0,0,6,0,0,1,0,0,9,0,0,1,0,0
2016140045370 ,-1.212151,53.455885,1,1,2,7,14.40,5,6,60,0,0,0,0,0,1,8,2,0,0,2,9,0,0,17,0,0,10,0,0,9,0,0,5,0,0,13,0,0,8,0,0,4,0,0,1,0,0,1,0,0,6,0,0,2,0,0,8,0,0,13,0,0
2016140046966 ,-1.502434,53.552511,1,1,1,7,9.55,3,6,30,3,4,6,0,0,1,1,1,0,0,1,21,0,0,18,0,0,10,0,0,1,0,0,6,0,0,13,0,0,9,0,0,12,0,0,4,0,0,1,0,0,1,0,0,1,0,0,8,0,0,3,0,0
2016140048617 ,-1.263707,53.494794,1,3,5,1,10.20,3,6,40,0,0,0,0,0,1,1,1,0,0,2,9,9,9,16,17,17,10,10,10,9,9,9,6,6,6,13,13,13,7,7,7,12,12,12,3,3,1,1,1,1,6,6,6,1,1,1,6,7,10,10,6,19
2016140052324 ,-1.445726,53.457611,1,2,2,7,14.35,1,3,70,0,0,0,0,0,1,1,1,0,0,2,9,9,0,18,18,0,10,10,0,9,9,0,6,1,0,13,13,0,9,9,0,12,12,0,1,2,0,1,1,0,6,6,0,1,1,0,9,8,0,10,6,0
2016140054363 ,-1.586946,53.378767,1,2,2,2,20.56,3,6,50,0,0,0,0,0,6,8,4,0,0,2,9,9,0,18,18,0,10,10,0,9,9,0,1,6,0,13,13,0,9,9,0,12,12,0,1,1,0,1,1,0,6,6,0,1,1,0,10,8,0,14,4,0
2016140057030 ,-1.176867,53.508745,1,1,1,2,6.30,2,3,70,0,0,0,0,0,6,5,2,0,0,2,9,0,0,18,0,0,10,0,0,9,0,0,2,0,0,13,0,0,1,0,0,7,0,0,1,0,0,1,0,0,6,0,0,1,0,0,7,0,0,13,0,0
2016140057032 ,-1.370088,53.392714,1,1,1,2,7.22,3,3,70,0,0,0,0,0,1,5,2,0,0,2,9,0,0,18,0,0,10,0,0,9,0,0,5,0,0,6,0,0,1,0,0,2,0,0,4,0,0,1,0,0,2,0,0,1,0,0,5,0,0,9,0,0
2016140059082 ,-1.481694,53.550068,1,1,1,2,22.6,3,3,40,3,2,6,0,4,4,2,2,0,0,1,9,0,0,18,0,0,10,0,0,2,0,0,6,0,0,13,0,0,9,0,0,12,0,0,1,0,0,1,0,0,6,0,0,1,0,0,11,0,0,12,0,0
2016140061824 ,-1.709182,53.527854,1,2,3,5,10.23,3,6,60,6,4,4,0,0,1,1,1,0,0,2,9,21,0,5,18,0,10,10,0,8,8,0,6,6,0,13,13,0,7,7,0,12,12,0,3,1,0,1,1,0,6,1,0,1,1,0,11,7,0,4,8,0
2016140068075 ,-1.359569,53.422276,1,2,2,2,9.30,6,6,30,8,4,6,0,0,1,1,1,0,0,1,9,9,0,18,9,0,10,10,0,1,5,0,6,6,0,13,13,0,9,9,0,12,12,0,1,1,0,1,1,0,6,6,0,1,2,0,8,6,0,16,3,0
2016140073111 ,-1.049315,53.548411,1,3,4,6,21.2,6,6,60,0,0,0,0,0,4,2,2,0,0,2,9,9,9,16,4,4,10,10,10,9,9,9,1,6,6,13,13,13,7,9,9,12,12,12,2,2,1,1,1,1,6,6,6,1,1,1,4,6,6,12,6,8
2016140076051 ,-1.520497,53.379111,1,1,1,5,9.45,6,6,30,3,4,6,0,1,1,1,1,0,0,1,9,0,0,9,0,0,10,0,0,5,0,0,6,0,0,13,0,0,9,0,0,12,0,0,1,0,0,1,0,0,6,0,0,1,0,0,8,0,0,1,0,0
2016140076778 ,-1.497324,53.354261,1,1,2,5,14.25,6,6,30,6,4,6,0,0,1,1,1,0,0,1,9,0,0,1,0,0,10,0,0,8,0,0,6,0,0,13,0,0,9,0,0,12,0,0,2,0,0,1,0,0,6,0,0,1,0,0,5,0,0,13,0,0
2016140077839 ,-1.462019,53.387527,1,2,2,5,20.29,3,6,30,6,2,3,0,0,1,1,1,0,0,1,3,9,0,18,4,0,2,10,0,8,8,0,1,6,0,13,13,0,9,9,0,12,12,0,4,1,0,1,1,0,6,2,0,1,2,0,5,8,0,2,10,0