Accident_Index,Longitude,Latitude,SV,Number_of_Vehicles,Number_of_Casualties,Day_of_Week,Time,1st_Road_Class,Road_Type,Speed_limit,Junction_Detail,Junction_Control,2nd_Road_Class,Pedestrian_Crossing-Human_Control,Pedestrian_Crossing-Physical_Facilities,Light_Conditions,Weather_Conditions,Road_Surface_Conditions,Special_Conditions_at_Site,Carriageway_Hazards,Urban_or_Rural_Area,Vehicle1_Type,Vehicle2_Type,Vehicle3_Type,Vehicle1_Manoeuvre,Vehicle2_Manoeuvre,Vehicle3_Manoeuvre,Vehicle1_Location-Restricted_Lane,Vehicle2_Location-Restricted_Lane,Vehicle3_Location-Restricted_Lane,Junction1_Location,Junction2_Location,Junction3_Location,Skidding1_and_Overturning,Skidding2_and_Overturning,Skidding3_and_Overturning,Hit_Object_in_Carriageway1,Hit_Object_in_Carriageway2,Hit_Object_in_Carriageway3,Vehicle1_Leaving_Carriageway,Vehicle2_Leaving_Carriageway,Vehicle3_Leaving_Carriageway,Hit_Object_off_Carriageway1,Hit_Object_off_Carriageway2,Hit_Object_off_Carriageway3,1st_Point_of_Impact1,1st_Point_of_Impact2,1st_Point_of_Impact3,Was_Vehicle 1_Left_Hand_Drive?,Was_Vehicle2_Left_Hand_Drive?,Was_Vehicle 3_Left_Hand_Drive?,Journey_Purpose_of_Driver1,Journey_Purpose_of_Driver2,Journey_Purpose_of_Driver3,Sex_of_Driver1,Sex_of_Driver2,Sex_of_Driver3,Age_Band_of_Driver1,Age_Band_of_Driver2,Age_Band_of_Driver3,Age_of_Vehicle1,Age_of_Vehicle2,Age_of_Vehicle3
2016140084930 ,-1.453628,53.468578,1,2,1,3,1.41,1,3,70,0,0,0,0,0,6,1,2,4,3,2,9,21,0,18,18,0,10,10,0,9,9,0,1,6,0,13,13,0,2,9,0,7,12,0,4,1,0,1,1,0,6,1,0,1,1,0,8,8,0,9,1,0
2016140089303 ,-1.483119,53.556951,1,1,1,2,12.45,3,2,30,9,2,3,0,5,1,1,1,0,0,1,9,0,0,16,0,0,10,0,0,1,0,0,6,0,0,13,0,0,9,0,0,12,0,0,1,0,0,1,0,0,6,0,0,1,0,0,10,0,0,11,0,0
2016140096352 ,-1.1752,53.348217,1,2,2,1,18.30,6,6,30,3,4,6,0,0,1,1,1,0,0,2,9,9,0,9,18,0,10,10,0,6,1,0,6,6,0,13,13,0,9,9,0,12,12,0,3,1,0,1,1,0,6,6,0,1,1,0,11,6,0,4,3,0
2016140098084 ,-1.124894,53.502677,1,2,6,7,5.46,6,6,40,0,0,0,0,0,1,1,1,0,0,1,9,9,0,18,18,0,10,10,0,9,9,0,2,1,0,13,13,0,7,1,0,12,9,0,1,2,0,1,1,0,6,2,0,1,2,0,7,8,0,10,9,0
2016140103261 ,-1.318804,53.479606,1,1,1,3,11.38,6,6,30,0,0,0,0,0,1,1,1,0,0,1,3,0,0,17,0,0,10,0,0,9,0,0,6,0,0,13,0,0,1,0,0,11,0,0,1,0,0,1,0,0,6,0,0,2,0,0,6,0,0,4,0,0
2016140103635 ,-1.074521,53.513794,1,2,2,6,9.2,6,6,30,0,0,0,0,0,1,1,1,0,0,1,9,21,0,18,2,0,10,10,0,9,9,0,6,6,0,13,13,0,9,9,0,12,12,0,1,2,0,1,1,0,6,1,0,1,1,0,9,6,0,14,13,0
2016140106085 ,-1.18263,53.497629,1,1,1,5,15.55,3,6,40,6,2,4,0,5,1,1,1,0,0,1,21,0,0,18,0,0,10,0,0,8,0,0,6,0,0,13,0,0,9,0,0,12,0,0,3,0,0,1,0,0,1,0,0,1,0,0,7,0,0,5,0,0
2016140106555 ,-0.985786,53.59073,1,1,4,1,15.29,1,7,70,1,4,1,0,0,1,1,1,0,0,2,9,0,0,16,0,0,10,0,0,3,0,0,5,0,0,7,0,0,7,0,0,1,0,0,1,0,0,1,0,0,6,0,0,1,0,0,7,0,0,2,0,0
2016140118844 ,-1.142174,53.512258,1,1,1,7,18.30,3,3,40,3,2,6,0,4,1,1,1,0,0,1,9,0,0,18,0,0,10,0,0,2,0,0,6,0,0,13,0,0,9,0,0,12,0,0,3,0,0,1,0,0,2,0,0,1,0,0,8,0,0,16,0,0
2016140137743 ,-1.282155,53.44136,1,1,1,3,16.0,6,6,50,0,0,0,0,0,1,2,2,0,0,2,9,0,0,13,0,0,10,0,0,9,0,0,2,0,0,13,0,0,2,0,0,11,0,0,3,0,0,1,0,0,6,0,0,1,0,0,7,0,0,5,0,0
2016140139559 ,-1.591702,53.522648,1,2,2,6,18.39,3,6,60,8,4,6,0,0,6,1,2,0,0,2,9,9,0,1,18,0,10,10,0,1,1,0,6,6,0,13,13,0,9,9,0,12,12,0,1,1,0,1,1,0,6,6,0,1,1,0,7,9,0,8,8,0
2016140148625 ,-1.328944,53.326717,1,1,2,2,21.35,4,6,30,0,0,0,0,0,4,1,1,0,0,2,9,0,0,18,0,0,10,0,0,9,0,0,2,0,0,13,0,0,1,0,0,2,0,0,4,0,0,1,0,0,6,0,0,1,0,0,4,0,0,16,0,0
2016160043451 ,-0.798786,53.748291,1,1,2,6,3.0,1,3,70,0,0,0,0,0,6,4,2,0,0,2,9,0,0,18,0,0,10,0,0,9,0,0,2,0,0,13,0,0,1,0,0,9,0,0,3,0,0,1,0,0,5,0,0,1,0,0,7,0,0,14,0,0
2016160047952 ,-0.678874,53.584291,1,1,1,6,9.50,6,6,30,0,0,0,0,0,1,1,1,0,0,2,2,0,0,18,0,0,10,0,0,9,0,0,1,0,0,10,0,0,1,0,0,12,0,0,1,0,0,1,0,0,5,0,0,2,0,0,10,0,0,1,0,0
2016160051393 ,-0.362253,53.698956,1,1,1,6,18.23,6,6,30,0,0,0,0,0,4,1,1,0,0,2,5,0,0,18,0,0,10,0,0,9,0,0,6,0,0,13,0,0,9,0,0,12,0,0,4,0,0,1,0,0,6,0,0,1,0,0,6,0,0,1,0,0
2016160054330 ,-0.275436,53.774165,1,1,1,6,3.0,4,6,30,0,0,0,0,0,4,1,1,0,0,1,9,0,0,16,0,0,10,0,0,9,0,0,1,0,0,13,0,0,7,0,0,2,0,0,1,0,0,1,0,0,6,0,0,1,0,0,5,0,0,14,0,0
2016160056438 ,-0.391206,53.740115,1,4,1,3,16.5,6,6,30,0,0,0,0,0,1,1,1,0,7,1,19,5,9,18,18,18,10,10,10,9,9,9,6,1,6,13,4,13,9,9,9,12,12,12,1,1,5,1,1,1,5,2,5,1,1,2,6,8,6,10,4,13
2016160061919 ,-0.621358,53.491556,1,1,1,3,16.0,6,6,60,0,0,0,0,0,1,1,1,0,0,2,9,0,0,17,0,0,10,0,0,9,0,0,2,0,0,13,0,0,1,0,0,4,0,0,3,0,0,1,0,0,6,0,0,1,0,0,4,0,0,12,0,0
2016160062558 ,-0.886267,53.723914,1,2,2,3,10.30,6,6,60,0,0,0,0,0,1,1,1,0,0,2,9,9,0,18,18,0,10,10,0,9,9,0,6,6,0,13,13,0,9,9,0,12,12,0,1,1,0,1,1,0,6,6,0,1,2,0,10,8,0,14,18,0
2016160065393 ,-0.626231,53.53851,1,1,1,7,23.55,6,6,60,0,0,0,0,0,6,1,1,0,0,2,9,0,0,16,0,0,10,0,0,9,0,0,6,0,0,13,0,0,7,0,0,9,0,0,3,0,0,1,0,0,6,0,0,1,0,0,5,0,0,3,0,0
2016160068895 ,-0.405465,53.72835,1,1,1,2,5.45,6,3,30,3,4,6,0,0,1,1,1,0,0,1,9,0,0,18,0,0,10,0,0,2,0,0,6,0,0,13,0,0,1,0,0,4,0,0,1,0,0,1,0,0,6,0,0,1,0,0,6,0,0,16,0,0
2016160088337 ,-0.479866,53.858427,1,2,2,3,17.10,3,6,50,0,0,0,0,0,1,1,1,0,0,2,9,21,0,16,17,0,10,10,0,9,9,0,1,1,0,13,13,0,1,7,0,12,10,0,1,1,0,1,1,0,5,1,0,1,1,0,6,6,0,6,1,0
2016160089664 ,-0.616118,53.566799,1,1,2,2,1.25,3,6,40,1,4,3,0,8,4,1,1,0,0,1,9,0,0,17,0,0,10,0,0,1,0,0,1,0,0,9,0,0,3,0,0,7,0,0,4,0,0,1,0,0,5,0,0,1,0,0,5,0,0,12,0,0
2016160091110 ,-0.437407,53.748709,1,2,3,5,15.25,4,6,30,0,0,0,0,1,1,2,2,0,0,1,9,9,0,18,18,0,10,10,0,9,9,0,6,6,0,13,13,0,9,9,0,12,12,0,1,1,0,1,1,0,6,5,0,2,2,0,11,7,0,5,4,0
2016160095069 ,-0.456899,54.002263,1,1,2,1,8.23,3,6,60,0,0,0,0,0,1,1,1,0,0,2,9,0,0,18,0,0,10,0,0,9,0,0,6,0,0,10,0,0,7,0,0,9,0,0,1,0,0,1,0,0,6,0,0,1,0,0,11,0,0,2,0,0
2016160096895 ,-0.014309,53.750922,1,2,2,4,14.0,4,6,60,0,0,0,0,0,1,1,1,0,0,2,5,17,0,16,17,0,10,10,0,9,9,0,1,1,0,13,13,0,1,9,0,9,12,0,1,1,0,1,1,0,5,1,0,1,1,0,10,5,0,8,1,0
2016160107150 ,-0.845189,53.996284,1,1,3,2,13.0,3,6,60,0,0,0,0,0,1,1,1,0,0,2,9,0,0,13,0,0,10,0,0,9,0,0,2,0,0,13,0,0,1,0,0,4,0,0,1,0,0,1,0,0,6,0,0,2,0,0,8,0,0,14,0,0
2016160129726 ,-0.353455,53.599852,1,2,2,3,21.18,3,3,70,0,0,0,0,0,6,1,1,0,0,2,9,9,0,18,18,0,10,10,0,9,9,0,6,6,0,13,13,0,9,9,0,12,12,0,1,1,0,1,1,0,6,6,0,1,1,0,11,6,0,8,9,0
2016160134095 ,-0.421335,53.734052,1,3,5,5,16.20,3,3,30,3,4,6,0,0,4,1,2,0,0,1,9,9,9,18,18,7,10,10,10,8,8,1,6,6,6,13,13,13,9,9,9,12,12,12,4,1,3,1,1,1,5,5,5,1,1,1,4,7,8,13,13,3
2016160135178 ,-0.573416,53.654176,1,1,4,4,20.55,4,6,60,0,0,0,0,0,6,1,2,0,0,2,9,0,0,18,0,0,10,0,0,9,0,0,2,0,0,10,0,0,2,0,0,12,0,0,4,0,0,1,0,0,6,0,0,1,0,0,4,0,0,4,0,0
2016170H11036,-1.216186,54.677929,1,1,1,4,15.7,4,1,30,1,4,6,0,0,1,1,1,0,0,1,9,0,0,18,0,0,10,0,0,3,0,0,6,0,0,13,0,0,9,0,0,12,0,0,1,0,0,1,0,0,6,0,0,2,0,0,5,0,0,12,0,0
2016170H11156,-1.231558,54.702437,1,2,1,2,19.5,3,3,40,0,0,0,0,0,4,1,2,0,0,2,9,5,0,18,13,0,10,10,0,9,9,0,6,6,0,13,10,0,9,4,0,12,2,0,3,4,0,1,1,0,2,1,0,1,1,0,7,9,0,2,4,0
2016170S10576,-1.413567,54.543385,1,4,3,5,7.41,3,3,70,0,0,0,0,0,1,1,2,0,0,2,9,9,9,18,18,18,10,10,10,9,9,9,6,6,6,13,13,13,6,9,9,12,12,12,1,1,1,1,1,1,6,2,2,1,2,1,6,8,8,11,8,4
2016170S22756,-1.216783,54.605793,1,1,1,5,13.45,3,1,60,1,4,3,0,0,1,1,2,0,0,2,9,0,0,18,0,0,10,0,0,4,0,0,5,0,0,9,0,0,3,0,0,1,0,0,1,0,0,1,0,0,6,0,0,1,0,0,10,0,0,3,0,0
2016200038480 ,-2.132506,52.588944,1,2,3,3,14.20,6,6,30,3,2,6,0,5,1,1,2,0,0,1,9,9,0,9,18,0,10,10,0,8,8,0,6,6,0,13,13,0,9,9,0,12,12,0,1,1,0,1,1,0,6,6,0,2,2,0,8,6,0,13,12,0
2016200057102 ,-1.892826,52.476693,1,1,1,3,18.8,4,3,30,0,0,0,0,4,4,1,1,0,0,1,9,0,0,18,0,0,10,0,0,9,0,0,6,0,0,13,0,0,9,0,0,12,0,0,1,0,0,1,0,0,6,0,0,1,0,0,6,0,0,15,0,0
2016200060660 ,-1.803732,52.560088,1,1,1,3,12.0,4,6,30,0,0,0,0,0,1,1,1,0,0,1,19,0,0,1,0,0,10,0,0,9,0,0,6,0,0,13,0,0,9,0,0,12,0,0,2,0,0,1,0,0,1,0,0,1,0,0,6,0,0,3,0,0
2016200065739 ,-2.033606,52.587081,1,2,1,7,6.50,4,6,30,3,4,6,0,0,1,1,1,0,0,1,21,9,0,2,17,0,10,10,0,1,1,0,6,6,0,13,4,0,9,9,0,12,12,0,3,1,0,1,1,0,6,6,0,1,1,0,8,9,0,1,9,0
2016200072624 ,-1.955363,52.440368,1,2,1,3,1.45,6,6,30,0,0,0,0,0,4,8,2,0,0,1,5,9,0,18,18,0,9,9,0,9,9,0,6,6,0,4,4,0,7,7,0,12,12,0,1,1,0,1,1,0,6,6,0,1,1,0,5,7,0,23,2,0
2016200074353 ,-1.474366,52.425426,1,1,1,5,13.25,6,9,30,0,0,0,0,0,1,1,1,0,0,1,9,0,0,18,0,0,10,0,0,9,0,0,6,0,0,13,0,0,9,0,0,12,0,0,4,0,0,1,0,0,6,0,0,1,0,0,7,0,0,10,0,0
2016200079739 ,-1.936315,52.550686,1,1,1,1,3.38,3,3,30,3,4,6,0,4,4,1,1,0,0,1,9,0,0,18,0,0,10,0,0,8,0,0,6,0,0,13,0,0,9,0,0,12,0,0,1,0,0,1,0,0,5,0,0,1,0,0,4,0,0,1,0,0
2016200080785 ,-2.162741,52.618169,1,1,1,1,4.21,6,6,30,0,0,0,0,0,4,1,2,0,0,1,9,0,0,16,0,0,10,0,0,9,0,0,5,0,0,13,0,0,1,0,0,12,0,0,1,0,0,1,0,0,6,0,0,1,0,0,4,0,0,13,0,0
2016200087679 ,-1.811957,52.516823,1,1,1,5,11.30,6,6,30,3,4,3,0,0,1,1,1,0,0,1,20,0,0,1,0,0,10,0,0,2,0,0,6,0,0,13,0,0,9,0,0,12,0,0,2,0,0,1,0,0,1,0,0,1,0,0,8,0,0,2,0,0
2016200094921 ,-2.064907,52.583022,1,3,1,2,9.50,4,6,30,8,4,6,0,0,1,1,1,0,0,1,9,9,9,18,3,10,10,10,10,1,1,8,6,6,6,13,13,13,9,9,9,12,12,12,1,2,2,1,1,1,6,6,6,1,1,1,11,10,4,3,5,9
2016200097187 ,-2.035421,52.512373,1,1,1,5,9.10,3,6,30,3,4,6,0,0,1,1,1,0,0,1,19,0,0,18,0,0,10,0,0,1,0,0,6,0,0,10,0,0,1,0,0,5,0,0,4,0,0,1,0,0,1,0,0,1,0,0,7,0,0,1,0,0
2016200098119 ,-1.884136,52.41067,1,1,2,3,20.13,6,9,30,0,0,0,0,0,1,1,1,0,0,1,5,0,0,17,0,0,10,0,0,9,0,0,1,0,0,13,0,0,9,0,0,12,0,0,1,0,0,1,0,0,6,0,0,1,0,0,7,0,0,16,0,0
2016200103053 ,-1.994696,52.60805,1,1,1,7,11.50,4,6,30,6,2,6,0,5,1,1,1,0,0,1,9,0,0,9,0,0,10,0,0,8,0,0,6,0,0,13,0,0,9,0,0,12,0,0,1,0,0,1,0,0,6,0,0,1,0,0,5,0,0,9,0,0
2016200119388 ,-1.849288,52.537473,1,2,2,1,15.5,6,6,30,3,4,6,0,0,1,1,1,0,0,1,9,9,0,18,9,0,10,10,0,1,2,0,6,6,0,10,13,0,3,7,0,12,12,0,1,3,0,1,1,0,6,5,0,1,2,0,6,8,0,6,4,0
2016200126006 ,-1.99644,52.581934,1,1,1,6,13.45,3,6,30,0,0,0,0,4,1,1,1,0,0,1,21,0,0,5,0,0,10,0,0,9,0,0,6,0,0,13,0,0,9,0,0,12,0,0,1,0,0,1,0,0,1,0,0,3,0,0,7,0,0,10,0,0
2016200133038 ,-2.075106,52.436702,1,1,1,1,9.38,3,3,40,0,0,0,0,0,1,1,2,0,0,1,5,0,0,13,0,0,10,0,0,9,0,0,6,0,0,13,0,0,4,0,0,12,0,0,1,0,0,1,0,0,6,0,0,1,0,0,5,0,0,1,0,0
2016200134023 ,-1.982658,52.502011,1,1,1,4,9.11,3,3,40,0,0,0,0,0,1,1,1,0,0,1,9,0,0,18,0,0,10,0,0,9,0,0,1,0,0,13,0,0,9,0,0,12,0,0,1,0,0,1,0,0,6,0,0,1,0,0,6,0,0,14,0,0
2016200148406 ,-2.074279,52.600835,1,1,3,5,14.0,3,3,30,3,2,6,0,4,1,1,2,0,0,1,9,0,0,18,0,0,10,0,0,1,0,0,1,0,0,13,0,0,9,0,0,12,0,0,1,0,0,1,0,0,6,0,0,1,0,0,5,0,0,2,0,0
2016200148529 ,-1.926603,52.60863,1,2,2,5,7.5,6,6,30,0,0,0,0,0,1,1,1,0,0,1,9,9,0,18,18,0,10,10,0,9,9,0,6,6,0,13,13,0,8,9,0,12,12,0,1,1,0,1,1,0,1,1,0,2,2,0,9,10,0,12,3,0
2016200153566 ,-2.003668,52.539654,1,1,1,5,8.40,6,1,30,0,0,0,0,0,1,1,1,0,0,1,21,0,0,7,0,0,10,0,0,9,0,0,6,0,0,13,0,0,9,0,0,12,0,0,1,0,0,1,0,0,1,0,0,1,0,0,7,0,0,3,0,0
2016200153590 ,-1.887513,52.406483,1,1,1,3,21.53,6,3,30,0,0,0,0,0,4,1,2,0,0,1,9,0,0,18,0,0,10,0,0,9,0,0,6,0,0,10,0,0,9,0,0,12,0,0,4,0,0,1,0,0,6,0,0,1,0,0,10,0,0,8,0,0
2016200182792 ,-1.844602,52.540955,1,1,2,4,12.9,3,6,30,3,4,6,0,4,1,1,1,0,0,1,9,0,0,18,0,0,10,0,0,1,0,0,6,0,0,13,0,0,9,0,0,12,0,0,5,0,0,1,0,0,5,0,0,1,0,0,10,0,0,13,0,0
2016210038620 ,-2.188752,53.022179,1,2,2,6,19.35,6,6,30,0,0,0,0,0,4,1,2,0,0,1,9,21,0,18,2,0,10,10,0,9,9,0,6,6,0,13,13,0,9,9,0,12,12,0,1,2,0,1,1,0,6,1,0,2,1,0,6,9,0,12,3,0
2016210039483 ,-2.185366,52.463192,1,1,1,7,0.40,3,6,40,0,0,0,0,0,4,1,2,0,0,1,9,0,0,18,0,0,10,0,0,9,0,0,1,0,0,13,0,0,1,0,0,2,0,0,3,0,0,1,0,0,5,0,0,1,0,0,5,0,0,18,0,0
2016210042273 ,-1.734171,52.617704,1,1,1,5,18.5,3,6,40,0,0,0,0,0,4,1,2,0,0,2,9,0,0,18,0,0,10,0,0,9,0,0,6,0,0,13,0,0,9,0,0,12,0,0,1,0,0,1,0,0,6,0,0,1,0,0,9,0,0,16,0,0
2016210043162 ,-2.184967,53.008799,1,1,1,3,12.24,3,3,70,5,4,6,0,0,1,1,1,0,0,1,11,0,0,18,0,0,10,0,0,1,0,0,6,0,0,13,0,0,9,0,0,12,0,0,1,0,0,1,0,0,1,0,0,1,0,0,8,0,0,12,0,0
2016210055432 ,-1.891622,52.947164,1,1,1,5,9.40,6,6,60,0,0,0,0,0,1,1,1,0,0,2,9,0,0,18,0,0,10,0,0,9,0,0,6,0,0,13,0,0,1,0,0,12,0,0,1,0,0,1,0,0,6,0,0,1,0,0,7,0,0,10,0,0
2016210056433 ,-2.057583,52.96205,1,2,1,2,9.0,3,3,70,0,0,0,0,0,1,1,1,0,2,2,9,21,0,18,2,0,10,10,0,9,9,0,6,6,0,4,13,0,9,9,0,12,12,0,1,2,0,1,1,0,6,1,0,1,1,0,7,8,0,10,6,0
2016210070445 ,-1.96854,52.858078,1,4,2,1,16.30,3,6,60,0,0,0,0,0,1,1,1,0,0,2,5,9,9,18,13,18,10,10,10,9,9,9,1,6,5,13,13,13,9,9,9,12,12,12,1,1,1,1,1,1,5,5,5,1,1,2,7,9,9,11,1,2
2016210077957 ,-2.097925,53.085617,1,3,6,2,19.55,3,6,60,0,0,0,0,0,1,1,1,4,0,2,9,17,9,16,17,4,10,10,10,9,9,9,6,6,6,13,13,13,9,9,9,12,12,12,3,3,3,1,1,1,5,1,5,1,1,1,4,5,6,23,20,11
2016210083992 ,-1.637222,52.799077,1,1,1,2,15.55,3,1,30,1,4,4,0,8,1,2,2,0,0,1,8,0,0,11,0,0,10,0,0,3,0,0,6,0,0,13,0,0,9,0,0,12,0,0,5,0,0,1,0,0,1,0,0,1,0,0,8,0,0,5,0,0
2016210089172 ,-2.133138,52.884698,1,2,2,2,14.38,3,3,60,9,4,6,0,0,1,1,1,0,0,1,9,9,0,9,17,0,10,10,0,8,1,0,6,6,0,13,13,0,9,9,0,12,12,0,3,1,0,1,1,0,6,6,0,1,1,0,11,7,0,12,6,0
2016210091852 ,-2.01938,52.827183,1,2,2,4,13.30,3,6,50,0,0,0,0,0,1,1,2,0,0,2,9,19,0,17,17,0,10,10,0,9,9,0,6,5,0,13,13,0,9,7,0,12,12,0,1,1,0,1,1,0,5,1,0,2,1,0,11,6,0,15,2,0
2016210094342 ,-2.008172,52.652145,1,1,2,7,8.25,6,6,60,0,0,0,0,0,1,1,1,0,0,1,9,0,0,18,0,0,10,0,0,9,0,0,6,0,0,12,0,0,9,0,0,12,0,0,1,0,0,1,0,0,2,0,0,1,0,0,6,0,0,2,0,0
2016210094985 ,-1.840438,52.688798,1,1,2,6,22.29,5,1,30,1,4,6,0,8,4,1,1,0,0,1,9,0,0,18,0,0,9,0,0,3,0,0,6,0,0,9,0,0,2,0,0,1,0,0,1,0,0,1,0,0,5,0,0,1,0,0,4,0,0,8,0,0
2016210117907 ,-2.352541,52.770152,1,2,1,5,6.45,3,6,60,3,4,5,0,0,6,1,1,0,0,2,9,9,0,13,18,0,10,10,0,1,1,0,6,6,0,13,13,0,9,1,0,12,12,0,1,1,0,1,1,0,6,6,0,1,1,0,7,9,0,10,7,0
2016210119271 ,-1.612506,52.838131,1,2,1,2,19.45,3,7,40,3,4,5,0,0,4,1,1,0,0,1,9,5,0,9,17,0,10,10,0,6,1,0,6,6,0,13,13,0,9,9,0,12,12,0,3,1,0,1,1,0,2,2,0,2,1,0,6,6,0,3,11,0
2016210137644 ,-2.151111,52.984513,1,1,1,7,11.21,6,6,30,0,0,0,0,0,1,1,2,0,0,1,9,0,0,18,0,0,10,0,0,9,0,0,6,0,0,13,0,0,9,0,0,12,0,0,1,0,0,1,0,0,6,0,0,1,0,0,6,0,0,7,0,0
2016210137713 ,-2.170274,52.549529,1,2,1,6,17.15,3,3,70,0,0,0,0,8,4,1,1,0,0,1,9,9,0,13,17,0,10,10,0,9,9,0,6,6,0,13,13,0,9,9,0,12,12,0,1,5,0,1,1,0,6,6,0,1,1,0,6,5,0,6,11,0
2016210139345 ,-1.993469,52.716836,1,2,1,3,15.40,3,6,30,3,4,5,0,0,1,1,1,0,0,1,9,5,0,9,18,0,10,10,0,2,1,0,6,1,0,13,13,0,9,9,0,12,12,0,3,1,0,1,1,0,6,6,0,1,1,0,4,8,0,11,31,0
2016210139531 ,-2.03492,53.104907,1,1,1,7,12.44,6,6,30,0,0,0,0,0,1,1,2,0,0,1,9,0,0,18,0,0,10,0,0,9,0,0,6,0,0,13,0,0,9,0,0,12,0,0,4,0,0,1,0,0,6,0,0,1,0,0,4,0,0,2,0,0
2016210141573 ,-2.203258,53.019215,1,1,2,7,2.29,3,3,50,0,0,0,0,0,4,1,1,0,0,1,9,0,0,18,0,0,10,0,0,9,0,0,2,0,0,13,0,0,1,0,0,12,0,0,4,0,0,1,0,0,6,0,0,1,0,0,5,0,0,8,0,0
2016220037765 ,-2.761809,52.697605,1,1,1,4,16.13,6,6,30,0,0,0,0,0,4,1,1,0,0,1,9,0,0,18,0,0,10,0,0,9,0,0,6,0,0,13,0,0,9,0,0,12,0,0,1,0,0,1,0,0,2,0,0,1,0,0,8,0,0,14,0,0
2016220040534 ,-2.308422,52.668133,1,2,5,1,1.10,3,6,60,0,0,0,0,0,6,1,2,0,0,2,9,9,0,13,18,0,10,10,0,9,9,0,1,5,0,13,13,0,1,1,0,12,12,0,1,1,0,1,1,0,5,2,0,1,1,0,6,6,0,10,14,0
2016220043242 ,-2.035302,52.382429,1,2,2,6,4.50,3,3,70,9,4,3,0,0,4,1,2,0,0,2,9,21,0,16,2,0,7,6,0,2,2,0,6,6,0,4,13,0,9,9,0,12,12,0,1,2,0,1,1,0,6,1,0,1,1,0,6,9,0,15,1,0
2016220061326 ,-2.154624,52.064544,1,4,1,1,0.6,1,7,70,0,0,0,0,0,4,1,1,0,0,2,9,9,9,16,18,18,10,6,6,9,9,9,1,6,6,13,13,13,7,9,9,10,12,12,1,5,5,1,1,1,5,1,1,1,1,1,6,7,6,22,5,1
2016220063121 ,-2.215993,52.354277,1,2,3,2,13.14,3,6,60,0,0,0,0,0,1,1,1,0,0,2,9,9,0,16,17,0,10,10,0,9,9,0,6,1,0,13,13,0,9,1,0,12,12,0,1,1,0,1,1,0,2,5,0,2,1,0,8,7,0,5,1,0
2016220063603 ,-2.479831,52.318141,1,2,3,5,6.35,3,6,60,0,0,0,0,0,1,8,2,0,0,2,9,21,0,17,18,0,10,10,0,9,9,0,6,6,0,13,13,0,7,9,0,7,12,0,4,1,0,1,1,0,5,1,0,2,1,0,5,7,0,15,1,0
2016220065226 ,-2.771431,52.618052,1,2,1,3,5.20,3,6,60,0,0,0,0,0,6,1,1,0,0,2,9,21,0,18,18,0,10,10,0,9,9,0,6,6,0,13,13,0,9,9,0,12,12,0,1,1,0,1,1,0,5,1,0,1,1,0,11,8,0,8,6,0
2016220068766 ,-2.96582,52.20351,1,2,1,1,19.50,3,6,60,0,0,0,0,0,1,1,1,0,0,2,9,21,0,16,17,0,10,10,0,9,9,0,1,3,0,13,13,0,1,9,0,12,12,0,1,1,0,1,1,0,6,1,0,1,1,0,7,8,0,21,3,0
2016220070034 ,-1.910342,52.072424,1,1,2,1,21.40,3,6,60,0,0,0,0,0,6,2,2,0,0,2,9,0,0,18,0,0,10,0,0,9,0,0,6,0,0,13,0,0,9,0,0,12,0,0,1,0,0,1,0,0,5,0,0,1,0,0,9,0,0,4,0,0
2016220074732 ,-2.341596,52.368662,1,1,1,5,11.35,3,1,60,1,4,6,0,0,1,1,1,0,0,2,5,0,0,4,0,0,10,0,0,4,0,0,6,0,0,9,0,0,9,0,0,12,0,0,1,0,0,1,0,0,6,0,0,1,0,0,9,0,0,5,0,0
2016220074944 ,-2.210458,52.394599,1,2,3,7,15.28,3,6,60,8,4,6,0,0,1,1,1,0,0,2,9,9,0,9,18,0,10,10,0,6,1,0,6,1,0,13,13,0,9,9,0,12,12,0,3,1,0,1,1,0,6,6,0,2,1,0,11,5,0,18,23,0
2016220079684 ,-2.791108,52.215528,1,2,5,1,14.17,3,6,60,0,0,0,0,0,1,2,2,0,0,2,9,9,0,17,18,0,10,10,0,9,9,0,1,6,0,13,13,0,9,9,0,12,12,0,3,1,0,1,1,0,5,5,0,2,2,0,7,7,0,11,7,0
2016220092118 ,-2.315789,52.127131,1,1,1,5,10.45,3,6,30,0,0,0,0,0,1,2,2,0,0,1,21,0,0,18,0,0,10,0,0,9,0,0,1,0,0,13,0,0,9,0,0,12,0,0,1,0,0,1,0,0,1,0,0,1,0,0,9,0,0,9,0,0
2016220101872 ,-2.422845,52.036977,1,1,1,7,9.5,3,6,30,3,4,6,0,0,1,1,1,0,0,2,11,0,0,3,0,0,10,0,0,2,0,0,6,0,0,13,0,0,9,0,0,12,0,0,5,0,0,1,0,0,1,0,0,1,0,0,7,0,0,13,0,0
2016220103625 ,-2.687594,52.108305,1,1,2,4,10.36,6,6,30,0,0,0,0,0,1,1,1,0,0,2,9,0,0,17,0,0,10,0,0,9,0,0,6,0,0,13,0,0,1,0,0,11,0,0,1,0,0,1,0,0,5,0,0,1,0,0,9,0,0,16,0,0
2016220104881 ,-2.982329,52.748386,1,1,1,1,3.25,6,6,60,0,0,0,0,0,6,1,1,0,0,2,9,0,0,17,0,0,10,0,0,9,0,0,6,0,0,13,0,0,8,0,0,11,0,0,1,0,0,1,0,0,6,0,0,1,0,0,6,0,0,16,0,0