Accident_Index,Longitude,Latitude,SV,Number_of_Vehicles,Number_of_Casualties,Day_of_Week,Time,1st_Road_Class,Road_Type,Speed_limit,Junction_Detail,Junction_Control,2nd_Road_Class,Pedestrian_Crossing-Human_Control,Pedestrian_Crossing-Physical_Facilities,Light_Conditions,Weather_Conditions,Road_Surface_Conditions,Special_Conditions_at_Site,Carriageway_Hazards,Urban_or_Rural_Area,Vehicle1_Type,Vehicle2_Type,Vehicle3_Type,Vehicle1_Manoeuvre,Vehicle2_Manoeuvre,Vehicle3_Manoeuvre,Vehicle1_Location-Restricted_Lane,Vehicle2_Location-Restricted_Lane,Vehicle3_Location-Restricted_Lane,Junction1_Location,Junction2_Location,Junction3_Location,Skidding1_and_Overturning,Skidding2_and_Overturning,Skidding3_and_Overturning,Hit_Object_in_Carriageway1,Hit_Object_in_Carriageway2,Hit_Object_in_Carriageway3,Vehicle1_Leaving_Carriageway,Vehicle2_Leaving_Carriageway,Vehicle3_Leaving_Carriageway,Hit_Object_off_Carriageway1,Hit_Object_off_Carriageway2,Hit_Object_off_Carriageway3,1st_Point_of_Impact1,1st_Point_of_Impact2,1st_Point_of_Impact3,Was_Vehicle 1_Left_Hand_Drive?,Was_Vehicle2_Left_Hand_Drive?,Was_Vehicle 3_Left_Hand_Drive?,Journey_Purpose_of_Driver1,Journey_Purpose_of_Driver2,Journey_Purpose_of_Driver3,Sex_of_Driver1,Sex_of_Driver2,Sex_of_Driver3,Age_Band_of_Driver1,Age_Band_of_Driver2,Age_Band_of_Driver3,Age_of_Vehicle1,Age_of_Vehicle2,Age_of_Vehicle3
2016220114026 ,-2.983004,52.834271,1,2,3,1,7.20,3,6,60,0,0,0,0,0,1,1,1,0,0,2,9,9,0,16,17,0,10,10,0,9,9,0,6,6,0,13,13,0,9,9,0,12,12,0,1,1,0,1,1,0,5,5,0,2,1,0,10,7,0,6,6,0
2016220115498 ,-2.991555,52.837554,1,2,2,2,7.15,3,6,60,0,0,0,0,0,1,1,2,0,0,2,5,9,0,16,17,0,10,10,0,9,9,0,1,1,0,13,13,0,9,9,0,12,12,0,3,1,0,1,1,0,5,2,0,1,1,0,6,9,0,64,15,0
2016220118621 ,-2.506032,52.77073,1,1,4,1,1.50,4,6,60,0,0,0,0,0,6,7,1,0,0,2,9,0,0,16,0,0,10,0,0,9,0,0,2,0,0,13,0,0,7,0,0,11,0,0,1,0,0,1,0,0,5,0,0,1,0,0,5,0,0,18,0,0
2016220132778 ,-2.474627,52.664716,1,2,3,5,9.49,4,6,40,3,4,6,0,0,1,1,1,0,0,1,9,9,0,9,18,0,10,10,0,6,1,0,6,6,0,13,13,0,9,9,0,12,12,0,3,1,0,1,1,0,6,6,0,1,1,0,9,11,0,12,9,0
2016220133514 ,-2.394275,52.611844,1,1,1,7,4.24,4,6,60,0,0,0,0,0,6,1,2,0,0,2,9,0,0,18,0,0,10,0,0,9,0,0,6,0,0,13,0,0,7,0,0,4,0,0,1,0,0,1,0,0,6,0,0,1,0,0,4,0,0,8,0,0
2016220133552 ,-1.921858,52.095107,1,2,1,7,16.0,3,6,60,0,0,0,0,0,6,1,2,0,0,2,9,21,0,13,18,0,10,10,0,9,9,0,1,1,0,13,13,0,7,9,0,12,12,0,3,3,0,1,1,0,6,1,0,1,1,0,4,9,0,16,6,0
2016220136612 ,-2.276506,52.343506,1,1,1,3,16.20,4,6,30,3,4,6,0,5,4,1,2,0,0,1,9,0,0,4,0,0,10,0,0,2,0,0,6,0,0,13,0,0,9,0,0,12,0,0,1,0,0,1,0,0,5,0,0,1,0,0,6,0,0,15,0,0
2016220146612 ,-2.515118,52.961307,1,1,1,1,17.4,3,6,60,0,0,0,0,0,6,1,2,0,0,2,9,0,0,17,0,0,10,0,0,9,0,0,6,0,0,13,0,0,1,0,0,7,0,0,1,0,0,1,0,0,5,0,0,1,0,0,5,0,0,12,0,0
2016220149912 ,-2.868276,51.966681,1,2,4,7,23.35,6,6,60,0,0,0,0,0,6,1,2,0,2,2,9,9,0,18,17,0,10,10,0,9,9,0,1,2,0,11,11,0,9,2,0,12,11,0,1,4,0,1,1,0,1,6,0,1,2,0,7,5,0,1,18,0
2016230039245 ,-1.706942,52.30844,1,1,1,5,1.12,1,3,70,0,0,0,0,0,6,1,1,0,0,2,9,0,0,18,0,0,10,0,0,9,0,0,5,0,0,13,0,0,1,0,0,12,0,0,1,0,0,1,0,0,6,0,0,1,0,0,5,0,0,7,0,0
2016230043204 ,-1.545552,52.282989,1,1,1,7,20.41,3,6,30,0,0,0,0,4,4,2,2,0,0,1,9,0,0,18,0,0,10,0,0,9,0,0,6,0,0,13,0,0,9,0,0,12,0,0,1,0,0,1,0,0,5,0,0,1,0,0,9,0,0,5,0,0
2016230060749 ,-1.524944,52.300575,1,2,2,5,17.0,6,6,30,0,0,0,0,0,1,1,1,0,0,1,5,9,0,16,17,0,10,10,0,9,9,0,1,2,0,13,13,0,9,9,0,12,12,0,1,1,0,1,1,0,6,6,0,1,2,0,7,9,0,18,2,0
2016230062059 ,-1.29945,52.419682,1,3,4,7,4.40,1,3,70,0,0,0,0,0,6,1,1,0,0,2,9,9,9,18,18,18,10,10,10,9,9,9,1,6,6,13,13,13,5,9,9,6,12,12,1,1,1,1,1,1,5,5,5,1,2,1,6,5,9,13,8,9
2016230064334 ,-1.242031,52.412684,1,1,2,4,11.45,3,6,50,0,0,0,0,0,1,1,1,0,0,2,9,0,0,17,0,0,10,0,0,9,0,0,1,0,0,10,0,0,7,0,0,11,0,0,1,0,0,1,0,0,5,0,0,1,0,0,7,0,0,15,0,0
2016230068653 ,-1.715022,52.196662,1,1,2,6,8.44,6,6,30,9,4,6,0,0,1,1,1,0,0,1,21,0,0,5,0,0,10,0,0,6,0,0,6,0,0,13,0,0,9,0,0,12,0,0,1,0,0,1,0,0,1,0,0,1,0,0,8,0,0,4,0,0
2016230077463 ,-1.547567,52.182932,1,1,2,1,9.15,4,6,50,0,0,0,0,0,1,1,1,0,0,2,9,0,0,18,0,0,10,0,0,9,0,0,6,0,0,13,0,0,7,0,0,4,0,0,1,0,0,1,0,0,5,0,0,2,0,0,7,0,0,1,0,0
2016230102721 ,-1.336053,52.379302,1,2,1,1,3.19,3,6,50,0,0,0,0,0,6,1,2,0,0,2,9,9,0,17,17,0,10,10,0,9,9,0,2,6,0,6,13,0,1,9,0,4,12,0,4,1,0,1,1,0,5,1,0,1,1,0,7,6,0,9,2,0
2016230106961 ,-1.212155,52.406169,1,3,2,4,12.50,1,3,50,0,0,0,0,0,1,1,1,4,0,2,9,19,5,11,18,18,10,10,10,9,9,9,6,6,6,13,13,13,9,9,9,12,12,12,2,1,1,1,1,1,1,5,5,1,1,1,6,6,7,8,2,1
2016230109336 ,-1.62196,52.199655,1,2,4,6,20.13,4,6,50,0,0,0,0,0,6,1,1,0,0,2,9,9,0,17,16,0,10,10,0,9,9,0,1,6,0,13,13,0,9,9,0,12,12,0,4,1,0,1,1,0,5,5,0,1,1,0,6,7,0,14,12,0
2016230112171 ,-1.276031,52.413104,1,2,1,3,4.51,1,3,70,0,0,0,0,0,6,1,1,0,0,2,19,20,0,18,4,0,10,10,0,9,9,0,6,6,0,13,13,0,9,9,0,12,12,0,1,2,0,1,1,0,1,1,0,1,1,0,10,8,0,1,6,0
2016230126937 ,-1.303636,52.335925,1,1,1,3,13.30,1,3,70,0,0,0,0,0,1,1,2,0,0,2,9,0,0,18,0,0,10,0,0,9,0,0,1,0,0,13,0,0,1,0,0,4,0,0,4,0,0,1,0,0,1,0,0,1,0,0,8,0,0,1,0,0
2016230147496 ,-1.454848,52.513757,1,1,1,2,7.12,6,6,30,3,4,3,0,0,4,2,2,0,0,1,11,0,0,9,0,0,10,0,0,2,0,0,6,0,0,13,0,0,9,0,0,12,0,0,1,0,0,1,0,0,1,0,0,1,0,0,6,0,0,8,0,0
2016230147909 ,-1.549931,52.539032,1,3,1,6,14.20,4,6,50,3,4,6,0,0,1,1,2,3,0,2,9,9,21,5,18,10,10,10,10,6,1,1,6,6,6,13,13,13,9,9,9,12,12,12,1,1,5,1,1,1,2,2,1,1,1,1,6,6,10,7,17,4
2016300017695 ,-1.432824,53.262625,1,2,2,7,21.19,3,3,70,0,0,0,0,0,6,2,2,0,0,1,9,9,0,13,18,0,10,10,0,9,9,0,1,6,0,13,13,0,1,9,0,10,12,0,4,3,0,1,1,0,6,6,0,1,1,0,6,5,0,15,14,0
2016300018050 ,-1.424584,52.915148,1,1,2,4,20.10,3,3,70,5,4,3,0,0,4,1,2,0,0,2,9,0,0,11,0,0,10,0,0,5,0,0,2,0,0,13,0,0,4,0,0,6,0,0,1,0,0,1,0,0,6,0,0,1,0,0,5,0,0,2,0,0
2016300018127 ,-1.475331,52.863063,1,1,1,4,2.0,3,3,70,0,0,0,0,0,6,1,1,0,0,2,9,0,0,18,0,0,10,0,0,9,0,0,6,0,0,13,0,0,1,0,0,4,0,0,3,0,0,1,0,0,6,0,0,1,0,0,6,0,0,11,0,0
2016300018285 ,-1.316487,52.913856,1,2,3,7,0.1,3,3,70,0,0,0,0,0,4,1,1,0,0,2,9,9,0,18,18,0,10,10,0,9,9,0,6,6,0,13,13,0,9,9,0,12,12,0,1,1,0,1,1,0,6,6,0,1,1,0,9,6,0,9,9,0
2016300018512 ,-1.40924,52.91705,1,1,1,1,22.30,3,3,70,0,0,0,0,0,4,1,1,0,0,1,5,0,0,16,0,0,10,0,0,9,0,0,1,0,0,13,0,0,4,0,0,6,0,0,1,0,0,1,0,0,1,0,0,1,0,0,6,0,0,11,0,0
2016300018761 ,-1.390919,53.257475,1,2,2,1,16.35,3,6,30,0,0,0,0,0,1,1,1,0,0,1,9,5,0,6,18,0,10,10,0,9,9,0,6,6,0,13,13,0,9,9,0,12,12,0,3,1,0,1,1,0,6,6,0,1,1,0,8,8,0,5,1,0
2016300018766 ,-1.33184,53.123848,1,1,1,2,6.42,4,6,40,0,0,0,0,0,1,1,1,0,0,2,9,0,0,18,0,0,10,0,0,9,0,0,6,0,0,13,0,0,1,0,0,10,0,0,1,0,0,1,0,0,6,0,0,1,0,0,7,0,0,8,0,0
2016300018892 ,-1.31225,53.293003,1,2,2,3,5.38,3,6,40,3,4,6,0,0,1,1,1,0,0,2,9,9,0,9,18,0,10,10,0,8,8,0,6,6,0,13,13,0,3,9,0,12,12,0,3,1,0,1,1,0,1,1,0,1,1,0,8,9,0,9,28,0
2016300018893 ,-1.90478,53.257734,1,1,1,3,2.32,3,6,30,0,0,0,0,0,4,1,1,0,0,1,19,0,0,17,0,0,10,0,0,9,0,0,6,0,0,13,0,0,9,0,0,12,0,0,4,0,0,1,0,0,1,0,0,1,0,0,6,0,0,3,0,0
2016300019111 ,-1.74124,53.33174,1,2,1,5,16.14,4,6,30,3,4,6,0,0,1,1,1,0,0,2,5,9,0,18,9,0,10,10,0,8,5,0,6,6,0,13,13,0,9,9,0,12,12,0,1,4,0,1,1,0,6,6,0,1,2,0,8,9,0,5,2,0
2016300019290 ,-1.476946,53.308042,1,3,1,1,11.20,4,6,30,8,4,6,0,0,1,1,1,0,0,1,9,5,9,5,14,2,10,10,10,6,1,1,6,6,6,13,13,13,9,8,9,12,10,12,1,1,5,1,1,1,6,6,6,1,1,2,4,9,8,13,18,13
2016300019398 ,-1.416922,53.252391,1,1,1,7,0.32,3,3,40,0,0,0,0,0,4,1,1,0,0,1,9,0,0,12,0,0,10,0,0,9,0,0,6,0,0,13,0,0,9,0,0,12,0,0,1,0,0,1,0,0,2,0,0,1,0,0,7,0,0,14,0,0
2016300019478 ,-1.59001,52.956826,1,2,3,7,16.24,3,6,50,0,0,0,0,0,1,1,1,0,0,2,9,9,0,16,17,0,10,10,0,9,9,0,6,1,0,13,13,0,9,1,0,12,12,0,1,1,0,1,1,0,6,6,0,2,1,0,10,8,0,2,5,0
2016300019595 ,-1.313709,52.891995,1,2,1,1,15.5,5,6,60,8,4,6,0,0,1,1,1,0,0,2,9,5,0,9,18,0,10,10,0,5,8,0,6,6,0,13,13,0,9,9,0,12,12,0,4,1,0,1,1,0,6,6,0,2,1,0,7,9,0,10,13,0
2016300019686 ,-1.53466,53.134522,1,1,1,1,0.26,3,6,40,3,4,6,0,0,7,1,1,0,0,2,9,0,0,18,0,0,10,0,0,1,0,0,6,0,0,13,0,0,9,0,0,12,0,0,1,0,0,1,0,0,6,0,0,2,0,0,4,0,0,5,0,0
2016301600100 ,-1.374657,53.090658,1,2,1,4,19.48,3,3,70,0,0,0,0,0,1,1,1,0,0,1,5,9,0,18,18,0,10,10,0,9,9,0,1,6,0,10,13,0,6,9,0,6,12,0,1,3,0,1,1,0,6,6,0,1,1,0,8,8,0,8,8,0
2016301600105 ,-1.554623,52.936814,1,2,1,5,7.58,5,6,60,8,4,6,0,0,1,1,1,0,0,2,9,5,0,9,18,0,10,10,0,5,8,0,6,6,0,13,13,0,9,1,0,12,9,0,1,1,0,1,1,0,2,6,0,1,1,0,7,9,0,15,8,0
2016301600343 ,-1.393101,52.856567,1,1,1,1,19.34,5,6,40,0,0,0,0,0,6,1,1,0,0,2,9,0,0,18,0,0,10,0,0,9,0,0,6,0,0,13,0,0,7,0,0,9,0,0,3,0,0,1,0,0,6,0,0,2,0,0,10,0,0,2,0,0
2016301600636 ,-1.515047,53.09347,1,2,2,3,12.9,3,6,50,0,0,0,0,0,1,9,1,0,0,2,9,21,0,18,18,0,10,10,0,9,9,0,6,1,0,13,13,0,9,7,0,12,12,0,1,1,0,1,1,0,6,1,0,1,1,0,10,7,0,12,3,0
2016301600837 ,-1.571384,52.743121,1,1,1,6,23.21,3,6,40,0,0,0,0,0,4,1,2,0,0,1,9,0,0,18,0,0,10,0,0,9,0,0,2,0,0,13,0,0,7,0,0,11,0,0,5,0,0,1,0,0,6,0,0,1,0,0,5,0,0,6,0,0
201631A046016,-1.194823,53.118047,1,2,4,1,14.33,3,6,60,0,0,0,0,0,1,1,1,0,0,2,9,9,0,16,17,0,10,10,0,9,9,0,6,6,0,13,13,0,9,1,0,12,12,0,1,1,0,1,1,0,6,6,0,1,1,0,6,11,0,13,13,0
201631B006616,-0.832667,53.074071,1,2,1,6,12.9,3,6,60,0,0,0,0,0,1,1,1,0,0,2,9,21,0,12,18,0,10,10,0,9,9,0,6,6,0,13,13,0,9,9,0,12,12,0,1,1,0,1,1,0,6,1,0,1,1,0,6,9,0,13,2,0
201631B047816,-1.154902,53.235126,1,1,1,6,18.35,3,6,40,0,0,0,0,8,4,1,2,0,0,2,9,0,0,18,0,0,10,0,0,9,0,0,6,0,0,13,0,0,9,0,0,12,0,0,1,0,0,1,0,0,2,0,0,1,0,0,9,0,0,12,0,0
201631B050716,-0.895313,53.082922,1,2,5,4,14.10,3,6,60,0,0,0,0,0,1,1,1,0,0,2,9,9,0,16,18,0,10,10,0,9,9,0,6,6,0,13,13,0,9,9,0,12,12,0,1,1,0,1,1,0,6,6,0,1,1,0,11,6,0,9,11,0
201631B100216,-0.80392,53.019011,1,2,1,2,18.34,6,6,50,0,0,0,0,0,1,1,1,0,0,2,5,9,0,16,17,0,10,10,0,9,9,0,6,6,0,13,13,0,7,1,0,12,12,0,1,1,0,1,1,0,6,6,0,1,2,0,6,8,0,1,12,0
201631B164716,-0.99186,53.319203,1,2,1,5,23.45,3,6,60,0,0,0,0,0,4,2,2,0,0,2,9,9,0,18,18,0,10,10,0,9,9,0,2,6,0,10,13,0,7,9,0,2,12,0,4,5,0,1,1,0,6,6,0,1,1,0,6,4,0,14,13,0
201631B212516,-0.960612,53.047174,1,1,2,1,0.10,3,6,60,0,0,0,0,0,6,1,2,0,0,2,19,0,0,17,0,0,10,0,0,9,0,0,6,0,0,13,0,0,1,0,0,4,0,0,1,0,0,1,0,0,6,0,0,1,0,0,5,0,0,1,0,0
201631B221416,-0.83565,53.069723,1,2,2,3,19.31,3,6,60,0,0,0,0,0,6,1,1,0,0,2,9,21,0,13,18,0,10,10,0,9,9,0,6,6,0,13,13,0,1,9,0,12,12,0,1,1,0,1,1,0,6,6,0,1,1,0,9,6,0,2,9,0
201631B252316,-0.917158,53.095915,1,2,2,2,8.4,3,6,50,0,0,0,0,0,1,7,2,0,0,2,21,19,0,18,18,0,10,10,0,9,9,0,3,6,0,10,13,0,7,1,0,12,12,0,1,1,0,1,1,0,1,1,0,1,1,0,6,9,0,4,4,0
201631B261416,-0.790282,53.259419,1,1,1,7,3.49,3,6,60,0,0,0,0,0,6,2,2,0,0,2,21,0,0,18,0,0,10,0,0,9,0,0,6,0,0,13,0,0,9,0,0,12,0,0,1,0,0,1,0,0,1,0,0,1,0,0,9,0,0,2,0,0
201631C005016,-1.238634,52.946977,1,1,1,5,11.12,6,6,20,8,4,6,0,0,1,1,1,0,0,1,19,0,0,1,0,0,9,0,0,1,0,0,6,0,0,13,0,0,9,0,0,12,0,0,2,0,0,1,0,0,1,0,0,2,0,0,8,0,0,12,0,0
201631C027816,-1.1006,52.953159,1,1,1,6,6.30,3,6,60,0,0,0,0,0,4,1,1,0,0,2,21,0,0,18,0,0,10,0,0,9,0,0,6,0,0,13,0,0,9,0,0,12,0,0,1,0,0,1,0,0,1,0,0,1,0,0,7,0,0,7,0,0
201631C068416,-1.129803,52.946563,1,2,1,4,6.35,3,1,30,1,2,3,0,5,1,1,1,0,0,1,4,5,0,13,18,0,10,10,0,8,8,0,5,6,0,13,13,0,1,9,0,1,12,0,4,3,0,1,1,0,2,2,0,1,1,0,9,8,0,18,25,0
201631C071116,-1.174786,52.945436,1,1,2,3,5.50,3,6,30,0,0,0,0,0,1,2,2,0,0,1,9,0,0,18,0,0,10,0,0,9,0,0,1,0,0,10,0,0,7,0,0,4,0,0,3,0,0,1,0,0,2,0,0,1,0,0,6,0,0,26,0,0
201631C198316,-1.200121,52.943506,1,1,1,7,23.23,3,6,40,0,0,0,0,4,4,2,2,0,0,1,9,0,0,18,0,0,10,0,0,9,0,0,6,0,0,13,0,0,9,0,0,12,0,0,1,0,0,1,0,0,6,0,0,2,0,0,5,0,0,3,0,0
201631D073716,-0.993535,52.90363,1,2,1,6,19.5,6,6,30,6,4,6,0,0,1,2,2,0,0,2,9,10,0,18,18,0,10,10,0,6,8,0,6,6,0,13,13,0,3,7,0,3,12,0,3,1,0,1,1,0,1,6,0,1,2,0,7,7,0,12,2,0
201631D118716,-1.219921,52.992748,1,3,2,6,19.35,3,6,40,0,0,0,0,0,1,1,2,0,0,2,9,9,9,13,18,18,10,10,10,9,9,9,2,6,6,13,13,13,1,9,9,12,12,12,4,5,1,1,1,1,6,6,6,2,1,1,4,7,5,9,14,10
201631D149916,-1.217294,52.818087,1,3,2,5,1.9,3,6,50,0,0,0,0,0,6,1,1,0,0,2,19,9,21,13,18,18,10,10,10,9,9,9,6,6,6,13,13,13,9,1,9,12,9,12,1,1,3,1,1,1,1,6,1,1,2,1,5,6,8,10,10,1
201631D159016,-1.291577,52.985807,1,2,1,3,18.0,3,6,50,3,4,6,0,0,1,1,1,0,0,2,19,5,0,9,18,0,10,10,0,5,8,0,6,1,0,13,13,0,9,9,0,12,12,0,4,1,0,1,1,0,6,2,0,1,1,0,6,5,0,2,19,0
201631D189516,-1.256151,52.840155,1,1,1,6,2.0,6,6,60,0,0,0,0,0,6,1,1,0,0,2,9,0,0,17,0,0,10,0,0,9,0,0,5,0,0,10,0,0,1,0,0,4,0,0,4,0,0,1,0,0,6,0,0,1,0,0,4,0,0,5,0,0
201631D237516,-1.239014,52.938008,1,5,4,6,19.0,3,3,40,0,0,0,0,0,4,1,1,0,0,1,9,9,21,18,18,18,10,10,10,9,9,9,6,1,6,13,13,13,9,6,9,12,2,12,5,4,1,1,1,1,6,6,1,1,1,1,5,5,8,12,11,1
201631D245916,-0.946879,52.9459,1,2,2,2,5.4,3,6,60,0,0,0,0,0,7,8,4,0,0,2,9,19,0,18,18,0,10,10,0,9,9,0,6,6,0,13,13,0,9,9,0,12,12,0,1,1,0,1,1,0,6,1,0,1,1,0,5,6,0,1,3,0
2016320000651 ,0.126282,53.32545,1,1,4,6,21.10,3,6,60,3,4,5,0,0,6,4,2,0,0,2,9,0,0,16,0,0,10,0,0,1,0,0,6,0,0,13,0,0,7,0,0,12,0,0,1,0,0,1,0,0,6,0,0,1,0,0,9,0,0,12,0,0
2016320004049 ,-0.11864,52.800091,1,1,1,7,3.11,3,6,40,0,0,0,0,0,6,1,2,0,0,2,9,0,0,18,0,0,10,0,0,9,0,0,1,0,0,13,0,0,1,0,0,4,0,0,3,0,0,1,0,0,6,0,0,1,0,0,6,0,0,12,0,0
2016320004847 ,-0.418404,53.146835,1,2,4,2,9.19,4,6,50,0,0,0,0,0,1,2,2,0,0,2,20,9,0,17,18,0,10,10,0,9,9,0,6,6,0,13,13,0,7,1,0,10,12,0,1,1,0,1,1,0,1,6,0,1,1,0,7,11,0,3,2,0
2016320006232 ,-0.425551,52.734515,1,1,1,3,10.31,3,6,60,0,0,0,0,0,1,1,2,0,0,2,9,0,0,16,0,0,10,0,0,9,0,0,6,0,0,13,0,0,1,0,0,1,0,0,3,0,0,1,0,0,2,0,0,1,0,0,4,0,0,8,0,0
2016320006246 ,-0.539446,53.268432,1,2,2,4,12.29,3,6,50,0,0,0,0,0,1,1,1,0,0,2,9,20,0,13,18,0,10,10,0,9,9,0,1,1,0,13,13,0,1,1,0,12,12,0,1,1,0,1,1,0,6,1,0,2,1,0,8,10,0,12,3,0
2016320014077 ,-0.608822,52.801618,1,1,1,5,12.27,3,6,60,0,0,0,0,0,1,1,1,0,0,2,5,0,0,16,0,0,10,0,0,9,0,0,2,0,0,10,0,0,7,0,0,7,0,0,1,0,0,1,0,0,6,0,0,1,0,0,5,0,0,1,0,0
2016320026183 ,0.024989,52.976108,1,1,1,5,17.59,5,6,60,0,0,0,0,0,6,1,1,0,0,2,9,0,0,18,0,0,10,0,0,9,0,0,6,0,0,13,0,0,9,0,0,12,0,0,1,0,0,1,0,0,2,0,0,1,0,0,5,0,0,14,0,0
2016320026851 ,-0.433968,53.162944,1,3,1,6,18.49,4,6,60,0,0,0,0,0,6,1,2,0,0,2,3,9,9,18,18,18,10,10,10,9,9,9,6,6,6,13,13,13,9,9,9,12,12,12,1,1,5,1,1,1,6,6,6,1,1,1,7,7,5,1,10,14
2016320028426 ,-0.200126,53.236291,1,1,3,7,23.54,5,6,60,0,0,0,0,0,6,1,1,0,0,2,9,0,0,17,0,0,10,0,0,9,0,0,5,0,0,13,0,0,7,0,0,9,0,0,1,0,0,1,0,0,6,0,0,2,0,0,7,0,0,11,0,0
2016320038527 ,-0.362391,53.034329,1,1,1,7,2.11,3,6,60,0,0,0,0,0,6,1,1,0,0,2,21,0,0,18,0,0,10,0,0,9,0,0,6,0,0,13,0,0,9,0,0,12,0,0,1,0,0,1,0,0,1,0,0,1,0,0,8,0,0,10,0,0
2016320040024 ,-0.467965,53.19789,1,1,1,7,9.55,5,6,30,9,4,6,0,0,1,1,1,0,0,2,11,0,0,5,0,0,10,0,0,1,0,0,6,0,0,13,0,0,9,0,0,12,0,0,5,0,0,1,0,0,1,0,0,1,0,0,8,0,0,13,0,0
2016320068990 ,-0.369773,52.7539,1,1,1,2,20.0,3,6,60,0,0,0,0,0,6,1,1,0,0,2,9,0,0,18,0,0,10,0,0,9,0,0,6,0,0,13,0,0,9,0,0,12,0,0,1,0,0,1,0,0,6,0,0,2,0,0,7,0,0,8,0,0
2016320081379 ,-0.680738,52.917164,1,1,2,1,10.14,3,7,60,5,4,3,0,0,1,1,1,0,0,2,9,0,0,7,0,0,10,0,0,5,0,0,2,0,0,13,0,0,3,0,0,9,0,0,1,0,0,1,0,0,6,0,0,2,0,0,4,0,0,16,0,0
2016320109336 ,-0.139531,53.192332,1,3,2,4,14.10,4,6,60,0,0,0,0,0,1,1,1,0,0,2,3,17,3,16,17,16,10,10,10,9,9,9,6,6,6,13,13,13,9,9,9,12,12,12,1,3,5,1,1,1,6,1,6,1,1,1,4,7,4,8,12,8
2016320130297 ,-0.021371,52.996489,1,1,1,3,7.45,4,6,50,0,0,0,0,0,1,1,1,0,0,1,9,0,0,18,0,0,10,0,0,9,0,0,6,0,0,13,0,0,1,0,0,12,0,0,5,0,0,1,0,0,6,0,0,2,0,0,10,0,0,14,0,0
2016320142423 ,-0.111171,53.209867,1,1,1,1,12.10,5,6,30,3,4,6,0,0,1,1,1,0,0,2,9,0,0,18,0,0,10,0,0,2,0,0,6,0,0,13,0,0,9,0,0,12,0,0,1,0,0,1,0,0,6,0,0,1,0,0,11,0,0,4,0,0
2016320159746 ,-0.458308,52.656151,1,1,1,2,21.20,3,6,60,0,0,0,0,0,1,1,1,0,0,2,3,0,0,17,0,0,10,0,0,9,0,0,6,0,0,10,0,0,9,0,0,12,0,0,4,0,0,1,0,0,6,0,0,1,0,0,4,0,0,8,0,0
2016320176677 ,-0.302478,53.256932,1,2,1,7,13.3,4,6,60,0,0,0,0,0,1,1,1,0,0,2,5,21,0,13,18,0,10,10,0,9,9,0,6,1,0,13,13,0,1,9,0,10,12,0,1,1,0,1,1,0,2,1,0,1,1,0,8,9,0,10,10,0
2016320187944 ,-0.501706,53.20312,1,1,1,1,0.25,4,6,60,0,0,0,0,0,6,1,2,0,2,2,9,0,0,18,0,0,10,0,0,9,0,0,6,0,0,11,0,0,9,0,0,12,0,0,1,0,0,1,0,0,6,0,0,1,0,0,9,0,0,7,0,0
2016320194654 ,0.041554,53.135511,1,2,1,5,17.38,3,6,50,0,0,0,0,0,1,1,1,0,0,2,5,9,0,18,9,0,10,10,0,9,9,0,6,6,0,13,13,0,7,8,0,12,11,0,1,2,0,1,1,0,6,6,0,1,1,0,8,7,0,15,15,0
2016320216556 ,-0.285272,52.698224,1,1,1,7,21.22,3,6,60,0,0,0,0,0,1,1,1,0,0,2,9,0,0,18,0,0,10,0,0,9,0,0,5,0,0,13,0,0,7,0,0,9,0,0,1,0,0,1,0,0,6,0,0,1,0,0,5,0,0,4,0,0
2016320246621 ,-0.302783,53.514587,1,2,5,1,15.55,5,6,60,3,4,6,0,0,1,1,1,0,0,2,9,9,0,17,9,0,10,10,0,6,8,0,6,6,0,13,13,0,9,9,0,12,12,0,1,1,0,1,1,0,6,6,0,1,1,0,10,8,0,4,5,0
2016320251711 ,-0.215287,52.668078,1,1,1,6,20.9,4,2,60,0,0,0,0,0,1,1,1,0,0,2,9,0,0,16,0,0,10,0,0,9,0,0,6,0,0,13,0,0,7,0,0,8,0,0,1,0,0,1,0,0,6,0,0,1,0,0,6,0,0,9,0,0
2016320265391 ,-0.17742,52.956549,1,1,1,2,14.38,3,6,60,0,0,0,0,0,1,1,1,0,0,2,9,0,0,18,0,0,10,0,0,9,0,0,6,0,0,13,0,0,1,0,0,1,0,0,1,0,0,1,0,0,6,0,0,2,0,0,11,0,0,11,0,0
2016320269950 ,0.10176,53.329742,1,2,2,4,15.38,3,6,40,0,0,0,0,0,1,1,1,0,0,2,9,21,0,16,17,0,10,10,0,9,9,0,6,6,0,13,13,0,9,9,0,12,12,0,1,3,0,1,1,0,6,1,0,1,1,0,11,5,0,13,4,0
2016320274306 ,-0.385573,53.027004,1,2,3,6,10.52,3,6,60,3,4,4,0,0,1,1,1,0,0,2,9,9,0,5,18,0,10,10,0,1,8,0,6,6,0,13,13,0,9,9,0,12,12,0,3,1,0,1,1,0,6,6,0,2,2,0,10,10,0,13,5,0
2016320281464 ,0.018938,53.118383,1,2,1,6,16.39,3,6,60,0,0,0,0,0,1,1,2,0,0,2,9,9,0,13,18,0,10,10,0,9,9,0,2,6,0,13,13,0,7,9,0,9,12,0,1,5,0,1,1,0,6,6,0,1,1,0,6,6,0,10,10,0