Accident_Index,Longitude,Latitude,SV,Number_of_Vehicles,Number_of_Casualties,Day_of_Week,Time,1st_Road_Class,Road_Type,Speed_limit,Junction_Detail,Junction_Control,2nd_Road_Class,Pedestrian_Crossing-Human_Control,Pedestrian_Crossing-Physical_Facilities,Light_Conditions,Weather_Conditions,Road_Surface_Conditions,Special_Conditions_at_Site,Carriageway_Hazards,Urban_or_Rural_Area,Vehicle1_Type,Vehicle2_Type,Vehicle3_Type,Vehicle1_Manoeuvre,Vehicle2_Manoeuvre,Vehicle3_Manoeuvre,Vehicle1_Location-Restricted_Lane,Vehicle2_Location-Restricted_Lane,Vehicle3_Location-Restricted_Lane,Junction1_Location,Junction2_Location,Junction3_Location,Skidding1_and_Overturning,Skidding2_and_Overturning,Skidding3_and_Overturning,Hit_Object_in_Carriageway1,Hit_Object_in_Carriageway2,Hit_Object_in_Carriageway3,Vehicle1_Leaving_Carriageway,Vehicle2_Leaving_Carriageway,Vehicle3_Leaving_Carriageway,Hit_Object_off_Carriageway1,Hit_Object_off_Carriageway2,Hit_Object_off_Carriageway3,1st_Point_of_Impact1,1st_Point_of_Impact2,1st_Point_of_Impact3,Was_Vehicle 1_Left_Hand_Drive?,Was_Vehicle2_Left_Hand_Drive?,Was_Vehicle 3_Left_Hand_Drive?,Journey_Purpose_of_Driver1,Journey_Purpose_of_Driver2,Journey_Purpose_of_Driver3,Sex_of_Driver1,Sex_of_Driver2,Sex_of_Driver3,Age_Band_of_Driver1,Age_Band_of_Driver2,Age_Band_of_Driver3,Age_of_Vehicle1,Age_of_Vehicle2,Age_of_Vehicle3
2016370053255 ,0.707448,52.247553,1,1,2,2,10.26,6,6,30,0,0,0,0,0,1,1,1,0,0,1,9,0,0,18,0,0,10,0,0,9,0,0,6,0,0,13,0,0,9,0,0,12,0,0,1,0,0,1,0,0,6,0,0,1,0,0,10,0,0,10,0,0
2016370054658 ,1.24665,52.02319,1,2,1,3,16.19,3,6,60,3,4,6,0,0,1,1,1,0,0,2,9,5,0,9,18,0,10,10,0,2,1,0,6,2,0,13,13,0,9,9,0,12,12,0,3,1,0,1,1,0,6,6,0,1,1,0,10,7,0,4,15,0
2016370057698 ,0.993568,52.203585,1,2,1,3,16.32,4,6,60,0,0,0,0,0,1,1,1,0,0,2,5,9,0,16,18,0,10,10,0,9,9,0,1,6,0,13,13,0,7,9,0,12,12,0,1,1,0,1,1,0,6,6,0,1,2,0,8,7,0,1,14,0
2016370066126 ,1.438629,52.457032,1,1,1,6,1.40,6,6,20,0,0,0,0,0,6,1,1,0,0,2,9,0,0,18,0,0,10,0,0,9,0,0,6,0,0,13,0,0,9,0,0,12,0,0,1,0,0,1,0,0,6,0,0,1,0,0,8,0,0,3,0,0
2016370070318 ,0.41432,52.249338,1,1,1,5,12.32,3,6,30,0,0,0,0,0,1,1,1,0,0,1,9,0,0,18,0,0,10,0,0,9,0,0,6,0,0,13,0,0,9,0,0,12,0,0,1,0,0,1,0,0,6,0,0,1,0,0,11,0,0,5,0,0
2016370073141 ,0.527032,52.385787,1,3,3,3,6.31,4,6,60,0,0,0,0,0,1,1,1,0,0,2,9,9,9,18,18,18,10,10,10,9,9,9,6,6,6,13,13,13,9,9,9,12,12,12,1,1,1,1,1,1,6,6,2,1,2,1,6,9,6,12,9,4
2016370086024 ,1.467398,52.309716,1,1,2,5,18.0,5,6,60,0,0,0,0,0,1,1,1,0,0,2,5,0,0,18,0,0,10,0,0,9,0,0,5,0,0,13,0,0,9,0,0,12,0,0,3,0,0,1,0,0,6,0,0,1,0,0,8,0,0,20,0,0
2016370099863 ,0.746254,52.041359,1,1,1,7,19.0,6,6,30,3,4,6,0,0,1,1,1,0,0,1,9,0,0,18,0,0,10,0,0,2,0,0,6,0,0,13,0,0,3,0,0,11,0,0,1,0,0,1,0,0,5,0,0,1,0,0,8,0,0,4,0,0
2016370103687 ,0.76121,52.041477,1,2,3,5,7.47,3,6,60,0,0,0,0,0,1,1,1,0,0,2,5,20,0,18,18,0,10,10,0,9,9,0,5,6,0,13,13,0,9,9,0,12,12,0,1,1,0,1,1,0,6,1,0,1,1,0,8,8,0,11,8,0
2016370109104 ,0.739296,52.383349,1,2,2,5,11.55,3,6,40,0,0,0,0,0,1,1,1,0,0,2,5,9,0,13,18,0,10,10,0,9,9,0,5,6,0,13,13,0,9,9,0,12,12,0,1,3,0,1,1,0,5,6,0,1,1,0,9,9,0,1,12,0
2016370110058 ,1.594946,52.306024,1,1,1,3,8.56,4,6,60,0,0,0,0,0,1,1,1,0,0,2,5,0,0,18,0,0,10,0,0,9,0,0,5,0,0,12,0,0,7,0,0,12,0,0,1,0,0,1,0,0,6,0,0,1,0,0,8,0,0,2,0,0
2016370111876 ,0.453455,52.072652,1,1,1,2,23.15,3,6,60,0,0,0,0,0,6,1,1,0,0,1,9,0,0,18,0,0,10,0,0,9,0,0,6,0,0,13,0,0,9,0,0,12,0,0,1,0,0,1,0,0,2,0,0,1,0,0,7,0,0,4,0,0
2016370113922 ,0.687501,52.438621,1,2,2,1,5.0,4,6,60,0,0,0,0,0,6,1,1,0,0,2,9,9,0,18,18,0,10,10,0,9,9,0,6,6,0,13,13,0,9,9,0,12,12,0,1,1,0,1,1,0,6,6,0,1,1,0,6,8,0,13,12,0
2016370116363 ,0.894892,52.326083,1,1,2,6,10.56,3,6,40,0,0,0,0,0,1,1,1,0,0,2,9,0,0,18,0,0,10,0,0,9,0,0,6,0,0,13,0,0,1,0,0,12,0,0,1,0,0,1,0,0,5,0,0,1,0,0,11,0,0,15,0,0
2016370116370 ,1.115143,52.142578,1,1,2,7,3.37,4,6,30,0,0,0,0,0,6,8,2,0,0,2,9,0,0,17,0,0,10,0,0,9,0,0,6,0,0,13,0,0,7,0,0,12,0,0,1,0,0,1,0,0,6,0,0,1,0,0,5,0,0,10,0,0
2016370123240 ,1.102433,52.252314,1,1,1,7,18.46,3,6,50,0,0,0,0,0,6,2,2,0,0,2,9,0,0,18,0,0,10,0,0,9,0,0,1,0,0,13,0,0,8,0,0,11,0,0,1,0,0,1,0,0,5,0,0,1,0,0,6,0,0,11,0,0
2016370135998 ,0.676106,52.369573,1,2,2,6,15.35,4,6,60,0,0,0,0,0,1,1,1,0,0,2,9,9,0,18,18,0,10,10,0,9,9,0,6,6,0,13,13,0,9,9,0,12,12,0,1,1,0,1,1,0,5,5,0,2,1,0,11,6,0,2,7,0
2016370140485 ,1.102397,52.055115,1,1,1,2,17.52,3,3,70,0,0,0,0,0,6,8,1,0,0,2,21,0,0,18,0,0,10,0,0,9,0,0,6,0,0,13,0,0,9,0,0,12,0,0,4,0,0,1,0,0,1,0,0,1,0,0,9,0,0,4,0,0
2016370141447 ,1.123222,52.282255,1,1,1,3,8.26,6,6,60,0,0,0,0,0,1,1,4,0,0,2,9,0,0,17,0,0,10,0,0,9,0,0,1,0,0,13,0,0,7,0,0,4,0,0,1,0,0,1,0,0,5,0,0,2,0,0,6,0,0,14,0,0
2016370141464 ,0.440483,52.150205,1,1,2,3,10.10,4,6,60,0,0,0,0,0,1,1,4,0,0,2,9,0,0,18,0,0,10,0,0,9,0,0,6,0,0,13,0,0,9,0,0,12,0,0,1,0,0,1,0,0,5,0,0,2,0,0,5,0,0,3,0,0
201637EA96711,1.49424,52.456102,1,2,2,6,7.15,4,6,60,0,0,0,0,0,6,1,4,0,0,2,9,9,0,17,18,0,10,10,0,9,9,0,1,6,0,13,13,0,9,9,0,12,12,0,1,1,0,1,1,0,2,6,0,1,1,0,7,9,0,19,9,0
201637EA96806,0.728215,52.225698,1,1,1,2,8.0,5,6,40,0,0,0,0,0,1,2,2,0,0,2,9,0,0,18,0,0,10,0,0,9,0,0,6,0,0,13,0,0,9,0,0,12,0,0,1,0,0,1,0,0,6,0,0,1,0,0,10,0,0,8,0,0
2016400058980 ,-0.449968,52.113823,1,2,2,1,5.11,3,3,70,0,0,0,0,0,6,1,1,0,0,2,9,19,0,18,18,0,10,10,0,9,9,0,6,2,0,13,13,0,9,9,0,12,12,0,1,1,0,1,1,0,6,1,0,1,1,0,6,6,0,4,8,0
2016400089790 ,-0.558853,52.065131,1,1,2,5,3.51,3,3,70,5,4,3,0,0,6,1,1,0,0,2,21,0,0,18,0,0,10,0,0,1,0,0,1,0,0,13,0,0,9,0,0,12,0,0,1,0,0,1,0,0,1,0,0,1,0,0,9,0,0,4,0,0
2016400091197 ,-0.528525,51.891344,1,2,1,7,20.55,3,6,30,3,4,6,0,4,4,1,1,0,0,1,9,5,0,9,18,0,10,10,0,8,8,0,6,6,0,13,13,0,9,9,0,12,12,0,3,1,0,1,1,0,6,6,0,1,1,0,7,8,0,11,16,0
2016400113983 ,-0.552375,52.137298,1,3,5,7,11.50,3,6,60,3,4,5,0,0,1,1,1,0,0,2,9,9,9,9,18,8,10,10,10,8,8,8,6,6,6,13,13,13,9,9,9,12,12,12,1,1,3,1,1,1,5,5,5,2,1,2,11,5,6,9,10,10
2016400116379 ,-0.370962,51.851196,1,1,1,6,20.9,5,6,60,0,0,0,0,0,4,1,1,0,0,2,5,0,0,18,0,0,10,0,0,9,0,0,1,0,0,6,0,0,7,0,0,11,0,0,1,0,0,1,0,0,6,0,0,1,0,0,5,0,0,6,0,0
2016400131451 ,-0.561192,52.055458,1,2,1,2,17.23,5,6,60,0,0,0,0,0,1,1,1,0,0,2,5,20,0,18,18,0,10,10,0,9,9,0,6,6,0,13,13,0,7,9,0,12,12,0,1,1,0,1,1,0,1,1,0,1,1,0,6,9,0,12,4,0
2016400138087 ,-0.423806,51.906649,1,1,1,6,1.40,3,6,30,1,4,6,0,4,4,1,1,0,0,1,9,0,0,18,0,0,10,0,0,8,0,0,5,0,0,9,0,0,9,0,0,12,0,0,1,0,0,1,0,0,6,0,0,1,0,0,5,0,0,3,0,0
2016400140430 ,-0.481045,52.01372,1,1,1,7,17.36,5,6,60,0,0,0,0,0,7,1,1,0,0,2,9,0,0,18,0,0,10,0,0,9,0,0,6,0,0,13,0,0,9,0,0,12,0,0,1,0,0,1,0,0,5,0,0,1,0,0,8,0,0,17,0,0
2016406BA0065,-0.199345,52.140312,1,3,3,6,17.10,4,6,60,0,0,0,0,0,1,1,1,0,0,2,9,9,9,13,18,18,10,10,10,9,9,9,1,6,6,13,13,13,2,9,9,12,12,12,1,1,5,1,1,1,6,6,6,1,1,1,6,7,7,11,15,4
2016406BA0092,-0.237841,52.103946,1,1,2,1,5.58,4,6,60,0,0,0,0,0,6,1,2,0,0,2,9,0,0,18,0,0,10,0,0,9,0,0,6,0,0,13,0,0,9,0,0,12,0,0,3,0,0,1,0,0,6,0,0,1,0,0,6,0,0,7,0,0
2016406DA0262,-0.62031,51.909396,1,1,1,5,22.37,5,6,60,0,0,0,0,0,6,1,1,0,0,2,5,0,0,18,0,0,10,0,0,9,0,0,6,0,0,13,0,0,1,0,0,11,0,0,1,0,0,1,0,0,6,0,0,1,0,0,6,0,0,17,0,0
2016410063087 ,-0.334977,51.767111,1,2,1,1,18.1,3,6,30,3,4,6,0,0,1,1,1,0,0,1,5,9,0,18,18,0,10,10,0,2,2,0,6,6,0,13,13,0,9,9,0,12,12,0,4,1,0,1,1,0,6,6,0,1,1,0,7,8,0,10,10,0
2016410075083 ,-0.482462,51.741781,1,1,2,3,23.1,3,6,30,3,4,6,0,0,4,1,2,0,0,1,19,0,0,6,0,0,10,0,0,1,0,0,2,0,0,13,0,0,7,0,0,3,0,0,4,0,0,1,0,0,6,0,0,1,0,0,6,0,0,13,0,0
2016410079953 ,-0.29876,51.770549,1,1,1,2,10.50,6,6,30,0,0,0,0,0,1,1,1,0,0,1,21,0,0,8,0,0,10,0,0,9,0,0,6,0,0,13,0,0,9,0,0,12,0,0,3,0,0,1,0,0,1,0,0,1,0,0,9,0,0,5,0,0
2016410098151 ,-0.223496,51.684071,1,2,3,6,21.37,3,6,60,0,0,0,0,0,6,1,1,0,0,2,9,9,0,17,16,0,10,10,0,9,9,0,6,6,0,13,13,0,9,9,0,12,12,0,1,1,0,1,1,0,6,6,0,1,2,0,6,8,0,13,4,0
20164100B0136,-0.180044,51.775847,1,2,1,2,5.24,3,3,70,0,0,0,0,0,6,1,1,0,0,2,19,9,0,18,18,0,10,10,0,9,9,0,6,6,0,13,13,0,9,9,0,12,12,0,1,1,0,1,1,0,6,6,0,1,1,0,7,6,0,3,12,0
20164100J0098,-0.28377,51.652109,1,1,1,7,20.11,4,6,30,3,4,6,0,0,4,1,1,0,0,1,9,0,0,18,0,0,10,0,0,8,0,0,6,0,0,13,0,0,9,0,0,12,0,0,1,0,0,1,0,0,6,0,0,1,0,0,6,0,0,8,0,0
20164100J0127,-0.247753,51.662395,1,1,1,3,21.59,3,3,70,0,0,0,0,0,7,1,1,0,0,2,9,0,0,18,0,0,10,0,0,9,0,0,6,0,0,13,0,0,5,0,0,7,0,0,3,0,0,1,0,0,6,0,0,1,0,0,7,0,0,19,0,0
2016410119211 ,-0.265634,51.743915,1,1,1,3,4.27,3,3,50,1,4,6,0,0,4,1,1,0,0,2,9,0,0,16,0,0,10,0,0,3,0,0,5,0,0,10,0,0,3,0,0,4,0,0,1,0,0,1,0,0,5,0,0,1,0,0,7,0,0,8,0,0
2016410121794 ,-0.398515,51.666652,1,1,1,7,22.20,3,3,30,0,0,0,0,4,4,7,1,0,0,1,9,0,0,18,0,0,10,0,0,9,0,0,6,0,0,13,0,0,9,0,0,12,0,0,1,0,0,1,0,0,6,0,0,1,0,0,8,0,0,10,0,0
2016410125906 ,-0.362473,51.668044,1,1,1,6,19.10,1,3,70,0,0,0,0,0,4,9,1,0,0,2,9,0,0,18,0,0,10,0,0,9,0,0,6,0,0,13,0,0,2,0,0,7,0,0,3,0,0,1,0,0,6,0,0,1,0,0,6,0,0,12,0,0
2016410133468 ,-0.32692,51.935003,1,1,1,6,18.19,3,3,70,0,0,0,0,0,6,2,2,0,0,2,9,0,0,18,0,0,10,0,0,9,0,0,6,0,0,13,0,0,9,0,0,12,0,0,1,0,0,1,0,0,5,0,0,2,0,0,5,0,0,2,0,0
2016410136901 ,-0.203567,51.899555,1,1,2,4,0.7,3,3,40,0,0,0,0,0,4,1,2,0,0,1,9,0,0,18,0,0,10,0,0,9,0,0,1,0,0,13,0,0,1,0,0,1,0,0,1,0,0,1,0,0,5,0,0,1,0,0,4,0,0,6,0,0
2016420037891 ,0.604725,51.554427,1,1,1,5,6.8,3,3,30,0,0,0,0,5,4,4,2,0,0,1,9,0,0,18,0,0,10,0,0,9,0,0,6,0,0,13,0,0,9,0,0,12,0,0,1,0,0,1,0,0,2,0,0,1,0,0,8,0,0,1,0,0
2016420043872 ,0.2792,51.472378,1,1,1,1,15.0,6,6,30,0,0,0,0,0,1,4,1,0,0,1,90,0,0,18,0,0,10,0,0,9,0,0,5,0,0,13,0,0,1,0,0,11,0,0,4,0,0,1,0,0,5,0,0,1,0,0,6,0,0,1,0,0
2016420043942 ,0.586913,51.86594,1,2,2,4,19.23,6,6,30,1,4,3,0,0,4,1,1,0,0,2,9,9,0,16,18,0,10,10,0,1,3,0,1,6,0,13,13,0,9,1,0,12,12,0,1,1,0,1,1,0,6,6,0,1,2,0,8,8,0,14,10,0
2016420044226 ,0.717146,51.532953,1,1,2,5,15.7,5,6,20,0,0,0,0,4,1,1,1,0,0,1,9,0,0,16,0,0,10,0,0,9,0,0,6,0,0,13,0,0,8,0,0,2,0,0,3,0,0,1,0,0,6,0,0,1,0,0,11,0,0,17,0,0
2016420045619 ,0.472973,51.591256,1,1,1,2,20.0,3,3,70,5,4,6,0,0,7,1,1,0,0,2,9,0,0,18,0,0,10,0,0,1,0,0,6,0,0,13,0,0,9,0,0,12,0,0,4,0,0,1,0,0,2,0,0,1,0,0,6,0,0,3,0,0
2016420046027 ,1.111367,51.84285,1,3,6,7,7.45,3,6,60,0,0,0,0,0,1,1,1,0,0,2,9,9,9,18,18,18,10,10,10,9,9,9,6,6,6,13,13,13,9,9,1,12,12,12,1,1,1,1,1,1,6,5,2,1,1,2,4,8,6,2,12,10
2016420046990 ,0.298891,51.571495,1,2,1,4,6.55,4,6,60,0,0,0,0,0,1,1,2,0,0,2,9,21,0,17,17,0,10,10,0,9,9,0,6,6,0,13,13,0,9,1,0,12,12,0,1,1,0,1,1,0,2,1,0,1,1,0,7,10,0,9,1,0
2016420048183 ,0.310911,51.601341,1,1,2,3,21.42,6,6,60,0,0,0,0,0,6,1,2,0,0,2,9,0,0,18,0,0,10,0,0,9,0,0,1,0,0,13,0,0,1,0,0,12,0,0,3,0,0,1,0,0,5,0,0,1,0,0,4,0,0,11,0,0
2016420050088 ,0.524878,51.685661,1,3,3,3,18.0,6,6,60,3,4,6,0,0,6,1,1,0,0,2,9,9,9,16,18,18,10,10,10,1,2,1,6,6,6,13,13,13,1,9,9,12,12,12,1,1,1,1,1,1,2,1,1,1,1,1,4,10,5,2,2,4
2016420053224 ,0.451812,51.567499,1,1,2,3,20.40,3,3,30,3,2,6,0,4,4,1,1,0,0,1,9,0,0,18,0,0,10,0,0,1,0,0,6,0,0,13,0,0,9,0,0,12,0,0,1,0,0,1,0,0,6,0,0,1,0,0,6,0,0,9,0,0
2016420053486 ,0.431278,51.588342,1,2,1,6,15.0,3,6,40,3,4,6,0,0,1,1,1,0,0,1,9,9,0,9,18,0,10,10,0,6,8,0,6,6,0,13,13,0,9,9,0,12,12,0,3,1,0,1,1,0,5,6,0,1,2,0,11,5,0,23,13,0
2016420054358 ,0.063911,51.687825,1,3,3,3,1.55,1,3,70,0,0,0,0,0,6,1,1,0,0,2,21,9,21,18,4,18,10,10,10,9,9,9,6,6,6,4,13,13,9,2,9,12,7,12,1,2,1,1,1,1,1,5,1,1,2,1,9,4,8,3,1,3
2016420054663 ,0.088158,51.760363,1,1,1,2,16.5,6,6,40,0,0,0,0,0,1,1,1,0,0,2,8,0,0,18,0,0,10,0,0,9,0,0,6,0,0,13,0,0,7,0,0,12,0,0,1,0,0,1,0,0,2,0,0,2,0,0,9,0,0,5,0,0
2016420055792 ,0.923339,51.884435,1,1,1,4,10.0,3,6,30,0,0,0,0,0,1,1,2,0,0,1,11,0,0,18,0,0,10,0,0,9,0,0,6,0,0,13,0,0,9,0,0,12,0,0,4,0,0,1,0,0,1,0,0,1,0,0,9,0,0,13,0,0
2016420059001 ,0.480624,51.727533,1,4,4,2,9.50,3,3,40,0,0,0,0,0,1,1,1,0,0,1,21,9,9,11,18,18,10,10,10,9,9,9,6,1,1,13,13,13,9,9,9,12,12,12,4,3,3,1,1,1,1,5,6,1,1,2,7,6,11,2,10,8
2016420060931 ,0.839698,51.66816,1,1,1,1,13.30,4,6,60,0,0,0,0,0,1,1,1,0,0,2,5,0,0,17,0,0,10,0,0,9,0,0,2,0,0,13,0,0,1,0,0,12,0,0,1,0,0,1,0,0,6,0,0,1,0,0,7,0,0,7,0,0
2016420064144 ,0.358892,51.579747,1,4,7,5,14.20,3,3,70,0,0,0,0,0,1,1,1,0,0,2,9,9,9,18,4,4,10,10,10,9,9,9,6,6,6,13,13,13,9,9,9,12,12,12,1,2,2,1,1,1,6,5,5,1,2,2,7,5,9,7,4,5
2016420064563 ,0.526072,51.759533,1,2,1,1,7.14,3,3,70,5,4,3,0,0,1,1,1,0,0,2,9,9,0,18,18,0,10,10,0,7,1,0,6,6,0,13,13,0,7,9,0,12,12,0,1,1,0,1,1,0,6,6,0,1,1,0,7,6,0,13,10,0
2016420070620 ,0.11493,51.776313,1,3,1,4,16.10,6,6,40,3,4,6,0,4,1,1,1,0,0,1,9,3,9,9,15,4,10,2,10,5,8,1,6,6,6,13,13,13,9,9,9,12,12,12,4,1,5,1,1,1,3,6,6,2,1,1,7,4,9,12,9,12
2016420074567 ,0.520082,51.961576,1,4,1,1,14.5,6,6,60,0,0,0,0,0,1,1,1,0,0,2,5,5,5,16,17,17,10,10,10,9,9,9,2,6,6,13,13,13,9,1,9,12,12,12,1,1,1,1,1,1,5,5,5,1,1,1,5,8,8,5,15,4
2016420077960 ,0.453785,51.573852,1,1,2,2,22.30,3,3,40,1,4,3,0,0,4,1,1,0,0,1,9,0,0,18,0,0,10,0,0,4,0,0,1,0,0,13,0,0,9,0,0,12,0,0,1,0,0,1,0,0,6,0,0,1,0,0,5,0,0,15,0,0
2016420078540 ,0.074481,51.755371,1,1,1,3,22.50,3,6,60,0,0,0,0,7,4,1,1,0,0,2,9,0,0,18,0,0,10,0,0,9,0,0,6,0,0,13,0,0,9,0,0,12,0,0,4,0,0,1,0,0,2,0,0,1,0,0,5,0,0,3,0,0
2016420081806 ,0.083952,51.641257,1,2,1,1,8.2,3,3,40,5,4,1,0,0,1,1,1,0,0,2,5,9,0,7,18,0,10,10,0,7,1,0,2,6,0,13,13,0,9,9,0,12,12,0,1,5,0,1,1,0,6,1,0,1,1,0,5,6,0,7,3,0
2016420083647 ,0.454705,51.568959,1,1,1,3,18.0,6,3,30,0,0,0,0,5,1,1,1,0,0,1,9,0,0,18,0,0,10,0,0,9,0,0,6,0,0,13,0,0,9,0,0,12,0,0,4,0,0,1,0,0,5,0,0,2,0,0,7,0,0,13,0,0
2016420089927 ,0.357712,51.495018,1,2,1,4,13.25,3,3,70,0,0,0,0,0,1,1,1,0,0,2,21,9,0,18,2,0,10,10,0,9,9,0,6,1,0,4,13,0,9,1,0,12,12,0,1,2,0,1,1,0,1,2,0,1,1,0,8,5,0,1,13,0
2016420092895 ,0.616415,51.617032,1,1,1,6,22.50,6,6,30,3,4,6,0,0,5,1,1,0,0,2,9,0,0,9,0,0,10,0,0,1,0,0,6,0,0,13,0,0,9,0,0,12,0,0,1,0,0,1,0,0,6,0,0,1,0,0,5,0,0,4,0,0
2016420092897 ,1.040828,51.885494,1,2,3,1,1.23,3,3,50,0,0,0,0,0,6,1,1,0,0,2,9,9,0,18,18,0,10,10,0,9,9,0,6,6,0,13,13,0,9,9,0,12,12,0,1,1,0,1,1,0,6,6,0,1,1,0,5,10,0,11,1,0
2016420092905 ,0.484027,51.726211,1,3,1,1,3.15,3,3,70,0,0,0,0,0,6,1,1,0,0,1,11,9,9,18,18,18,2,10,10,9,9,9,6,6,6,13,13,13,9,9,9,12,12,12,1,1,1,1,1,1,1,6,6,1,1,1,8,6,7,3,10,3
2016420096878 ,0.272141,51.509694,1,1,1,4,18.30,6,6,30,0,0,0,0,0,1,1,1,0,0,2,9,0,0,4,0,0,10,0,0,9,0,0,6,0,0,13,0,0,9,0,0,12,0,0,5,0,0,1,0,0,5,0,0,2,0,0,6,0,0,10,0,0
2016420098338 ,0.608788,51.804914,1,2,1,3,16.10,6,6,60,0,0,0,0,0,1,1,1,0,0,2,5,19,0,18,5,0,10,8,0,9,9,0,2,6,0,13,13,0,9,9,0,12,12,0,1,1,0,1,1,0,2,1,0,1,1,0,9,6,0,8,1,0
2016420107209 ,0.342379,51.504786,1,2,1,2,23.49,3,3,70,5,4,3,0,0,4,1,1,0,0,2,19,21,0,18,3,0,10,10,0,8,8,0,6,6,0,13,13,0,9,9,0,12,12,0,1,2,0,1,1,0,6,1,0,1,1,0,6,7,0,10,1,0
2016420107584 ,0.095881,51.63948,1,3,2,3,15.50,3,6,60,8,4,6,0,0,1,1,1,0,0,2,9,20,9,5,18,18,10,10,10,1,1,1,6,1,6,13,13,13,9,9,9,12,12,12,4,1,1,1,1,1,6,1,5,1,1,1,5,10,4,12,17,3
2016420108071 ,0.35815,51.49902,1,3,1,4,15.25,3,6,40,3,4,4,0,0,1,1,1,0,0,2,9,5,19,14,18,18,10,10,10,8,1,8,6,6,6,13,13,13,9,9,9,12,12,12,1,1,1,1,1,1,1,1,1,1,1,1,9,8,8,13,15,11
2016420113276 ,0.286182,51.476361,1,3,1,2,12.10,6,6,30,3,4,6,0,8,1,1,1,0,0,1,3,21,19,16,5,18,10,10,10,1,6,1,2,6,6,13,13,13,9,9,9,12,12,12,1,3,5,1,1,1,6,1,1,1,1,1,5,9,9,7,2,8
2016420124147 ,0.084253,51.640568,1,5,1,2,19.25,1,3,70,0,0,0,0,0,4,1,1,0,0,2,9,9,9,18,18,18,10,10,10,9,9,9,6,6,6,13,13,13,9,9,9,12,12,12,3,1,1,1,1,1,5,5,5,1,1,2,7,4,9,4,1,9
2016420125716 ,0.384555,51.675294,1,1,3,7,23.15,3,3,70,0,0,0,0,0,4,8,2,0,0,2,9,0,0,17,0,0,10,0,0,9,0,0,1,0,0,13,0,0,1,0,0,4,0,0,4,0,0,1,0,0,5,0,0,1,0,0,6,0,0,5,0,0
2016420133325 ,0.701823,51.873995,1,2,1,7,5.40,3,6,60,3,4,4,0,0,4,1,1,0,0,2,9,21,0,17,16,0,10,10,0,1,1,0,6,6,0,13,13,0,9,9,0,12,12,0,1,1,0,1,1,0,6,1,0,1,1,0,5,7,0,8,4,0
2016420133435 ,0.640985,51.524872,1,2,1,6,8.45,3,3,40,3,4,6,0,0,1,1,1,0,0,2,21,5,0,12,18,0,10,10,0,8,8,0,6,6,0,13,13,0,9,4,0,12,12,0,3,1,0,1,1,0,1,2,0,1,1,0,6,6,0,2,15,0
2016420137799 ,0.852471,51.889666,1,2,1,5,22.40,3,6,30,3,2,6,0,5,4,1,1,0,0,1,9,3,0,9,18,0,10,10,0,8,8,0,6,6,0,13,13,0,9,9,0,12,12,0,4,1,0,1,1,0,5,6,0,1,1,0,5,4,0,13,3,0
2016420140268 ,0.651534,51.544636,1,4,2,3,0.49,6,6,30,6,4,6,0,0,4,1,1,0,0,1,9,9,9,18,18,18,10,10,10,8,8,8,1,6,1,4,13,13,1,9,9,12,12,12,3,5,1,1,1,1,5,1,5,1,1,1,4,6,7,23,1,13
2016430000040 ,-1.488425,51.612914,1,1,1,6,0.22,3,6,50,0,0,0,0,0,6,1,1,0,0,2,9,0,0,16,0,0,10,0,0,9,0,0,6,0,0,13,0,0,8,0,0,4,0,0,1,0,0,1,0,0,6,0,0,1,0,0,4,0,0,12,0,0
2016430008366 ,-0.546754,51.670577,1,4,3,2,12.16,3,6,60,0,0,0,0,0,1,1,1,0,0,2,9,9,9,18,18,18,10,10,10,9,9,9,6,6,6,13,13,13,9,9,9,12,12,12,1,1,3,1,1,1,6,6,6,1,2,1,11,9,6,6,13,9
2016430050216 ,-0.481566,51.560074,1,2,1,3,3.3,3,3,70,0,0,0,0,0,4,9,1,0,0,2,9,21,0,11,2,0,6,6,0,9,9,0,6,6,0,4,13,0,9,9,0,12,12,0,1,2,0,1,1,0,6,1,0,1,2,0,6,7,0,2,9,0
2016430248280 ,-1.305618,52.099364,1,1,2,2,9.55,3,6,50,0,0,0,0,0,1,2,2,0,0,2,9,0,0,16,0,0,10,0,0,9,0,0,1,0,0,13,0,0,7,0,0,4,0,0,4,0,0,1,0,0,6,0,0,2,0,0,4,0,0,11,0,0
2016430252837 ,-0.769931,51.877625,1,1,3,2,5.34,6,6,30,0,0,0,0,0,6,7,2,0,0,2,9,0,0,16,0,0,10,0,0,9,0,0,6,0,0,13,0,0,9,0,0,12,0,0,3,0,0,1,0,0,6,0,0,1,0,0,5,0,0,15,0,0
2016430255275 ,-1.614611,51.609089,1,1,1,7,15.48,6,6,60,0,0,0,0,0,1,2,2,0,0,2,9,0,0,18,0,0,10,0,0,9,0,0,6,0,0,13,0,0,7,0,0,4,0,0,1,0,0,1,0,0,6,0,0,1,0,0,11,0,0,14,0,0
2016430260288 ,-0.757543,52.014893,1,1,1,3,20.21,5,6,60,0,0,0,0,0,5,1,1,0,0,2,9,0,0,18,0,0,10,0,0,9,0,0,1,0,0,13,0,0,9,0,0,12,0,0,1,0,0,1,0,0,6,0,0,2,0,0,4,0,0,15,0,0