Accident_Index,Longitude,Latitude,SV,Number_of_Vehicles,Number_of_Casualties,Day_of_Week,Time,1st_Road_Class,Road_Type,Speed_limit,Junction_Detail,Junction_Control,2nd_Road_Class,Pedestrian_Crossing-Human_Control,Pedestrian_Crossing-Physical_Facilities,Light_Conditions,Weather_Conditions,Road_Surface_Conditions,Special_Conditions_at_Site,Carriageway_Hazards,Urban_or_Rural_Area,Vehicle1_Type,Vehicle2_Type,Vehicle3_Type,Vehicle1_Manoeuvre,Vehicle2_Manoeuvre,Vehicle3_Manoeuvre,Vehicle1_Location-Restricted_Lane,Vehicle2_Location-Restricted_Lane,Vehicle3_Location-Restricted_Lane,Junction1_Location,Junction2_Location,Junction3_Location,Skidding1_and_Overturning,Skidding2_and_Overturning,Skidding3_and_Overturning,Hit_Object_in_Carriageway1,Hit_Object_in_Carriageway2,Hit_Object_in_Carriageway3,Vehicle1_Leaving_Carriageway,Vehicle2_Leaving_Carriageway,Vehicle3_Leaving_Carriageway,Hit_Object_off_Carriageway1,Hit_Object_off_Carriageway2,Hit_Object_off_Carriageway3,1st_Point_of_Impact1,1st_Point_of_Impact2,1st_Point_of_Impact3,Was_Vehicle 1_Left_Hand_Drive?,Was_Vehicle2_Left_Hand_Drive?,Was_Vehicle 3_Left_Hand_Drive?,Journey_Purpose_of_Driver1,Journey_Purpose_of_Driver2,Journey_Purpose_of_Driver3,Sex_of_Driver1,Sex_of_Driver2,Sex_of_Driver3,Age_Band_of_Driver1,Age_Band_of_Driver2,Age_Band_of_Driver3,Age_of_Vehicle1,Age_of_Vehicle2,Age_of_Vehicle3
2016430293118 ,-0.548386,51.532091,1,3,2,4,19.52,3,3,60,0,0,0,0,0,6,1,1,0,0,2,9,9,21,18,18,18,10,10,10,9,9,9,1,1,1,13,13,13,6,4,6,12,12,12,1,1,1,1,1,1,6,6,1,2,1,1,5,4,8,14,2,8
2016430294046 ,-0.549835,51.531857,1,1,1,2,11.0,3,3,60,0,0,0,0,0,1,1,1,0,0,2,5,0,0,17,0,0,10,0,0,9,0,0,1,0,0,13,0,0,1,0,0,1,0,0,1,0,0,1,0,0,6,0,0,1,0,0,7,0,0,17,0,0
2016430301375 ,-1.147013,51.538555,1,2,2,1,14.43,3,6,60,0,0,0,0,0,1,1,1,0,0,2,5,9,0,18,18,0,10,10,0,9,9,0,6,6,0,13,13,0,9,9,0,12,12,0,1,1,0,1,1,0,6,6,0,1,1,0,8,7,0,6,15,0
2016430304569 ,-0.623537,51.504608,1,1,1,5,18.51,1,3,70,0,0,0,0,0,4,9,1,0,0,2,5,0,0,18,0,0,10,0,0,9,0,0,6,0,0,13,0,0,5,0,0,6,0,0,3,0,0,1,0,0,6,0,0,1,0,0,9,0,0,10,0,0
2016430307798 ,-0.737037,51.611299,1,2,2,4,21.55,1,3,70,0,0,0,0,0,6,1,1,0,3,2,9,9,0,18,18,0,10,10,0,9,9,0,1,1,0,13,1,0,5,1,0,6,4,0,4,1,0,1,1,0,6,6,0,2,1,0,8,8,0,12,9,0
2016430312413 ,-1.24118,51.724897,1,4,4,4,9.49,3,3,70,0,0,0,0,0,1,1,1,0,0,2,9,9,9,11,3,3,10,10,10,9,9,9,6,6,6,13,13,13,9,9,9,12,12,12,1,2,2,1,1,1,6,6,2,1,1,1,10,8,8,14,2,1
2016430314867 ,-0.92817,51.99214,1,2,1,6,8.30,3,6,60,3,4,5,0,0,1,2,2,0,0,2,9,21,0,9,18,0,10,10,0,6,1,0,6,1,0,13,13,0,9,9,0,12,12,0,3,1,0,1,1,0,6,1,0,1,1,0,7,9,0,4,3,0
2016430315048 ,-1.290238,52.019792,1,1,1,4,9.7,1,3,70,0,0,0,0,0,1,1,1,0,0,2,9,0,0,18,0,0,10,0,0,9,0,0,5,0,0,13,0,0,1,0,0,10,0,0,4,0,0,1,0,0,6,0,0,2,0,0,8,0,0,12,0,0
2016430335965 ,-0.754635,51.639002,1,1,1,2,16.44,6,6,30,0,0,0,0,0,7,9,1,0,0,1,9,0,0,18,0,0,10,0,0,9,0,0,6,0,0,13,0,0,9,0,0,12,0,0,3,0,0,1,0,0,6,0,0,1,0,0,10,0,0,1,0,0
2016430336046 ,-0.567433,51.502192,1,1,1,6,12.8,3,6,30,3,4,6,0,4,1,1,1,0,0,1,19,0,0,18,0,0,10,0,0,1,0,0,6,0,0,13,0,0,9,0,0,12,0,0,1,0,0,1,0,0,1,0,0,1,0,0,7,0,0,4,0,0
2016430344691 ,-0.536096,51.492714,1,2,1,2,22.47,1,3,70,0,0,0,0,0,7,1,1,0,0,2,4,9,0,11,18,0,10,10,0,9,9,0,6,6,0,13,13,0,9,9,0,12,12,0,2,1,0,1,1,0,6,6,0,2,1,0,6,6,0,1,1,0
2016430345765 ,-1.000825,51.457876,1,2,3,5,13.17,3,6,30,0,0,0,0,0,1,1,2,0,0,1,9,11,0,18,18,0,10,10,0,9,9,0,6,6,0,13,13,0,1,9,0,7,12,0,1,4,0,1,1,0,6,1,0,2,1,0,10,8,0,4,5,0
2016430348783 ,-0.562944,51.521686,1,1,1,1,23.26,3,3,40,0,0,0,0,0,4,9,1,0,0,2,9,0,0,18,0,0,10,0,0,9,0,0,6,0,0,13,0,0,9,0,0,12,0,0,1,0,0,1,0,0,6,0,0,1,0,0,6,0,0,5,0,0
2016430350496 ,-0.592444,51.510174,1,1,1,6,8.50,3,3,30,0,0,0,0,4,1,1,1,0,0,1,21,0,0,5,0,0,10,0,0,9,0,0,6,0,0,13,0,0,9,0,0,12,0,0,1,0,0,1,0,0,1,0,0,1,0,0,7,0,0,9,0,0
2016430352516 ,-0.8185,52.062347,1,2,7,4,22.24,5,6,30,0,0,0,0,0,4,1,1,0,0,1,9,9,0,18,18,0,10,10,0,9,9,0,6,6,0,13,13,0,9,9,0,12,12,0,4,1,0,1,1,0,6,6,0,1,2,0,5,6,0,18,5,0
2016430580516 ,-0.650141,51.59849,1,1,1,2,20.30,1,3,70,0,0,0,0,0,4,2,2,0,0,2,9,0,0,18,0,0,10,0,0,9,0,0,6,0,0,13,0,0,2,0,0,7,0,0,1,0,0,1,0,0,6,0,0,1,0,0,5,0,0,6,0,0
2016430990216 ,-0.90303,51.838884,1,1,1,4,18.55,5,6,60,0,0,0,0,0,6,2,2,0,0,2,9,0,0,18,0,0,10,0,0,9,0,0,6,0,0,13,0,0,7,0,0,4,0,0,1,0,0,1,0,0,6,0,0,2,0,0,6,0,0,9,0,0
2016431600616 ,-0.555328,51.605148,1,1,1,2,17.3,6,6,30,8,4,6,0,0,1,1,1,0,0,1,9,0,0,5,0,0,9,0,0,6,0,0,6,0,0,13,0,0,9,0,0,12,0,0,1,0,0,1,0,0,2,0,0,1,0,0,7,0,0,8,0,0
2016432150516 ,-0.833521,51.865136,1,2,1,1,10.9,3,6,60,0,0,0,0,0,1,1,1,0,0,2,5,9,0,16,17,0,10,10,0,9,9,0,1,6,0,13,13,0,7,9,0,12,12,0,1,1,0,1,1,0,6,6,0,1,1,0,9,4,0,12,17,0
201643P001056,-1.172861,51.655668,1,2,1,2,13.22,3,6,60,0,0,0,0,0,1,1,1,0,0,2,5,5,0,13,13,0,10,10,0,9,9,0,6,6,0,13,13,0,7,9,0,4,12,0,4,3,0,1,1,0,6,6,0,1,1,0,5,6,0,13,1,0
201643P001066,-1.15842,51.891762,1,2,1,5,0.19,3,6,60,0,0,0,0,0,6,1,2,4,0,2,9,21,0,18,3,0,10,10,0,9,9,0,6,6,0,13,13,0,9,9,0,12,12,0,1,2,0,1,1,0,2,1,0,1,1,0,7,8,0,7,1,0
201643P005036,-1.233853,51.601548,1,2,2,3,14.11,4,6,30,0,0,0,0,0,1,1,1,0,0,1,9,9,0,18,18,0,10,10,0,9,9,0,6,6,0,13,13,0,9,1,0,12,11,0,1,1,0,1,1,0,6,6,0,1,2,0,6,7,0,18,1,0
201643P036076,-1.227564,51.774567,1,1,1,3,3.39,3,3,70,0,0,0,0,0,6,1,1,0,0,2,21,0,0,18,0,0,10,0,0,9,0,0,6,0,0,13,0,0,9,0,0,12,0,0,3,0,0,1,0,0,1,0,0,1,0,0,6,0,0,3,0,0
201643P137026,-1.236736,51.844292,1,2,1,7,1.9,3,3,70,0,0,0,0,0,6,1,1,0,0,2,21,21,0,18,18,0,10,10,0,9,9,0,6,6,0,13,13,0,9,9,0,12,12,0,1,1,0,1,1,0,1,1,0,1,1,0,9,8,0,3,8,0
201643P214076,-1.20667,51.732033,1,1,1,2,2.39,4,6,30,1,4,6,0,0,4,1,1,0,0,1,9,0,0,18,0,0,10,0,0,4,0,0,2,0,0,9,0,0,9,0,0,12,0,0,1,0,0,1,0,0,6,0,0,1,0,0,6,0,0,15,0,0
201643P221076,-1.199887,51.871668,1,1,3,4,4.22,1,7,70,5,4,1,0,0,6,2,2,0,0,2,21,0,0,18,0,0,10,0,0,5,0,0,6,0,0,13,0,0,9,0,0,12,0,0,1,0,0,1,0,0,1,0,0,1,0,0,7,0,0,2,0,0
201643P248076,-1.169294,51.653134,1,1,1,1,7.0,3,6,60,0,0,0,0,0,1,1,1,0,0,2,9,0,0,18,0,0,10,0,0,9,0,0,6,0,0,13,0,0,7,0,0,4,0,0,1,0,0,1,0,0,6,0,0,1,0,0,7,0,0,3,0,0
201643P250056,-1.658317,51.608055,1,2,7,1,23.17,3,6,60,0,0,0,0,0,6,1,1,0,0,2,9,9,0,18,18,0,10,10,0,9,9,0,5,6,0,13,13,0,1,9,0,9,12,0,1,1,0,1,1,0,6,6,0,1,1,0,5,7,0,14,7,0
201643R001016,-0.77618,51.351823,1,2,1,7,14.26,6,6,30,0,0,0,0,0,1,1,2,0,0,1,5,9,0,18,18,0,10,10,0,9,9,0,6,6,0,13,13,0,9,9,0,12,12,0,1,1,0,1,1,0,6,6,0,1,1,0,8,6,0,3,5,0
201643R011016,-0.716264,51.50949,1,2,1,4,7.1,3,3,40,3,4,6,0,0,4,7,2,0,0,2,9,3,0,9,18,0,10,10,0,8,8,0,6,6,0,13,13,0,9,9,0,12,12,0,4,1,0,1,1,0,6,1,0,2,1,0,10,7,0,8,11,0
201643R047076,-0.752019,51.451355,1,3,2,4,19.10,3,6,60,3,4,6,0,0,1,1,1,0,0,2,9,9,9,16,17,17,10,10,10,1,1,1,6,6,6,13,13,13,9,9,9,12,12,12,1,1,3,1,1,1,6,6,6,1,2,2,7,9,8,8,8,11
201643R083016,-0.763821,51.434269,1,2,1,3,16.12,4,6,40,8,4,6,0,0,1,1,2,0,0,2,19,5,0,9,18,0,10,10,0,6,8,0,6,6,0,13,13,0,9,9,0,12,11,0,2,1,0,1,1,0,2,2,0,1,1,0,6,6,0,4,7,0
201643R187026,-0.71222,51.449486,1,1,2,5,21.49,6,6,60,0,0,0,0,0,6,1,1,0,0,2,9,0,0,18,0,0,10,0,0,9,0,0,6,0,0,13,0,0,1,0,0,4,0,0,1,0,0,1,0,0,6,0,0,1,0,0,5,0,0,13,0,0
201643S013036,-0.695619,52.086748,1,2,1,4,8.7,3,3,70,0,0,0,0,0,1,1,1,0,0,2,9,21,0,18,2,0,6,6,0,9,9,0,6,6,0,4,13,0,1,9,0,12,12,0,1,2,0,1,1,0,6,1,0,1,1,0,8,10,0,2,2,0
201643S026016,-0.750529,52.084582,1,3,1,5,22.29,1,3,70,0,0,0,0,7,6,1,2,0,0,1,21,9,9,18,18,18,10,10,10,9,9,9,6,6,6,13,13,13,9,9,9,12,12,12,1,1,1,1,1,1,1,6,6,1,1,1,7,5,10,5,9,7
201643S033056,-0.75628,52.042016,1,1,1,2,11.15,6,3,30,0,0,0,0,0,1,1,1,0,0,1,11,0,0,18,0,0,10,0,0,9,0,0,6,0,0,13,0,0,9,0,0,12,0,0,1,0,0,1,0,0,1,0,0,1,0,0,6,0,0,8,0,0
201643S072086,-0.797918,52.049812,1,1,1,6,12.25,3,3,70,1,4,6,0,0,1,2,2,0,0,1,9,0,0,18,0,0,10,0,0,3,0,0,2,0,0,13,0,0,1,0,0,10,0,0,1,0,0,1,0,0,6,0,0,1,0,0,7,0,0,11,0,0
201643W001076,-1.554832,51.481286,1,4,9,1,20.45,1,3,70,0,0,0,0,0,1,1,1,0,1,2,9,9,9,18,4,12,10,10,10,9,9,9,6,6,6,13,13,11,9,9,9,12,12,12,5,2,1,1,1,1,6,6,6,1,1,1,8,7,9,9,4,2
201643W011056,-0.841641,51.413654,1,2,1,2,10.25,3,6,30,3,2,6,0,5,1,1,1,0,0,1,9,9,0,9,18,0,10,10,0,8,8,0,6,6,0,13,13,0,9,9,0,12,12,0,1,1,0,1,1,0,6,6,0,2,2,0,9,10,0,1,13,0
201643W038056,-0.92366,51.42055,1,1,4,7,14.9,1,3,70,0,0,0,0,0,1,1,1,0,0,2,9,0,0,18,0,0,10,0,0,9,0,0,6,0,0,13,0,0,1,0,0,4,0,0,4,0,0,1,0,0,6,0,0,1,0,0,7,0,0,12,0,0
201643W044016,-1.320159,51.389117,1,1,1,7,7.41,3,3,50,0,0,0,0,0,4,2,2,0,0,1,9,0,0,18,0,0,10,0,0,9,0,0,1,0,0,13,0,0,2,0,0,11,0,0,3,0,0,1,0,0,6,0,0,1,0,0,6,0,0,19,0,0
201643W065056,-0.982337,51.473705,1,2,1,7,10.38,6,6,30,6,3,6,0,0,1,1,1,0,0,1,9,9,0,18,18,0,10,10,0,8,8,0,6,6,0,13,13,0,9,7,0,12,12,0,1,4,0,1,1,0,6,6,0,1,2,0,6,11,0,14,11,0
201643W071026,-1.299678,51.404247,1,1,1,7,19.28,3,6,40,3,4,6,0,8,4,2,2,0,0,1,9,0,0,18,0,0,10,0,0,1,0,0,6,0,0,13,0,0,9,0,0,12,0,0,1,0,0,1,0,0,6,0,0,2,0,0,4,0,0,4,0,0
201643W096046,-0.968396,51.43364,1,1,2,4,12.0,4,6,30,3,2,6,0,5,1,1,1,0,0,1,21,0,0,5,0,0,10,0,0,8,0,0,6,0,0,13,0,0,9,0,0,12,0,0,1,0,0,1,0,0,1,0,0,1,0,0,8,0,0,4,0,0
201643W183036,-1.303973,51.47173,1,2,1,3,21.29,3,3,70,0,0,0,0,0,6,1,1,0,0,2,21,9,0,18,18,0,10,10,0,9,9,0,1,6,0,13,13,0,9,1,0,12,12,0,1,2,0,1,1,0,1,6,0,1,2,0,8,5,0,1,13,0
201643W223056,-1.010854,51.420761,1,1,1,4,4.50,1,3,70,0,0,0,0,0,6,2,2,0,0,2,21,0,0,18,0,0,10,0,0,9,0,0,5,0,0,13,0,0,9,0,0,12,0,0,1,0,0,1,0,0,1,0,0,1,0,0,8,0,0,3,0,0
201643W224056,-0.901443,51.453993,1,2,2,7,13.45,6,6,30,8,4,6,0,0,1,1,1,0,0,1,9,9,0,18,5,0,9,9,0,8,6,0,5,6,0,10,13,0,1,9,0,11,11,0,4,3,0,1,1,0,6,6,0,1,2,0,11,6,0,14,11,0
2016440012334 ,-1.170718,50.82494,1,1,1,6,19.24,6,6,40,0,0,0,0,0,6,2,2,0,0,1,11,0,0,18,0,0,10,0,0,9,0,0,6,0,0,13,0,0,9,0,0,12,0,0,1,0,0,1,0,0,1,0,0,1,0,0,7,0,0,4,0,0
2016440039688 ,-0.934631,51.003168,1,1,1,3,13.55,6,6,20,0,0,0,0,4,1,5,2,0,0,1,21,0,0,5,0,0,10,0,0,9,0,0,6,0,0,13,0,0,9,0,0,12,0,0,4,0,0,1,0,0,1,0,0,1,0,0,8,0,0,3,0,0
2016440064727 ,-1.027218,51.16568,1,2,3,6,19.25,3,6,50,0,0,0,0,0,6,1,1,0,0,2,9,9,0,16,17,0,10,10,0,9,9,0,6,6,0,13,13,0,9,1,0,12,12,0,1,1,0,1,1,0,6,6,0,1,1,0,7,10,0,15,10,0
2016440069439 ,-1.619206,50.745566,1,1,3,3,20.40,6,6,40,0,0,0,0,0,6,1,1,0,0,2,9,0,0,18,0,0,10,0,0,9,0,0,6,0,0,13,0,0,2,0,0,4,0,0,1,0,0,1,0,0,6,0,0,1,0,0,6,0,0,5,0,0
2016440074729 ,-1.472829,50.956469,1,2,3,7,22.25,3,6,60,0,0,0,0,0,6,1,1,0,0,2,9,9,0,18,18,0,10,10,0,9,9,0,6,6,0,13,13,0,9,9,0,12,12,0,1,1,0,1,1,0,6,6,0,1,1,0,4,8,0,14,3,0
2016440087234 ,-1.264212,50.729109,1,2,2,3,20.0,3,6,60,0,0,0,0,0,6,1,1,0,0,2,9,9,0,18,18,0,10,10,0,9,9,0,6,6,0,13,13,0,1,1,0,9,9,0,1,1,0,1,1,0,6,6,0,1,1,0,8,7,0,20,16,0
2016440099181 ,-1.180829,50.838581,1,2,1,6,8.5,3,6,30,0,0,0,2,8,1,1,1,0,0,1,4,21,0,13,18,0,10,10,0,9,9,0,6,6,0,7,13,0,9,9,0,12,12,0,5,3,0,1,1,0,1,1,0,1,1,0,5,8,0,35,3,0
2016440138021 ,-1.476211,50.945675,1,2,1,3,3.49,1,3,70,0,0,0,0,0,4,1,1,4,0,2,19,9,0,18,18,0,10,10,0,9,9,0,1,6,0,13,13,0,9,9,0,12,12,0,1,2,0,1,1,0,1,2,0,1,1,0,7,6,0,1,17,0
2016440140376 ,-1.477427,51.130196,1,4,2,4,17.0,3,6,60,8,4,6,0,0,1,1,1,0,0,2,21,4,4,18,4,4,10,10,10,1,8,8,6,1,1,13,13,13,9,9,9,12,12,12,1,2,2,1,1,1,1,6,6,1,1,1,9,8,9,2,11,12
2016440155571 ,-1.225997,51.171471,1,1,1,2,6.38,3,3,70,0,0,0,0,0,1,1,2,0,7,2,9,0,0,13,0,0,10,0,0,9,0,0,1,0,0,12,0,0,4,0,0,4,0,0,3,0,0,1,0,0,2,0,0,2,0,0,5,0,0,6,0,0
2016440164903 ,-1.053094,50.853352,1,1,1,2,14.45,3,3,50,0,0,0,0,0,1,1,1,0,0,1,5,0,0,16,0,0,10,0,0,9,0,0,1,0,0,10,0,0,9,0,0,12,0,0,5,0,0,1,0,0,6,0,0,2,0,0,7,0,0,18,0,0
2016440179041 ,-1.044457,51.192476,1,2,1,5,23.30,3,6,50,0,0,0,0,0,6,1,1,0,0,2,9,9,0,18,18,0,10,10,0,9,9,0,6,2,0,13,13,0,9,1,0,12,9,0,1,1,0,1,1,0,6,6,0,1,1,0,6,6,0,6,13,0
2016440185406 ,-0.792044,51.251453,1,1,1,3,16.20,6,6,40,0,0,0,0,0,1,1,1,0,0,2,5,0,0,18,0,0,10,0,0,9,0,0,6,0,0,13,0,0,9,0,0,12,0,0,3,0,0,1,0,0,2,0,0,1,0,0,6,0,0,9,0,0
2016440191915 ,-0.859834,51.168044,1,1,1,1,20.45,6,6,40,0,0,0,0,0,1,1,1,0,0,2,5,0,0,18,0,0,10,0,0,9,0,0,1,0,0,13,0,0,1,0,0,12,0,0,3,0,0,1,0,0,6,0,0,1,0,0,8,0,0,6,0,0
2016440209943 ,-0.997901,50.923593,1,1,1,1,23.30,3,3,70,5,4,3,0,0,6,1,1,0,0,2,9,0,0,18,0,0,10,0,0,8,0,0,6,0,0,13,0,0,9,0,0,12,0,0,1,0,0,1,0,0,6,0,0,1,0,0,6,0,0,14,0,0
2016440236029 ,-1.009672,51.272983,1,1,2,6,15.39,3,3,70,0,0,0,0,0,1,1,1,0,0,2,9,0,0,17,0,0,10,0,0,9,0,0,6,0,0,13,0,0,1,0,0,4,0,0,1,0,0,1,0,0,6,0,0,1,0,0,7,0,0,8,0,0
2016440238596 ,-1.105896,50.852087,1,1,3,1,23.10,1,3,70,0,0,0,0,0,6,2,2,0,0,1,9,0,0,18,0,0,10,0,0,9,0,0,2,0,0,13,0,0,2,0,0,6,0,0,4,0,0,1,0,0,6,0,0,1,0,0,4,0,0,12,0,0
2016440257122 ,-1.15692,50.979103,1,1,1,1,16.15,6,6,60,0,0,0,0,0,1,4,1,4,0,2,5,0,0,17,0,0,10,0,0,9,0,0,1,0,0,13,0,0,2,0,0,1,0,0,1,0,0,1,0,0,6,0,0,1,0,0,7,0,0,18,0,0
2016440258807 ,-1.016897,50.862073,1,1,1,3,5.40,2,3,70,5,4,2,0,0,1,1,1,0,0,2,9,0,0,11,0,0,10,0,0,8,0,0,6,0,0,13,0,0,1,0,0,7,0,0,1,0,0,1,0,0,6,0,0,1,0,0,5,0,0,3,0,0
2016440303910 ,-1.48109,50.841076,1,1,1,7,17.44,4,6,40,0,0,0,0,0,1,1,1,0,0,2,9,0,0,16,0,0,10,0,0,9,0,0,6,0,0,13,0,0,7,0,0,4,0,0,1,0,0,1,0,0,6,0,0,1,0,0,8,0,0,15,0,0
2016440306043 ,-1.249997,51.190098,1,2,2,2,11.48,3,3,70,0,0,0,0,0,1,1,1,0,0,2,20,90,0,18,4,0,10,10,0,9,9,0,1,6,0,13,13,0,9,9,0,12,12,0,1,2,0,1,1,0,1,1,0,1,1,0,9,7,0,5,2,0
2016440337720 ,-1.146683,50.683657,1,3,1,4,20.0,6,6,30,3,4,6,0,0,4,1,1,0,0,2,5,9,9,18,9,18,10,10,10,8,8,8,1,6,6,13,13,13,9,9,9,12,12,12,1,4,1,1,1,1,6,6,6,1,2,2,7,7,6,11,15,3
2016440349433 ,-0.975891,50.96887,1,1,1,5,23.0,3,3,70,0,0,0,0,0,6,2,2,0,0,2,9,0,0,18,0,0,10,0,0,9,0,0,2,0,0,13,0,0,5,0,0,6,0,0,1,0,0,1,0,0,2,0,0,2,0,0,5,0,0,4,0,0
2016440350925 ,-1.491793,51.196281,1,1,2,6,20.50,3,3,70,0,0,0,0,0,6,1,1,0,0,2,90,0,0,18,0,0,10,0,0,9,0,0,6,0,0,13,0,0,9,0,0,12,0,0,1,0,0,1,0,0,6,0,0,1,0,0,10,0,0,9,0,0
2016440354534 ,-1.578894,50.744222,1,3,1,2,16.40,3,6,40,0,0,0,0,0,1,2,2,0,0,2,5,9,9,16,17,17,10,10,10,9,9,9,1,6,6,13,13,13,9,9,9,12,12,12,1,3,3,1,1,1,6,6,6,1,1,1,10,6,9,5,15,14
2016440380123 ,-1.337438,50.914566,1,1,1,6,23.50,3,6,30,3,4,6,0,0,4,1,1,0,0,1,9,0,0,18,0,0,10,0,0,8,0,0,6,0,0,13,0,0,9,0,0,12,0,0,5,0,0,1,0,0,6,0,0,1,0,0,6,0,0,15,0,0
2016440391970 ,-1.251312,51.123068,1,1,1,2,6.30,1,3,70,0,0,0,0,0,6,2,2,0,0,2,19,0,0,18,0,0,10,0,0,9,0,0,6,0,0,13,0,0,9,0,0,12,0,0,1,0,0,1,0,0,1,0,0,1,0,0,5,0,0,2,0,0
2016440404303 ,-1.052306,50.80321,1,2,1,4,6.20,3,6,30,3,4,6,0,4,4,1,1,0,0,1,19,2,0,9,18,0,10,10,0,8,8,0,6,6,0,13,13,0,9,9,0,12,12,0,3,1,0,1,1,0,2,2,0,1,1,0,7,8,0,6,2,0
2016440413349 ,-1.657521,50.754929,1,2,1,3,14.25,6,6,30,0,0,0,0,0,1,1,1,0,0,1,9,9,0,18,10,0,9,10,0,9,9,0,2,6,0,13,13,0,7,9,0,3,12,0,1,4,0,1,1,0,6,6,0,2,1,0,11,11,0,20,15,0
2016440422694 ,-0.755108,51.265589,1,1,2,3,19.0,6,6,30,0,0,0,0,4,4,2,2,0,0,2,9,0,0,18,0,0,10,0,0,9,0,0,6,0,0,13,0,0,9,0,0,12,0,0,1,0,0,1,0,0,6,0,0,1,0,0,5,0,0,2,0,0
2016440442729 ,-1.29485,51.090274,1,1,1,4,17.28,3,6,50,3,4,4,0,0,6,1,1,0,0,2,9,0,0,18,0,0,10,0,0,1,0,0,6,0,0,13,0,0,9,0,0,12,0,0,1,0,0,1,0,0,2,0,0,1,0,0,7,0,0,3,0,0
2016440448367 ,-1.53788,50.756801,1,1,1,2,9.25,6,6,30,3,4,6,0,0,1,1,1,0,0,1,9,0,0,18,0,0,10,0,0,8,0,0,6,0,0,13,0,0,3,0,0,11,0,0,1,0,0,1,0,0,6,0,0,2,0,0,11,0,0,9,0,0
2016440454764 ,-1.402417,50.914701,1,1,1,6,16.10,3,6,30,3,4,6,0,4,4,1,1,0,0,1,9,0,0,18,0,0,10,0,0,1,0,0,6,0,0,13,0,0,9,0,0,12,0,0,1,0,0,1,0,0,6,0,0,1,0,0,8,0,0,9,0,0
2016440459210 ,-0.977962,51.146852,1,1,1,3,12.21,6,6,30,8,4,6,0,0,1,1,2,0,0,1,9,0,0,9,0,0,10,0,0,8,0,0,6,0,0,13,0,0,9,0,0,12,0,0,1,0,0,1,0,0,6,0,0,1,0,0,11,0,0,3,0,0
2016440486552 ,-1.686756,50.790506,1,1,1,3,17.30,3,6,60,0,0,0,0,0,6,1,1,0,3,2,9,0,0,18,0,0,10,0,0,9,0,0,1,0,0,13,0,0,1,0,0,12,0,0,1,0,0,1,0,0,2,0,0,1,0,0,8,0,0,18,0,0
2016450040694 ,-0.110334,51.146843,1,1,1,2,22.36,5,6,30,0,0,0,0,0,7,1,1,0,0,2,9,0,0,16,0,0,10,0,0,9,0,0,6,0,0,13,0,0,9,0,0,12,0,0,1,0,0,1,0,0,6,0,0,1,0,0,6,0,0,1,0,0
2016450046627 ,-0.578642,51.236376,1,1,4,7,13.24,3,3,30,0,0,0,0,4,1,1,2,0,0,1,9,0,0,18,0,0,10,0,0,9,0,0,6,0,0,13,0,0,1,0,0,10,0,0,1,0,0,1,0,0,5,0,0,1,0,0,7,0,0,12,0,0
2016450055078 ,-0.069396,51.294408,1,2,1,7,22.30,3,3,50,0,0,0,0,0,6,2,2,0,0,2,9,19,0,18,13,0,10,10,0,9,9,0,6,6,0,13,13,0,9,9,0,12,12,0,1,5,0,1,1,0,5,2,0,2,1,0,6,7,0,1,4,0
2016450055719 ,-0.68027,51.255111,1,3,2,5,12.17,3,6,30,0,0,0,0,0,1,1,1,0,0,2,5,9,17,13,18,18,10,10,10,9,9,9,1,6,6,13,13,13,7,9,9,4,12,12,1,1,5,1,1,1,6,6,1,1,2,1,5,10,6,17,6,1
2016450058842 ,-0.601593,51.237228,1,2,1,5,11.15,3,3,50,0,0,0,0,0,1,1,1,0,0,1,4,21,0,15,11,0,10,10,0,9,9,0,6,6,0,13,13,0,2,9,0,10,12,0,4,4,0,1,1,0,5,1,0,1,1,0,4,9,0,1,10,0
2016450063511 ,-0.067076,51.290575,1,1,1,1,13.27,3,3,50,0,0,0,0,0,1,1,1,0,0,2,5,0,0,16,0,0,10,0,0,9,0,0,6,0,0,13,0,0,5,0,0,6,0,0,3,0,0,1,0,0,5,0,0,1,0,0,7,0,0,9,0,0
2016450069155 ,-0.294586,51.311566,1,1,1,6,18.45,3,6,30,0,0,0,0,0,1,1,1,0,0,1,5,0,0,17,0,0,10,0,0,9,0,0,5,0,0,10,0,0,1,0,0,12,0,0,1,0,0,1,0,0,5,0,0,1,0,0,7,0,0,19,0,0
2016450072080 ,-0.159114,51.26936,1,1,2,2,6.31,6,6,50,0,0,0,0,0,1,1,1,0,0,2,9,0,0,17,0,0,10,0,0,9,0,0,1,0,0,13,0,0,1,0,0,4,0,0,1,0,0,1,0,0,5,0,0,1,0,0,5,0,0,7,0,0
2016450085179 ,-0.522309,51.378175,1,2,5,1,11.55,3,6,40,0,0,0,0,0,1,1,2,0,2,2,9,9,0,18,18,0,10,10,0,9,9,0,6,6,0,11,11,0,9,9,0,12,12,0,1,1,0,1,1,0,5,5,0,1,2,0,10,6,0,7,6,0
2016450087328 ,-0.775681,51.233082,1,1,1,3,20.10,5,6,30,0,0,0,0,0,1,1,1,0,0,1,19,0,0,18,0,0,10,0,0,9,0,0,6,0,0,13,0,0,9,0,0,12,0,0,1,0,0,1,0,0,1,0,0,1,0,0,8,0,0,1,0,0