Accident_Index,Longitude,Latitude,SV,Number_of_Vehicles,Number_of_Casualties,Day_of_Week,Time,1st_Road_Class,Road_Type,Speed_limit,Junction_Detail,Junction_Control,2nd_Road_Class,Pedestrian_Crossing-Human_Control,Pedestrian_Crossing-Physical_Facilities,Light_Conditions,Weather_Conditions,Road_Surface_Conditions,Special_Conditions_at_Site,Carriageway_Hazards,Urban_or_Rural_Area,Vehicle1_Type,Vehicle2_Type,Vehicle3_Type,Vehicle1_Manoeuvre,Vehicle2_Manoeuvre,Vehicle3_Manoeuvre,Vehicle1_Location-Restricted_Lane,Vehicle2_Location-Restricted_Lane,Vehicle3_Location-Restricted_Lane,Junction1_Location,Junction2_Location,Junction3_Location,Skidding1_and_Overturning,Skidding2_and_Overturning,Skidding3_and_Overturning,Hit_Object_in_Carriageway1,Hit_Object_in_Carriageway2,Hit_Object_in_Carriageway3,Vehicle1_Leaving_Carriageway,Vehicle2_Leaving_Carriageway,Vehicle3_Leaving_Carriageway,Hit_Object_off_Carriageway1,Hit_Object_off_Carriageway2,Hit_Object_off_Carriageway3,1st_Point_of_Impact1,1st_Point_of_Impact2,1st_Point_of_Impact3,Was_Vehicle 1_Left_Hand_Drive?,Was_Vehicle2_Left_Hand_Drive?,Was_Vehicle 3_Left_Hand_Drive?,Journey_Purpose_of_Driver1,Journey_Purpose_of_Driver2,Journey_Purpose_of_Driver3,Sex_of_Driver1,Sex_of_Driver2,Sex_of_Driver3,Age_Band_of_Driver1,Age_Band_of_Driver2,Age_Band_of_Driver3,Age_of_Vehicle1,Age_of_Vehicle2,Age_of_Vehicle3
2016450114016 ,-0.79243,51.218104,1,1,1,7,14.21,3,6,30,0,0,0,0,0,1,1,1,0,0,1,9,0,0,18,0,0,10,0,0,9,0,0,6,0,0,13,0,0,9,0,0,12,0,0,1,0,0,1,0,0,6,0,0,1,0,0,4,0,0,11,0,0
2016450114618 ,-0.524246,51.371995,1,1,1,7,15.20,3,3,50,0,0,0,0,0,1,1,1,0,0,2,19,0,0,18,0,0,10,0,0,9,0,0,6,0,0,13,0,0,1,0,0,4,0,0,1,0,0,1,0,0,1,0,0,1,0,0,8,0,0,4,0,0
2016450121857 ,-0.710245,51.087615,1,1,1,2,12.48,3,6,30,0,0,0,0,0,1,1,1,0,0,1,9,0,0,18,0,0,10,0,0,9,0,0,6,0,0,13,0,0,9,0,0,12,0,0,1,0,0,1,0,0,6,0,0,2,0,0,11,0,0,5,0,0
2016450134788 ,-0.382167,51.173663,1,2,1,3,11.15,5,6,60,0,0,0,0,0,1,1,2,0,0,2,9,9,0,18,16,0,10,10,0,9,9,0,6,2,0,13,13,0,9,9,0,12,12,0,3,1,0,1,1,0,6,1,0,1,2,0,8,4,0,1,8,0
2016450136780 ,-0.541992,51.325321,1,2,2,6,20.46,6,6,30,0,0,0,0,0,4,1,1,0,0,1,9,9,0,18,9,0,10,10,0,9,9,0,6,6,0,13,13,0,9,7,0,12,12,0,1,1,0,1,1,0,6,6,0,1,2,0,6,5,0,7,12,0
2016450140550 ,-0.573843,51.280822,1,1,1,7,9.40,3,6,60,5,4,6,0,0,1,1,2,0,0,2,9,0,0,18,0,0,10,0,0,2,0,0,6,0,0,13,0,0,9,0,0,12,0,0,1,0,0,1,0,0,6,0,0,1,0,0,6,0,0,14,0,0
2016450140566 ,-0.715586,51.226638,1,2,2,1,6.30,3,3,60,0,0,0,0,0,6,1,1,0,0,2,9,9,0,2,4,0,10,10,0,9,9,0,6,1,0,13,13,0,9,1,0,12,12,0,5,1,0,1,1,0,6,6,0,1,1,0,8,10,0,5,11,0
2016450141315 ,-0.266962,51.33295,1,1,1,5,10.10,3,2,30,3,4,6,0,4,1,1,2,0,0,1,9,0,0,18,0,0,10,0,0,1,0,0,6,0,0,13,0,0,9,0,0,12,0,0,1,0,0,1,0,0,6,0,0,2,0,0,4,0,0,7,0,0
2016460046338 ,0.74633,51.431063,1,2,1,4,10.10,3,6,50,0,0,0,0,0,1,1,1,6,0,1,3,9,0,17,16,0,10,10,0,9,9,0,6,6,0,13,13,0,9,9,0,12,12,0,1,1,0,1,1,0,6,6,0,1,1,0,6,6,0,11,13,0
2016460049609 ,0.226019,51.425907,1,4,5,3,5.10,3,3,70,0,0,0,0,0,7,1,1,0,0,2,9,9,9,18,18,18,10,10,10,9,9,9,6,6,6,13,13,13,4,9,9,6,12,12,2,1,1,1,1,1,6,6,6,1,1,1,8,7,9,13,13,17
2016460055388 ,0.95363,51.243098,1,2,3,1,13.48,3,6,60,0,0,0,0,0,1,1,1,0,0,2,9,5,0,6,18,0,10,10,0,9,9,0,6,1,0,13,13,0,9,9,0,12,12,0,3,4,0,1,1,0,6,6,0,2,1,0,9,8,0,13,9,0
2016460058700 ,1.34045,51.347252,1,1,2,5,21.18,4,6,60,0,0,0,0,0,6,1,2,0,0,2,9,0,0,17,0,0,10,0,0,9,0,0,2,0,0,13,0,0,1,0,0,4,0,0,4,0,0,1,0,0,6,0,0,1,0,0,5,0,0,15,0,0
2016460060101 ,1.113188,51.355263,1,1,1,5,6.45,6,6,30,0,0,0,0,0,1,1,1,0,0,2,9,0,0,18,0,0,10,0,0,9,0,0,6,0,0,13,0,0,7,0,0,11,0,0,1,0,0,1,0,0,2,0,0,2,0,0,6,0,0,14,0,0
2016460062869 ,1.429646,51.354306,1,1,1,6,20.32,3,6,30,0,0,0,0,0,1,1,1,0,0,1,11,0,0,5,0,0,10,0,0,9,0,0,6,0,0,13,0,0,9,0,0,12,0,0,1,0,0,1,0,0,1,0,0,1,0,0,7,0,0,3,0,0
2016460072303 ,0.187399,51.380229,1,4,6,6,18.3,1,3,70,5,4,1,0,0,1,1,1,0,0,2,9,9,9,18,4,3,10,10,10,1,1,1,6,6,6,13,13,13,9,9,9,12,12,12,1,2,2,1,1,1,6,6,6,2,2,1,4,10,9,11,11,1
2016460074629 ,0.519436,51.367109,1,1,1,6,13.43,3,6,30,3,4,6,0,0,1,1,1,0,0,1,3,0,0,18,0,0,10,0,0,2,0,0,6,0,0,10,0,0,1,0,0,2,0,0,1,0,0,1,0,0,6,0,0,1,0,0,8,0,0,6,0,0
2016460077184 ,0.251385,51.421313,1,1,1,7,19.35,6,6,30,0,0,0,0,0,1,1,1,0,0,2,19,0,0,18,0,0,10,0,0,9,0,0,5,0,0,13,0,0,7,0,0,12,0,0,1,0,0,1,0,0,6,0,0,1,0,0,6,0,0,13,0,0
2016460079021 ,1.242534,51.226404,1,1,1,6,0.38,6,6,60,0,0,0,0,0,6,1,1,0,0,2,9,0,0,18,0,0,10,0,0,9,0,0,6,0,0,13,0,0,7,0,0,4,0,0,4,0,0,1,0,0,6,0,0,1,0,0,5,0,0,11,0,0
2016460080644 ,0.340056,51.441996,1,1,1,2,11.50,4,6,40,0,0,0,0,0,1,1,1,0,0,1,9,0,0,18,0,0,10,0,0,9,0,0,6,0,0,13,0,0,9,0,0,12,0,0,4,0,0,1,0,0,6,0,0,1,0,0,6,0,0,21,0,0
2016460080864 ,0.648463,51.083087,1,1,3,4,14.26,5,6,60,0,0,0,0,0,1,1,2,0,0,2,9,0,0,18,0,0,10,0,0,9,0,0,5,0,0,13,0,0,7,0,0,3,0,0,1,0,0,1,0,0,6,0,0,1,0,0,11,0,0,15,0,0
2016460092930 ,0.396157,51.202009,1,1,1,1,19.15,3,3,70,0,0,0,0,0,1,1,1,0,0,2,5,0,0,18,0,0,10,0,0,9,0,0,1,0,0,13,0,0,4,0,0,12,0,0,2,0,0,1,0,0,6,0,0,1,0,0,8,0,0,8,0,0
2016460102597 ,0.315381,51.301154,1,1,1,3,18.55,1,3,70,0,0,0,0,0,1,1,1,0,0,2,9,0,0,18,0,0,10,0,0,9,0,0,6,0,0,13,0,0,1,0,0,4,0,0,3,0,0,1,0,0,6,0,0,1,0,0,10,0,0,15,0,0
2016460103552 ,1.221014,51.103441,1,2,1,5,6.55,4,6,60,0,0,0,0,0,1,1,1,0,0,2,2,19,0,18,2,0,10,10,0,9,9,0,6,6,0,13,13,0,9,9,0,12,12,0,1,2,0,1,1,0,1,1,0,1,1,0,4,6,0,1,1,0
2016460106197 ,1.013403,51.287149,1,1,3,5,14.22,3,3,70,0,0,0,0,0,1,1,1,0,0,2,19,0,0,18,0,0,10,0,0,9,0,0,4,0,0,13,0,0,4,0,0,1,0,0,3,0,0,1,0,0,6,0,0,1,0,0,6,0,0,5,0,0
2016460107586 ,1.351261,51.242057,1,2,6,3,13.35,3,6,50,0,0,0,0,0,1,1,1,0,0,2,9,9,0,16,17,0,10,10,0,9,9,0,6,6,0,13,13,0,9,9,0,12,12,0,1,1,0,1,1,0,6,6,0,2,2,0,8,6,0,12,5,0
2016460108739 ,0.232214,51.419602,1,3,2,2,13.32,3,6,30,3,4,6,0,0,1,1,1,0,0,2,9,19,11,4,10,4,10,10,10,1,1,1,6,6,6,13,13,13,9,9,9,12,12,12,1,5,2,1,1,1,6,1,1,1,1,1,8,7,5,2,1,7
2016460109036 ,0.285568,51.236437,1,1,3,7,3.19,3,6,50,0,0,0,0,0,6,1,1,0,0,2,9,0,0,16,0,0,10,0,0,9,0,0,1,0,0,13,0,0,7,0,0,3,0,0,1,0,0,1,0,0,6,0,0,1,0,0,5,0,0,18,0,0
2016460110966 ,0.189679,51.439704,1,2,2,5,16.54,3,3,40,3,4,6,0,0,1,1,1,0,0,2,9,5,0,9,18,0,10,10,0,8,8,0,1,2,0,13,13,0,9,9,0,12,12,0,4,1,0,1,1,0,6,6,0,1,1,0,11,6,0,3,12,0
2016460111382 ,0.523188,51.093585,1,2,2,7,13.48,3,6,40,3,4,6,0,0,1,1,1,0,0,2,9,9,0,9,18,0,10,10,0,6,1,0,6,6,0,13,13,0,1,9,0,12,12,0,3,1,0,1,1,0,6,6,0,2,1,0,11,5,0,8,16,0
2016460125580 ,1.023281,51.099353,1,2,1,7,2.5,1,3,70,0,0,0,0,0,6,1,1,0,0,2,5,21,0,18,13,0,10,10,0,9,9,0,6,6,0,13,13,0,9,9,0,12,12,0,1,2,0,1,1,0,6,1,0,1,1,0,6,5,0,9,7,0
2016460128144 ,1.177075,51.202007,1,2,1,6,15.15,3,6,60,8,4,6,0,0,1,1,1,0,0,2,9,5,0,9,18,0,10,10,0,5,8,0,6,6,0,13,13,0,9,9,0,12,12,0,4,1,0,1,1,0,6,6,0,2,1,0,6,9,0,2,9,0
2016460129251 ,1.317472,51.343534,1,1,1,2,22.30,3,3,50,1,4,6,0,0,4,5,2,0,0,2,9,0,0,18,0,0,10,0,0,4,0,0,5,0,0,9,0,0,1,0,0,2,0,0,1,0,0,1,0,0,6,0,0,1,0,0,8,0,0,9,0,0
2016460129841 ,0.495589,51.319862,1,1,1,4,17.40,6,6,60,0,0,0,0,0,6,4,1,0,0,2,9,0,0,18,0,0,10,0,0,9,0,0,2,0,0,13,0,0,1,0,0,4,0,0,1,0,0,1,0,0,6,0,0,1,0,0,4,0,0,15,0,0
2016460131747 ,0.869039,51.160196,1,2,1,3,0.54,1,3,70,0,0,0,0,0,6,1,4,0,0,2,9,5,0,18,18,0,10,10,0,9,9,0,6,6,0,13,13,0,9,1,0,12,12,0,1,1,0,1,1,0,6,2,0,1,1,0,11,9,0,12,15,0
2016460133412 ,0.544695,51.427441,1,1,1,1,3.5,3,3,70,0,0,0,0,0,6,1,2,0,0,2,9,0,0,18,0,0,10,0,0,9,0,0,6,0,0,13,0,0,9,0,0,12,0,0,1,0,0,1,0,0,2,0,0,1,0,0,10,0,0,12,0,0
2016460140239 ,0.265631,51.451957,1,1,1,7,18.5,3,3,50,0,0,0,0,4,4,1,1,0,0,1,9,0,0,18,0,0,10,0,0,9,0,0,6,0,0,13,0,0,4,0,0,7,0,0,1,0,0,1,0,0,6,0,0,1,0,0,5,0,0,9,0,0
2016460265455 ,0.476411,51.287577,1,2,2,2,9.36,4,3,40,3,4,6,0,0,1,1,2,0,0,1,9,21,0,18,18,0,10,10,0,1,1,0,6,6,0,13,13,0,7,9,0,2,12,0,1,1,0,1,1,0,1,1,0,1,1,0,7,6,0,1,6,0
2016460265614 ,0.520734,51.198581,1,2,2,2,17.5,3,6,60,0,0,0,0,0,6,2,2,0,0,2,9,9,0,16,17,0,10,10,0,9,9,0,6,6,0,13,13,0,9,1,0,12,9,0,1,1,0,1,1,0,6,6,0,1,1,0,7,9,0,14,14,0
2016460265701 ,1.323745,51.125165,1,1,1,7,18.20,3,3,30,0,0,0,0,4,4,5,2,0,0,1,9,0,0,18,0,0,10,0,0,9,0,0,6,0,0,13,0,0,9,0,0,12,0,0,4,0,0,1,0,0,6,0,0,1,0,0,6,0,0,15,0,0
2016460265864 ,0.514133,51.271843,1,2,1,6,13.44,3,2,30,8,4,6,0,0,1,1,1,0,0,1,9,5,0,9,18,0,10,10,0,6,1,0,6,6,0,13,13,0,9,1,0,12,1,0,1,1,0,1,1,0,6,6,0,1,1,0,8,6,0,2,9,0
2016471600227 ,-0.654061,50.790275,1,1,1,4,12.27,6,6,30,3,4,6,0,0,1,1,1,0,0,1,9,0,0,1,0,0,10,0,0,2,0,0,6,0,0,13,0,0,9,0,0,12,0,0,2,0,0,1,0,0,6,0,0,2,0,0,11,0,0,13,0,0
2016471600282 ,0.249575,51.020189,1,3,2,5,18.15,3,6,60,0,0,0,0,0,6,1,1,0,0,2,9,9,9,18,18,18,10,10,10,9,9,9,6,6,6,13,13,13,9,9,9,12,12,12,1,1,1,1,1,1,6,6,6,2,2,2,9,6,5,7,4,8
2016471600402 ,-0.539164,50.818103,1,1,1,4,10.13,6,6,30,3,4,6,0,0,1,1,1,0,0,1,19,0,0,18,0,0,10,0,0,1,0,0,6,0,0,13,0,0,9,0,0,12,0,0,1,0,0,1,0,0,1,0,0,1,0,0,8,0,0,6,0,0
2016471600726 ,-0.585996,50.805945,1,1,1,5,17.37,3,6,40,3,4,4,0,0,6,1,1,0,0,2,9,0,0,18,0,0,10,0,0,1,0,0,5,0,0,13,0,0,1,0,0,9,0,0,4,0,0,1,0,0,6,0,0,2,0,0,6,0,0,10,0,0
2016471600792 ,0.247995,50.8559,1,1,1,3,6.32,3,6,30,3,4,6,0,0,4,2,2,0,0,1,9,0,0,18,0,0,10,0,0,2,0,0,6,0,0,13,0,0,9,0,0,12,0,0,1,0,0,1,0,0,6,0,0,2,0,0,6,0,0,7,0,0
2016471600922 ,-0.666363,50.908289,1,1,1,2,3.30,3,6,60,0,0,0,0,0,6,1,1,0,0,2,9,0,0,17,0,0,10,0,0,9,0,0,5,0,0,13,0,0,1,0,0,4,0,0,1,0,0,1,0,0,6,0,0,1,0,0,6,0,0,14,0,0
2016471601057 ,0.549386,50.90545,1,2,2,2,8.6,3,6,60,0,0,0,0,0,1,1,2,0,0,2,9,9,0,18,18,0,10,10,0,9,9,0,6,6,0,13,13,0,9,1,0,12,10,0,1,1,0,1,1,0,2,6,0,2,2,0,9,11,0,3,8,0
2016471601769 ,-0.544563,50.828459,1,2,1,6,19.12,3,6,30,3,4,6,0,0,4,1,1,0,0,1,9,9,0,18,18,0,10,10,0,2,1,0,6,6,0,13,13,0,9,9,0,12,12,0,1,1,0,1,1,0,6,6,0,1,2,0,10,10,0,7,7,0
2016471601953 ,0.75571,50.953351,1,2,2,1,13.50,5,6,60,0,0,0,0,0,1,1,1,0,0,2,5,19,0,16,17,0,10,10,0,9,9,0,6,6,0,13,13,0,9,1,0,12,12,0,1,1,0,1,1,0,6,6,0,1,1,0,6,8,0,9,10,0
2016471602065 ,-0.153706,50.824951,1,1,1,1,2.41,6,6,20,3,4,4,0,0,7,1,1,0,0,1,21,0,0,18,0,0,10,0,0,1,0,0,6,0,0,13,0,0,9,0,0,12,0,0,4,0,0,1,0,0,1,0,0,1,0,0,10,0,0,5,0,0
2016471602350 ,-0.639036,50.943506,1,2,1,6,12.53,3,6,30,0,0,0,0,0,1,1,1,0,0,2,5,19,0,16,18,0,10,10,0,9,9,0,1,1,0,13,13,0,7,1,0,4,4,0,1,1,0,1,1,0,6,6,0,1,1,0,10,9,0,8,3,0
2016471602495 ,-0.193689,51.096692,1,1,2,6,15.10,3,3,50,3,2,6,0,4,1,1,1,0,0,2,9,0,0,18,0,0,10,0,0,8,0,0,6,0,0,13,0,0,9,0,0,12,0,0,1,0,0,1,0,0,6,0,0,1,0,0,5,0,0,14,0,0
2016471602684 ,0.205264,50.772954,1,3,7,1,14.18,6,6,60,0,0,0,0,0,1,1,1,0,0,2,9,9,9,18,18,18,10,10,10,9,9,9,6,6,6,13,13,13,7,9,9,12,12,12,1,1,5,1,1,1,6,6,6,1,1,1,9,6,6,11,9,1
2016471602837 ,-0.539879,50.835226,1,2,3,7,15.4,3,6,40,0,0,0,0,0,1,1,1,0,0,2,5,9,0,16,18,0,10,10,0,9,9,0,6,6,0,13,13,0,9,9,0,12,12,0,1,1,0,1,1,0,6,6,0,1,1,0,8,8,0,1,13,0
2016471602839 ,0.439046,50.927002,1,2,2,7,18.0,4,6,60,8,4,6,0,0,1,1,1,0,0,2,9,5,0,9,16,0,10,10,0,8,1,0,6,6,0,13,13,0,9,7,0,12,4,0,3,1,0,1,1,0,6,6,0,1,1,0,6,5,0,2,2,0
2016471602853 ,-0.567877,50.948599,1,1,3,1,16.37,4,6,60,0,0,0,0,0,1,1,1,0,0,2,9,0,0,16,0,0,10,0,0,9,0,0,6,0,0,13,0,0,7,0,0,4,0,0,1,0,0,1,0,0,6,0,0,1,0,0,11,0,0,2,0,0
2016471603163 ,-0.268385,51.118848,1,1,2,1,21.24,6,6,40,0,0,0,0,0,6,1,1,0,0,2,9,0,0,17,0,0,10,0,0,9,0,0,5,0,0,13,0,0,1,0,0,12,0,0,4,0,0,1,0,0,6,0,0,2,0,0,7,0,0,11,0,0
2016471603206 ,0.549113,50.905654,1,2,6,4,11.13,3,6,60,0,0,0,0,0,1,1,1,0,0,2,9,9,0,18,18,0,10,10,0,9,9,0,6,6,0,13,13,0,9,9,0,12,12,0,1,1,0,1,1,0,6,6,0,1,2,0,10,6,0,7,5,0
2016471603275 ,0.238024,50.950565,1,1,2,1,8.52,3,6,40,0,0,0,0,0,1,1,1,0,0,2,19,0,0,17,0,0,10,0,0,9,0,0,6,0,0,13,0,0,1,0,0,4,0,0,1,0,0,1,0,0,2,0,0,1,0,0,9,0,0,5,0,0
2016471603373 ,0.259096,50.870661,1,1,1,3,22.59,6,6,30,3,4,6,0,0,4,1,1,0,0,1,9,0,0,18,0,0,10,0,0,8,0,0,5,0,0,10,0,0,1,0,0,11,0,0,1,0,0,1,0,0,6,0,0,1,0,0,11,0,0,5,0,0
2016471604365 ,0.088731,50.957082,1,2,1,5,7.54,3,6,60,8,4,6,0,0,1,1,1,0,0,2,9,5,0,6,13,0,10,10,0,1,1,0,6,1,0,13,13,0,9,7,0,12,12,0,3,1,0,1,1,0,2,2,0,1,1,0,8,9,0,2,3,0
2016471604452 ,-0.412309,50.904517,1,2,1,1,5.36,3,3,70,0,0,0,0,0,1,1,1,0,0,2,9,9,0,18,18,0,10,10,0,9,9,0,1,6,0,13,13,0,2,9,0,4,12,0,1,5,0,1,1,0,2,2,0,2,1,0,6,5,0,13,11,0
2016471604645 ,0.244506,50.76188,1,2,6,3,11.34,4,6,60,0,0,0,0,0,1,7,2,0,0,2,9,9,0,16,17,0,10,10,0,9,9,0,6,6,0,13,13,0,9,9,0,12,12,0,1,1,0,1,1,0,6,6,0,2,1,0,11,7,0,9,9,0
2016471604652 ,0.583297,50.968843,1,1,1,3,22.48,4,6,60,0,0,0,0,0,6,2,2,0,0,2,9,0,0,17,0,0,10,0,0,9,0,0,2,0,0,13,0,0,1,0,0,4,0,0,1,0,0,1,0,0,6,0,0,2,0,0,4,0,0,14,0,0
2016471604723 ,-0.750481,50.862133,1,2,1,1,11.55,6,6,60,0,0,0,0,0,1,1,1,0,0,2,5,9,0,18,18,0,10,10,0,9,9,0,6,6,0,13,13,0,9,9,0,12,12,0,1,1,0,1,1,0,6,6,0,1,1,0,8,8,0,12,7,0
2016471604742 ,0.441709,51.009297,1,2,2,2,6.52,3,6,30,0,0,0,0,0,1,1,1,0,0,2,19,9,0,18,2,0,10,10,0,9,9,0,6,6,0,13,13,0,9,9,0,12,12,0,5,4,0,1,1,0,1,6,0,1,1,0,7,7,0,13,3,0
2016471604811 ,-0.648287,50.921958,1,3,3,5,14.45,3,6,60,0,0,0,0,0,1,1,1,0,0,2,9,9,19,18,18,18,10,10,10,9,9,9,6,6,6,13,13,13,7,9,9,11,12,12,3,3,1,1,1,1,6,6,1,2,1,1,4,7,8,2,3,9
2016471604829 ,0.549196,50.905625,1,2,1,6,15.26,3,6,60,0,0,0,0,0,1,1,1,0,0,2,9,21,0,18,18,0,10,10,0,9,9,0,6,1,0,13,13,0,9,9,0,12,12,0,1,1,0,1,1,0,2,1,0,1,1,0,7,7,0,2,2,0
2016471605019 ,-0.652897,50.960879,1,1,1,7,17.11,6,6,60,0,0,0,0,0,1,1,1,0,0,2,9,0,0,18,0,0,10,0,0,9,0,0,6,0,0,13,0,0,7,0,0,4,0,0,1,0,0,1,0,0,6,0,0,1,0,0,10,0,0,20,0,0
2016471605030 ,-0.26528,50.918415,1,3,1,1,14.11,3,6,60,0,0,0,0,0,1,1,1,0,0,2,5,9,9,16,17,18,10,10,10,9,9,9,6,6,6,13,13,13,9,9,9,12,12,12,1,1,1,1,1,1,6,6,6,1,1,2,8,9,9,18,1,4
2016471605631 ,-0.479226,51.023191,1,2,6,6,14.13,3,6,60,3,4,4,0,0,1,1,1,0,0,2,9,9,0,7,18,0,10,10,0,2,1,0,6,6,0,13,13,0,1,1,0,10,9,0,1,1,0,1,1,0,6,6,0,2,1,0,8,7,0,6,2,0
2016471605941 ,0.255673,50.770263,1,1,1,2,10.14,3,6,30,3,4,6,0,0,1,1,1,0,0,1,5,0,0,18,0,0,10,0,0,8,0,0,6,0,0,13,0,0,2,0,0,11,0,0,1,0,0,1,0,0,6,0,0,1,0,0,10,0,0,6,0,0
2016471605952 ,0.384949,50.950012,1,2,2,2,14.56,4,6,60,8,4,6,0,0,1,1,1,0,0,2,9,5,0,9,18,0,10,10,0,5,8,0,6,6,0,13,13,0,9,9,0,12,12,0,4,1,0,1,1,0,6,6,0,2,1,0,8,8,0,14,11,0
2016471606116 ,-0.187387,50.876599,1,2,4,4,5.3,6,6,60,0,0,0,0,0,6,1,1,0,0,2,9,19,0,17,16,0,10,10,0,9,9,0,6,6,0,13,13,0,9,9,0,12,12,0,1,1,0,1,1,0,6,1,0,1,1,0,5,8,0,5,2,0
2016471606149 ,-0.844348,50.848972,1,2,2,5,14.20,3,3,70,0,0,0,0,0,1,1,1,0,0,2,21,21,0,18,2,0,10,10,0,9,9,0,6,6,0,13,13,0,1,9,0,4,12,0,1,2,0,1,1,0,1,1,0,1,1,0,8,7,0,7,10,0
2016471606159 ,0.175577,51.054787,1,2,2,5,19.25,6,6,30,6,4,6,0,0,4,1,1,0,0,1,9,19,0,5,18,0,10,10,0,6,8,0,6,6,0,13,13,0,9,9,0,12,12,0,3,5,0,1,1,0,6,2,0,2,1,0,8,9,0,12,10,0
2016471606186 ,-0.179452,51.126077,1,1,2,6,20.5,3,3,70,0,0,0,0,0,6,1,1,0,0,1,9,0,0,18,0,0,10,0,0,9,0,0,6,0,0,13,0,0,1,0,0,4,0,0,1,0,0,1,0,0,6,0,0,1,0,0,5,0,0,21,0,0
2016471606194 ,-0.06734,51.004323,1,2,2,7,9.30,6,6,60,0,0,0,0,0,1,1,1,0,0,2,9,9,0,16,17,0,10,10,0,9,9,0,6,6,0,13,13,0,9,9,0,12,12,0,1,1,0,1,1,0,6,2,0,1,2,0,5,8,0,19,4,0
2016471606565 ,-0.128647,50.857549,1,2,2,4,9.9,6,6,60,0,0,0,0,0,1,1,1,0,0,2,9,9,0,18,18,0,10,10,0,9,9,0,6,6,0,13,13,0,9,1,0,12,12,0,3,1,0,1,1,0,6,6,0,2,1,0,8,9,0,16,8,0
2016471606820 ,-0.36487,51.108142,1,2,1,1,13.12,3,6,60,3,4,6,0,0,1,1,1,0,0,2,20,5,0,9,18,0,10,10,0,8,1,0,6,1,0,13,13,0,9,9,0,12,12,0,4,1,0,1,1,0,6,6,0,2,1,0,7,7,0,19,11,0
2016471606920 ,-0.568241,50.862107,1,1,2,5,20.27,3,6,60,0,0,0,0,0,6,1,2,0,0,2,9,0,0,16,0,0,10,0,0,9,0,0,1,0,0,13,0,0,1,0,0,4,0,0,3,0,0,1,0,0,6,0,0,1,0,0,5,0,0,17,0,0
2016471607402 ,0.156545,51.05764,1,2,2,5,9.23,3,6,30,3,4,6,0,0,1,1,2,0,0,1,9,21,0,9,18,0,10,10,0,2,1,0,6,6,0,13,13,0,9,9,0,12,12,0,3,1,0,1,1,0,6,1,0,1,1,0,11,8,0,5,3,0
2016471607563 ,-0.477042,50.816292,1,2,3,4,16.36,4,6,30,0,0,0,0,0,4,1,2,0,0,1,5,9,0,18,18,0,10,10,0,9,9,0,6,6,0,13,13,0,9,9,0,12,12,0,1,1,0,1,1,0,6,6,0,1,2,0,10,8,0,6,4,0
2016471607586 ,0.277071,50.974867,1,2,2,4,9.57,3,6,60,3,4,6,0,0,1,1,1,0,0,2,9,19,0,9,18,0,10,10,0,6,1,0,6,6,0,13,13,0,9,9,0,12,12,0,1,1,0,1,1,0,6,1,0,2,1,0,11,10,0,10,9,0
2016480134021 ,-0.108013,51.510985,1,2,1,4,7.20,3,6,30,3,2,5,0,5,4,1,2,0,0,1,9,3,0,12,18,0,10,10,0,2,2,0,6,6,0,13,13,0,9,7,0,12,12,0,3,4,0,1,1,0,2,2,0,1,1,0,6,5,0,4,3,0
2016480144139 ,-0.102698,51.514047,1,1,1,5,22.11,5,6,20,3,4,5,0,0,4,1,1,0,0,1,19,0,0,18,0,0,10,0,0,1,0,0,6,0,0,13,0,0,9,0,0,12,0,0,1,0,0,1,0,0,1,0,0,1,0,0,7,0,0,10,0,0
2016500077527 ,-4.178823,50.535491,1,2,2,6,7.0,3,6,20,0,0,0,0,0,1,1,1,4,2,2,9,9,0,18,18,0,10,10,0,9,9,0,1,6,0,13,13,0,9,9,0,12,12,0,2,1,0,1,1,0,2,1,0,1,1,0,5,7,0,16,21,0
2016500081367 ,-5.318688,50.215932,1,3,1,3,7.40,3,6,60,0,0,0,0,0,1,1,1,0,0,2,5,17,9,13,9,16,10,10,10,9,9,9,2,6,6,13,13,13,7,7,9,12,12,12,1,3,5,1,1,1,2,1,6,1,1,2,8,9,6,9,2,10
2016500091863 ,-4.900011,50.555923,1,1,1,3,4.44,6,3,60,0,0,0,0,0,6,1,1,0,0,2,9,0,0,18,0,0,10,0,0,9,0,0,6,0,0,13,0,0,9,0,0,12,0,0,1,0,0,1,0,0,2,0,0,1,0,0,8,0,0,20,0,0
2016500092347 ,-4.143658,50.416563,1,1,2,1,9.21,6,6,30,0,0,0,0,8,1,1,1,0,0,1,3,0,0,18,0,0,10,0,0,9,0,0,6,0,0,13,0,0,9,0,0,12,0,0,1,0,0,1,0,0,6,0,0,1,0,0,4,0,0,10,0,0
2016500092366 ,-3.587804,50.422242,1,1,1,7,16.0,3,6,40,3,2,6,0,7,1,1,1,0,0,1,9,0,0,18,0,0,10,0,0,2,0,0,6,0,0,13,0,0,9,0,0,12,0,0,1,0,0,1,0,0,6,0,0,1,0,0,11,0,0,8,0,0
2016500095407 ,-4.095858,50.729166,1,2,3,7,8.34,3,6,60,0,0,0,0,0,1,8,2,0,0,2,9,9,0,18,16,0,10,10,0,9,9,0,6,6,0,13,13,0,7,9,0,12,12,0,4,1,0,1,1,0,6,2,0,2,1,0,6,6,0,13,16,0