Accident_Index,Longitude,Latitude,SV,Number_of_Vehicles,Number_of_Casualties,Day_of_Week,Time,1st_Road_Class,Road_Type,Speed_limit,Junction_Detail,Junction_Control,2nd_Road_Class,Pedestrian_Crossing-Human_Control,Pedestrian_Crossing-Physical_Facilities,Light_Conditions,Weather_Conditions,Road_Surface_Conditions,Special_Conditions_at_Site,Carriageway_Hazards,Urban_or_Rural_Area,Vehicle1_Type,Vehicle2_Type,Vehicle3_Type,Vehicle1_Manoeuvre,Vehicle2_Manoeuvre,Vehicle3_Manoeuvre,Vehicle1_Location-Restricted_Lane,Vehicle2_Location-Restricted_Lane,Vehicle3_Location-Restricted_Lane,Junction1_Location,Junction2_Location,Junction3_Location,Skidding1_and_Overturning,Skidding2_and_Overturning,Skidding3_and_Overturning,Hit_Object_in_Carriageway1,Hit_Object_in_Carriageway2,Hit_Object_in_Carriageway3,Vehicle1_Leaving_Carriageway,Vehicle2_Leaving_Carriageway,Vehicle3_Leaving_Carriageway,Hit_Object_off_Carriageway1,Hit_Object_off_Carriageway2,Hit_Object_off_Carriageway3,1st_Point_of_Impact1,1st_Point_of_Impact2,1st_Point_of_Impact3,Was_Vehicle 1_Left_Hand_Drive?,Was_Vehicle2_Left_Hand_Drive?,Was_Vehicle 3_Left_Hand_Drive?,Journey_Purpose_of_Driver1,Journey_Purpose_of_Driver2,Journey_Purpose_of_Driver3,Sex_of_Driver1,Sex_of_Driver2,Sex_of_Driver3,Age_Band_of_Driver1,Age_Band_of_Driver2,Age_Band_of_Driver3,Age_of_Vehicle1,Age_of_Vehicle2,Age_of_Vehicle3
2016941600499 ,-3.394142,56.048692,1,3,4,7,19.57,1,3,70,0,0,0,0,0,1,1,1,0,0,2,9,9,9,18,18,18,10,10,10,9,9,9,6,6,6,13,13,13,9,9,9,12,12,12,1,1,1,1,1,1,6,6,6,2,2,2,6,6,8,6,2,1
2016941600521 ,-3.189028,56.094967,1,1,1,3,0.3,4,6,60,0,0,0,0,0,6,1,1,0,0,2,19,0,0,18,0,0,10,0,0,9,0,0,6,0,0,13,0,0,9,0,0,12,0,0,1,0,0,1,0,0,1,0,0,1,0,0,8,0,0,4,0,0
2016941600558 ,-3.658842,56.093925,1,2,1,5,19.0,3,6,60,0,0,0,0,0,1,1,1,0,0,2,5,19,0,13,13,0,10,10,0,9,9,0,6,6,0,13,13,0,9,9,0,12,12,0,4,3,0,1,1,0,6,6,0,1,1,0,6,6,0,10,4,0
2016941601026 ,-3.625986,56.066505,1,1,1,1,2.30,3,6,60,0,0,0,0,0,6,1,1,0,0,2,9,0,0,16,0,0,10,0,0,9,0,0,6,0,0,13,0,0,7,0,0,4,0,0,1,0,0,1,0,0,6,0,0,2,0,0,6,0,0,1,0,0
2016950000008 ,-3.272789,55.922658,1,2,4,6,18.35,6,6,30,3,4,6,0,0,4,1,2,0,0,1,9,9,0,9,18,0,10,10,0,8,8,0,6,6,0,13,13,0,3,9,0,12,12,0,3,1,0,1,1,0,1,6,0,1,1,0,4,9,0,12,1,0
2016950000122 ,-3.289078,55.955377,1,1,1,7,22.20,6,6,30,0,0,0,0,4,4,2,2,0,0,1,9,0,0,18,0,0,10,0,0,9,0,0,6,0,0,13,0,0,9,0,0,12,0,0,1,0,0,1,0,0,6,0,0,2,0,0,4,0,0,8,0,0
2016950000967 ,-2.720177,55.450695,1,3,5,5,16.10,3,6,60,6,4,6,0,0,1,1,1,0,0,2,9,9,19,14,18,10,10,10,10,1,1,1,6,6,6,13,13,13,9,9,9,12,12,12,1,1,3,1,1,1,6,6,1,1,2,1,6,6,7,4,11,7
2016950001314 ,-3.205482,55.678012,1,2,3,2,16.20,3,6,60,0,0,0,0,0,1,1,1,0,0,2,9,19,0,16,17,0,10,10,0,9,9,0,6,6,0,13,13,0,9,9,0,12,12,0,1,1,0,1,1,0,6,6,0,2,1,0,10,6,0,3,8,0
2016950001865 ,-2.590677,55.526159,1,2,3,4,19.55,3,6,60,0,0,0,0,0,1,2,2,0,0,2,9,9,0,17,18,0,10,10,0,9,9,0,6,6,0,13,13,0,9,9,0,12,12,0,1,1,0,1,1,0,6,6,0,2,2,0,4,10,0,10,11,0
2016950001901 ,-3.209245,55.927432,1,1,1,1,11.35,6,6,30,3,4,6,0,4,1,1,1,0,0,1,90,0,0,5,0,0,10,0,0,1,0,0,6,0,0,13,0,0,9,0,0,12,0,0,1,0,0,1,0,0,1,0,0,1,0,0,8,0,0,7,0,0
2016950002369 ,-3.477172,55.920592,1,1,1,7,1.15,1,3,70,0,0,0,0,0,6,1,1,0,0,2,19,0,0,12,0,0,10,0,0,9,0,0,2,0,0,13,0,0,5,0,0,6,0,0,4,0,0,1,0,0,6,0,0,1,0,0,6,0,0,4,0,0
2016950002521 ,-3.431968,55.684718,1,1,1,1,21.49,3,6,60,0,0,0,0,0,6,1,1,0,0,2,9,0,0,17,0,0,10,0,0,9,0,0,6,0,0,13,0,0,7,0,0,4,0,0,4,0,0,1,0,0,6,0,0,1,0,0,6,0,0,16,0,0
2016950002706 ,-3.117455,55.642182,1,2,3,7,11.10,3,6,60,9,4,6,0,0,1,1,1,0,0,2,9,9,0,9,18,0,10,10,0,1,1,0,6,6,0,13,13,0,7,9,0,11,12,0,4,1,0,1,1,0,6,6,0,1,1,0,10,7,0,6,11,0
2016950002994 ,-3.268746,55.758581,1,1,1,5,12.15,3,6,60,8,4,6,0,0,1,1,2,0,0,2,20,0,0,5,0,0,10,0,0,8,0,0,6,0,0,13,0,0,9,0,0,12,0,0,1,0,0,1,0,0,1,0,0,1,0,0,4,0,0,5,0,0
2016950003014 ,-2.362344,55.622051,1,1,5,6,16.0,4,6,60,0,0,0,0,0,1,1,2,0,0,2,9,0,0,17,0,0,10,0,0,9,0,0,5,0,0,13,0,0,7,0,0,11,0,0,4,0,0,1,0,0,6,0,0,2,0,0,8,0,0,11,0,0
2016950003156 ,-2.886159,55.613491,1,2,1,2,19.0,3,6,60,3,4,6,0,5,1,1,1,0,0,2,4,90,0,18,5,0,10,10,0,1,1,0,6,6,0,13,13,0,7,9,0,12,12,0,1,1,0,1,1,0,6,1,0,1,1,0,7,5,0,1,8,0
2016950003343 ,-3.062994,55.913505,1,3,7,6,3.10,3,6,60,0,0,0,0,0,7,2,2,0,0,2,9,19,9,18,18,18,10,10,10,9,9,9,5,6,6,13,13,13,9,9,9,12,12,12,1,1,1,1,1,1,6,2,6,1,1,1,6,6,6,7,5,5
2016950003498 ,-2.485474,55.355792,1,2,2,1,10.0,3,6,60,3,4,3,0,0,1,4,1,0,0,2,4,9,0,13,9,0,10,10,0,1,8,0,6,6,0,13,13,0,9,9,0,12,12,0,1,3,0,1,1,0,6,6,0,1,2,0,6,7,0,12,5,0
2016950004205 ,-3.162192,55.825295,1,2,2,5,22.40,3,6,60,3,4,6,0,0,6,2,2,0,0,2,9,4,0,18,18,0,10,10,0,1,1,0,6,6,0,13,13,0,9,9,0,12,12,0,1,1,0,1,1,0,6,6,0,1,2,0,6,9,0,1,7,0
2016950004431 ,-3.094209,55.934528,1,2,2,7,11.25,3,6,30,3,2,6,0,5,1,1,1,0,0,1,9,9,0,18,4,0,10,10,0,1,2,0,6,6,0,13,13,0,9,9,0,12,12,0,1,2,0,1,1,0,6,6,0,1,1,0,9,7,0,4,4,0
2016950004523 ,-3.602094,55.862039,1,1,1,7,1.0,6,6,50,0,0,0,0,0,6,1,1,0,0,2,9,0,0,16,0,0,10,0,0,9,0,0,6,0,0,13,0,0,7,0,0,1,0,0,1,0,0,1,0,0,6,0,0,2,0,0,8,0,0,3,0,0
2016950004634 ,-3.22044,55.787529,1,2,1,1,12.54,3,6,40,0,0,0,0,0,1,1,1,0,0,2,9,9,0,18,18,0,10,10,0,9,9,0,1,1,0,13,13,0,9,9,0,12,12,0,1,1,0,1,1,0,6,6,0,1,2,0,7,10,0,12,2,0
2016950004821 ,-3.677409,55.896254,1,2,1,1,16.56,6,6,30,0,0,0,0,0,1,1,1,0,0,2,9,9,0,18,18,0,10,10,0,9,9,0,6,6,0,13,13,0,7,1,0,10,12,0,3,1,0,1,1,0,6,6,0,1,1,0,10,6,0,14,11,0
2016950005593 ,-3.03126,55.928269,1,2,2,1,0.30,3,3,70,0,0,0,0,0,6,1,2,0,0,2,8,19,0,18,18,0,10,10,0,9,9,0,6,6,0,13,13,0,2,9,0,6,12,0,1,1,0,1,1,0,1,6,0,1,1,0,10,8,0,16,1,0
2016950005776 ,-2.525622,55.987279,1,2,2,6,7.30,3,3,70,0,0,0,0,0,6,1,1,0,0,2,19,9,0,18,18,0,10,10,0,9,9,0,6,6,0,13,13,0,9,9,0,12,12,0,1,1,0,1,1,0,6,2,0,1,2,0,8,6,0,8,9,0
2016950005857 ,-3.112742,55.899767,1,2,1,6,12.55,3,2,60,1,4,3,0,0,1,1,1,0,0,2,11,9,0,18,9,0,10,10,0,4,8,0,6,6,0,13,13,0,9,9,0,12,12,0,5,5,0,1,1,0,1,6,0,1,1,0,8,7,0,2,2,0
2016961601239 ,-4.217749,56.390907,1,1,1,7,13.15,3,6,60,0,0,0,0,0,1,1,2,0,0,2,5,0,0,17,0,0,10,0,0,9,0,0,6,0,0,13,0,0,1,0,0,4,0,0,1,0,0,1,0,0,6,0,0,1,0,0,8,0,0,3,0,0
2016961601425 ,-4.238338,56.391113,1,2,2,1,11.55,3,6,60,0,0,0,0,0,1,1,1,0,0,2,5,5,0,17,17,0,10,10,0,9,9,0,1,6,0,13,13,0,2,9,0,12,12,0,1,1,0,1,1,0,6,6,0,1,1,0,9,8,0,16,22,0
201697AE02507,-4.361466,55.90067,1,2,3,1,12.50,3,3,30,0,0,0,0,0,1,1,1,0,0,1,9,11,0,18,2,0,10,10,0,9,9,0,6,6,0,13,13,0,9,9,0,12,12,0,1,2,0,1,1,0,6,1,0,1,1,0,10,4,0,1,3,0
201697BD70409,-4.173426,55.844493,1,1,1,2,15.9,6,6,30,0,0,0,0,0,1,1,1,0,0,1,19,0,0,7,0,0,9,0,0,9,0,0,6,0,0,13,0,0,9,0,0,12,0,0,1,0,0,1,0,0,1,0,0,1,0,0,9,0,0,1,0,0
201697BE70405,-4.269276,55.901837,1,1,5,1,0.45,3,6,60,0,0,0,0,0,4,1,1,0,0,1,9,0,0,18,0,0,10,0,0,9,0,0,2,0,0,13,0,0,1,0,0,3,0,0,1,0,0,1,0,0,6,0,0,1,0,0,5,0,0,3,0,0
201697GA70503,-4.33976,55.831617,1,2,1,7,16.10,6,1,30,1,4,6,0,0,1,1,1,0,0,1,5,90,0,18,9,0,10,10,0,8,8,0,2,6,0,13,13,0,1,9,0,12,12,0,1,4,0,1,1,0,6,1,0,1,1,0,6,8,0,3,8,0
201697GD70108,-4.284671,55.84396,1,3,1,5,20.10,6,6,30,6,4,6,0,0,1,1,1,0,0,1,5,9,9,18,8,18,10,10,10,8,8,8,6,6,6,13,13,13,2,9,9,4,12,12,1,2,5,1,1,1,6,6,6,1,1,1,6,9,5,10,11,15
201697KA00507,-4.459967,55.81702,1,2,3,3,16.49,4,6,60,3,4,6,0,0,1,1,1,0,0,2,9,9,0,9,18,0,10,10,0,8,8,0,6,6,0,13,13,0,9,9,0,12,12,0,3,1,0,1,1,0,6,6,0,2,1,0,4,6,0,1,9,0
201697KB01601,-4.384527,55.877602,1,1,1,1,13.30,6,6,30,3,4,6,0,0,1,2,2,0,0,1,9,0,0,9,0,0,10,0,0,1,0,0,6,0,0,13,0,0,9,0,0,12,0,0,1,0,0,1,0,0,6,0,0,1,0,0,10,0,0,17,0,0
201697KB02407,-4.376619,55.882932,1,3,1,5,13.20,6,6,30,0,0,0,0,0,1,1,1,0,0,1,9,9,9,18,2,2,9,10,10,9,9,9,6,6,6,4,13,13,7,9,9,8,12,12,1,2,2,1,1,1,6,6,6,2,2,2,9,8,4,2,1,2
201697KC03411,-4.664816,55.924731,1,1,1,3,10.0,6,6,30,3,4,6,0,4,1,1,2,0,0,1,9,0,0,18,0,0,10,0,0,2,0,0,6,0,0,13,0,0,9,0,0,12,0,0,4,0,0,1,0,0,1,0,0,1,0,0,9,0,0,8,0,0
201697LA06403,-4.584144,55.971788,1,1,1,7,0.45,4,6,30,0,0,0,0,4,4,1,1,0,0,2,9,0,0,18,0,0,10,0,0,9,0,0,6,0,0,13,0,0,9,0,0,12,0,0,4,0,0,1,0,0,1,0,0,2,0,0,7,0,0,9,0,0
201697LB00807,-5.477586,56.274507,1,2,3,4,16.0,3,6,60,0,0,0,0,0,1,2,2,0,0,2,9,9,0,16,18,0,10,10,0,9,9,0,1,6,0,13,13,0,1,9,0,8,12,0,1,5,0,1,1,0,6,6,0,2,1,0,7,8,0,14,1,0
201697LB01504,-5.27803,56.275012,1,1,5,3,18.44,6,6,60,0,0,0,0,0,1,2,2,5,0,2,9,0,0,17,0,0,10,0,0,9,0,0,6,0,0,13,0,0,1,0,0,11,0,0,1,0,0,1,0,0,6,0,0,2,0,0,4,0,0,12,0,0
201697LB02706,-5.046235,56.247282,1,1,1,7,16.20,3,6,60,0,0,0,0,0,1,1,1,0,0,2,5,0,0,17,0,0,10,0,0,9,0,0,6,0,0,13,0,0,2,0,0,9,0,0,1,0,0,1,0,0,6,0,0,1,0,0,8,0,0,3,0,0
201697NA75212,-3.90993,55.835736,1,2,2,3,14.45,4,6,60,0,0,0,0,0,1,1,2,0,0,2,9,21,0,18,18,0,10,10,0,9,9,0,5,6,0,13,13,0,7,9,0,11,12,0,2,1,0,1,1,0,6,1,0,1,1,0,6,8,0,1,11,0
201697NC70302,-4.001196,55.981708,1,2,3,4,7.55,3,6,60,0,0,0,0,0,1,1,2,0,0,2,19,11,0,17,16,0,10,10,0,9,9,0,6,6,0,13,13,0,9,9,0,12,12,0,1,1,0,1,1,0,1,1,0,1,1,0,4,9,0,2,1,0
201697QB70301,-3.943527,55.690571,1,1,1,4,11.15,1,3,70,0,0,0,0,0,1,1,2,0,0,2,9,0,0,18,0,0,10,0,0,9,0,0,5,0,0,13,0,0,4,0,0,4,0,0,1,0,0,1,0,0,6,0,0,1,0,0,8,0,0,7,0,0
201697QB70302,-3.987095,55.763713,1,2,1,5,22.39,1,3,70,0,0,0,0,0,6,1,2,0,0,2,9,5,0,12,18,0,10,10,0,9,9,0,6,6,0,13,13,0,9,9,0,12,12,0,2,1,0,1,1,0,2,6,0,2,1,0,7,6,0,5,7,0
201697QB70605,-4.097875,55.795943,1,1,1,7,0.49,3,6,30,0,0,0,0,4,4,1,1,0,0,1,9,0,0,18,0,0,10,0,0,9,0,0,6,0,0,13,0,0,9,0,0,12,0,0,1,0,0,1,0,0,6,0,0,1,0,0,4,0,0,4,0,0
201697QB75209,-4.058911,55.808231,1,2,1,7,23.5,1,3,70,0,0,0,0,0,4,1,1,4,0,2,9,8,0,18,18,0,10,10,0,9,9,0,5,6,0,13,13,0,6,9,0,6,12,0,1,3,0,1,1,0,6,1,0,1,1,0,5,8,0,6,5,0
201697QB75710,-3.972253,55.727051,1,1,1,7,20.41,6,6,30,3,4,6,0,0,4,1,2,0,0,1,9,0,0,18,0,0,10,0,0,8,0,0,6,0,0,13,0,0,9,0,0,12,0,0,1,0,0,1,0,0,6,0,0,2,0,0,10,0,0,1,0,0
201697QC70104,-3.936767,55.681269,1,2,4,6,18.17,4,6,60,0,0,0,0,0,1,2,2,0,0,2,9,9,0,17,16,0,10,10,0,9,9,0,6,6,0,13,13,0,1,9,0,4,12,0,4,1,0,1,1,0,6,6,0,1,1,0,5,9,0,5,6,0
201697QC70107,-3.924762,55.665155,1,1,1,7,2.30,1,7,70,5,4,1,0,0,6,1,2,0,0,2,9,0,0,18,0,0,10,0,0,8,0,0,5,0,0,7,0,0,9,0,0,12,0,0,1,0,0,1,0,0,6,0,0,1,0,0,11,0,0,1,0,0
201697QC70605,-3.453514,55.682802,1,2,1,7,16.30,3,6,60,3,4,3,0,0,1,9,2,0,0,2,9,9,0,9,18,0,10,10,0,6,1,0,6,1,0,13,13,0,9,7,0,12,11,0,1,4,0,1,1,0,6,6,0,1,1,0,11,6,0,2,2,0
201697QC70901,-3.432053,55.700973,1,2,3,5,16.30,3,6,40,0,0,0,0,0,4,1,2,0,0,2,9,11,0,18,18,0,10,10,0,9,9,0,6,6,0,13,13,0,9,9,0,12,12,0,1,1,0,1,1,0,6,1,0,2,2,0,11,8,0,7,4,0
201697QC71101,-3.643267,55.622759,1,2,3,2,7.40,3,6,60,0,0,0,0,0,6,4,2,0,0,2,9,21,0,18,1,0,10,10,0,9,9,0,6,6,0,13,13,0,9,9,0,12,12,0,1,3,0,1,1,0,6,1,0,2,1,0,7,9,0,1,14,0
201697QC75511,-3.534616,55.397583,1,2,2,6,17.0,2,3,70,0,0,0,0,0,6,3,3,0,0,2,9,9,0,16,18,0,10,10,0,9,9,0,1,6,0,13,13,0,4,9,0,6,12,0,1,1,0,1,1,0,2,6,0,1,1,0,7,6,0,11,11,0
201697QC75610,-3.689255,55.764286,1,1,1,3,10.15,3,6,30,3,4,4,0,0,1,1,2,0,0,2,9,0,0,9,0,0,10,0,0,6,0,0,6,0,0,13,0,0,9,0,0,12,0,0,1,0,0,1,0,0,6,0,0,2,0,0,6,0,0,13,0,0
201697UA70208,-4.625272,55.750087,1,4,1,4,18.35,3,6,50,6,4,4,0,0,1,2,2,0,0,2,3,19,9,18,4,18,10,10,10,1,1,1,1,6,6,13,13,13,9,9,1,12,12,12,1,3,1,1,1,1,2,1,2,1,1,1,5,8,8,14,7,9
201697UA70210,-4.778806,55.77596,1,1,2,4,8.35,3,6,60,0,0,0,0,0,1,1,1,0,0,2,9,0,0,17,0,0,10,0,0,9,0,0,6,0,0,13,0,0,1,0,0,11,0,0,4,0,0,1,0,0,6,0,0,2,0,0,5,0,0,4,0,0
201697UA71102,-4.647683,55.586782,1,1,1,2,18.22,3,3,70,0,0,0,0,0,6,1,1,0,0,2,9,0,0,18,0,0,10,0,0,9,0,0,6,0,0,13,0,0,9,0,0,12,0,0,1,0,0,1,0,0,6,0,0,2,0,0,9,0,0,4,0,0
201697UC70107,-4.523731,55.660641,1,2,2,7,12.0,3,6,60,0,0,0,0,0,1,2,2,0,0,2,9,9,0,18,18,0,10,10,0,9,9,0,6,6,0,13,13,0,7,9,0,11,12,0,1,1,0,1,1,0,6,6,0,2,2,0,10,11,0,9,3,0
201697UC70210,-4.429675,55.575578,1,1,19,7,13.14,3,1,60,1,4,3,0,0,1,1,1,0,0,2,11,0,0,18,0,0,9,0,0,8,0,0,5,0,0,10,0,0,1,0,0,2,0,0,4,0,0,1,0,0,1,0,0,1,0,0,8,0,0,15,0,0
201697UC70408,-4.222026,55.400603,1,1,2,2,6.10,6,6,60,0,0,0,0,0,1,1,1,0,0,2,5,0,0,16,0,0,10,0,0,9,0,0,5,0,0,13,0,0,8,0,0,11,0,0,1,0,0,1,0,0,6,0,0,1,0,0,5,0,0,31,0,0
201697UD70307,-4.576058,55.586062,1,1,3,7,17.38,3,6,60,3,4,6,0,1,1,1,1,0,0,2,9,0,0,17,0,0,10,0,0,1,0,0,2,0,0,13,0,0,8,0,0,10,0,0,1,0,0,1,0,0,6,0,0,1,0,0,6,0,0,12,0,0
201697UD70412,-4.620304,55.457382,1,1,1,1,16.55,3,7,30,0,0,0,0,0,4,1,1,0,7,1,9,0,0,18,0,0,10,0,0,9,0,0,6,0,0,12,0,0,9,0,0,12,0,0,1,0,0,1,0,0,6,0,0,1,0,0,8,0,0,2,0,0
201697UD70508,-4.987206,55.054137,1,2,1,4,13.55,3,6,60,3,4,6,0,0,1,2,2,0,0,2,20,9,0,14,18,0,10,10,0,1,2,0,6,6,0,13,13,0,7,1,0,12,12,0,1,1,0,1,1,0,1,6,0,1,1,0,9,8,0,3,12,0
201697UD70607,-4.638842,55.415202,1,1,5,1,16.45,4,6,60,0,0,0,0,0,1,2,2,0,0,2,9,0,0,16,0,0,10,0,0,9,0,0,1,0,0,13,0,0,8,0,0,11,0,0,3,0,0,1,0,0,6,0,0,2,0,0,4,0,0,11,0,0
2016981116916 ,-4.451588,54.967892,1,1,1,7,15.50,3,6,60,0,0,0,0,0,1,1,1,0,0,2,5,0,0,16,0,0,10,0,0,9,0,0,6,0,0,13,0,0,7,0,0,12,0,0,5,0,0,1,0,0,6,0,0,1,0,0,10,0,0,6,0,0
2016981117216 ,-5.051911,54.854051,1,3,3,5,11.30,3,6,60,0,0,0,0,0,1,1,1,0,0,2,5,9,9,17,16,18,10,10,10,9,9,9,2,2,6,13,13,13,1,9,9,9,12,12,1,1,1,1,1,1,6,6,6,1,1,1,9,10,5,2,2,15
2016982105616 ,-4.145557,55.094717,1,1,1,3,15.39,3,6,60,0,0,0,0,0,1,1,1,0,0,2,9,0,0,18,0,0,10,0,0,9,0,0,6,0,0,13,0,0,8,0,0,4,0,0,1,0,0,1,0,0,6,0,0,1,0,0,11,0,0,12,0,0
2016982111116 ,-4.299696,55.237969,1,2,2,6,10.35,3,6,60,0,0,0,0,0,1,1,1,0,0,2,9,20,0,18,18,0,10,10,0,9,9,0,2,6,0,13,13,0,1,1,0,9,11,0,1,1,0,1,1,0,6,1,0,1,1,0,8,7,0,1,1,0
2016983121016 ,-3.72662,55.177008,1,2,1,2,11.51,3,6,60,0,0,0,0,0,1,1,1,0,0,2,9,21,0,16,17,0,10,10,0,9,9,0,6,6,0,13,13,0,9,9,0,12,12,0,1,1,0,1,1,0,2,1,0,1,1,0,6,8,0,8,1,0
2016983127116 ,-3.641488,54.894564,1,2,1,1,14.50,3,6,60,0,0,0,0,0,1,1,1,0,0,2,9,5,0,6,18,0,10,10,0,9,9,0,6,2,0,13,13,0,9,9,0,12,12,0,5,1,0,1,1,0,6,6,0,2,1,0,7,5,0,2,10,0
2016984105716 ,-3.517858,55.189968,1,2,1,5,19.30,3,6,60,0,0,0,0,0,6,2,2,0,0,2,9,21,0,18,18,0,10,10,0,9,9,0,6,6,0,13,13,0,1,9,0,12,12,0,1,1,0,1,1,0,6,1,0,2,1,0,6,7,0,3,1,0
2016984107116 ,-3.444528,55.297929,1,2,2,2,12.13,3,6,60,0,0,0,0,0,1,1,1,0,0,2,9,9,0,18,18,0,10,10,0,9,9,0,6,6,0,13,13,0,9,9,0,12,12,0,1,1,0,1,1,0,6,6,0,1,1,0,6,8,0,3,4,0
2016984129916 ,-3.229017,54.995005,1,2,4,1,11.0,3,6,60,3,4,4,0,0,1,1,1,0,0,2,9,9,0,10,18,0,10,10,0,1,1,0,6,6,0,13,13,0,9,9,0,12,12,0,1,1,0,1,1,0,6,6,0,1,2,0,11,10,0,11,4,0
2016220089284 ,-1.939062,52.120489,1,3,1,6,17.45,3,3,70,0,0,0,0,0,1,1,1,0,0,2,5,9,9,15,11,18,10,10,10,9,9,9,1,6,6,13,13,13,9,9,9,12,12,12,1,4,4,1,1,1,5,2,2,1,2,2,5,5,6,13,1,13
2016331600050 ,-1.13376,52.630855,1,1,1,6,2.0,3,2,30,0,0,0,0,5,4,1,2,0,0,1,8,0,0,18,0,0,10,0,0,9,0,0,6,0,0,13,0,0,9,0,0,12,0,0,1,0,0,1,0,0,1,0,0,1,0,0,7,0,0,11,0,0
201643S102046,-0.714527,52.019934,1,2,2,2,8.30,5,3,70,3,4,6,0,0,1,1,1,0,0,2,9,9,0,9,18,0,10,10,0,6,1,0,6,6,0,13,13,0,9,9,0,12,12,0,1,1,0,1,1,0,6,6,0,1,1,0,4,6,0,15,15,0
2016500149641 ,-4.669012,50.505996,1,1,1,7,11.21,3,6,40,0,0,0,0,0,1,2,2,4,0,2,9,0,0,18,0,0,10,0,0,9,0,0,6,0,0,13,0,0,2,0,0,7,0,0,4,0,0,1,0,0,5,0,0,2,0,0,9,0,0,9,0,0
2016500128900 ,-5.18898,50.261832,1,2,1,5,13.5,3,3,70,0,0,0,0,0,1,1,1,0,0,2,9,21,0,18,18,0,10,10,0,9,9,0,6,6,0,13,13,0,5,9,0,6,12,0,3,3,0,1,1,0,6,1,0,2,1,0,10,7,0,7,7,0
2016460059318 ,0.530728,51.334514,1,1,1,7,9.30,6,6,40,3,4,6,0,0,1,1,1,0,0,1,5,0,0,9,0,0,10,0,0,1,0,0,2,0,0,13,0,0,9,0,0,12,0,0,5,0,0,1,0,0,6,0,0,1,0,0,5,0,0,8,0,0
2016480097491 ,-0.105002,51.514084,1,1,1,6,10.22,5,6,20,3,4,6,0,0,1,1,1,0,0,1,5,0,0,18,0,0,10,0,0,8,0,0,6,0,0,13,0,0,9,0,0,12,0,0,1,0,0,1,0,0,2,0,0,1,0,0,7,0,0,2,0,0
2016140131797 ,-1.411095,53.386235,1,1,1,5,11.45,6,6,30,3,4,4,0,0,1,2,2,0,0,1,9,0,0,9,0,0,10,0,0,5,0,0,6,0,0,13,0,0,9,0,0,12,0,0,4,0,0,1,0,0,6,0,0,1,0,0,8,0,0,2,0,0
2016051601325 ,-2.654862,53.469632,1,1,1,4,17.19,3,6,30,3,2,6,0,4,1,1,1,0,0,1,9,0,0,18,0,0,10,0,0,1,0,0,6,0,0,13,0,0,9,0,0,12,0,0,1,0,0,1,0,0,6,0,0,2,0,0,6,0,0,2,0,0
2016350121668 ,-0.309591,52.650652,1,1,2,4,8.30,3,6,60,0,0,0,0,0,1,1,2,0,0,2,4,0,0,4,0,0,10,0,0,9,0,0,2,0,0,13,0,0,9,0,0,12,0,0,3,0,0,1,0,0,6,0,0,2,0,0,5,0,0,18,0,0
201604EF16080,-2.232031,53.785356,1,1,1,6,10.9,3,6,30,0,0,0,0,0,1,1,1,1,0,1,8,0,0,4,0,0,10,0,0,9,0,0,6,0,0,13,0,0,9,0,0,12,0,0,1,0,0,1,0,0,1,0,0,1,0,0,6,0,0,6,0,0
2016010029580 ,-0.332899,51.536789,1,2,1,7,12.40,6,6,30,0,0,0,0,0,1,1,1,0,0,1,9,3,0,9,18,0,10,10,0,9,9,0,6,6,0,13,13,0,9,9,0,12,12,0,1,1,0,1,1,0,1,6,0,1,1,0,5,6,0,4,6,0
2016450038425 ,-0.327668,51.312124,1,2,1,7,21.23,1,3,70,0,0,0,0,0,4,5,2,0,0,2,9,9,0,18,18,0,10,10,0,9,9,0,1,1,0,13,13,0,1,1,0,10,7,0,2,1,0,1,1,0,5,5,0,1,1,0,6,6,0,12,5,0
2016431810216 ,-0.975314,51.812687,1,1,1,3,19.45,5,6,60,0,0,0,0,0,7,1,2,0,0,2,9,0,0,18,0,0,10,0,0,9,0,0,6,0,0,13,0,0,1,0,0,4,0,0,1,0,0,1,0,0,6,0,0,1,0,0,7,0,0,14,0,0
2016120162138 ,-1.052169,53.964658,1,1,1,3,14.17,6,6,30,3,4,6,0,0,1,1,1,4,0,1,21,0,0,7,0,0,10,0,0,8,0,0,6,0,0,13,0,0,9,0,0,12,0,0,2,0,0,1,0,0,1,0,0,1,0,0,7,0,0,4,0,0
2016420123054 ,0.736687,51.60864,1,2,1,6,11.11,6,6,30,3,4,6,0,0,1,1,1,0,0,2,9,5,0,9,18,0,10,10,0,1,1,0,6,2,0,13,13,0,9,9,0,12,12,0,1,1,0,1,1,0,5,5,0,2,1,0,10,8,0,12,9,0
2016350143905 ,0.090966,52.518962,1,2,4,1,13.16,3,6,60,0,0,0,0,0,1,1,1,0,0,2,9,9,0,18,18,0,10,10,0,9,9,0,6,5,0,13,13,0,7,1,0,1,9,0,3,4,0,1,1,0,5,5,0,1,1,0,6,6,0,10,4,0
201697KB01412,-4.446405,55.868236,1,2,2,1,17.50,3,6,50,0,0,0,0,0,6,1,2,0,0,2,9,9,0,16,17,0,10,10,0,9,9,0,1,2,0,13,13,0,9,9,0,12,12,0,1,1,0,1,1,0,6,6,0,1,2,0,6,9,0,2,5,0