Accident_Index,Longitude,Latitude,SV,Number_of_Vehicles,Number_of_Casualties,Day_of_Week,Time,1st_Road_Class,Road_Type,Speed_limit,Junction_Detail,Junction_Control,2nd_Road_Class,Pedestrian_Crossing-Human_Control,Pedestrian_Crossing-Physical_Facilities,Light_Conditions,Weather_Conditions,Road_Surface_Conditions,Special_Conditions_at_Site,Carriageway_Hazards,Urban_or_Rural_Area,Vehicle1_Type,Vehicle2_Type,Vehicle3_Type,Vehicle1_Manoeuvre,Vehicle2_Manoeuvre,Vehicle3_Manoeuvre,Vehicle1_Location-Restricted_Lane,Vehicle2_Location-Restricted_Lane,Vehicle3_Location-Restricted_Lane,Junction1_Location,Junction2_Location,Junction3_Location,Skidding1_and_Overturning,Skidding2_and_Overturning,Skidding3_and_Overturning,Hit_Object_in_Carriageway1,Hit_Object_in_Carriageway2,Hit_Object_in_Carriageway3,Vehicle1_Leaving_Carriageway,Vehicle2_Leaving_Carriageway,Vehicle3_Leaving_Carriageway,Hit_Object_off_Carriageway1,Hit_Object_off_Carriageway2,Hit_Object_off_Carriageway3,1st_Point_of_Impact1,1st_Point_of_Impact2,1st_Point_of_Impact3,Was_Vehicle 1_Left_Hand_Drive?,Was_Vehicle2_Left_Hand_Drive?,Was_Vehicle 3_Left_Hand_Drive?,Journey_Purpose_of_Driver1,Journey_Purpose_of_Driver2,Journey_Purpose_of_Driver3,Sex_of_Driver1,Sex_of_Driver2,Sex_of_Driver3,Age_Band_of_Driver1,Age_Band_of_Driver2,Age_Band_of_Driver3,Age_of_Vehicle1,Age_of_Vehicle2,Age_of_Vehicle3
201604EG16305,-2.291193,53.824685,1,1,1,6,16.51,6,6,30,0,0,0,0,0,6,5,2,0,0,2,9,0,0,17,0,0,10,0,0,9,0,0,6,0,0,13,0,0,9,0,0,12,0,0,1,0,0,1,0,0,1,0,0,2,0,0,8,0,0,12,0,0
201697KC01509,-4.774325,55.953449,1,2,3,5,9.15,6,6,30,6,4,6,0,0,1,1,1,0,0,1,9,9,0,18,18,0,10,10,0,8,8,0,6,6,0,13,13,0,9,9,0,12,12,0,1,3,0,1,1,0,1,1,0,1,1,0,6,8,0,11,14,0
2016320138586 ,0.336716,53.144738,1,1,1,4,9.8,3,6,30,3,4,6,0,1,1,2,2,0,0,1,9,0,0,7,0,0,10,0,0,1,0,0,6,0,0,13,0,0,9,0,0,12,0,0,1,0,0,1,0,0,6,0,0,1,0,0,11,0,0,14,0,0
2016360096831 ,0.180504,52.649927,1,1,1,5,19.20,3,6,60,0,0,0,0,0,6,1,1,0,0,2,9,0,0,18,0,0,10,0,0,9,0,0,6,0,0,13,0,0,9,0,0,12,0,0,1,0,0,1,0,0,6,0,0,2,0,0,5,0,0,7,0,0
2016440403576 ,-1.439109,50.671267,1,2,3,3,17.21,4,6,60,6,4,6,0,0,1,1,2,0,0,2,9,9,0,10,18,0,10,10,0,8,1,0,6,1,0,13,13,0,9,9,0,12,12,0,2,1,0,1,1,0,6,6,0,1,2,0,9,5,0,21,15,0
2016010001281 ,-0.020233,51.527881,1,1,2,7,5.0,3,3,30,0,0,0,0,0,4,1,1,0,0,1,9,0,0,18,0,0,10,0,0,9,0,0,6,0,0,13,0,0,9,0,0,12,0,0,1,0,0,1,0,0,6,0,0,1,0,0,5,0,0,1,0,0
2016220100425 ,-2.384145,52.529277,1,1,1,1,16.30,3,6,60,1,4,3,0,0,1,1,2,0,0,2,3,0,0,7,0,0,10,0,0,3,0,0,6,0,0,13,0,0,9,0,0,12,0,0,3,0,0,1,0,0,5,0,0,2,0,0,7,0,0,15,0,0
2016921600758 ,-2.969185,57.675249,1,1,1,1,3.25,6,6,30,0,0,0,0,0,4,1,1,0,0,2,8,0,0,18,0,0,10,0,0,9,0,0,6,0,0,13,0,0,9,0,0,12,0,0,1,0,0,1,0,0,1,0,0,1,0,0,9,0,0,7,0,0
2016220133161 ,-2.262275,52.329882,1,1,2,3,7.55,3,6,40,3,4,6,0,0,1,2,2,0,0,2,3,0,0,18,0,0,10,0,0,2,0,0,6,0,0,13,0,0,9,0,0,12,0,0,1,0,0,1,0,0,2,0,0,1,0,0,5,0,0,3,0,0
2016420116339 ,0.405953,51.503831,1,3,5,1,18.56,6,6,60,0,0,0,0,0,6,1,2,0,0,2,9,9,9,18,18,18,10,10,10,9,9,9,6,6,6,13,13,13,9,9,9,12,12,12,1,1,1,1,1,1,5,5,5,1,1,1,11,6,8,15,12,7
2016420058772 ,0.660079,51.562772,1,2,1,1,10.54,3,3,40,0,0,0,0,0,1,1,1,0,0,1,9,9,0,4,4,0,10,10,0,9,9,0,6,6,0,13,13,0,9,9,0,12,12,0,1,2,0,1,1,0,5,5,0,2,1,0,5,8,0,17,3,0
201663AC14116,-3.986718,51.791158,1,2,2,3,11.34,3,1,30,2,4,6,0,0,1,1,1,0,0,1,9,9,0,9,18,0,10,10,0,1,1,0,6,6,0,13,13,0,9,9,0,12,12,0,4,2,0,1,1,0,1,6,0,1,2,0,9,7,0,4,6,0
2016621600234 ,-3.384709,51.68911,1,2,7,5,15.32,6,6,30,3,4,6,0,0,1,2,2,0,0,2,8,9,0,9,18,0,10,10,0,1,1,0,6,6,0,13,13,0,9,9,0,12,12,0,1,1,0,1,1,0,1,3,0,1,2,0,5,5,0,7,2,0
201697QC02005,-3.887662,55.534509,1,1,2,1,11.16,3,6,60,0,0,0,0,0,1,1,1,0,0,2,5,0,0,16,0,0,10,0,0,9,0,0,1,0,0,13,0,0,9,0,0,12,0,0,5,0,0,1,0,0,6,0,0,1,0,0,8,0,0,4,0,0
2016621600230 ,-3.249917,51.470821,1,2,5,5,14.0,6,6,30,5,4,6,0,0,1,1,1,0,0,1,9,10,0,18,18,0,10,10,0,8,8,0,6,6,0,13,13,0,9,9,0,12,12,0,3,4,0,1,1,0,6,6,0,2,1,0,9,6,0,4,11,0
2016010029026 ,-0.191679,51.403403,1,2,1,7,13.37,3,1,30,1,4,3,0,0,1,1,1,0,0,1,9,4,0,6,18,0,10,10,0,8,8,0,6,6,0,13,13,0,9,9,0,12,12,0,3,1,0,1,1,0,2,6,0,1,1,0,7,6,0,7,8,0
201631D162716,-1.10006,52.932596,1,1,1,6,15.41,3,3,70,0,0,0,0,0,1,1,2,0,0,2,4,0,0,18,0,0,10,0,0,9,0,0,6,0,0,13,0,0,1,0,0,12,0,0,3,0,0,1,0,0,6,0,0,1,0,0,8,0,0,8,0,0
2016360094411 ,1.299468,52.609606,1,2,1,2,8.33,3,6,30,0,0,0,0,0,1,1,1,0,0,1,3,9,0,18,7,0,10,10,0,9,9,0,6,6,0,13,13,0,9,9,0,12,12,0,3,4,0,1,1,0,6,6,0,1,2,0,4,5,0,3,14,0
201697LB00108,-5.484692,56.132862,1,3,2,3,8.7,3,6,30,0,0,0,0,0,1,1,1,0,0,2,21,9,9,16,17,16,10,10,10,9,9,9,5,6,6,13,13,13,9,9,9,12,12,12,3,1,1,1,1,1,1,6,2,1,1,2,4,9,8,4,10,2
2016370111464 ,1.122,52.045405,1,1,1,7,20.22,6,6,30,3,4,6,0,0,4,1,1,0,0,1,9,0,0,18,0,0,10,0,0,1,0,0,6,0,0,13,0,0,9,0,0,12,0,0,4,0,0,1,0,0,5,0,0,1,0,0,11,0,0,3,0,0
201604SC16068,-2.679229,53.69521,1,1,2,1,4.20,1,3,70,5,4,1,0,0,1,1,1,0,0,2,9,0,0,16,0,0,10,0,0,1,0,0,1,0,0,13,0,0,1,0,0,4,0,0,1,0,0,1,0,0,6,0,0,1,0,0,6,0,0,13,0,0
201606F022430,-2.416477,53.535931,1,1,1,3,16.50,3,6,30,0,0,0,0,0,4,2,2,0,0,1,9,0,0,18,0,0,10,0,0,9,0,0,6,0,0,13,0,0,9,0,0,12,0,0,1,0,0,1,0,0,6,0,0,1,0,0,11,0,0,3,0,0
201606G017790,-2.073959,53.483745,1,2,3,7,13.10,4,6,30,6,4,5,0,0,1,1,1,0,0,1,9,9,0,18,18,0,10,10,0,6,8,0,6,6,0,13,13,0,9,7,0,12,12,0,1,4,0,1,1,0,6,6,0,1,2,0,8,8,0,12,11,0
2016140039101 ,-1.054165,53.48994,1,2,4,3,5.55,3,6,50,3,4,6,0,0,4,2,2,0,0,1,9,8,0,9,18,0,10,10,0,8,1,0,6,6,0,13,13,0,9,9,0,12,12,0,1,1,0,1,1,0,1,6,0,1,1,0,5,9,0,14,3,0
2016100139876 ,-1.711113,55.205549,1,2,1,5,10.6,3,6,60,0,0,0,0,0,1,2,2,0,0,2,5,9,0,15,9,0,10,10,0,9,9,0,6,6,0,13,13,0,9,9,0,12,12,0,1,3,0,1,1,0,6,1,0,1,1,0,9,7,0,6,8,0
2016471600784 ,-0.320974,51.067051,1,2,1,6,14.0,4,6,30,3,4,6,0,4,1,1,1,0,2,1,9,3,0,10,18,0,10,10,0,2,1,0,6,6,0,13,13,0,9,9,0,12,12,0,3,1,0,1,1,0,6,6,0,2,1,0,8,4,0,12,15,0
2016320134886 ,-0.463355,53.55029,1,1,1,7,19.25,3,6,60,0,0,0,0,0,1,1,1,0,0,2,9,0,0,17,0,0,10,0,0,9,0,0,5,0,0,13,0,0,8,0,0,12,0,0,1,0,0,1,0,0,6,0,0,1,0,0,6,0,0,14,0,0
2016010001391 ,0.085707,51.492591,1,1,1,7,20.15,3,3,30,9,4,3,0,4,4,8,2,0,0,1,9,0,0,16,0,0,10,0,0,1,0,0,1,0,0,13,0,0,1,0,0,2,0,0,1,0,0,2,0,0,6,0,0,2,0,0,7,0,0,17,0,0
201643S076016,-0.693049,52.165168,1,1,1,6,8.10,4,6,60,0,0,0,0,0,1,1,4,0,0,2,3,0,0,17,0,0,10,0,0,9,0,0,1,0,0,13,0,0,9,0,0,12,0,0,3,0,0,1,0,0,2,0,0,1,0,0,4,0,0,1,0,0
201604SB16107,-2.843362,53.708189,1,1,1,5,18.10,6,6,30,3,4,6,0,0,1,1,1,1,0,2,9,0,0,18,0,0,10,0,0,1,0,0,6,0,0,13,0,0,9,0,0,12,0,0,1,0,0,1,0,0,6,0,0,2,0,0,11,0,0,5,0,0
2016420086418 ,1.074803,51.814923,1,1,1,1,5.15,4,6,60,0,0,0,0,0,1,1,1,0,0,2,9,0,0,17,0,0,10,0,0,9,0,0,2,0,0,13,0,0,1,0,0,12,0,0,1,0,0,1,0,0,5,0,0,1,0,0,5,0,0,8,0,0
2016410130503 ,-0.223874,51.982769,1,1,1,6,0.44,6,6,30,0,0,0,0,0,5,1,1,0,0,1,9,0,0,17,0,0,10,0,0,9,0,0,6,0,0,13,0,0,9,0,0,12,0,0,1,0,0,1,0,0,5,0,0,1,0,0,10,0,0,1,0,0
201697QB71003,-4.054457,55.75883,1,3,2,2,16.20,6,6,30,0,0,0,0,0,1,1,1,0,0,1,9,9,9,13,18,18,10,10,10,9,9,9,6,6,6,13,13,13,9,2,9,12,12,12,4,3,3,1,1,1,6,6,6,1,1,2,6,6,9,13,7,2
2016133871906 ,-1.71485,53.799757,1,1,1,1,22.24,4,6,30,0,0,0,0,0,1,2,2,0,0,1,9,0,0,18,0,0,10,0,0,9,0,0,6,0,0,13,0,0,9,0,0,12,0,0,4,0,0,1,0,0,6,0,0,1,0,0,6,0,0,10,0,0
201601QK50305,-0.279369,51.541501,1,2,1,1,15.38,5,6,30,0,0,0,0,0,1,1,1,0,0,1,9,3,0,6,18,0,10,10,0,9,9,0,6,6,0,13,13,0,9,9,0,12,12,0,3,1,0,1,1,0,6,6,0,1,1,0,9,6,0,3,2,0
201604EG16121,-2.095732,53.849987,1,1,1,7,12.15,6,6,60,0,0,0,0,0,1,1,1,0,0,2,3,0,0,17,0,0,10,0,0,9,0,0,2,0,0,13,0,0,1,0,0,9,0,0,4,0,0,1,0,0,6,0,0,1,0,0,8,0,0,36,0,0
2016471605088 ,0.256347,50.840215,1,2,1,3,16.45,4,6,60,3,4,6,0,0,1,1,1,0,0,2,19,9,0,17,17,0,10,10,0,1,1,0,6,6,0,13,13,0,9,9,0,12,12,0,4,1,0,1,1,0,6,6,0,1,2,0,10,8,0,11,11,0
2016961601572 ,-3.749289,56.10754,1,5,1,3,14.40,6,6,30,3,4,6,0,0,1,2,2,0,0,2,9,9,9,17,2,2,10,10,10,1,2,2,6,6,6,13,13,13,9,9,9,12,12,12,1,2,1,1,1,1,6,6,6,1,2,2,9,8,7,1,5,3
2016621700015 ,-3.326771,51.638264,1,1,4,6,20.56,3,6,60,0,0,0,0,0,6,1,1,0,0,2,9,0,0,17,0,0,10,0,0,9,0,0,5,0,0,13,0,0,1,0,0,4,0,0,1,0,0,1,0,0,6,0,0,1,0,0,5,0,0,8,0,0
2016621601740 ,-3.178025,51.441055,1,1,1,6,8.53,6,6,30,6,4,6,0,1,1,1,1,0,0,1,9,0,0,18,0,0,10,0,0,2,0,0,6,0,0,13,0,0,9,0,0,12,0,0,1,0,0,1,0,0,1,0,0,2,0,0,7,0,0,7,0,0
201643S046076,-0.770604,52.035971,1,1,1,1,20.30,5,3,30,1,4,6,0,0,1,1,1,0,0,1,9,0,0,18,0,0,10,0,0,8,0,0,2,0,0,9,0,0,2,0,0,7,0,0,1,0,0,1,0,0,6,0,0,1,0,0,6,0,0,7,0,0
2016120149444 ,-1.13558,54.293258,1,2,2,5,18.0,4,6,60,0,0,0,0,0,1,1,1,0,0,2,5,9,0,16,18,0,10,10,0,9,9,0,6,6,0,13,13,0,7,1,0,12,12,0,1,1,0,1,1,0,6,6,0,1,1,0,8,9,0,10,8,0
201604WA16505,-3.046378,53.818047,1,1,1,5,8.15,3,6,30,6,2,3,0,5,1,2,2,0,0,1,9,0,0,9,0,0,10,0,0,2,0,0,6,0,0,13,0,0,9,0,0,12,0,0,1,0,0,1,0,0,2,0,0,2,0,0,7,0,0,5,0,0
2016500081568 ,-3.446606,50.69535,1,1,1,1,21.0,3,3,70,0,0,0,0,0,1,1,1,0,0,2,9,0,0,16,0,0,10,0,0,9,0,0,1,0,0,13,0,0,6,0,0,11,0,0,1,0,0,1,0,0,5,0,0,1,0,0,5,0,0,11,0,0
2016420060542 ,0.940525,51.926827,1,2,1,5,15.10,3,7,70,0,0,0,0,0,1,1,1,0,0,2,9,21,0,12,18,0,10,10,0,9,9,0,6,6,0,13,13,0,1,9,0,4,12,0,3,4,0,1,1,0,5,1,0,2,1,0,10,8,0,2,5,0
2016370076542 ,1.104984,52.04634,1,2,2,4,14.45,3,6,40,3,2,3,0,0,1,1,1,0,0,1,9,9,0,18,5,0,10,10,0,1,1,0,6,6,0,13,13,0,9,9,0,12,12,0,1,1,0,1,1,0,6,6,0,2,2,0,6,11,0,9,10,0
201604SB16017,-2.73071,53.571943,1,1,4,1,5.0,6,6,40,0,0,0,0,0,6,1,1,0,0,2,9,0,0,18,0,0,10,0,0,9,0,0,2,0,0,13,0,0,8,0,0,3,0,0,1,0,0,1,0,0,6,0,0,1,0,0,5,0,0,12,0,0
2016010006142 ,-0.286232,51.615969,1,2,4,6,19.13,3,6,30,3,4,6,0,0,4,1,1,0,0,1,9,9,0,7,18,0,10,10,0,6,8,0,6,6,0,13,13,0,9,9,0,12,12,0,1,4,0,1,1,0,6,6,0,1,1,0,11,6,0,6,14,0
2016430940716 ,-0.771224,51.636893,1,4,1,1,14.24,3,6,30,3,4,6,0,0,1,1,1,0,0,1,9,5,5,9,13,18,10,10,10,6,8,2,6,6,6,13,13,13,9,7,9,12,11,12,1,4,5,1,1,1,6,6,6,1,1,1,6,6,6,9,22,18
2016500129309 ,-4.766661,50.343724,1,1,1,4,21.10,6,6,30,3,4,6,0,0,4,1,1,0,0,1,9,0,0,9,0,0,10,0,0,6,0,0,6,0,0,13,0,0,9,0,0,12,0,0,1,0,0,1,0,0,1,0,0,1,0,0,8,0,0,2,0,0
2016500068185 ,-3.978967,50.383028,1,1,1,3,12.54,3,3,70,0,0,0,0,0,1,1,1,0,0,2,3,0,0,18,0,0,10,0,0,9,0,0,1,0,0,13,0,0,9,0,0,12,0,0,1,0,0,1,0,0,6,0,0,1,0,0,6,0,0,7,0,0
2016300018992 ,-1.446838,52.931075,1,1,1,3,16.0,6,6,30,0,0,0,0,0,1,3,2,0,0,1,9,0,0,5,0,0,9,0,0,9,0,0,6,0,0,13,0,0,9,0,0,12,0,0,2,0,0,1,0,0,3,0,0,2,0,0,6,0,0,12,0,0
2016010019839 ,-0.23543,51.51423,1,1,1,2,7.30,3,3,40,3,4,5,0,4,1,1,1,0,0,1,9,0,0,18,0,0,10,0,0,8,0,0,6,0,0,13,0,0,9,0,0,12,0,0,4,0,0,1,0,0,2,0,0,1,0,0,8,0,0,13,0,0
2016440248650 ,-1.133429,50.885739,1,2,2,2,17.15,4,6,60,3,4,6,0,0,1,1,1,0,0,2,3,9,0,13,5,0,10,10,0,8,8,0,6,6,0,13,13,0,9,9,0,12,12,0,4,1,0,1,1,0,2,2,0,1,1,0,4,8,0,3,2,0
2016930000591 ,-3.708683,56.68906,1,1,1,1,18.35,3,9,50,5,4,3,0,0,6,1,1,0,0,2,9,0,0,7,0,0,10,0,0,5,0,0,6,0,0,13,0,0,9,0,0,12,0,0,1,0,0,1,0,0,6,0,0,2,0,0,6,0,0,12,0,0
2016370120575 ,1.572862,52.448263,1,2,1,5,15.13,4,6,30,1,4,6,0,0,1,1,1,0,0,1,9,4,0,5,9,0,10,10,0,4,8,0,6,6,0,13,13,0,9,9,0,12,12,0,3,1,0,1,1,0,6,6,0,2,1,0,6,9,0,6,21,0
2016460123505 ,1.03989,51.356263,1,2,1,2,7.50,6,6,30,0,0,0,0,0,1,1,1,0,0,1,9,9,0,6,18,0,10,10,0,9,9,0,6,6,0,13,13,0,9,9,0,12,12,0,3,1,0,1,1,0,6,6,0,2,2,0,8,7,0,5,13,0
2016950003219 ,-3.184504,55.945374,1,1,1,6,11.15,3,6,30,6,2,6,0,5,1,1,1,0,0,1,11,0,0,18,0,0,2,0,0,2,0,0,6,0,0,13,0,0,9,0,0,12,0,0,5,0,0,1,0,0,1,0,0,1,0,0,8,0,0,9,0,0
2016370122908 ,0.75253,52.177011,1,1,1,7,8.46,6,6,30,0,0,0,0,0,1,1,2,0,0,2,5,0,0,18,0,0,10,0,0,9,0,0,2,0,0,13,0,0,9,0,0,12,0,0,3,0,0,1,0,0,6,0,0,1,0,0,8,0,0,7,0,0
201663CP22016,-4.919762,51.837873,1,1,2,4,21.53,6,6,60,8,4,6,0,0,6,1,2,0,0,2,9,0,0,18,0,0,10,0,0,1,0,0,6,0,0,13,0,0,1,0,0,10,0,0,4,0,0,1,0,0,6,0,0,2,0,0,4,0,0,7,0,0
2016410065281 ,-0.206936,51.998491,1,1,1,3,14.15,6,6,60,0,0,0,0,0,1,2,2,0,0,2,9,0,0,18,0,0,10,0,0,9,0,0,2,0,0,13,0,0,1,0,0,9,0,0,1,0,0,1,0,0,6,0,0,1,0,0,7,0,0,12,0,0
2016320184154 ,-0.41487,52.663912,1,1,3,5,22.10,6,6,60,0,0,0,0,0,1,1,1,0,0,2,9,0,0,18,0,0,10,0,0,9,0,0,1,0,0,13,0,0,1,0,0,9,0,0,1,0,0,1,0,0,6,0,0,2,0,0,4,0,0,13,0,0
2016210078692 ,-2.186713,53.033445,1,2,1,7,12.45,3,6,30,0,0,0,0,0,1,1,1,0,0,1,9,9,0,18,3,0,10,10,0,9,9,0,6,6,0,13,13,0,9,9,0,12,12,0,1,2,0,1,1,0,6,6,0,2,2,0,5,7,0,4,4,0
2016950004616 ,-3.115624,55.917694,1,2,1,6,17.0,6,6,30,3,4,6,0,0,1,1,1,0,0,2,4,19,0,18,9,0,10,10,0,1,1,0,6,6,0,13,13,0,1,9,0,11,12,0,1,1,0,1,1,0,6,1,0,1,1,0,6,8,0,15,8,0
201604WB16350,-2.862546,54.060125,1,1,1,4,15.38,6,6,30,9,4,6,0,4,1,1,2,0,0,1,9,0,0,9,0,0,10,0,0,6,0,0,6,0,0,13,0,0,9,0,0,12,0,0,1,0,0,1,0,0,3,0,0,2,0,0,7,0,0,1,0,0
2016230043163 ,-1.337579,52.432471,1,1,1,1,7.0,1,3,70,0,0,0,0,0,4,1,2,0,0,2,9,0,0,18,0,0,10,0,0,9,0,0,1,0,0,13,0,0,1,0,0,4,0,0,1,0,0,1,0,0,1,0,0,1,0,0,6,0,0,3,0,0
2016140087649 ,-1.471763,53.565809,1,2,1,1,13.7,3,6,30,0,0,0,0,0,1,1,1,0,0,1,9,3,0,18,18,0,10,10,0,9,9,0,6,6,0,13,13,0,9,9,0,12,12,0,1,2,0,1,1,0,6,6,0,1,1,0,7,7,0,18,18,0
201604WA16419,-3.051454,53.802363,1,1,1,3,23.55,4,6,30,3,4,6,0,0,4,1,2,0,0,1,8,0,0,18,0,0,10,0,0,8,0,0,6,0,0,13,0,0,9,0,0,12,0,0,1,0,0,1,0,0,1,0,0,1,0,0,8,0,0,8,0,0
2016076094220 ,-2.231018,53.325918,1,1,1,6,23.40,3,6,30,0,0,0,0,4,4,2,2,0,0,1,9,0,0,18,0,0,10,0,0,9,0,0,6,0,0,13,0,0,9,0,0,12,0,0,1,0,0,1,0,0,6,0,0,1,0,0,4,0,0,5,0,0
2016521604868 ,-2.609582,51.452609,1,1,2,7,18.57,4,6,20,0,0,0,0,0,4,1,1,0,0,1,9,0,0,18,0,0,10,0,0,9,0,0,6,0,0,13,0,0,1,0,0,10,0,0,1,0,0,1,0,0,6,0,0,2,0,0,6,0,0,12,0,0
2016500079162 ,-4.36501,50.641716,1,1,3,4,15.50,3,6,30,0,0,0,1,0,1,1,1,0,0,2,9,0,0,18,0,0,10,0,0,9,0,0,6,0,0,13,0,0,9,0,0,12,0,0,3,0,0,1,0,0,5,0,0,1,0,0,5,0,0,11,0,0
2016930000599 ,-2.945407,56.511833,1,2,4,6,19.35,3,3,70,0,0,0,0,0,6,1,1,0,0,2,9,9,0,6,18,0,10,10,0,9,9,0,6,6,0,13,13,0,1,4,0,12,6,0,4,1,0,1,1,0,6,6,0,1,1,0,9,6,0,3,7,0
2016051600596 ,-2.8663,53.41927,1,1,1,3,13.15,6,6,30,0,0,0,0,0,1,1,1,0,0,1,9,0,0,1,0,0,10,0,0,9,0,0,6,0,0,13,0,0,9,0,0,12,0,0,2,0,0,1,0,0,6,0,0,1,0,0,4,0,0,10,0,0
2016950000989 ,-3.016363,55.936336,1,1,1,6,18.40,6,6,30,0,0,0,0,0,4,8,2,0,0,1,19,0,0,18,0,0,10,0,0,9,0,0,6,0,0,13,0,0,9,0,0,12,0,0,1,0,0,1,0,0,6,0,0,1,0,0,5,0,0,13,0,0
2016420057198 ,0.086507,51.778305,1,2,1,2,17.10,3,6,50,3,4,6,0,0,1,1,2,0,0,1,9,5,0,9,14,0,10,10,0,8,1,0,6,5,0,13,13,0,9,9,0,12,12,0,1,4,0,1,1,0,2,6,0,1,1,0,6,9,0,11,18,0
201663CP02416,-4.945342,51.707002,1,1,1,1,16.50,4,6,30,0,0,0,0,0,1,1,1,0,0,2,2,0,0,17,0,0,10,0,0,9,0,0,1,0,0,13,0,0,9,0,0,12,0,0,1,0,0,1,0,0,6,0,0,1,0,0,6,0,0,11,0,0
2016140089597 ,-1.431024,53.354152,1,1,1,3,17.8,6,6,30,3,4,6,0,0,1,1,1,0,0,1,11,0,0,14,0,0,10,0,0,2,0,0,6,0,0,13,0,0,9,0,0,12,0,0,1,0,0,1,0,0,1,0,0,1,0,0,9,0,0,3,0,0
201604EG16023,-2.37479,53.863461,1,2,3,6,12.45,3,6,60,3,4,6,0,0,1,1,1,0,0,2,9,5,0,9,18,0,10,10,0,8,1,0,6,1,0,13,13,0,9,1,0,12,2,0,4,1,0,1,1,0,6,6,0,2,1,0,11,10,0,15,11,0
201691NH01413,-6.777903,57.952035,1,1,1,3,15.30,3,6,60,0,0,0,0,0,1,1,1,0,7,2,9,0,0,18,0,0,10,0,0,9,0,0,5,0,0,13,0,0,1,0,0,12,0,0,4,0,0,1,0,0,6,0,0,1,0,0,11,0,0,10,0,0
2016230084988 ,-1.598803,52.205648,1,1,1,4,5.21,3,6,60,0,0,0,0,0,1,1,2,0,0,2,9,0,0,17,0,0,10,0,0,9,0,0,2,0,0,10,0,0,7,0,0,9,0,0,1,0,0,1,0,0,2,0,0,1,0,0,6,0,0,16,0,0
2016220105633 ,-2.568506,52.84445,1,2,1,5,17.25,3,6,60,0,0,0,0,0,1,1,1,0,0,2,9,9,0,18,18,0,10,10,0,9,9,0,6,6,0,13,13,0,9,9,0,12,12,0,1,1,0,1,1,0,5,5,0,1,1,0,5,9,0,8,12,0
2016350010616 ,0.262773,52.400352,1,2,1,6,18.22,5,6,30,3,4,5,0,0,4,8,2,3,0,1,9,11,0,18,9,0,10,10,0,8,6,0,6,6,0,13,13,0,9,9,0,12,12,0,4,1,0,1,1,0,6,1,0,2,1,0,5,8,0,5,6,0
2016521609601 ,-2.585802,51.448855,1,1,1,4,13.19,3,2,20,3,4,6,0,0,1,1,1,0,0,1,9,0,0,18,0,0,10,0,0,8,0,0,6,0,0,13,0,0,9,0,0,12,0,0,1,0,0,1,0,0,6,0,0,1,0,0,6,0,0,1,0,0
2016500102997 ,-3.449812,50.700121,1,2,1,5,15.52,3,6,60,3,4,6,0,0,1,1,1,0,0,2,5,9,0,13,18,0,10,10,0,8,8,0,5,6,0,13,13,0,2,9,0,12,12,0,1,5,0,1,1,0,2,2,0,1,1,0,5,7,0,3,19,0
2016200094337 ,-1.962041,52.509846,1,1,1,2,7.27,3,6,30,0,0,0,0,0,1,1,1,0,0,1,9,0,0,18,0,0,10,0,0,9,0,0,6,0,0,13,0,0,9,0,0,12,0,0,4,0,0,1,0,0,1,0,0,2,0,0,8,0,0,8,0,0
2016440085363 ,-1.497943,51.22037,1,2,1,2,13.40,6,6,30,1,4,6,0,8,1,1,1,0,0,1,9,9,0,9,18,0,10,10,0,2,1,0,6,6,0,13,13,0,7,9,0,2,12,0,1,1,0,1,1,0,6,6,0,2,2,0,8,6,0,15,12,0
2016621600994 ,-3.30517,51.412012,1,1,3,2,0.36,3,6,40,0,0,0,0,0,6,1,2,0,0,2,9,0,0,18,0,0,10,0,0,9,0,0,2,0,0,13,0,0,1,0,0,1,0,0,4,0,0,1,0,0,6,0,0,2,0,0,4,0,0,4,0,0
2016420072309 ,0.628629,51.801342,1,1,1,1,1.30,6,6,30,0,0,0,0,4,5,1,1,0,0,2,9,0,0,18,0,0,10,0,0,9,0,0,6,0,0,13,0,0,9,0,0,12,0,0,1,0,0,1,0,0,5,0,0,1,0,0,10,0,0,3,0,0
2016140114233 ,-1.255196,53.481546,1,2,2,2,20.36,6,6,30,0,0,0,0,0,4,1,1,0,0,2,9,9,0,17,16,0,10,10,0,9,9,0,1,6,0,13,13,0,9,9,0,12,12,0,1,1,0,1,1,0,6,6,0,1,1,0,4,7,0,10,13,0
2016010028843 ,-0.049141,51.607052,1,2,1,4,8.41,3,3,30,9,2,5,0,0,1,1,1,0,0,1,8,5,0,18,18,0,10,10,0,1,1,0,6,6,0,13,13,0,9,1,0,12,1,0,4,3,0,1,1,0,6,6,0,1,1,0,8,6,0,4,7,0
2016010000233 ,-0.302344,51.509283,1,2,1,5,8.0,6,6,30,2,4,6,0,0,1,1,1,0,0,1,9,3,0,5,18,0,10,10,0,3,4,0,6,5,0,13,13,0,9,9,0,12,12,0,4,1,0,2,1,0,3,2,0,1,1,0,8,4,0,14,4,0
2016450054265 ,-0.521085,51.429965,1,2,1,7,17.5,4,6,30,3,4,6,0,0,1,1,1,0,0,1,9,5,0,5,18,0,10,10,0,6,1,0,6,6,0,13,13,0,9,9,0,12,12,0,1,1,0,1,1,0,5,5,0,1,1,0,6,4,0,16,11,0