Accident_Index,Longitude,Latitude,SV,Number_of_Vehicles,Number_of_Casualties,Day_of_Week,Time,1st_Road_Class,Road_Type,Speed_limit,Junction_Detail,Junction_Control,2nd_Road_Class,Pedestrian_Crossing-Human_Control,Pedestrian_Crossing-Physical_Facilities,Light_Conditions,Weather_Conditions,Road_Surface_Conditions,Special_Conditions_at_Site,Carriageway_Hazards,Urban_or_Rural_Area,Vehicle1_Type,Vehicle2_Type,Vehicle3_Type,Vehicle1_Manoeuvre,Vehicle2_Manoeuvre,Vehicle3_Manoeuvre,Vehicle1_Location-Restricted_Lane,Vehicle2_Location-Restricted_Lane,Vehicle3_Location-Restricted_Lane,Junction1_Location,Junction2_Location,Junction3_Location,Skidding1_and_Overturning,Skidding2_and_Overturning,Skidding3_and_Overturning,Hit_Object_in_Carriageway1,Hit_Object_in_Carriageway2,Hit_Object_in_Carriageway3,Vehicle1_Leaving_Carriageway,Vehicle2_Leaving_Carriageway,Vehicle3_Leaving_Carriageway,Hit_Object_off_Carriageway1,Hit_Object_off_Carriageway2,Hit_Object_off_Carriageway3,1st_Point_of_Impact1,1st_Point_of_Impact2,1st_Point_of_Impact3,Was_Vehicle 1_Left_Hand_Drive?,Was_Vehicle2_Left_Hand_Drive?,Was_Vehicle 3_Left_Hand_Drive?,Journey_Purpose_of_Driver1,Journey_Purpose_of_Driver2,Journey_Purpose_of_Driver3,Sex_of_Driver1,Sex_of_Driver2,Sex_of_Driver3,Age_Band_of_Driver1,Age_Band_of_Driver2,Age_Band_of_Driver3,Age_of_Vehicle1,Age_of_Vehicle2,Age_of_Vehicle3
2016400090967 ,-0.50546,51.974154,1,2,3,6,23.0,3,6,60,3,4,5,0,0,6,1,1,0,0,2,9,9,0,18,9,0,10,10,0,8,6,0,1,6,0,13,13,0,7,9,0,12,12,0,4,1,0,1,1,0,5,5,0,2,1,0,6,7,0,5,7,0
2016331600785 ,-0.572822,52.677778,1,2,2,4,14.34,5,6,60,6,4,5,0,0,1,1,2,0,0,2,9,9,0,9,18,0,10,10,0,5,8,0,6,6,0,13,13,0,9,9,0,12,12,0,1,1,0,1,1,0,6,6,0,2,2,0,10,9,0,3,4,0
2016051600843 ,-2.850967,53.352196,1,2,1,4,12.30,6,6,30,3,4,6,0,0,1,1,2,0,0,1,9,5,0,9,18,0,10,10,0,6,8,0,6,6,0,13,13,0,9,9,0,12,12,0,4,4,0,1,1,0,6,6,0,1,1,0,9,8,0,9,22,0
2016120060764 ,-0.764019,54.191099,1,2,1,6,15.55,3,6,60,3,4,5,0,0,1,1,1,0,0,2,9,9,0,7,18,0,10,10,0,6,8,0,6,2,0,13,13,0,9,9,0,12,12,0,1,1,0,1,1,0,6,6,0,1,2,0,7,11,0,7,12,0
2016230097189 ,-1.418329,52.454886,1,1,1,7,14.5,1,3,70,0,0,0,0,0,1,1,1,0,0,2,9,0,0,18,0,0,10,0,0,9,0,0,2,0,0,13,0,0,2,0,0,4,0,0,1,0,0,1,0,0,5,0,0,2,0,0,8,0,0,5,0,0
201606P022206,-2.126705,53.635966,1,2,2,6,0.52,3,6,30,3,4,6,0,0,4,2,2,0,0,2,9,9,0,18,18,0,10,10,0,1,1,0,6,6,0,13,13,0,9,9,0,3,12,0,4,5,0,1,1,0,6,1,0,1,1,0,5,7,0,17,2,0
2016450096166 ,-0.441899,51.218026,1,2,4,6,14.28,3,6,30,0,0,0,0,0,1,1,1,0,0,2,9,9,0,18,18,0,10,10,0,9,9,0,6,6,0,13,13,0,9,9,0,12,12,0,1,1,0,1,1,0,6,6,0,2,1,0,4,8,0,7,7,0
2016471605535 ,0.446698,50.894643,1,2,2,2,16.55,4,6,40,0,0,0,0,0,1,1,1,4,0,2,9,19,0,18,18,0,10,10,0,9,9,0,1,6,0,13,13,0,9,9,0,12,12,0,1,1,0,1,1,0,6,6,0,1,1,0,6,8,0,20,2,0
2016220084305 ,-2.210417,52.194059,1,1,1,6,10.10,4,6,30,3,2,6,0,5,1,1,1,0,0,1,9,0,0,18,0,0,10,0,0,1,0,0,6,0,0,10,0,0,7,0,0,5,0,0,1,0,0,1,0,0,5,0,0,2,0,0,6,0,0,9,0,0
2016450114064 ,-0.532573,51.337586,1,1,1,3,20.45,3,6,40,0,0,0,0,0,4,1,1,0,0,1,3,0,0,14,0,0,10,0,0,9,0,0,5,0,0,13,0,0,9,0,0,12,0,0,3,0,0,1,0,0,6,0,0,1,0,0,7,0,0,12,0,0
2016440215530 ,-1.095253,51.273163,1,1,1,5,15.30,6,6,30,0,0,0,0,0,1,1,1,0,0,1,9,0,0,18,0,0,10,0,0,9,0,0,6,0,0,13,0,0,7,0,0,12,0,0,1,0,0,1,0,0,3,0,0,2,0,0,7,0,0,8,0,0
2016950004621 ,-3.11252,55.942271,1,1,1,7,18.25,6,6,30,0,0,0,0,0,1,1,1,0,0,1,9,0,0,18,0,0,10,0,0,9,0,0,6,0,0,13,0,0,9,0,0,12,0,0,1,0,0,1,0,0,6,0,0,1,0,0,6,0,0,10,0,0
2016440087698 ,-1.305653,50.727375,1,2,1,4,11.19,3,6,40,0,0,0,0,0,1,8,4,0,0,1,19,3,0,12,13,0,10,10,0,9,9,0,6,6,0,13,13,0,9,9,0,12,12,0,2,1,0,1,1,0,2,6,0,1,1,0,6,4,0,1,14,0
2016010021846 ,-0.089953,51.618784,1,2,3,1,14.31,3,6,30,0,0,0,0,0,1,1,1,0,0,1,9,9,0,18,18,0,10,10,0,9,9,0,6,6,0,13,13,0,9,9,0,12,12,0,1,1,0,1,1,0,6,6,0,1,1,0,7,10,0,9,19,0
201601ZT80268,-0.132326,51.374504,1,1,1,1,15.10,6,6,30,3,4,6,0,0,1,1,1,0,6,1,9,0,0,18,0,0,10,0,0,2,0,0,6,0,0,13,0,0,9,0,0,12,0,0,4,0,0,1,0,0,6,0,0,1,0,0,9,0,0,12,0,0
201631A099816,-1.242789,53.077109,1,2,1,4,22.0,3,6,30,3,4,6,0,0,4,1,1,0,0,1,9,4,0,9,18,0,10,10,0,5,8,0,6,6,0,13,13,0,9,9,0,12,12,0,1,1,0,1,1,0,6,6,0,2,1,0,6,4,0,11,3,0
201663DP01216,-3.097158,52.352006,1,1,3,6,21.0,6,6,60,0,0,0,0,0,6,1,2,0,0,2,9,0,0,18,0,0,10,0,0,9,0,0,6,0,0,13,0,0,7,0,0,4,0,0,4,0,0,1,0,0,6,0,0,1,0,0,4,0,0,14,0,0
201601SX20031,-0.164311,51.587508,1,1,1,4,17.24,3,6,30,0,0,0,0,0,4,1,2,0,0,1,9,0,0,18,0,0,10,0,0,9,0,0,6,0,0,13,0,0,9,0,0,12,0,0,1,0,0,1,0,0,6,0,0,1,0,0,6,0,0,10,0,0
2016500044913 ,-3.589453,50.461819,1,2,2,3,7.43,3,6,60,0,0,0,0,0,1,1,2,0,0,2,9,9,0,4,4,0,10,10,0,9,9,0,1,6,0,13,13,0,9,9,0,12,12,0,1,2,0,1,1,0,1,1,0,2,2,0,6,8,0,15,14,0
201604EF16332,-2.304016,53.665291,1,1,1,1,13.15,3,6,30,3,4,6,0,0,1,2,2,0,1,2,5,0,0,6,0,0,10,0,0,6,0,0,6,0,0,13,0,0,9,0,0,12,0,0,3,0,0,1,0,0,6,0,0,1,0,0,10,0,0,7,0,0
2016010002268 ,-0.089233,51.422461,1,1,1,6,16.20,6,3,30,3,4,6,0,0,4,1,1,0,0,1,9,0,0,18,0,0,10,0,0,1,0,0,6,0,0,13,0,0,9,0,0,12,0,0,1,0,0,1,0,0,6,0,0,1,0,0,5,0,0,2,0,0
201697GA04602,-4.330644,55.864227,1,1,1,3,16.10,6,6,30,0,0,0,0,0,1,1,1,0,0,1,9,0,0,18,0,0,10,0,0,9,0,0,6,0,0,13,0,0,9,0,0,12,0,0,4,0,0,1,0,0,2,0,0,1,0,0,5,0,0,4,0,0
2016430004741 ,-0.792238,52.043594,1,3,2,3,9.0,3,3,70,0,0,0,0,0,1,1,1,0,0,1,9,9,9,18,18,4,10,10,10,9,9,9,6,6,6,13,13,13,9,9,9,12,12,12,1,1,2,1,1,1,6,6,6,2,1,2,6,9,9,7,8,4
2016450134918 ,-0.592097,51.247492,1,2,1,6,16.23,3,3,50,0,0,0,0,0,7,1,1,0,0,1,5,9,0,5,5,0,10,10,0,9,9,0,5,6,0,13,13,0,9,9,0,12,12,0,4,3,0,1,1,0,2,2,0,1,1,0,8,5,0,5,13,0
2016551600531 ,-2.412901,50.736949,1,2,2,6,12.47,4,6,60,0,0,0,0,0,1,1,2,0,0,2,9,9,0,18,18,0,10,10,0,9,9,0,6,6,0,13,13,0,9,1,0,12,12,0,1,1,0,1,1,0,6,6,0,2,2,0,5,7,0,4,7,0
2016410146138 ,-0.623958,51.786144,1,1,1,4,8.23,3,3,70,0,0,0,0,0,1,1,4,0,0,2,9,0,0,16,0,0,10,0,0,9,0,0,6,0,0,13,0,0,9,0,0,12,0,0,1,0,0,1,0,0,5,0,0,2,0,0,6,0,0,16,0,0
201650JT2R003,-4.092032,50.479358,1,1,1,1,6.50,3,6,60,0,0,0,0,0,1,2,2,0,0,2,9,0,0,17,0,0,10,0,0,9,0,0,6,0,0,13,0,0,1,0,0,4,0,0,1,0,0,1,0,0,6,0,0,2,0,0,4,0,0,1,0,0
2016460071624 ,0.561482,51.292276,1,2,1,3,8.1,3,3,70,3,4,6,0,0,1,1,1,0,0,2,4,9,0,18,9,0,10,10,0,1,1,0,6,6,0,13,13,0,9,9,0,12,12,0,1,4,0,1,1,0,1,2,0,1,1,0,4,7,0,1,7,0
201604ED16542,-2.48829,53.751329,1,1,1,5,12.30,3,6,30,0,0,0,0,0,1,1,2,0,0,1,9,0,0,18,0,0,10,0,0,9,0,0,6,0,0,13,0,0,9,0,0,12,0,0,1,0,0,1,0,0,6,0,0,1,0,0,5,0,0,4,0,0
2016521608717 ,-2.385354,51.352735,1,1,1,2,8.44,3,6,30,0,0,0,0,0,1,7,1,0,0,1,11,0,0,18,0,0,10,0,0,9,0,0,6,0,0,13,0,0,9,0,0,12,0,0,1,0,0,1,0,0,1,0,0,1,0,0,8,0,0,7,0,0
2016544961416 ,-1.856392,51.128191,1,2,1,6,13.45,3,6,60,6,4,5,0,0,1,1,1,0,0,2,5,9,0,4,9,0,10,10,0,1,5,0,1,6,0,13,13,0,9,9,0,12,12,0,1,2,0,1,1,0,6,6,0,1,1,0,5,6,0,19,10,0
2016610039116 ,-3.177301,51.799776,1,2,4,2,13.7,3,6,30,3,4,6,0,0,1,1,1,0,0,1,9,9,0,13,18,0,10,10,0,1,1,0,6,6,0,13,13,0,9,9,0,12,12,0,1,1,0,1,1,0,6,6,0,1,1,0,11,7,0,7,4,0
2016120052125 ,-0.391331,54.289456,1,2,2,6,19.5,6,6,30,0,0,0,0,0,4,1,1,0,0,2,5,9,0,14,9,0,10,10,0,9,9,0,6,6,0,13,13,0,9,9,0,12,12,0,4,3,0,1,1,0,6,6,0,1,1,0,7,5,0,12,11,0
2016360053252 ,0.897954,52.842466,1,1,1,2,5.44,3,6,60,0,0,0,0,0,6,3,3,0,0,2,9,0,0,17,0,0,10,0,0,9,0,0,1,0,0,13,0,0,1,0,0,4,0,0,3,0,0,1,0,0,6,0,0,1,0,0,7,0,0,14,0,0
2016210042671 ,-2.191971,53.042067,1,2,3,1,16.35,6,6,30,3,4,6,0,0,4,2,2,0,0,1,9,9,0,4,4,0,10,10,0,1,1,0,6,6,0,13,13,0,9,9,0,12,12,0,1,2,0,1,1,0,6,6,0,1,1,0,6,5,0,14,1,0
2016460144535 ,1.077029,51.363172,1,1,1,5,9.28,6,6,30,3,4,4,0,0,1,1,1,0,0,1,9,0,0,9,0,0,10,0,0,8,0,0,6,0,0,13,0,0,9,0,0,12,0,0,1,0,0,1,0,0,6,0,0,1,0,0,8,0,0,12,0,0
2016120135113 ,-1.53644,53.938327,1,2,2,5,20.3,3,3,60,0,0,0,0,0,1,1,2,0,0,2,9,9,0,17,18,0,10,10,0,9,9,0,6,6,0,13,13,0,2,9,0,11,12,0,2,1,0,1,1,0,6,6,0,1,1,0,4,11,0,14,11,0
2016210056291 ,-1.80669,52.866456,1,1,1,1,2.50,4,6,60,0,0,0,0,0,4,1,1,0,0,2,9,0,0,16,0,0,10,0,0,9,0,0,6,0,0,13,0,0,1,0,0,12,0,0,1,0,0,1,0,0,6,0,0,1,0,0,5,0,0,6,0,0
201691NE12265,-4.129497,57.828178,1,1,1,2,18.30,3,6,60,0,0,0,0,0,1,1,1,0,0,2,3,0,0,18,0,0,10,0,0,9,0,0,1,0,0,13,0,0,9,0,0,12,0,0,4,0,0,1,0,0,6,0,0,1,0,0,9,0,0,6,0,0
20161334C0107,-1.736631,53.803096,1,1,1,3,3.30,6,6,30,0,0,0,0,0,4,1,2,0,0,1,8,0,0,18,0,0,10,0,0,9,0,0,6,0,0,13,0,0,2,0,0,11,0,0,4,0,0,1,0,0,6,0,0,1,0,0,5,0,0,9,0,0
2016133481861 ,-1.774331,53.792172,1,1,1,6,22.12,6,6,30,0,0,0,0,0,1,1,1,0,0,1,9,0,0,18,0,0,10,0,0,9,0,0,6,0,0,13,0,0,9,0,0,12,0,0,4,0,0,1,0,0,6,0,0,1,0,0,9,0,0,13,0,0
2016100078783 ,-1.376792,54.869383,1,1,1,7,17.10,6,6,30,0,0,0,0,0,1,1,1,0,0,1,9,0,0,18,0,0,10,0,0,9,0,0,6,0,0,13,0,0,9,0,0,12,0,0,1,0,0,1,0,0,6,0,0,2,0,0,6,0,0,6,0,0
2016200081914 ,-1.902683,52.626781,1,2,3,2,17.35,3,6,50,6,4,6,0,0,1,1,1,0,0,2,9,9,0,18,18,0,10,10,0,6,8,0,6,6,0,13,13,0,9,9,0,12,12,0,4,1,0,1,1,0,2,6,0,1,2,0,8,4,0,4,15,0
2016010007720 ,-0.46965,51.505021,1,2,1,2,12.49,5,6,30,3,4,6,0,0,1,2,2,0,0,1,9,4,0,5,18,0,10,10,0,6,1,0,6,1,0,13,13,0,9,9,0,12,12,0,1,4,0,1,1,0,6,6,0,1,1,0,7,6,0,12,2,0
2016430650816 ,-0.643231,51.652982,1,1,1,6,11.10,3,6,60,3,4,6,0,0,1,1,1,0,0,2,5,0,0,16,0,0,10,0,0,1,0,0,6,0,0,13,0,0,9,0,0,12,0,0,1,0,0,1,0,0,1,0,0,1,0,0,5,0,0,6,0,0
2016471602118 ,0.288587,50.765799,1,2,2,3,16.55,6,6,30,6,4,6,0,0,1,1,1,0,0,1,9,9,0,18,18,0,10,10,0,2,1,0,6,6,0,13,13,0,9,9,0,12,12,0,3,1,0,1,1,0,6,6,0,2,1,0,6,6,0,9,13,0
2016621601135 ,-3.87841,51.751709,1,1,2,3,23.43,3,6,60,0,0,0,0,0,6,1,1,0,0,2,9,0,0,18,0,0,10,0,0,9,0,0,5,0,0,13,0,0,1,0,0,12,0,0,1,0,0,1,0,0,6,0,0,1,0,0,6,0,0,11,0,0
2016076067119 ,-2.572777,53.100865,1,3,2,2,11.40,3,6,40,0,0,0,0,0,1,1,1,0,0,2,9,9,9,18,18,18,10,10,10,9,9,9,6,6,6,13,13,13,9,9,9,12,12,12,1,3,1,1,1,1,6,6,6,2,1,2,10,7,5,12,2,4
2016420116296 ,0.291408,51.492133,1,2,1,7,13.20,3,6,50,3,4,6,0,0,1,1,1,0,0,1,19,4,0,18,18,0,10,10,0,1,1,0,6,6,0,13,13,0,9,7,0,12,12,0,3,1,0,1,1,0,6,6,0,1,1,0,6,5,0,1,17,0
2016983140416 ,-3.765633,55.24133,1,1,1,6,13.0,3,6,30,0,0,0,0,0,1,5,2,0,0,2,9,0,0,9,0,0,10,0,0,9,0,0,6,0,0,13,0,0,9,0,0,12,0,0,5,0,0,1,0,0,6,0,0,2,0,0,9,0,0,2,0,0
2016621601627 ,-3.750139,51.612726,1,1,2,7,22.51,4,6,60,0,0,0,0,0,4,2,2,0,0,2,9,0,0,17,0,0,10,0,0,9,0,0,5,0,0,13,0,0,1,0,0,12,0,0,1,0,0,1,0,0,6,0,0,1,0,0,4,0,0,1,0,0
2016420070599 ,0.721137,51.554401,1,2,3,6,9.46,3,3,40,3,4,6,0,0,1,1,1,0,0,1,9,4,0,9,18,0,10,10,0,8,8,0,6,1,0,13,13,0,9,9,0,12,12,0,4,1,0,1,1,0,6,6,0,1,1,0,11,8,0,11,17,0
2016450100712 ,-0.647265,51.151112,1,1,1,1,15.30,3,6,30,0,0,0,0,0,1,1,1,0,0,2,9,0,0,18,0,0,10,0,0,9,0,0,6,0,0,13,0,0,7,0,0,12,0,0,1,0,0,1,0,0,5,0,0,1,0,0,7,0,0,12,0,0
201606K024853,-2.50193,53.579944,1,1,1,6,7.34,3,6,40,0,0,0,0,0,1,1,2,0,0,1,9,0,0,18,0,0,10,0,0,9,0,0,2,0,0,13,0,0,8,0,0,12,0,0,4,0,0,1,0,0,6,0,0,1,0,0,8,0,0,12,0,0
201697BF70108,-4.264328,55.983787,1,2,3,2,13.35,3,6,60,0,0,0,0,0,1,1,1,5,0,2,9,9,0,17,18,0,10,10,0,9,9,0,1,6,0,13,13,0,9,9,0,12,12,0,1,1,0,1,1,0,6,6,0,1,2,0,8,6,0,18,2,0
2016440125806 ,-1.577869,51.209797,1,1,1,7,4.35,6,6,30,3,4,6,0,0,6,1,1,0,0,2,9,0,0,18,0,0,10,0,0,8,0,0,1,0,0,13,0,0,3,0,0,4,0,0,1,0,0,1,0,0,6,0,0,2,0,0,5,0,0,15,0,0
2016471601653 ,-0.74688,50.887787,1,2,4,7,18.28,6,6,60,0,0,0,0,0,6,1,2,0,0,2,9,9,0,17,16,0,10,10,0,9,9,0,1,1,0,13,13,0,7,1,0,12,12,0,2,1,0,1,1,0,6,6,0,1,1,0,4,7,0,5,5,0
2016370080285 ,1.226496,52.028781,1,1,1,2,15.25,6,6,30,0,0,0,0,0,1,1,1,0,0,2,11,0,0,4,0,0,10,0,0,9,0,0,6,0,0,13,0,0,9,0,0,12,0,0,4,0,0,1,0,0,1,0,0,1,0,0,9,0,0,11,0,0
201643P261086,-0.955263,51.603625,1,2,1,6,8.40,4,6,30,8,4,6,0,0,1,1,1,0,0,2,19,5,0,9,16,0,10,10,0,6,1,0,6,6,0,13,13,0,9,9,0,12,12,0,1,3,0,1,1,0,1,6,0,1,1,0,6,8,0,6,6,0
20161338Q1319,-1.770148,53.752112,1,2,1,6,17.10,3,6,30,3,4,4,0,8,1,1,1,0,0,1,9,5,0,5,18,0,10,10,0,8,8,0,6,6,0,13,13,0,9,9,0,12,12,0,1,1,0,1,1,0,6,6,0,2,1,0,6,5,0,6,9,0
2016420064441 ,0.68039,51.576654,1,3,1,6,15.15,4,6,30,3,4,6,0,0,1,1,1,0,0,2,9,9,9,18,3,4,10,10,10,1,1,1,6,6,6,13,13,13,9,9,9,12,12,12,1,2,2,1,1,1,5,5,5,2,2,1,8,7,4,2,5,9
201604ED16538,-2.423024,53.745915,1,2,2,4,8.25,4,6,40,0,0,0,0,0,1,2,2,0,0,2,9,9,0,16,17,0,10,10,0,9,9,0,6,6,0,13,13,0,9,9,0,12,12,0,1,1,0,1,1,0,2,6,0,2,2,0,6,5,0,8,8,0
2016551600832 ,-2.809825,50.82406,1,2,1,4,16.30,6,6,60,0,0,0,0,0,1,1,1,7,0,2,9,17,0,17,16,0,10,10,0,9,9,0,5,6,0,13,13,0,1,9,0,12,12,0,5,5,0,1,1,0,2,1,0,1,1,0,8,9,0,1,3,0
201697BF02210,-4.352936,55.933099,1,2,2,4,15.30,4,6,30,3,4,6,0,0,1,1,1,0,0,1,9,9,0,18,10,0,10,10,0,1,3,0,6,6,0,13,13,0,9,9,0,12,12,0,1,3,0,1,1,0,6,6,0,1,2,0,4,11,0,12,6,0
2016930000480 ,-2.800406,56.689654,1,1,1,5,21.45,6,6,60,0,0,0,0,0,1,1,1,0,0,2,4,0,0,18,0,0,10,0,0,9,0,0,2,0,0,13,0,0,9,0,0,12,0,0,1,0,0,1,0,0,6,0,0,1,0,0,8,0,0,35,0,0
2016480119462 ,-0.093618,51.517496,1,1,1,5,8.35,3,6,20,6,2,5,0,4,1,1,2,0,0,1,20,0,0,7,0,0,10,0,0,8,0,0,6,0,0,13,0,0,9,0,0,12,0,0,4,0,0,1,0,0,1,0,0,1,0,0,9,0,0,6,0,0
2016133230777 ,-1.606523,53.801077,1,1,1,4,12.15,6,6,20,3,4,6,0,0,1,1,1,0,0,1,9,0,0,1,0,0,10,0,0,8,0,0,6,0,0,13,0,0,9,0,0,12,0,0,2,0,0,1,0,0,6,0,0,2,0,0,10,0,0,2,0,0
2016500121285 ,-4.739551,50.471164,1,2,1,6,18.2,3,6,30,3,4,6,0,0,1,1,1,0,0,1,9,5,0,9,18,0,10,10,0,8,1,0,6,1,0,13,13,0,9,9,0,12,12,0,3,1,0,1,1,0,6,6,0,1,1,0,6,7,0,18,22,0
2016420089565 ,0.539112,51.672412,1,2,3,4,8.50,6,6,60,0,0,0,0,0,1,2,2,0,0,2,9,9,0,7,9,0,10,10,0,9,9,0,6,6,0,13,13,0,9,9,0,12,12,0,1,1,0,1,1,0,5,2,0,1,1,0,5,9,0,14,4,0
2016220072587 ,-2.450784,51.914354,1,1,1,4,19.3,4,6,40,0,0,0,0,0,1,1,1,0,0,2,5,0,0,17,0,0,10,0,0,9,0,0,6,0,0,13,0,0,1,0,0,12,0,0,1,0,0,1,0,0,5,0,0,1,0,0,9,0,0,4,0,0
2016133971289 ,-1.795496,53.760176,1,1,1,4,17.0,6,6,30,3,4,6,0,8,1,1,1,0,0,1,19,0,0,13,0,0,10,0,0,1,0,0,6,0,0,13,0,0,9,0,0,12,0,0,3,0,0,1,0,0,1,0,0,1,0,0,6,0,0,8,0,0
2016450044232 ,0.013615,51.265967,1,1,1,4,14.33,4,6,40,6,1,6,0,0,1,1,2,0,0,2,9,0,0,16,0,0,10,0,0,8,0,0,6,0,0,13,0,0,7,0,0,12,0,0,1,0,0,1,0,0,5,0,0,1,0,0,10,0,0,12,0,0
2016220119630 ,-2.526072,52.717836,1,2,1,2,8.0,4,6,30,9,4,6,0,0,1,1,1,0,0,1,9,5,0,9,14,0,10,10,0,5,8,0,6,6,0,13,13,0,9,9,0,12,12,0,3,4,0,1,1,0,5,5,0,2,1,0,9,7,0,7,9,0
2016010003275 ,-0.072957,51.576691,1,1,2,6,0.20,3,6,30,3,2,4,0,5,4,1,1,0,0,1,11,0,0,4,0,0,10,0,0,2,0,0,6,0,0,13,0,0,9,0,0,12,0,0,5,0,0,1,0,0,1,0,0,1,0,0,7,0,0,5,0,0
2016420099801 ,0.84208,51.891302,1,1,2,2,15.29,3,3,70,0,0,0,0,0,1,1,1,0,0,1,9,0,0,18,0,0,10,0,0,9,0,0,5,0,0,13,0,0,1,0,0,12,0,0,1,0,0,1,0,0,5,0,0,1,0,0,7,0,0,17,0,0
201601JC30418,-0.022587,51.599953,1,2,1,2,15.20,4,6,30,3,4,6,0,0,1,1,1,0,0,1,9,3,0,10,18,0,10,10,0,1,1,0,6,6,0,13,13,0,9,9,0,12,12,0,2,1,0,1,1,0,3,2,0,1,1,0,8,5,0,11,3,0
2016551601601 ,-2.763727,50.723174,1,1,1,4,18.32,3,6,50,3,2,6,0,0,1,4,1,0,0,2,5,0,0,18,0,0,10,0,0,1,0,0,1,0,0,13,0,0,9,0,0,12,0,0,3,0,0,1,0,0,6,0,0,1,0,0,9,0,0,23,0,0
2016360143210 ,1.718042,52.561626,1,1,1,6,12.7,6,9,30,0,0,0,0,0,1,1,2,0,0,1,9,0,0,2,0,0,10,0,0,9,0,0,6,0,0,13,0,0,9,0,0,12,0,0,5,0,0,1,0,0,1,0,0,1,0,0,10,0,0,11,0,0
2016471605322 ,0.46715,51.028513,1,2,2,1,8.18,3,6,50,0,0,0,0,0,1,1,2,0,0,2,9,9,0,18,18,0,10,10,0,9,9,0,6,6,0,13,13,0,9,9,0,12,12,0,1,1,0,1,1,0,6,6,0,2,1,0,5,7,0,12,12,0
2016370129695 ,1.240318,52.066042,1,2,1,2,10.35,6,6,30,0,0,0,0,0,1,1,1,0,0,1,9,3,0,18,18,0,10,10,0,9,9,0,6,6,0,13,13,0,9,9,0,12,12,0,3,1,0,1,1,0,6,2,0,1,1,0,8,4,0,11,3,0
2016030046830 ,-2.942927,54.88756,1,1,1,2,17.0,6,6,30,0,0,0,0,0,4,1,1,0,0,1,9,0,0,18,0,0,10,0,0,9,0,0,6,0,0,13,0,0,9,0,0,12,0,0,1,0,0,1,0,0,6,0,0,1,0,0,11,0,0,8,0,0
2016030059950 ,-2.970891,54.941208,1,1,1,3,21.10,6,6,60,0,0,0,0,0,7,1,2,0,0,2,9,0,0,16,0,0,10,0,0,9,0,0,6,0,0,13,0,0,9,0,0,12,0,0,1,0,0,1,0,0,1,0,0,1,0,0,4,0,0,5,0,0
2016210087926 ,-2.119234,52.973474,1,2,1,2,7.30,6,6,30,9,4,6,0,0,1,1,2,0,0,1,9,9,0,9,18,0,10,10,0,1,1,0,6,6,0,13,13,0,9,9,0,12,12,0,4,1,0,1,1,0,6,6,0,2,1,0,4,9,0,4,15,0
2016450041421 ,-0.578253,51.237379,1,1,1,3,22.20,6,2,30,3,4,6,0,0,4,2,2,0,0,1,9,0,0,7,0,0,10,0,0,5,0,0,6,0,0,13,0,0,9,0,0,12,0,0,1,0,0,1,0,0,5,0,0,1,0,0,11,0,0,9,0,0
201631D011416,-1.246486,52.955019,1,2,2,6,18.55,3,6,30,7,2,3,0,0,4,1,2,0,0,1,90,9,0,18,18,0,10,10,0,8,8,0,6,6,0,13,13,0,9,9,0,12,12,0,1,1,0,1,1,0,1,6,0,1,2,0,7,10,0,1,10,0
2016460083073 ,0.84768,51.140643,1,2,2,5,6.29,6,6,30,0,0,0,2,0,4,2,2,0,0,2,9,9,0,18,18,0,10,10,0,9,9,0,6,6,0,13,13,0,9,9,0,12,12,0,1,1,0,1,1,0,6,6,0,1,2,0,6,8,0,16,7,0
2016921600797 ,-2.628197,57.540396,1,1,1,7,23.55,6,6,60,0,0,0,0,0,6,1,1,0,2,2,9,0,0,16,0,0,10,0,0,9,0,0,2,0,0,11,0,0,7,0,0,11,0,0,1,0,0,1,0,0,6,0,0,1,0,0,4,0,0,6,0,0
201643S036056,-0.715565,52.011673,1,2,1,3,9.45,6,6,60,0,0,0,0,0,1,1,1,0,0,2,9,9,0,18,18,0,10,10,0,9,9,0,6,6,0,13,13,0,7,9,0,4,12,0,1,3,0,1,1,0,6,6,0,1,1,0,9,9,0,12,5,0
2016500100350 ,-5.197668,50.216189,1,2,1,6,9.5,3,6,30,3,4,6,0,0,1,2,2,0,0,1,5,9,0,5,18,0,10,10,0,6,2,0,6,6,0,13,13,0,9,9,0,12,12,0,1,1,0,1,1,0,2,6,0,1,1,0,7,6,0,14,12,0
2016500067412 ,-3.603286,50.901156,1,2,1,7,17.5,4,6,60,0,0,0,0,0,1,1,1,0,0,2,5,9,0,13,18,0,10,10,0,9,9,0,2,6,0,13,13,0,9,9,0,12,12,0,1,1,0,1,1,0,6,6,0,1,1,0,6,8,0,16,7,0
2016010029056 ,-0.278499,51.560732,1,1,1,2,15.20,6,6,30,3,4,6,0,0,1,1,2,0,0,1,3,0,0,18,0,0,10,0,0,1,0,0,6,0,0,13,0,0,9,0,0,12,0,0,4,0,0,1,0,0,6,0,0,1,0,0,9,0,0,4,0,0
2016460044111 ,1.138597,51.090914,1,2,1,5,0.40,6,6,30,0,0,0,0,0,7,8,2,0,0,1,9,9,0,18,2,0,10,10,0,9,9,0,6,6,0,13,13,0,9,9,0,12,12,0,1,2,0,1,1,0,2,6,0,1,1,0,8,6,0,4,9,0