Accident_Index,Longitude,Latitude,SV,Number_of_Vehicles,Number_of_Casualties,Day_of_Week,Time,1st_Road_Class,Road_Type,Speed_limit,Junction_Detail,Junction_Control,2nd_Road_Class,Pedestrian_Crossing-Human_Control,Pedestrian_Crossing-Physical_Facilities,Light_Conditions,Weather_Conditions,Road_Surface_Conditions,Special_Conditions_at_Site,Carriageway_Hazards,Urban_or_Rural_Area,Vehicle1_Type,Vehicle2_Type,Vehicle3_Type,Vehicle1_Manoeuvre,Vehicle2_Manoeuvre,Vehicle3_Manoeuvre,Vehicle1_Location-Restricted_Lane,Vehicle2_Location-Restricted_Lane,Vehicle3_Location-Restricted_Lane,Junction1_Location,Junction2_Location,Junction3_Location,Skidding1_and_Overturning,Skidding2_and_Overturning,Skidding3_and_Overturning,Hit_Object_in_Carriageway1,Hit_Object_in_Carriageway2,Hit_Object_in_Carriageway3,Vehicle1_Leaving_Carriageway,Vehicle2_Leaving_Carriageway,Vehicle3_Leaving_Carriageway,Hit_Object_off_Carriageway1,Hit_Object_off_Carriageway2,Hit_Object_off_Carriageway3,1st_Point_of_Impact1,1st_Point_of_Impact2,1st_Point_of_Impact3,Was_Vehicle 1_Left_Hand_Drive?,Was_Vehicle2_Left_Hand_Drive?,Was_Vehicle 3_Left_Hand_Drive?,Journey_Purpose_of_Driver1,Journey_Purpose_of_Driver2,Journey_Purpose_of_Driver3,Sex_of_Driver1,Sex_of_Driver2,Sex_of_Driver3,Age_Band_of_Driver1,Age_Band_of_Driver2,Age_Band_of_Driver3,Age_of_Vehicle1,Age_of_Vehicle2,Age_of_Vehicle3
201604EG16286,-2.211856,53.847771,1,2,3,6,20.41,1,3,70,0,0,0,0,0,6,2,5,0,0,2,9,9,0,18,18,0,10,10,0,9,9,0,1,6,0,13,13,0,9,1,0,12,12,0,1,1,0,1,1,0,6,2,0,2,1,0,6,6,0,9,10,0
2016030072211 ,-2.730152,54.170987,1,2,1,1,8.29,3,6,60,0,0,0,0,0,1,1,1,0,0,2,17,5,0,10,18,0,10,10,0,9,9,0,6,6,0,13,13,0,9,9,0,12,12,0,1,3,0,1,1,0,6,6,0,1,1,0,8,8,0,2,4,0
2016331600680 ,-1.152251,52.625146,1,2,1,6,7.46,3,6,30,8,4,6,0,8,1,1,1,0,0,1,9,3,0,9,3,0,10,10,0,5,8,0,6,6,0,13,13,0,9,9,0,12,12,0,1,3,0,1,1,0,2,2,0,1,1,0,6,7,0,8,1,0
2016200132318 ,-1.817244,52.517676,1,2,1,6,22.54,4,3,40,0,0,0,0,0,4,9,1,0,0,1,9,9,0,18,5,0,10,10,0,9,9,0,6,6,0,13,13,0,9,9,0,12,12,0,1,3,0,1,1,0,6,6,0,1,2,0,5,6,0,10,4,0
2016370081625 ,1.727859,52.463685,1,2,1,5,12.15,6,6,30,0,0,0,0,0,1,1,1,0,0,1,9,5,0,18,18,0,10,10,0,9,9,0,6,6,0,13,13,0,9,9,0,12,12,0,4,1,0,1,1,0,6,6,0,2,1,0,5,7,0,16,9,0
2016300019141 ,-1.987809,53.313233,1,2,1,6,18.55,3,6,50,0,0,0,0,0,1,1,1,0,2,2,5,9,0,16,17,0,10,10,0,9,9,0,2,6,0,11,13,0,9,9,0,12,12,0,1,1,0,1,1,0,6,6,0,1,1,0,8,10,0,9,5,0
201697LA00606,-4.557191,55.942743,1,2,1,4,7.35,3,6,30,9,4,6,0,0,1,1,1,0,0,1,9,5,0,10,18,0,10,10,0,1,1,0,6,6,0,13,13,0,9,9,0,12,12,0,4,1,0,1,1,0,6,1,0,1,1,0,9,7,0,2,21,0
2016140094263 ,-1.140686,53.548545,1,2,2,5,19.10,5,6,30,3,4,6,0,0,1,1,1,0,0,1,9,9,0,10,18,0,10,10,0,5,8,0,6,6,0,13,13,0,9,9,0,12,12,0,1,3,0,1,1,0,6,6,0,1,2,0,4,8,0,13,5,0
2016110086508 ,-1.532671,54.786273,1,3,1,5,7.36,2,3,70,0,0,0,0,0,1,1,1,0,0,1,9,9,9,16,3,3,10,10,10,9,9,9,6,6,6,13,13,13,9,9,9,12,12,12,1,2,2,1,1,1,1,1,1,2,1,1,5,7,7,1,3,5
2016500085556 ,-4.136807,51.160232,1,1,1,6,9.45,3,6,60,0,0,0,0,0,1,1,1,0,0,2,9,0,0,17,0,0,10,0,0,9,0,0,6,0,0,13,0,0,2,0,0,12,0,0,1,0,0,1,0,0,6,0,0,1,0,0,9,0,0,16,0,0
201634WN01806,-0.899509,52.252393,1,1,1,6,7.20,6,6,30,3,4,3,0,0,7,2,2,0,0,1,9,0,0,10,0,0,10,0,0,8,0,0,6,0,0,13,0,0,9,0,0,12,0,0,1,0,0,1,0,0,1,0,0,1,0,0,8,0,0,2,0,0
2016460052087 ,0.511888,51.296112,1,2,1,2,10.57,5,6,40,3,4,6,0,0,1,1,1,0,0,2,9,3,0,9,18,0,10,10,0,6,1,0,6,6,0,13,13,0,9,9,0,12,12,0,3,4,0,1,1,0,6,6,0,2,1,0,8,5,0,2,1,0
2016301700281 ,-1.417171,53.30683,1,2,2,2,9.0,4,6,60,0,0,0,0,0,1,1,4,3,0,2,9,9,0,16,17,0,10,10,0,9,9,0,1,6,0,13,13,0,9,9,0,12,12,0,4,1,0,1,1,0,6,6,0,1,1,0,5,7,0,13,5,0
2016520603719 ,-3.271885,51.168709,1,2,2,7,16.44,3,6,30,0,0,0,0,0,1,1,1,0,0,2,9,4,0,9,13,0,10,10,0,9,9,0,6,6,0,13,13,0,9,9,0,12,12,0,3,4,0,1,1,0,6,6,0,1,2,0,7,7,0,14,14,0
2016950004584 ,-3.243752,55.945419,1,2,3,5,11.21,3,6,30,3,4,6,0,4,1,5,2,0,0,1,9,8,0,9,18,0,10,10,0,8,8,0,6,6,0,13,13,0,9,9,0,12,12,0,1,1,0,1,1,0,6,1,0,2,1,0,9,6,0,5,3,0
2016420092432 ,0.706172,51.571098,1,2,3,6,0.30,5,6,30,3,4,6,0,0,4,1,1,0,0,1,9,9,0,16,18,0,10,10,0,2,1,0,6,6,0,13,13,0,9,9,0,12,12,0,1,1,0,1,1,0,6,6,0,2,1,0,7,8,0,15,14,0
2016200065806 ,-1.835146,52.463429,1,1,1,2,15.24,3,3,40,6,2,6,0,5,1,1,1,0,0,1,9,0,0,18,0,0,10,0,0,1,0,0,6,0,0,13,0,0,9,0,0,12,0,0,1,0,0,1,0,0,6,0,0,1,0,0,6,0,0,13,0,0
2016220076763 ,-2.602886,52.528113,1,1,1,1,8.45,4,6,60,0,0,0,0,0,1,1,1,4,0,2,5,0,0,17,0,0,10,0,0,9,0,0,1,0,0,13,0,0,1,0,0,11,0,0,1,0,0,1,0,0,5,0,0,1,0,0,7,0,0,3,0,0
201606K011073,-2.438488,53.55898,1,1,1,6,17.20,6,6,30,3,4,5,0,0,4,1,4,0,2,1,9,0,0,9,0,0,10,0,0,1,0,0,6,0,0,13,0,0,9,0,0,12,0,0,4,0,0,1,0,0,6,0,0,1,0,0,5,0,0,6,0,0
2016551600963 ,-1.930545,50.803693,1,2,1,4,18.6,5,6,40,8,4,6,0,0,1,1,1,0,0,1,3,9,0,18,9,0,10,10,0,8,5,0,6,6,0,13,13,0,7,9,0,12,12,0,1,3,0,1,1,0,2,6,0,1,1,0,7,10,0,3,5,0
201606L017101,-2.628038,53.544536,1,1,1,1,18.26,3,3,30,6,2,5,0,5,1,1,1,0,0,1,8,0,0,18,0,0,10,0,0,8,0,0,6,0,0,13,0,0,9,0,0,12,0,0,1,0,0,1,0,0,1,0,0,1,0,0,7,0,0,11,0,0
2016440056656 ,-1.313722,51.094478,1,2,1,7,21.46,3,3,70,0,0,0,0,0,6,5,2,0,0,2,19,2,0,18,18,0,10,10,0,9,9,0,6,6,0,13,13,0,9,9,0,12,12,0,1,2,0,1,1,0,1,6,0,1,1,0,9,4,0,1,2,0
2016430290718 ,-1.489378,51.767247,1,2,1,2,8.51,3,6,60,3,4,6,0,0,1,1,1,0,0,2,3,10,0,18,9,0,10,10,0,1,6,0,6,6,0,13,13,0,9,9,0,12,12,0,1,1,0,1,1,0,4,1,0,1,1,0,4,9,0,1,10,0
201606A017093,-2.251667,53.474568,1,1,2,3,15.24,3,6,30,3,2,4,0,5,1,1,1,0,1,1,9,0,0,18,0,0,10,0,0,8,0,0,6,0,0,13,0,0,9,0,0,12,0,0,1,0,0,1,0,0,1,0,0,1,0,0,7,0,0,8,0,0
2016460127951 ,1.344667,51.335339,1,1,1,7,21.0,6,6,60,0,0,0,0,0,4,1,2,0,7,2,9,0,0,18,0,0,10,0,0,9,0,0,1,0,0,13,0,0,7,0,0,12,0,0,4,0,0,1,0,0,6,0,0,1,0,0,4,0,0,12,0,0
2016230096442 ,-1.752807,52.516211,1,2,1,6,11.0,4,6,30,9,4,6,0,0,1,1,1,0,0,2,5,9,0,18,9,0,10,10,0,8,6,0,6,6,0,13,13,0,1,9,0,2,12,0,1,4,0,1,1,0,2,5,0,1,1,0,6,11,0,11,13,0
2016542262816 ,-1.819728,51.082802,1,2,2,7,11.24,3,6,30,0,0,0,0,4,1,1,1,0,0,1,9,9,0,18,18,0,10,10,0,9,9,0,5,6,0,13,13,0,9,1,0,12,11,0,1,1,0,1,1,0,6,6,0,1,2,0,11,6,0,14,11,0
2016420038894 ,0.167364,51.656113,1,3,3,6,18.0,3,6,60,0,0,0,0,0,6,1,2,0,0,2,9,9,9,17,16,16,10,10,10,9,9,9,1,6,6,13,13,13,1,1,9,9,11,12,1,1,1,1,1,1,6,2,6,1,2,2,6,6,6,15,8,1
201663AC10816,-3.845876,51.857659,1,1,1,1,9.20,3,6,50,3,4,6,0,0,1,2,2,0,0,2,3,0,0,18,0,0,10,0,0,8,0,0,1,0,0,13,0,0,9,0,0,12,0,0,1,0,0,1,0,0,6,0,0,1,0,0,8,0,0,16,0,0
2016051600375 ,-2.829308,53.361769,1,2,2,6,15.10,6,6,30,3,4,6,0,0,1,1,1,0,0,1,9,3,0,9,18,0,10,10,0,6,1,0,6,6,0,13,13,0,9,9,0,12,12,0,3,1,0,1,1,0,6,6,0,2,1,0,7,7,0,4,7,0
2016160123665 ,-0.404154,53.859305,1,2,3,6,15.24,3,6,40,0,0,0,0,0,1,1,1,0,0,2,9,9,0,18,18,0,10,10,0,9,9,0,6,6,0,13,13,0,9,1,0,12,10,0,1,1,0,1,1,0,6,6,0,1,1,0,11,7,0,15,3,0
2016200046694 ,-1.913522,52.561729,1,1,2,6,16.14,6,6,40,0,0,0,0,0,6,1,1,0,0,2,9,0,0,18,0,0,10,0,0,9,0,0,2,0,0,10,0,0,7,0,0,12,0,0,4,0,0,1,0,0,6,0,0,1,0,0,8,0,0,13,0,0
2016120193571 ,-1.498117,54.000244,1,1,1,2,18.40,6,6,30,0,0,0,0,0,4,1,1,0,0,1,9,0,0,18,0,0,10,0,0,9,0,0,6,0,0,13,0,0,9,0,0,12,0,0,1,0,0,1,0,0,1,0,0,1,0,0,8,0,0,15,0,0
2016410125410 ,-0.329901,51.641444,1,1,1,2,23.45,3,1,30,1,4,3,0,0,4,1,1,3,0,1,9,0,0,7,0,0,10,0,0,8,0,0,6,0,0,10,0,0,7,0,0,12,0,0,3,0,0,1,0,0,6,0,0,1,0,0,9,0,0,2,0,0
2016621602040 ,-3.974829,51.639357,1,1,1,4,12.1,3,3,30,3,2,6,0,5,1,1,2,0,0,1,9,0,0,18,0,0,10,0,0,1,0,0,6,0,0,13,0,0,9,0,0,12,0,0,1,0,0,1,0,0,6,0,0,2,0,0,11,0,0,1,0,0
2016471603708 ,-0.119537,50.947248,1,3,3,3,14.39,4,6,30,0,0,0,0,0,1,1,1,0,0,1,9,9,9,18,18,18,10,10,10,9,9,9,6,6,6,13,13,13,9,9,9,12,12,12,1,1,1,1,1,1,6,6,6,1,1,1,11,10,9,1,10,13
201697QB70408,-3.961402,55.712009,1,1,1,5,17.40,3,6,60,0,0,0,0,0,1,1,1,0,0,2,3,0,0,17,0,0,10,0,0,9,0,0,1,0,0,13,0,0,1,0,0,11,0,0,1,0,0,1,0,0,1,0,0,1,0,0,8,0,0,9,0,0
2016551602118 ,-1.873814,50.880776,1,1,1,3,15.25,4,6,30,3,4,6,1,0,1,1,1,0,0,1,9,0,0,18,0,0,10,0,0,2,0,0,6,0,0,13,0,0,9,0,0,12,0,0,1,0,0,1,0,0,6,0,0,2,0,0,6,0,0,12,0,0
2016500110455 ,-4.518858,50.933186,1,1,1,1,8.49,6,6,60,0,0,0,0,0,1,2,2,0,0,2,2,0,0,4,0,0,10,0,0,9,0,0,1,0,0,13,0,0,9,0,0,12,0,0,5,0,0,1,0,0,2,0,0,1,0,0,4,0,0,2,0,0
201601TW60303,-0.373821,51.428284,1,1,1,7,10.14,6,6,30,0,0,0,0,1,1,1,1,0,0,1,19,0,0,18,0,0,10,0,0,9,0,0,6,0,0,13,0,0,1,0,0,5,0,0,4,0,0,1,0,0,2,0,0,1,0,0,5,0,0,12,0,0
2016430263843 ,-0.771305,51.388038,1,2,3,6,14.17,3,6,60,0,0,0,0,0,1,1,2,0,0,1,9,9,0,13,18,0,10,10,0,9,9,0,1,6,0,13,13,0,9,1,0,12,12,0,4,1,0,1,1,0,6,2,0,1,2,0,5,8,0,20,2,0
2016076354838 ,-2.412387,53.310238,1,1,1,3,0.58,1,3,50,5,4,1,0,0,6,1,2,4,0,2,21,0,0,18,0,0,10,0,0,2,0,0,5,0,0,13,0,0,2,0,0,7,0,0,1,0,0,1,0,0,1,0,0,1,0,0,9,0,0,2,0,0
2016133551673 ,-1.534265,53.777827,1,1,1,5,22.1,6,6,30,0,0,0,0,0,4,1,1,0,0,1,3,0,0,17,0,0,10,0,0,9,0,0,6,0,0,13,0,0,1,0,0,4,0,0,1,0,0,1,0,0,6,0,0,1,0,0,5,0,0,9,0,0
2016440102842 ,-1.014349,50.854183,1,2,1,2,9.10,2,7,70,5,4,2,0,0,1,1,1,6,0,2,5,9,0,18,18,0,10,10,0,8,8,0,1,6,0,13,13,0,9,9,0,12,12,0,1,2,0,1,1,0,6,6,0,1,2,0,5,10,0,7,12,0
2016100104771 ,-1.584585,54.937104,1,2,2,4,17.9,4,6,30,3,2,6,0,0,1,1,1,0,0,1,9,9,0,9,18,0,10,10,0,5,1,0,6,6,0,13,13,0,9,9,0,12,12,0,4,1,0,1,1,0,6,6,0,1,1,0,11,10,0,9,12,0
2016100059841 ,-1.497038,54.867011,1,1,1,7,12.35,4,6,30,0,0,0,0,4,1,1,1,0,0,1,11,0,0,4,0,0,10,0,0,9,0,0,6,0,0,13,0,0,9,0,0,12,0,0,5,0,0,1,0,0,1,0,0,1,0,0,9,0,0,3,0,0
2016460078886 ,0.480281,51.397354,1,1,1,4,8.52,3,6,30,0,0,0,0,0,1,1,1,0,0,1,9,0,0,1,0,0,10,0,0,9,0,0,6,0,0,13,0,0,9,0,0,12,0,0,2,0,0,1,0,0,3,0,0,2,0,0,7,0,0,1,0,0
2016100050188 ,-1.707817,55.412919,1,1,1,4,9.33,4,6,30,3,4,6,0,0,1,2,2,0,0,2,9,0,0,5,0,0,10,0,0,1,0,0,6,0,0,13,0,0,9,0,0,12,0,0,4,0,0,1,0,0,6,0,0,1,0,0,6,0,0,8,0,0
2016400081701 ,-0.525155,52.036732,1,1,1,6,0.38,5,6,30,0,0,0,0,0,4,1,1,0,0,2,9,0,0,18,0,0,10,0,0,9,0,0,6,0,0,13,0,0,1,0,0,11,0,0,1,0,0,1,0,0,5,0,0,2,0,0,8,0,0,2,0,0
2016460056103 ,0.440878,51.33045,1,1,1,4,10.10,5,6,30,0,0,0,0,8,1,1,1,0,0,2,9,0,0,15,0,0,9,0,0,9,0,0,6,0,0,13,0,0,9,0,0,12,0,0,1,0,0,1,0,0,6,0,0,1,0,0,10,0,0,11,0,0
2016545005016 ,-2.174061,51.323269,1,2,1,1,12.28,5,6,60,8,4,6,0,0,1,1,1,0,0,2,3,9,0,13,9,0,10,10,0,8,5,0,6,6,0,13,13,0,7,9,0,10,12,0,4,3,0,1,1,0,6,6,0,1,1,0,9,10,0,7,4,0
2016120138021 ,-1.195312,54.101727,1,2,2,3,8.29,3,3,70,0,0,0,0,0,1,2,2,0,0,2,9,9,0,18,18,0,10,10,0,9,9,0,6,6,0,13,13,0,9,1,0,12,12,0,1,1,0,1,1,0,6,6,0,1,1,0,7,7,0,15,6,0
201643W025076,-0.920015,51.401319,1,2,1,1,15.31,3,6,40,3,4,6,0,0,1,9,1,0,0,2,9,5,0,9,18,0,10,10,0,6,1,0,6,6,0,13,13,0,9,1,0,12,12,0,4,3,0,1,1,0,6,6,0,1,1,0,8,6,0,12,1,0
2016370053481 ,1.295717,52.11338,1,2,1,5,17.30,6,6,60,3,4,6,0,0,5,1,1,0,0,2,9,9,0,18,18,0,10,10,0,5,1,0,6,6,0,13,13,0,9,9,0,12,12,0,1,3,0,1,1,0,6,6,0,1,1,0,10,6,0,6,17,0
2016420115029 ,0.455797,51.567542,1,1,1,4,6.50,6,6,30,1,4,6,0,0,4,1,2,0,0,1,9,0,0,16,0,0,10,0,0,2,0,0,6,0,0,13,0,0,9,0,0,12,0,0,1,0,0,1,0,0,2,0,0,1,0,0,6,0,0,2,0,0
20161338A1652,-1.746593,53.790274,1,2,1,4,21.55,3,6,40,3,2,3,0,5,4,2,2,0,0,1,3,9,0,18,18,0,10,10,0,8,8,0,1,6,0,13,13,0,9,9,0,12,12,0,1,4,0,1,1,0,2,1,0,1,1,0,6,7,0,15,9,0
2016133A10157,-1.376411,53.681769,1,1,4,7,1.39,6,1,40,1,4,6,0,0,4,2,2,0,0,2,9,0,0,18,0,0,10,0,0,4,0,0,2,0,0,9,0,0,3,0,0,10,0,0,3,0,0,1,0,0,6,0,0,1,0,0,6,0,0,12,0,0
2016521608417 ,-2.58291,51.46019,1,2,1,6,17.0,3,3,20,3,4,6,0,5,1,1,1,0,0,1,9,3,0,18,18,0,10,10,0,1,1,0,6,6,0,13,13,0,9,9,0,12,12,0,3,3,0,1,1,0,6,6,0,2,1,0,6,5,0,9,12,0
201650BL2K001,-4.355414,50.628572,1,3,2,3,20.56,3,3,70,0,0,0,0,0,6,5,2,0,0,2,9,9,9,13,18,18,10,10,10,9,9,9,1,1,6,13,13,13,1,9,1,12,12,12,4,1,2,1,1,1,6,6,6,1,1,1,7,4,11,15,15,3
2016471605967 ,0.046661,50.794734,1,1,1,3,7.12,3,2,30,5,2,3,0,4,1,1,1,0,0,1,9,0,0,18,0,0,10,0,0,2,0,0,6,0,0,13,0,0,9,0,0,12,0,0,1,0,0,1,0,0,2,0,0,1,0,0,6,0,0,14,0,0
2016133911223 ,-1.622248,53.789884,1,2,1,5,17.32,6,6,30,3,4,6,0,0,1,1,1,0,0,1,3,9,0,18,4,0,10,10,0,8,8,0,6,6,0,13,13,0,9,9,0,12,12,0,1,2,0,1,1,0,6,6,0,1,1,0,5,6,0,10,8,0
2016471606127 ,-0.135236,50.827004,1,1,1,3,16.34,3,6,20,3,2,3,0,5,1,1,1,0,0,1,11,0,0,18,0,0,10,0,0,1,0,0,6,0,0,13,0,0,9,0,0,12,0,0,1,0,0,1,0,0,1,0,0,1,0,0,8,0,0,9,0,0
2016320220166 ,-0.054833,53.135435,1,4,6,4,9.20,3,6,60,0,0,0,0,0,1,1,1,0,0,2,9,21,9,15,18,18,10,10,10,9,9,9,6,6,6,13,13,13,7,9,9,1,12,12,1,5,5,1,1,1,6,1,1,1,1,1,6,9,8,10,3,18
2016420046000 ,0.509659,51.567904,1,2,1,7,22.5,6,1,30,2,4,6,0,0,4,1,1,0,0,1,9,3,0,5,18,0,10,10,0,4,4,0,6,6,0,13,13,0,9,9,0,12,12,0,3,1,0,1,1,0,6,2,0,1,1,0,5,5,0,12,1,0
2016120151421 ,-1.534127,54.002376,1,2,1,1,16.15,3,6,30,3,4,6,0,0,1,1,1,0,0,1,9,4,0,12,14,0,10,10,0,1,1,0,6,6,0,13,13,0,9,9,0,12,12,0,1,3,0,1,1,0,6,6,0,2,1,0,7,9,0,7,2,0
201601TX20117,-0.433884,51.442861,1,2,2,6,19.40,5,6,30,0,0,0,0,0,4,2,2,4,0,1,9,9,0,18,18,0,10,10,0,9,9,0,6,6,0,13,13,0,9,9,0,12,12,0,1,1,0,1,1,0,6,6,0,1,2,0,6,6,0,2,17,0
2016480083790 ,-0.109419,51.515324,1,1,1,2,14.30,5,6,20,3,4,3,0,0,1,1,1,0,0,1,8,0,0,9,0,0,10,0,0,8,0,0,6,0,0,13,0,0,9,0,0,12,0,0,1,0,0,1,0,0,1,0,0,1,0,0,8,0,0,3,0,0
2016471602556 ,0.433856,50.887554,1,1,1,3,1.53,4,6,60,0,0,0,0,0,6,1,1,0,0,2,9,0,0,18,0,0,10,0,0,9,0,0,6,0,0,13,0,0,7,0,0,4,0,0,1,0,0,1,0,0,2,0,0,1,0,0,6,0,0,15,0,0
201643P037026,-1.444616,51.806003,1,1,1,6,22.30,3,6,50,0,0,0,0,0,6,2,2,0,0,2,9,0,0,17,0,0,10,0,0,9,0,0,6,0,0,13,0,0,1,0,0,4,0,0,1,0,0,1,0,0,6,0,0,1,0,0,6,0,0,4,0,0
2016076349428 ,-2.110356,53.293344,1,2,1,5,9.0,4,6,30,3,4,6,0,0,1,2,2,0,0,2,9,2,0,9,18,0,10,10,0,1,1,0,6,6,0,13,13,0,9,9,0,12,12,0,1,1,0,1,1,0,2,2,0,2,2,0,7,6,0,9,12,0
2016460045581 ,0.580305,51.376927,1,3,1,4,17.35,6,6,30,0,0,0,0,0,4,1,1,0,0,1,2,9,9,18,2,2,10,10,10,9,9,9,6,6,6,13,13,13,9,9,9,12,12,12,1,2,2,1,1,1,6,6,6,3,1,1,7,7,7,4,10,10
2016500111389 ,-3.356566,50.688932,1,1,1,3,1.19,4,6,60,0,0,0,0,0,6,1,1,0,0,2,9,0,0,17,0,0,10,0,0,9,0,0,5,0,0,13,0,0,2,0,0,12,0,0,1,0,0,1,0,0,5,0,0,1,0,0,9,0,0,16,0,0
2016010000930 ,-0.010455,51.64624,1,1,1,4,18.0,3,3,30,7,4,6,0,0,4,1,1,0,0,2,11,0,0,3,0,0,2,0,0,1,0,0,6,0,0,13,0,0,9,0,0,12,0,0,5,0,0,2,0,0,6,0,0,1,0,0,9,0,0,8,0,0
2016100077763 ,-1.512065,54.998024,1,1,1,2,18.30,6,6,30,0,0,0,0,0,1,1,1,0,0,1,3,0,0,18,0,0,10,0,0,9,0,0,5,0,0,7,0,0,7,0,0,12,0,0,1,0,0,1,0,0,5,0,0,1,0,0,6,0,0,10,0,0
201606A017564,-2.248991,53.478232,1,1,1,5,2.31,3,6,30,0,0,0,0,0,4,1,1,0,0,1,9,0,0,18,0,0,10,0,0,9,0,0,6,0,0,13,0,0,9,0,0,12,0,0,1,0,0,1,0,0,6,0,0,2,0,0,11,0,0,11,0,0
2016010007657 ,-0.067597,51.509067,1,2,1,2,6.56,3,6,30,6,2,3,0,4,4,1,1,0,0,1,5,21,0,14,9,0,10,10,0,1,1,0,6,6,0,13,13,0,9,9,0,12,12,0,3,3,0,1,1,0,2,1,0,1,1,0,8,9,0,1,6,0
2016420068629 ,0.691584,51.53696,1,1,1,1,17.5,6,6,30,0,0,0,0,0,1,1,1,0,0,1,11,0,0,2,0,0,10,0,0,9,0,0,6,0,0,13,0,0,9,0,0,12,0,0,3,0,0,1,0,0,1,0,0,1,0,0,7,0,0,11,0,0
20161339O1214,-1.49392,53.728164,1,1,6,7,16.45,1,3,70,0,0,0,0,0,1,1,1,0,0,2,9,0,0,18,0,0,10,0,0,9,0,0,5,0,0,13,0,0,2,0,0,10,0,0,1,0,0,1,0,0,6,0,0,2,0,0,7,0,0,9,0,0
2016120164967 ,-1.612119,53.956284,1,3,3,7,13.5,4,6,60,0,0,0,0,0,1,1,1,0,0,2,5,9,9,13,17,16,10,10,10,9,9,9,6,6,6,13,13,13,1,9,9,11,12,12,1,1,5,1,1,1,6,2,6,1,2,1,8,6,8,9,4,9
201631D015016,-1.10638,52.931304,1,2,1,6,11.30,3,6,40,0,0,0,0,0,1,1,1,0,0,1,9,9,0,18,3,0,10,10,0,9,9,0,6,6,0,13,13,0,9,9,0,12,12,0,1,2,0,1,1,0,6,2,0,2,2,0,7,5,0,5,18,0
2016320179942 ,-0.084475,53.210735,1,1,1,3,19.45,3,6,60,0,0,0,0,0,1,1,2,0,0,2,9,0,0,16,0,0,10,0,0,9,0,0,5,0,0,13,0,0,7,0,0,12,0,0,1,0,0,1,0,0,1,0,0,2,0,0,7,0,0,13,0,0
2016610004716 ,-3.195647,51.66698,1,1,1,2,18.48,4,6,30,3,4,6,0,0,4,1,2,0,0,1,9,0,0,9,0,0,10,0,0,1,0,0,6,0,0,13,0,0,9,0,0,12,0,0,1,0,0,1,0,0,6,0,0,1,0,0,8,0,0,13,0,0
2016350091786 ,-0.070533,52.221152,1,1,1,6,9.5,6,1,30,0,0,0,0,0,1,1,1,0,0,2,9,0,0,5,0,0,10,0,0,9,0,0,6,0,0,13,0,0,9,0,0,12,0,0,5,0,0,1,0,0,5,0,0,1,0,0,11,0,0,1,0,0
2016230044313 ,-1.619562,52.259462,1,1,2,5,20.17,3,3,60,1,4,4,0,0,4,1,1,0,7,2,19,0,0,18,0,0,10,0,0,3,0,0,6,0,0,13,0,0,1,0,0,7,0,0,1,0,0,1,0,0,1,0,0,1,0,0,6,0,0,8,0,0
2016370142263 ,1.74529,52.475052,1,2,1,4,18.46,3,6,30,3,4,6,0,0,4,1,2,0,0,1,9,3,0,9,18,0,10,10,0,1,1,0,6,6,0,13,13,0,9,9,0,12,12,0,1,5,0,1,1,0,6,6,0,1,1,0,6,6,0,16,11,0
2016610005016 ,-2.786178,51.587892,1,2,3,6,23.12,4,6,30,0,0,0,0,0,4,1,1,0,0,2,9,9,0,18,1,0,10,10,0,9,9,0,6,6,0,13,13,0,9,9,0,12,12,0,5,5,0,1,1,0,6,6,0,2,1,0,5,8,0,12,9,0
2016320003263 ,-0.478051,52.650041,1,1,2,4,17.45,3,6,30,6,2,6,0,0,4,1,1,0,0,1,9,0,0,17,0,0,10,0,0,2,0,0,6,0,0,13,0,0,9,0,0,12,0,0,1,0,0,1,0,0,6,0,0,1,0,0,8,0,0,25,0,0
201604WB16354,-2.819051,54.047037,1,2,1,5,18.45,6,6,20,3,4,6,0,0,1,1,2,0,0,1,9,2,0,9,18,0,10,10,0,2,1,0,6,6,0,13,13,0,9,9,0,12,12,0,1,1,0,1,1,0,6,6,0,1,1,0,7,6,0,11,14,0
2016450108919 ,-0.039594,51.141298,1,1,1,4,22.5,3,6,40,0,0,0,0,8,4,1,1,0,0,1,5,0,0,18,0,0,10,0,0,9,0,0,2,0,0,13,0,0,9,0,0,12,0,0,1,0,0,1,0,0,6,0,0,1,0,0,9,0,0,24,0,0
2016110056344 ,-1.745706,54.714599,1,1,1,2,2.30,6,9,30,0,0,0,0,0,4,1,1,0,0,2,8,0,0,5,0,0,10,0,0,9,0,0,6,0,0,13,0,0,9,0,0,12,0,0,3,0,0,1,0,0,1,0,0,2,0,0,8,0,0,2,0,0
2016120129168 ,-2.048278,54.024354,1,2,1,4,15.29,4,6,60,8,4,6,0,0,1,1,1,0,0,2,3,9,0,16,2,0,10,6,0,1,2,0,6,6,0,13,13,0,7,9,0,12,12,0,1,3,0,1,1,0,6,6,0,2,1,0,6,10,0,6,11,0
2016621600914 ,-3.268874,51.405711,1,1,1,7,14.6,4,2,30,3,4,6,0,0,1,1,1,0,0,1,9,0,0,18,0,0,10,0,0,5,0,0,6,0,0,13,0,0,9,0,0,12,0,0,1,0,0,1,0,0,6,0,0,2,0,0,6,0,0,13,0,0