Accident_Index,Longitude,Latitude,SV,Number_of_Vehicles,Number_of_Casualties,Day_of_Week,Time,1st_Road_Class,Road_Type,Speed_limit,Junction_Detail,Junction_Control,2nd_Road_Class,Pedestrian_Crossing-Human_Control,Pedestrian_Crossing-Physical_Facilities,Light_Conditions,Weather_Conditions,Road_Surface_Conditions,Special_Conditions_at_Site,Carriageway_Hazards,Urban_or_Rural_Area,Vehicle1_Type,Vehicle2_Type,Vehicle3_Type,Vehicle1_Manoeuvre,Vehicle2_Manoeuvre,Vehicle3_Manoeuvre,Vehicle1_Location-Restricted_Lane,Vehicle2_Location-Restricted_Lane,Vehicle3_Location-Restricted_Lane,Junction1_Location,Junction2_Location,Junction3_Location,Skidding1_and_Overturning,Skidding2_and_Overturning,Skidding3_and_Overturning,Hit_Object_in_Carriageway1,Hit_Object_in_Carriageway2,Hit_Object_in_Carriageway3,Vehicle1_Leaving_Carriageway,Vehicle2_Leaving_Carriageway,Vehicle3_Leaving_Carriageway,Hit_Object_off_Carriageway1,Hit_Object_off_Carriageway2,Hit_Object_off_Carriageway3,1st_Point_of_Impact1,1st_Point_of_Impact2,1st_Point_of_Impact3,Was_Vehicle 1_Left_Hand_Drive?,Was_Vehicle2_Left_Hand_Drive?,Was_Vehicle 3_Left_Hand_Drive?,Journey_Purpose_of_Driver1,Journey_Purpose_of_Driver2,Journey_Purpose_of_Driver3,Sex_of_Driver1,Sex_of_Driver2,Sex_of_Driver3,Age_Band_of_Driver1,Age_Band_of_Driver2,Age_Band_of_Driver3,Age_of_Vehicle1,Age_of_Vehicle2,Age_of_Vehicle3
2016076187921 ,-2.530615,53.237993,1,1,1,6,17.5,3,3,70,0,0,0,0,0,1,2,2,5,0,2,9,0,0,17,0,0,10,0,0,9,0,0,1,0,0,13,0,0,1,0,0,7,0,0,1,0,0,1,0,0,6,0,0,2,0,0,6,0,0,9,0,0
2016500089847 ,-3.80378,50.345583,1,2,1,2,16.5,4,6,60,0,0,0,0,0,1,1,1,0,0,2,5,9,0,13,13,0,10,10,0,9,9,0,2,6,0,13,13,0,1,9,0,9,12,0,1,3,0,1,1,0,6,1,0,1,2,0,7,6,0,16,5,0
2016010008969 ,0.066377,51.539787,1,2,1,3,13.40,3,3,50,0,0,0,0,0,1,1,1,0,2,1,3,8,0,18,3,0,10,10,0,9,9,0,1,6,0,4,11,0,9,9,0,12,12,0,1,3,0,1,1,0,6,1,0,1,1,0,6,6,0,6,5,0
20161335O0742,-1.635014,53.681255,1,1,1,3,13.14,4,6,30,0,0,0,0,0,1,1,1,0,0,1,9,0,0,18,0,0,10,0,0,9,0,0,6,0,0,13,0,0,9,0,0,12,0,0,1,0,0,1,0,0,6,0,0,2,0,0,6,0,0,9,0,0
2016051600139 ,-2.840517,53.385367,1,2,2,2,17.0,4,6,30,0,0,0,0,0,5,5,2,0,0,2,9,9,0,16,17,0,10,10,0,9,9,0,6,6,0,13,13,0,9,9,0,12,12,0,1,5,0,1,1,0,6,6,0,1,1,0,8,8,0,2,15,0
2016320001773 ,-0.156401,52.808317,1,2,1,2,8.20,4,6,30,3,2,4,0,5,1,9,4,0,0,2,9,9,0,18,9,0,10,10,0,8,8,0,6,6,0,13,13,0,9,9,0,12,12,0,1,1,0,1,1,0,2,6,0,2,1,0,8,6,0,9,6,0
2016210055538 ,-2.1781,53.038654,1,2,1,5,17.0,3,6,30,3,4,6,0,0,1,1,2,0,0,1,9,3,0,5,18,0,10,10,0,6,2,0,6,6,0,13,13,0,9,9,0,12,12,0,3,1,0,1,1,0,6,6,0,2,1,0,4,5,0,4,1,0
2016930000486 ,-3.330518,56.176981,1,2,2,5,13.35,4,6,60,8,4,6,0,0,1,1,1,0,0,2,5,9,0,14,9,0,10,10,0,1,5,0,6,6,0,13,13,0,9,9,0,12,12,0,1,3,0,1,1,0,6,6,0,1,2,0,9,9,0,5,1,0
20161335V0057,-1.830876,53.743207,1,1,1,2,17.35,6,6,30,3,4,6,0,0,1,1,1,0,0,2,9,0,0,18,0,0,10,0,0,2,0,0,6,0,0,13,0,0,9,0,0,12,0,0,4,0,0,1,0,0,6,0,0,1,0,0,9,0,0,12,0,0
2016370062337 ,0.895762,51.989346,1,2,2,7,9.2,4,6,60,0,0,0,0,0,1,2,2,0,0,2,9,9,0,18,18,0,10,10,0,9,9,0,6,6,0,13,13,0,9,1,0,12,12,0,1,1,0,1,1,0,6,6,0,1,1,0,5,6,0,9,12,0
2016520603694 ,-2.831142,50.953847,1,1,1,3,7.7,6,6,60,0,0,0,0,0,1,1,1,0,0,2,9,0,0,18,0,0,10,0,0,9,0,0,6,0,0,13,0,0,9,0,0,12,0,0,1,0,0,1,0,0,6,0,0,1,0,0,5,0,0,15,0,0
2016100083633 ,-1.577379,54.929153,1,1,1,5,8.0,4,6,20,3,4,6,0,8,1,1,1,0,0,2,9,0,0,18,0,0,10,0,0,8,0,0,6,0,0,13,0,0,9,0,0,12,0,0,5,0,0,1,0,0,5,0,0,2,0,0,5,0,0,6,0,0
2016010001364 ,-0.067386,51.531096,1,1,2,7,20.5,3,3,20,3,2,6,0,4,4,2,2,0,0,1,9,0,0,18,0,0,10,0,0,1,0,0,6,0,0,13,0,0,9,0,0,12,0,0,1,0,0,1,0,0,6,0,0,1,0,0,7,0,0,1,0,0
2016160044918 ,-0.489723,53.676576,1,2,1,5,7.9,3,6,60,0,0,0,0,0,1,1,4,0,0,2,9,90,0,16,17,0,10,10,0,9,9,0,1,6,0,13,13,0,1,9,0,10,12,0,3,1,0,1,1,0,2,1,0,1,1,0,6,8,0,12,6,0
201601KF60404,0.04008,51.548341,1,1,1,7,22.55,3,6,30,6,4,6,0,1,4,1,1,0,0,1,9,0,0,18,0,0,10,0,0,2,0,0,6,0,0,13,0,0,9,0,0,12,0,0,4,0,0,1,0,0,6,0,0,1,0,0,4,0,0,2,0,0
2016360134957 ,1.262589,52.786887,1,2,1,6,16.30,3,6,60,3,4,6,0,0,1,1,2,0,0,2,9,3,0,9,18,0,10,10,0,8,1,0,6,2,0,13,13,0,9,9,0,12,12,0,3,1,0,1,1,0,6,6,0,1,1,0,10,5,0,2,8,0
2016471606062 ,-0.451399,50.919782,1,2,2,7,16.43,6,6,30,3,4,6,0,0,1,1,2,0,0,2,9,9,0,16,17,0,10,10,0,8,8,0,6,6,0,13,13,0,9,9,0,12,12,0,3,1,0,1,1,0,6,6,0,1,2,0,4,6,0,15,15,0
2016500118648 ,-4.10204,50.402752,1,3,3,6,11.16,4,6,40,0,0,0,0,0,1,2,2,0,0,2,9,9,9,5,18,18,10,10,10,9,9,9,6,6,6,13,13,13,9,9,9,12,12,12,3,1,5,1,1,1,6,6,6,2,2,2,11,6,5,9,13,15
2016621601246 ,-3.44169,51.712595,1,1,1,7,11.18,6,6,30,8,4,6,0,0,1,1,1,0,0,1,8,0,0,5,0,0,10,0,0,1,0,0,6,0,0,13,0,0,9,0,0,12,0,0,4,0,0,1,0,0,1,0,0,1,0,0,10,0,0,2,0,0
2016010004741 ,-0.131529,51.527999,1,1,2,6,18.20,3,6,20,3,1,6,0,5,4,1,2,0,0,1,5,0,0,4,0,0,10,0,0,1,0,0,1,0,0,13,0,0,9,0,0,12,0,0,4,0,0,1,0,0,6,0,0,1,0,0,5,0,0,17,0,0
2016076264067 ,-2.024281,53.311101,1,1,1,1,15.0,4,6,60,0,0,0,0,0,1,1,1,0,0,2,9,0,0,18,0,0,10,0,0,9,0,0,6,0,0,13,0,0,7,0,0,4,0,0,1,0,0,1,0,0,6,0,0,2,0,0,11,0,0,3,0,0
2016030086290 ,-2.760881,54.201013,1,2,1,2,17.21,3,6,60,8,4,6,0,0,1,1,1,0,0,2,9,5,0,9,18,0,10,10,0,6,8,0,6,6,0,13,13,0,9,9,0,12,12,0,2,1,0,1,1,0,6,2,0,2,1,0,11,9,0,11,10,0
2016076008808 ,-2.591079,53.428535,1,2,1,7,22.59,3,3,70,0,0,0,0,0,6,1,2,4,0,2,9,9,0,18,18,0,10,10,0,9,9,0,1,6,0,2,13,0,1,1,0,12,4,0,1,2,0,1,1,0,6,6,0,1,1,0,6,8,0,11,12,0
2016220080643 ,-1.936013,52.301324,1,1,1,4,20.25,6,6,30,0,0,0,0,0,1,1,2,0,0,1,5,0,0,17,0,0,10,0,0,9,0,0,6,0,0,10,0,0,1,0,0,12,0,0,4,0,0,1,0,0,5,0,0,1,0,0,6,0,0,10,0,0
2016210062542 ,-1.826482,52.73477,1,2,1,5,17.38,3,3,60,0,0,0,0,0,1,1,1,0,0,2,9,21,0,16,18,0,10,10,0,9,9,0,6,6,0,13,13,0,7,7,0,12,12,0,5,5,0,1,1,0,6,1,0,1,1,0,6,8,0,2,4,0
201663DP12716,-3.21119,52.569995,1,2,4,6,17.50,3,6,60,6,4,6,0,0,1,1,1,0,0,2,9,19,0,5,1,0,10,10,0,1,1,0,6,6,0,13,13,0,7,9,0,10,12,0,2,1,0,1,1,0,6,2,0,1,1,0,10,5,0,14,8,0
2016210122894 ,-2.186298,53.03412,1,1,1,3,12.4,3,3,30,6,2,3,0,5,1,1,1,0,0,1,19,0,0,4,0,0,10,0,0,1,0,0,6,0,0,13,0,0,9,0,0,12,0,0,1,0,0,1,0,0,1,0,0,1,0,0,7,0,0,2,0,0
2016220144289 ,-2.426316,52.04476,1,1,1,6,17.37,3,6,30,0,0,0,0,0,4,1,1,0,0,2,9,0,0,18,0,0,10,0,0,9,0,0,6,0,0,13,0,0,9,0,0,12,0,0,1,0,0,1,0,0,5,0,0,1,0,0,6,0,0,14,0,0
2016450132633 ,-0.725517,51.286546,1,1,1,1,6.0,4,6,30,0,0,0,0,0,7,1,2,0,0,1,9,0,0,1,0,0,10,0,0,9,0,0,6,0,0,13,0,0,9,0,0,12,0,0,2,0,0,1,0,0,2,0,0,1,0,0,9,0,0,14,0,0
2016100099798 ,-1.645766,55.406752,1,2,2,3,19.40,3,6,60,0,0,0,0,0,1,1,1,0,0,2,5,3,0,13,9,0,10,10,0,9,9,0,6,5,0,13,13,0,7,9,0,12,12,0,1,3,0,1,1,0,5,5,0,1,1,0,6,5,0,10,6,0
201604ED16369,-2.511497,53.801567,1,1,1,7,15.17,4,6,60,0,0,0,0,0,1,1,1,0,0,2,5,0,0,17,0,0,10,0,0,9,0,0,1,0,0,13,0,0,9,0,0,12,0,0,4,0,0,1,0,0,6,0,0,1,0,0,5,0,0,14,0,0
201631A112316,-1.239753,53.135,1,1,1,2,8.30,3,3,40,3,2,6,0,5,1,1,1,0,2,2,3,0,0,7,0,0,10,0,0,5,0,0,1,0,0,11,0,0,9,0,0,12,0,0,1,0,0,1,0,0,2,0,0,2,0,0,8,0,0,33,0,0
2016500143277 ,-3.894376,50.788673,1,2,1,3,11.36,3,6,30,6,4,3,0,0,1,1,1,0,0,2,9,9,0,18,5,0,10,10,0,1,1,0,6,6,0,13,13,0,1,9,0,10,12,0,1,5,0,1,1,0,2,2,0,2,2,0,6,4,0,14,9,0
2016961600932 ,-3.642462,56.007032,1,2,1,1,16.30,3,6,40,0,0,0,0,0,1,1,1,0,0,1,9,9,0,18,18,0,10,10,0,9,9,0,6,6,0,13,10,0,9,1,0,12,11,0,3,3,0,1,1,0,6,6,0,1,2,0,8,8,0,12,9,0
201697QC75112,-3.843825,55.743074,1,3,2,7,10.43,3,6,30,0,0,0,0,0,1,1,2,0,0,1,9,9,9,18,18,10,10,10,10,9,9,9,6,6,6,13,13,13,9,2,9,12,2,12,1,1,5,1,1,1,1,6,6,1,2,1,6,6,6,6,2,2
201601TW60013,-0.336357,51.42605,1,1,1,5,17.52,3,6,30,6,2,4,0,5,4,1,1,0,0,1,9,0,0,7,0,0,10,0,0,8,0,0,6,0,0,13,0,0,9,0,0,12,0,0,1,0,0,1,0,0,2,0,0,1,0,0,7,0,0,2,0,0
2016500132043 ,-4.082184,50.492289,1,2,1,6,15.1,4,6,60,3,4,6,0,0,1,2,2,0,0,2,19,19,0,5,9,0,10,10,0,1,6,0,6,6,0,10,13,0,1,9,0,11,12,0,3,4,0,1,1,0,6,1,0,1,1,0,11,6,0,6,13,0
2016420083534 ,0.149292,51.785564,1,1,1,5,7.55,4,6,60,1,4,3,0,0,1,1,1,0,0,2,9,0,0,18,0,0,10,0,0,4,0,0,6,0,0,13,0,0,9,0,0,12,0,0,3,0,0,1,0,0,5,0,0,1,0,0,9,0,0,15,0,0
2016521600534 ,-2.594521,51.409966,1,1,2,6,15.26,6,6,30,0,0,0,0,0,1,4,2,0,0,1,9,0,0,18,0,0,10,0,0,9,0,0,6,0,0,13,0,0,1,0,0,4,0,0,1,0,0,1,0,0,6,0,0,1,0,0,5,0,0,13,0,0
2016200060275 ,-1.880302,52.474874,1,1,1,2,23.33,6,6,30,3,4,6,0,0,4,1,2,0,0,1,9,0,0,9,0,0,10,0,0,5,0,0,6,0,0,13,0,0,9,0,0,12,0,0,1,0,0,1,0,0,6,0,0,1,0,0,8,0,0,11,0,0
2016030108271 ,-3.528134,54.502707,1,1,1,3,15.54,3,6,60,3,4,6,0,0,1,1,1,0,0,2,9,0,0,16,0,0,10,0,0,2,0,0,6,0,0,13,0,0,9,0,0,12,0,0,1,0,0,1,0,0,5,0,0,2,0,0,5,0,0,6,0,0
2016480038098 ,-0.088587,51.513728,1,1,2,3,18.23,6,6,20,7,2,6,0,5,4,2,2,0,0,1,3,0,0,18,0,0,10,0,0,8,0,0,6,0,0,13,0,0,9,0,0,12,0,0,1,0,0,1,0,0,2,0,0,1,0,0,8,0,0,1,0,0
201697UD04612,-4.521184,55.509406,1,1,1,3,21.0,6,6,60,0,0,0,0,0,6,5,2,0,0,2,9,0,0,18,0,0,10,0,0,9,0,0,1,0,0,13,0,0,7,0,0,4,0,0,1,0,0,1,0,0,6,0,0,1,0,0,4,0,0,6,0,0
2016300017513 ,-1.385515,53.257986,1,2,1,2,16.49,3,6,30,3,4,6,0,0,4,1,2,0,0,1,9,3,0,9,18,0,10,10,0,6,8,0,6,6,0,13,13,0,9,9,0,12,12,0,3,1,0,1,1,0,6,4,0,1,1,0,10,4,0,2,2,0
2016440434134 ,-1.189998,50.830723,1,4,2,5,10.20,4,6,30,8,4,6,0,0,1,1,2,0,0,1,21,9,9,4,4,4,10,10,10,1,1,1,6,6,6,13,13,13,9,9,9,12,12,12,1,2,2,1,1,1,1,6,6,1,1,2,8,10,9,21,16,9
2016100057038 ,-1.489,54.902645,1,2,1,1,18.0,6,1,40,1,4,6,0,0,1,1,1,0,0,1,9,4,0,18,18,0,10,10,0,4,8,0,6,5,0,13,13,0,9,9,0,12,12,0,3,1,0,1,1,0,2,5,0,1,1,0,7,8,0,14,13,0
2016541774716 ,-2.209253,51.270411,1,2,1,6,14.0,6,6,30,0,0,0,0,0,1,1,1,0,0,2,9,21,0,17,16,0,10,10,0,9,9,0,6,6,0,13,13,0,1,9,0,12,12,0,1,1,0,1,1,0,6,1,0,1,1,0,7,8,0,11,6,0
201663DP20916,-3.221684,52.565302,1,1,2,4,17.20,3,6,60,0,0,0,0,0,1,1,1,0,0,2,9,0,0,18,0,0,10,0,0,9,0,0,1,0,0,13,0,0,1,0,0,3,0,0,1,0,0,1,0,0,6,0,0,1,0,0,11,0,0,2,0,0
201650DE2V001,-3.492319,50.701339,1,1,1,5,12.30,3,3,50,0,0,0,0,0,1,1,1,0,0,1,5,0,0,16,0,0,10,0,0,9,0,0,1,0,0,13,0,0,7,0,0,4,0,0,3,0,0,1,0,0,6,0,0,1,0,0,7,0,0,9,0,0
2016140055271 ,-1.188747,53.485158,1,1,1,2,12.57,4,6,30,0,0,0,0,1,1,1,1,0,0,1,21,0,0,18,0,0,10,0,0,9,0,0,1,0,0,13,0,0,9,0,0,12,0,0,1,0,0,1,0,0,1,0,0,1,0,0,9,0,0,6,0,0
2016471606128 ,0.333274,50.802248,1,2,2,4,7.14,3,6,50,8,4,6,0,0,1,1,1,0,0,2,9,5,0,18,18,0,10,10,0,5,1,0,6,6,0,13,13,0,9,9,0,12,12,0,1,1,0,1,1,0,6,6,0,2,1,0,8,7,0,13,8,0
2016220069262 ,-2.722106,52.067199,1,2,1,3,15.35,3,6,30,9,4,6,0,0,1,1,1,0,0,1,5,9,0,18,9,0,10,10,0,8,5,0,6,6,0,13,13,0,9,9,0,12,12,0,1,1,0,1,1,0,5,5,0,2,1,0,6,5,0,10,16,0
2016460045318 ,0.350001,51.418171,1,2,1,4,21.28,3,3,70,0,0,0,0,0,4,1,1,0,0,2,21,9,0,18,2,0,10,10,0,9,9,0,6,6,0,13,13,0,9,9,0,12,12,0,1,2,0,1,1,0,1,6,0,1,1,0,6,11,0,5,14,0
2016350095253 ,0.392919,52.227113,1,3,2,6,22.55,4,6,60,0,0,0,0,0,6,1,1,0,0,2,9,9,9,18,2,2,10,10,10,9,9,9,6,6,6,4,13,13,9,9,9,12,12,12,1,2,2,1,1,1,6,6,6,1,1,1,7,6,6,10,3,2
201654B332716,-1.815698,51.510148,1,3,3,6,18.57,3,6,60,0,0,0,0,0,6,7,2,0,0,2,9,9,9,13,18,18,10,10,10,9,9,9,6,6,6,13,13,13,1,1,1,9,9,9,1,1,1,1,1,1,2,6,6,1,2,1,6,7,5,15,2,19
2016500082683 ,-4.28124,50.522942,1,2,3,5,17.18,4,6,50,0,0,0,0,0,1,1,1,0,0,2,9,9,0,17,16,0,10,10,0,9,9,0,6,5,0,13,13,0,9,9,0,12,12,0,1,1,0,1,1,0,5,5,0,2,1,0,4,7,0,16,2,0
201604SA16375,-2.759578,53.766815,1,2,2,4,17.0,6,6,20,0,0,0,0,0,1,1,1,0,0,1,5,9,0,18,6,0,10,10,0,9,9,0,1,6,0,13,13,0,7,9,0,12,12,0,1,3,0,1,1,0,6,1,0,1,1,0,7,10,0,2,10,0
2016551600794 ,-1.80851,50.73532,1,1,2,5,8.22,6,6,20,0,0,0,0,0,1,1,1,0,0,1,11,0,0,16,0,0,10,0,0,9,0,0,6,0,0,5,0,0,9,0,0,12,0,0,1,0,0,1,0,0,3,0,0,1,0,0,8,0,0,21,0,0
2016430341749 ,-0.628989,51.451591,1,3,1,2,15.26,3,6,50,0,0,0,0,4,1,1,1,0,0,2,9,4,9,18,4,4,10,10,10,9,9,9,6,6,6,13,13,13,9,7,9,12,11,12,1,2,2,1,1,1,2,2,2,2,1,2,7,8,7,4,11,6
201606X023288,-2.111188,53.60161,1,1,1,2,15.29,1,3,70,0,0,0,0,0,1,5,2,0,0,2,9,0,0,18,0,0,10,0,0,9,0,0,1,0,0,13,0,0,1,0,0,12,0,0,1,0,0,1,0,0,2,0,0,1,0,0,6,0,0,3,0,0
2016010009018 ,-0.061356,51.418406,1,1,1,3,20.5,3,6,30,3,4,5,0,0,4,7,4,0,0,1,9,0,0,16,0,0,9,0,0,5,0,0,6,0,0,10,0,0,7,0,0,10,0,0,1,0,0,1,0,0,6,0,0,1,0,0,4,0,0,12,0,0
2016200049895 ,-1.813258,52.560948,1,2,2,2,13.20,6,6,30,8,4,6,0,0,1,1,1,0,0,1,9,9,0,18,8,0,10,10,0,1,1,0,6,6,0,13,13,0,9,9,0,12,12,0,1,2,0,1,1,0,5,5,0,2,1,0,5,9,0,13,4,0
2016076323647 ,-2.384374,53.145615,1,1,2,3,19.0,3,6,30,3,4,6,0,8,4,1,1,0,0,1,9,0,0,7,0,0,10,0,0,1,0,0,6,0,0,13,0,0,9,0,0,12,0,0,1,0,0,1,0,0,6,0,0,2,0,0,10,0,0,6,0,0
201601HT20216,-0.061662,51.526685,1,2,1,7,17.40,3,6,30,3,4,6,0,1,1,1,1,0,0,1,8,3,0,3,14,0,10,10,0,1,1,0,6,6,0,13,8,0,9,9,0,12,12,0,3,1,0,1,1,0,1,6,0,1,1,0,7,6,0,1,2,0
2016140075576 ,-1.49539,53.552086,1,1,2,6,7.25,3,6,30,0,0,0,0,0,1,9,1,0,0,1,9,0,0,18,0,0,10,0,0,9,0,0,6,0,0,13,0,0,9,0,0,12,0,0,1,0,0,1,0,0,2,0,0,2,0,0,6,0,0,14,0,0
2016051600829 ,-2.984686,53.630986,1,2,1,2,22.5,6,6,30,0,0,0,0,4,4,1,1,0,0,1,9,9,0,18,18,0,10,10,0,9,9,0,6,6,0,13,13,0,9,1,0,12,1,0,1,1,0,1,1,0,6,2,0,1,2,0,6,8,0,11,8,0
2016961601169 ,-3.609546,56.004644,1,1,1,1,12.40,3,6,30,0,0,0,0,0,1,1,1,0,0,1,9,0,0,18,0,0,10,0,0,9,0,0,6,0,0,13,0,0,9,0,0,12,0,0,4,0,0,1,0,0,6,0,0,1,0,0,5,0,0,2,0,0
2016230075381 ,-1.523608,52.468554,1,2,1,5,7.59,1,3,70,0,0,0,0,0,1,1,1,0,0,2,9,9,0,18,4,0,10,10,0,9,9,0,6,6,0,13,13,0,9,9,0,12,12,0,1,2,0,1,1,0,6,6,0,1,1,0,5,7,0,4,1,0
2016440269017 ,-1.110848,51.284442,1,2,1,3,11.0,3,6,40,3,4,6,0,0,1,1,1,1,0,1,9,9,0,9,18,0,10,10,0,6,8,0,6,1,0,13,13,0,9,9,0,12,12,0,1,4,0,1,1,0,1,6,0,1,2,0,7,10,0,14,8,0
2016010013531 ,0.005239,51.553078,1,1,1,1,14.15,3,6,30,3,4,6,0,0,1,1,1,0,0,1,9,0,0,14,0,0,10,0,0,1,0,0,6,0,0,13,0,0,9,0,0,12,0,0,3,0,0,1,0,0,6,0,0,1,0,0,8,0,0,1,0,0
20161335M1521,-1.699627,53.703276,1,2,3,1,20.0,6,6,30,9,4,6,0,0,1,1,1,0,0,1,9,9,0,13,9,0,10,10,0,1,5,0,1,6,0,13,13,0,7,9,0,11,12,0,4,3,0,1,1,0,6,6,0,1,2,0,4,4,0,15,10,0
2016133AQ0794,-1.769435,53.813105,1,2,3,4,14.17,3,6,30,0,0,0,0,0,1,1,1,0,0,1,9,21,0,18,18,0,10,10,0,9,9,0,6,1,0,13,13,0,9,9,0,12,12,0,1,1,0,1,1,0,6,1,0,2,1,0,7,7,0,2,1,0
201697UD70301,-4.990661,55.087641,1,2,4,7,14.18,3,6,60,0,0,0,0,0,1,2,2,0,0,2,9,9,0,16,18,0,10,10,0,9,9,0,1,6,0,13,13,0,9,9,0,12,12,0,1,1,0,1,1,0,6,6,0,1,1,0,6,5,0,14,9,0
201601YR90659,-0.06176,51.588826,1,1,2,1,19.38,3,3,30,9,2,3,0,5,1,1,1,0,0,1,9,0,0,18,0,0,10,0,0,8,0,0,6,0,0,13,0,0,9,0,0,12,0,0,4,0,0,1,0,0,6,0,0,1,0,0,9,0,0,12,0,0
2016140132763 ,-1.473851,53.559337,1,2,6,4,17.0,3,2,30,3,4,6,0,4,4,1,1,0,0,1,9,11,0,3,4,0,10,10,0,6,1,0,6,6,0,13,13,0,9,9,0,12,12,0,3,1,0,1,1,0,6,1,0,1,1,0,7,5,0,5,4,0
20161335L1029,-1.665102,53.795116,1,1,1,7,15.50,4,6,30,9,4,6,0,0,1,1,1,0,0,1,9,0,0,18,0,0,10,0,0,1,0,0,6,0,0,13,0,0,9,0,0,12,0,0,4,0,0,1,0,0,2,0,0,1,0,0,11,0,0,12,0,0
2016220086788 ,-1.920285,52.109267,1,2,2,6,16.51,6,6,30,0,0,0,0,0,1,1,1,0,0,2,9,9,0,17,5,0,10,10,0,9,9,0,6,6,0,13,13,0,9,1,0,12,12,0,1,1,0,1,1,0,5,5,0,1,2,0,6,7,0,13,10,0
2016471604238 ,-0.136219,51.128588,1,2,2,6,18.16,3,6,50,0,0,0,0,0,1,1,1,0,0,2,9,8,0,18,18,0,10,10,0,9,9,0,6,6,0,13,13,0,7,9,0,12,12,0,4,1,0,1,1,0,6,6,0,1,1,0,5,7,0,13,3,0
201663DP16616,-3.728597,51.798565,1,3,2,5,13.30,3,6,40,8,4,6,0,0,1,1,1,0,0,2,9,9,9,14,8,18,10,10,10,1,5,1,6,6,6,13,13,13,9,9,1,12,12,12,1,2,1,1,1,1,6,6,6,2,1,1,10,10,10,11,15,2
2016133960881 ,-1.745407,53.793264,1,2,5,3,14.35,3,3,30,3,4,6,0,0,1,1,1,0,0,1,9,9,0,18,18,0,10,10,0,6,1,0,6,6,0,13,13,0,9,9,0,12,12,0,1,4,0,1,1,0,6,6,0,1,2,0,6,7,0,9,7,0
2016621601917 ,-3.187162,51.473793,1,1,1,5,16.14,3,6,30,3,4,6,0,1,1,1,2,0,0,1,9,0,0,9,0,0,10,0,0,8,0,0,1,0,0,13,0,0,9,0,0,12,0,0,3,0,0,1,0,0,6,0,0,1,0,0,5,0,0,9,0,0
2016410111835 ,-0.288349,51.700915,1,2,3,7,9.24,4,6,40,0,0,0,0,0,1,2,2,0,0,2,9,9,0,17,16,0,10,10,0,9,9,0,1,6,0,13,13,0,9,1,0,12,12,0,4,1,0,1,1,0,6,6,0,2,1,0,7,7,0,13,10,0
2016950003723 ,-3.305419,55.941187,1,3,1,2,7.58,3,6,40,8,4,6,0,8,1,1,1,0,0,1,19,9,9,18,3,3,10,10,10,1,1,1,6,6,6,13,7,13,9,9,9,12,12,12,1,2,2,1,1,1,1,2,6,1,1,2,8,7,8,1,8,10
2016370138622 ,1.273316,52.223024,1,2,2,2,18.54,3,9,30,0,0,0,0,0,4,1,2,0,0,2,9,9,0,18,18,0,10,10,0,9,9,0,6,6,0,13,13,0,9,9,0,12,12,0,1,1,0,1,1,0,6,6,0,1,1,0,4,7,0,7,2,0
2016471606135 ,0.565818,50.873924,1,1,1,4,16.46,6,6,30,3,4,6,0,0,1,1,1,0,0,1,19,0,0,18,0,0,10,0,0,1,0,0,6,0,0,13,0,0,9,0,0,12,0,0,4,0,0,1,0,0,1,0,0,1,0,0,6,0,0,2,0,0
201604ED16022,-2.490909,53.728848,1,1,1,6,12.16,6,2,30,9,4,6,0,0,1,1,1,0,0,1,9,0,0,18,0,0,10,0,0,1,0,0,6,0,0,13,0,0,9,0,0,12,0,0,4,0,0,1,0,0,6,0,0,2,0,0,9,0,0,3,0,0
2016430277298 ,-1.493354,52.02005,1,1,1,1,23.24,6,6,60,6,4,6,0,0,6,1,1,0,0,2,9,0,0,7,0,0,10,0,0,5,0,0,1,0,0,13,0,0,7,0,0,4,0,0,1,0,0,1,0,0,6,0,0,1,0,0,7,0,0,16,0,0
201601HT20142,-0.061137,51.518673,1,1,1,3,17.36,3,3,30,0,0,0,0,0,4,1,1,0,0,1,9,0,0,14,0,0,10,0,0,9,0,0,6,0,0,13,0,0,9,0,0,12,0,0,1,0,0,1,0,0,6,0,0,1,0,0,7,0,0,4,0,0
2016010006140 ,-0.186516,51.606288,1,1,1,6,15.20,3,6,30,3,4,6,0,4,1,1,1,0,0,1,9,0,0,18,0,0,10,0,0,2,0,0,6,0,0,13,0,0,9,0,0,12,0,0,1,0,0,1,0,0,6,0,0,2,0,0,10,0,0,6,0,0
2016950000653 ,-3.192323,55.954913,1,1,1,3,9.50,6,6,30,7,2,6,0,5,1,5,2,0,0,1,9,0,0,9,0,0,10,0,0,8,0,0,6,0,0,13,0,0,9,0,0,12,0,0,1,0,0,1,0,0,2,0,0,1,0,0,9,0,0,12,0,0
2016350132818 ,0.121825,52.674038,1,1,1,6,15.17,6,6,40,0,0,0,0,0,1,1,1,0,0,1,9,0,0,18,0,0,10,0,0,9,0,0,6,0,0,13,0,0,9,0,0,12,0,0,1,0,0,1,0,0,6,0,0,2,0,0,6,0,0,11,0,0
2016301600431 ,-1.289579,53.284942,1,2,1,7,17.30,3,1,40,1,4,3,0,0,1,2,2,0,0,2,9,5,0,18,18,0,10,10,0,8,8,0,6,6,0,13,13,0,9,9,0,12,12,0,1,4,0,1,1,0,6,6,0,1,1,0,6,8,0,4,6,0