Accident_Index,Longitude,Latitude,SV,Number_of_Vehicles,Number_of_Casualties,Day_of_Week,Time,1st_Road_Class,Road_Type,Speed_limit,Junction_Detail,Junction_Control,2nd_Road_Class,Pedestrian_Crossing-Human_Control,Pedestrian_Crossing-Physical_Facilities,Light_Conditions,Weather_Conditions,Road_Surface_Conditions,Special_Conditions_at_Site,Carriageway_Hazards,Urban_or_Rural_Area,Vehicle1_Type,Vehicle2_Type,Vehicle3_Type,Vehicle1_Manoeuvre,Vehicle2_Manoeuvre,Vehicle3_Manoeuvre,Vehicle1_Location-Restricted_Lane,Vehicle2_Location-Restricted_Lane,Vehicle3_Location-Restricted_Lane,Junction1_Location,Junction2_Location,Junction3_Location,Skidding1_and_Overturning,Skidding2_and_Overturning,Skidding3_and_Overturning,Hit_Object_in_Carriageway1,Hit_Object_in_Carriageway2,Hit_Object_in_Carriageway3,Vehicle1_Leaving_Carriageway,Vehicle2_Leaving_Carriageway,Vehicle3_Leaving_Carriageway,Hit_Object_off_Carriageway1,Hit_Object_off_Carriageway2,Hit_Object_off_Carriageway3,1st_Point_of_Impact1,1st_Point_of_Impact2,1st_Point_of_Impact3,Was_Vehicle 1_Left_Hand_Drive?,Was_Vehicle2_Left_Hand_Drive?,Was_Vehicle 3_Left_Hand_Drive?,Journey_Purpose_of_Driver1,Journey_Purpose_of_Driver2,Journey_Purpose_of_Driver3,Sex_of_Driver1,Sex_of_Driver2,Sex_of_Driver3,Age_Band_of_Driver1,Age_Band_of_Driver2,Age_Band_of_Driver3,Age_of_Vehicle1,Age_of_Vehicle2,Age_of_Vehicle3
2016200108732 ,-1.874337,52.522219,1,2,2,1,20.0,3,6,30,6,2,6,0,4,4,1,1,0,0,1,9,9,0,18,9,0,10,10,0,8,5,0,6,6,0,13,13,0,9,9,0,12,12,0,1,4,0,1,1,0,5,5,0,1,1,0,5,7,0,8,3,0
2016010017628 ,0.016916,51.406023,1,1,2,6,14.37,3,6,30,0,0,0,0,0,1,1,1,0,0,1,11,0,0,4,0,0,9,0,0,9,0,0,6,0,0,10,0,0,1,0,0,5,0,0,4,0,0,1,0,0,1,0,0,1,0,0,6,0,0,13,0,0
2016160053696 ,-0.271462,53.760453,1,1,1,4,13.10,6,6,30,0,0,0,0,0,1,1,1,0,0,1,3,0,0,18,0,0,10,0,0,9,0,0,6,0,0,13,0,0,9,0,0,12,0,0,1,0,0,1,0,0,5,0,0,1,0,0,5,0,0,29,0,0
2016961601811 ,-3.789192,56.11493,1,1,1,5,7.20,6,6,30,0,0,0,0,1,4,1,4,0,0,1,9,0,0,18,0,0,10,0,0,9,0,0,6,0,0,13,0,0,9,0,0,12,0,0,1,0,0,1,0,0,2,0,0,2,0,0,7,0,0,11,0,0
2016350102113 ,-0.031209,52.131393,1,1,1,6,23.54,3,6,40,0,0,0,0,0,4,1,1,0,0,2,9,0,0,18,0,0,10,0,0,9,0,0,6,0,0,4,0,0,7,0,0,12,0,0,1,0,0,1,0,0,1,0,0,2,0,0,4,0,0,5,0,0
2016500099867 ,-3.986793,50.350812,1,1,1,5,12.40,3,6,30,0,0,0,0,0,1,1,1,0,0,2,9,0,0,18,0,0,10,0,0,9,0,0,6,0,0,13,0,0,9,0,0,12,0,0,1,0,0,1,0,0,5,0,0,1,0,0,11,0,0,13,0,0
2016030108414 ,-2.887265,54.82056,1,2,2,2,1.15,1,3,70,0,0,0,0,0,6,1,2,0,0,2,9,9,0,18,18,0,10,10,0,9,9,0,1,6,0,7,13,0,1,9,0,12,12,0,1,3,0,1,1,0,5,5,0,1,1,0,8,9,0,7,13,0
201634WN13756,-0.89942,52.214549,1,2,1,3,7.45,3,3,40,0,0,0,0,0,1,1,1,0,0,1,19,9,0,18,3,0,10,10,0,9,9,0,6,6,0,13,13,0,9,9,0,12,12,0,1,2,0,1,1,0,2,2,0,1,2,0,6,7,0,11,14,0
2016010008718 ,-0.423357,51.443529,1,1,1,7,14.4,6,6,30,3,4,6,0,0,1,1,1,0,0,1,9,0,0,6,0,0,9,0,0,2,0,0,6,0,0,13,0,0,9,0,0,12,0,0,1,0,0,1,0,0,1,0,0,2,0,0,10,0,0,17,0,0
201604WB16068,-2.888076,53.888804,1,2,2,5,17.20,6,6,60,9,4,6,0,0,1,1,1,0,0,2,9,17,0,18,2,0,10,10,0,2,2,0,1,6,0,13,13,0,7,9,0,12,12,0,1,1,0,1,1,0,6,6,0,2,1,0,6,8,0,3,6,0
2016370078507 ,0.398124,52.268507,1,1,1,5,17.20,3,7,60,0,0,0,0,0,1,8,1,0,0,2,5,0,0,4,0,0,10,0,0,9,0,0,6,0,0,13,0,0,9,0,0,12,0,0,4,0,0,1,0,0,6,0,0,1,0,0,8,0,0,13,0,0
2016051600230 ,-3.053469,53.411113,1,2,1,2,17.20,3,6,30,1,4,3,0,0,5,1,2,0,0,1,9,5,0,7,9,0,10,10,0,8,8,0,6,1,0,13,13,0,9,9,0,12,12,0,5,5,0,1,1,0,6,6,0,2,1,0,6,8,0,5,16,0
2016430327625 ,-0.590958,51.51583,1,1,1,4,17.11,6,6,30,2,4,6,0,0,4,1,1,0,0,1,9,0,0,18,0,0,10,0,0,3,0,0,6,0,0,13,0,0,9,0,0,12,0,0,1,0,0,1,0,0,6,0,0,1,0,0,7,0,0,11,0,0
201650AS2A001,-6.307503,49.919716,1,1,1,6,16.47,3,6,60,0,0,0,0,0,1,1,2,0,0,2,9,0,0,17,0,0,10,0,0,9,0,0,6,0,0,10,0,0,2,0,0,12,0,0,4,0,0,1,0,0,2,0,0,1,0,0,6,0,0,14,0,0
2016170M21806,-1.185166,54.55247,1,1,1,2,13.12,6,6,20,3,4,6,0,0,1,1,1,0,0,1,3,0,0,18,0,0,10,0,0,8,0,0,6,0,0,13,0,0,1,0,0,10,0,0,1,0,0,1,0,0,6,0,0,1,0,0,11,0,0,8,0,0
2016440387746 ,-1.008484,51.078151,1,2,2,5,21.15,3,6,60,3,4,6,0,0,6,1,1,0,0,2,8,9,0,13,18,0,10,10,0,8,8,0,6,6,0,13,13,0,9,1,0,12,12,0,5,1,0,1,1,0,1,6,0,2,2,0,8,4,0,7,7,0
2016610064216 ,-3.217541,51.575317,1,1,1,5,11.45,4,6,30,0,0,0,0,0,1,1,2,0,0,1,9,0,0,18,0,0,10,0,0,9,0,0,6,0,0,13,0,0,9,0,0,12,0,0,5,0,0,1,0,0,6,0,0,2,0,0,6,0,0,2,0,0
2016950000930 ,-3.106404,55.870926,1,1,1,7,12.30,6,6,30,0,0,0,0,0,1,1,2,0,0,1,4,0,0,5,0,0,10,0,0,9,0,0,1,0,0,13,0,0,9,0,0,12,0,0,1,0,0,1,0,0,6,0,0,1,0,0,7,0,0,17,0,0
2016420099289 ,1.036374,51.869015,1,2,3,5,13.20,3,6,40,6,2,4,0,4,1,1,1,0,0,2,9,9,0,9,18,0,10,10,0,8,8,0,5,6,0,13,13,0,9,9,0,12,12,0,4,1,0,1,1,0,6,6,0,2,1,0,9,9,0,6,5,0
2016410113161 ,-0.056449,51.946736,1,1,1,1,14.38,3,6,60,0,0,0,0,0,1,1,1,0,0,2,5,0,0,17,0,0,10,0,0,9,0,0,5,0,0,13,0,0,9,0,0,12,0,0,4,0,0,1,0,0,5,0,0,1,0,0,7,0,0,8,0,0
2016406DA0295,-0.604367,52.025451,1,2,1,5,15.14,3,1,60,1,2,3,0,0,1,1,1,0,0,2,9,5,0,18,18,0,10,10,0,3,3,0,6,6,0,13,13,0,9,9,0,12,12,0,1,3,0,1,1,0,6,6,0,2,1,0,6,10,0,16,5,0
2016430343207 ,-1.320263,51.715985,1,1,2,3,0.12,4,6,30,0,0,0,0,0,4,1,4,0,0,2,9,0,0,17,0,0,10,0,0,9,0,0,1,0,0,10,0,0,1,0,0,3,0,0,1,0,0,1,0,0,6,0,0,1,0,0,5,0,0,12,0,0
2016520606294 ,-2.441335,51.191561,1,2,1,5,7.40,3,6,60,3,4,6,0,0,1,9,1,0,0,2,21,4,0,9,18,0,10,10,0,8,1,0,6,6,0,13,13,0,9,9,0,12,12,0,3,1,0,1,1,0,6,6,0,1,1,0,8,6,0,9,7,0
201604ED16378,-2.362905,53.7551,1,1,1,6,21.30,3,3,30,3,2,3,0,5,4,1,1,0,0,1,9,0,0,12,0,0,10,0,0,2,0,0,6,0,0,13,0,0,9,0,0,12,0,0,4,0,0,1,0,0,6,0,0,2,0,0,4,0,0,12,0,0
201691NJ00913,-3.449376,58.507428,1,2,1,5,13.34,3,6,60,0,0,0,0,0,1,1,1,0,0,2,9,21,0,18,18,0,10,10,0,9,9,0,6,5,0,13,13,0,1,1,0,12,11,0,3,3,0,1,1,0,6,1,0,1,1,0,10,8,0,3,3,0
201631D218816,-1.082704,52.982895,1,2,3,6,22.28,6,6,30,0,0,0,0,0,4,1,1,0,0,1,9,9,0,18,18,0,10,10,0,9,9,0,5,6,0,13,13,0,9,1,0,12,11,0,1,1,0,1,1,0,6,6,0,2,1,0,7,6,0,8,10,0
2016420052958 ,0.739739,51.530017,1,3,4,3,16.28,4,6,30,3,4,6,0,1,1,1,1,0,0,1,9,9,9,4,5,5,10,10,10,2,2,2,6,6,6,13,13,13,9,9,9,12,12,12,1,2,2,1,1,1,5,5,5,2,2,2,11,4,5,15,8,14
2016360132547 ,1.085484,52.434062,1,1,1,3,15.29,4,6,50,0,0,0,0,0,1,2,2,0,0,2,9,0,0,18,0,0,10,0,0,9,0,0,1,0,0,13,0,0,1,0,0,12,0,0,1,0,0,1,0,0,6,0,0,1,0,0,7,0,0,2,0,0
2016440056040 ,-0.925354,51.003101,1,2,1,7,9.55,6,6,30,0,0,0,0,0,1,1,1,0,0,1,3,9,0,18,11,0,10,7,0,9,9,0,6,6,0,13,13,0,9,9,0,12,12,0,1,2,0,1,1,0,6,6,0,1,1,0,5,8,0,12,12,0
201601GD10297,-0.056428,51.558163,1,1,1,6,18.37,3,1,30,1,2,5,0,5,4,1,2,0,0,1,9,0,0,18,0,0,10,0,0,8,0,0,6,0,0,13,0,0,9,0,0,12,0,0,1,0,0,1,0,0,2,0,0,1,0,0,6,0,0,10,0,0
2016950005931 ,-3.478359,55.892919,1,2,1,3,16.40,6,6,30,3,4,6,0,0,4,4,2,0,0,2,3,9,0,9,18,0,10,10,0,8,1,0,6,6,0,13,13,0,9,9,0,12,12,0,3,1,0,1,1,0,2,2,0,1,1,0,4,6,0,12,11,0
2016471602273 ,-0.915304,50.87352,1,2,2,2,13.30,6,6,40,0,0,0,0,0,1,1,1,0,0,2,9,9,0,16,17,0,10,10,0,9,9,0,6,6,0,13,13,0,7,9,0,12,12,0,1,1,0,1,1,0,6,6,0,1,2,0,11,7,0,8,7,0
201663DP05916,-3.244506,52.714666,1,1,3,6,8.39,3,6,60,0,0,0,0,0,1,1,1,0,0,2,9,0,0,17,0,0,10,0,0,9,0,0,5,0,0,13,0,0,7,0,0,12,0,0,4,0,0,1,0,0,6,0,0,1,0,0,7,0,0,10,0,0
2016440036678 ,-1.417068,51.228367,1,2,1,2,8.8,6,6,60,3,4,6,0,0,1,1,2,0,0,2,19,9,0,9,18,0,10,10,0,8,8,0,6,6,0,13,13,0,9,9,0,12,12,0,1,3,0,1,1,0,6,6,0,1,2,0,8,9,0,9,3,0
2016541610416 ,-1.851553,51.544205,1,2,1,2,8.18,1,7,70,0,0,0,0,0,1,1,1,0,0,1,5,9,0,18,3,0,10,10,0,9,9,0,6,6,0,13,13,0,9,9,0,12,12,0,1,2,0,1,1,0,6,6,0,1,2,0,7,7,0,12,2,0
201697QA75112,-4.175286,55.779965,1,1,1,4,19.30,6,6,40,0,0,0,0,4,4,1,2,0,0,1,9,0,0,18,0,0,10,0,0,9,0,0,6,0,0,13,0,0,9,0,0,12,0,0,1,0,0,1,0,0,6,0,0,2,0,0,7,0,0,6,0,0
2016621601295 ,-4.015038,51.625716,1,1,1,5,17.14,6,6,20,3,4,6,0,0,1,1,1,0,0,1,9,0,0,18,0,0,10,0,0,2,0,0,6,0,0,13,0,0,9,0,0,12,0,0,3,0,0,1,0,0,2,0,0,1,0,0,8,0,0,4,0,0
2016100081431 ,-1.577206,54.898041,1,4,1,6,17.11,3,3,40,0,0,0,0,0,1,1,1,0,0,1,9,9,9,18,3,3,10,10,10,9,9,9,1,6,6,13,13,13,9,9,9,12,12,12,1,2,2,1,1,1,5,5,5,1,2,2,7,5,8,11,10,6
2016621600873 ,-3.449655,51.714538,1,1,1,7,20.44,4,1,30,1,4,3,0,0,1,1,1,0,0,1,9,0,0,18,0,0,10,0,0,2,0,0,6,0,0,13,0,0,9,0,0,12,0,0,1,0,0,1,0,0,6,0,0,1,0,0,4,0,0,9,0,0
201601QK50720,-0.210726,51.541463,1,1,1,3,10.21,5,6,30,6,2,5,0,5,1,1,1,0,0,1,8,0,0,9,0,0,10,0,0,8,0,0,6,0,0,13,0,0,9,0,0,12,0,0,1,0,0,1,0,0,1,0,0,1,0,0,7,0,0,2,0,0
2016430294281 ,-0.822285,52.056001,1,2,1,7,14.26,5,6,60,3,4,6,0,0,1,1,1,0,0,1,5,9,0,13,9,0,10,10,0,1,8,0,6,6,0,13,13,0,7,9,0,12,12,0,1,3,0,1,1,0,6,6,0,1,2,0,5,8,0,17,9,0
201601FH10098,-0.223905,51.502996,1,2,1,7,0.46,3,6,30,3,2,3,0,5,4,8,1,0,0,1,8,3,0,6,18,0,10,10,0,8,8,0,6,6,0,13,13,0,9,9,0,12,12,0,3,1,0,1,1,0,1,1,0,1,1,0,8,5,0,5,3,0
2016360066615 ,1.204954,52.548277,1,2,1,7,15.0,4,6,60,3,4,5,0,0,1,1,2,0,0,2,9,5,0,10,18,0,10,10,0,1,1,0,6,6,0,13,13,0,9,9,0,12,12,0,3,3,0,1,1,0,6,6,0,1,1,0,7,6,0,3,9,0
2016440411171 ,-0.948578,51.187903,1,2,1,2,11.5,6,6,60,0,0,0,0,0,1,1,1,0,0,2,9,9,0,18,18,0,10,10,0,9,9,0,6,6,0,13,13,0,9,9,0,12,12,0,2,2,0,1,1,0,6,6,0,2,1,0,6,10,0,12,12,0
2016140174347 ,-1.470314,53.379394,1,1,1,4,13.29,6,6,30,0,0,0,0,0,1,1,1,0,0,1,11,0,0,5,0,0,10,0,0,9,0,0,6,0,0,13,0,0,9,0,0,12,0,0,4,0,0,1,0,0,1,0,0,1,0,0,5,0,0,2,0,0
201601WW50264,-0.186569,51.463486,1,2,1,3,19.46,3,6,30,3,4,6,0,0,7,9,1,0,0,1,9,9,0,18,18,0,10,10,0,2,1,0,6,6,0,13,13,0,9,9,0,12,12,0,3,3,0,1,1,0,6,6,0,1,1,0,5,5,0,5,8,0
2016961601053 ,-4.678024,56.422992,1,2,2,4,11.50,3,6,60,3,4,6,0,0,1,1,1,0,0,2,5,5,0,18,18,0,10,10,0,1,1,0,6,6,0,13,13,0,9,9,0,12,12,0,1,2,0,1,1,0,6,6,0,1,1,0,6,6,0,10,6,0
201604WA16401,-3.035489,53.813827,1,2,1,4,6.25,3,6,30,0,0,0,0,0,1,1,1,0,0,1,3,9,0,5,18,0,10,10,0,9,9,0,6,6,0,13,13,0,9,9,0,12,12,0,4,4,0,1,1,0,2,6,0,1,1,0,9,5,0,3,2,0
2016921600088 ,-2.532116,57.056772,1,2,1,2,15.50,3,6,60,0,0,0,0,0,1,1,2,0,0,2,9,9,0,18,18,0,10,10,0,9,9,0,5,1,0,13,13,0,7,7,0,11,9,0,3,3,0,1,1,0,6,6,0,1,1,0,11,10,0,6,10,0
2016420128736 ,0.08031,51.65419,1,1,1,7,12.28,6,6,30,3,4,6,0,0,1,1,1,0,0,1,9,0,0,18,0,0,10,0,0,1,0,0,6,0,0,10,0,0,1,0,0,4,0,0,1,0,0,1,0,0,5,0,0,1,0,0,7,0,0,9,0,0
2016160074789 ,-0.076112,53.566316,1,1,1,6,13.45,6,2,30,0,0,0,0,0,1,1,1,0,0,1,9,0,0,18,0,0,10,0,0,9,0,0,6,0,0,13,0,0,9,0,0,12,0,0,1,0,0,1,0,0,6,0,0,2,0,0,7,0,0,3,0,0
2016370084291 ,1.043087,51.996242,1,3,1,6,16.45,3,3,70,0,0,0,0,0,1,1,1,0,0,2,9,97,9,12,18,18,10,10,10,9,9,9,6,6,6,13,13,13,9,9,9,12,12,12,3,4,2,1,1,1,6,6,6,2,1,2,4,8,9,3,11,2
201631D055916,-1.137876,52.998627,1,2,1,2,21.14,3,6,30,3,4,6,0,0,4,1,1,0,0,1,9,3,0,9,18,0,10,10,0,6,8,0,6,6,0,13,13,0,9,9,0,12,12,0,1,1,0,1,1,0,6,6,0,1,1,0,5,8,0,6,3,0
2016210056757 ,-1.682758,52.6091,1,1,1,3,6.18,3,6,30,3,4,6,0,0,1,1,1,0,0,1,9,0,0,18,0,0,10,0,0,1,0,0,6,0,0,13,0,0,9,0,0,12,0,0,1,0,0,1,0,0,2,0,0,2,0,0,4,0,0,9,0,0
2016500095479 ,-3.713709,50.800434,1,2,4,1,18.28,3,6,60,0,0,0,0,0,1,1,2,0,0,2,9,9,0,16,17,0,10,10,0,9,9,0,6,6,0,13,13,0,9,9,0,12,12,0,1,1,0,1,1,0,6,6,0,1,1,0,5,6,0,15,9,0
2016320112531 ,0.229911,53.172097,1,1,1,1,15.34,3,6,60,0,0,0,0,0,1,1,1,0,0,2,5,0,0,13,0,0,10,0,0,9,0,0,6,0,0,13,0,0,9,0,0,12,0,0,5,0,0,1,0,0,6,0,0,1,0,0,8,0,0,9,0,0
201606F011083,-2.32476,53.489169,1,1,1,6,17.10,3,6,30,8,2,6,0,5,4,1,2,0,0,1,9,0,0,18,0,0,10,0,0,2,0,0,6,0,0,13,0,0,9,0,0,12,0,0,1,0,0,1,0,0,6,0,0,2,0,0,6,0,0,10,0,0
2016410125139 ,-0.395443,51.691402,1,1,1,3,13.11,3,3,40,0,0,0,0,8,1,1,1,0,0,1,9,0,0,11,0,0,10,0,0,9,0,0,6,0,0,13,0,0,1,0,0,2,0,0,1,0,0,1,0,0,2,0,0,1,0,0,6,0,0,6,0,0
2016471600815 ,-0.882149,51.005717,1,3,1,4,8.10,3,6,60,0,0,0,0,0,1,1,1,0,0,2,9,11,21,13,18,18,10,10,10,9,9,9,1,1,6,13,13,13,9,1,9,12,12,12,1,1,5,1,1,1,1,1,1,2,1,1,5,7,9,16,6,1
2016210041220 ,-2.246706,53.054578,1,1,1,6,18.3,3,3,70,3,4,6,0,0,4,1,1,0,0,2,9,0,0,18,0,0,10,0,0,1,0,0,6,0,0,13,0,0,9,0,0,12,0,0,4,0,0,1,0,0,6,0,0,1,0,0,8,0,0,6,0,0
2016410116711 ,-0.220974,51.992365,1,1,1,7,3.45,6,6,30,3,4,6,0,0,4,1,1,0,0,1,9,0,0,16,0,0,10,0,0,2,0,0,1,0,0,13,0,0,7,0,0,4,0,0,3,0,0,1,0,0,6,0,0,1,0,0,6,0,0,10,0,0
2016100030516 ,-1.663498,54.965431,1,1,1,3,14.37,3,3,50,3,2,4,0,5,1,1,2,0,0,1,3,0,0,4,0,0,10,0,0,1,0,0,1,0,0,13,0,0,9,0,0,12,0,0,5,0,0,1,0,0,2,0,0,1,0,0,8,0,0,4,0,0
2016471607552 ,-0.208215,51.115118,1,1,1,4,10.50,3,3,50,0,0,0,0,0,1,1,1,0,0,1,9,0,0,18,0,0,10,0,0,9,0,0,6,0,0,13,0,0,5,0,0,6,0,0,3,0,0,1,0,0,6,0,0,2,0,0,6,0,0,2,0,0
2016170M31386,-1.184672,54.529171,1,2,2,6,14.3,6,6,30,0,0,0,0,0,1,1,1,0,0,1,9,19,0,1,2,0,10,10,0,9,9,0,6,6,0,13,13,0,9,9,0,12,12,0,2,4,0,1,1,0,6,1,0,2,1,0,11,8,0,8,9,0
2016410142927 ,-0.377129,51.670675,1,2,3,4,17.49,6,6,60,0,0,0,0,0,6,2,2,0,0,2,9,9,0,16,18,0,10,10,0,9,9,0,6,6,0,13,13,0,9,1,0,12,12,0,1,1,0,1,1,0,5,5,0,1,2,0,6,7,0,14,4,0
2016500108419 ,-3.736423,50.66192,1,2,1,3,13.3,4,6,60,6,4,6,0,0,1,1,1,0,0,2,19,3,0,9,17,0,10,10,0,5,8,0,6,6,0,13,13,0,9,9,0,12,12,0,1,3,0,1,1,0,1,5,0,1,1,0,5,6,0,2,11,0
2016200070790 ,-1.892655,52.480361,1,1,1,3,21.49,6,6,30,0,0,0,0,0,4,2,2,0,0,1,9,0,0,17,0,0,10,0,0,9,0,0,6,0,0,13,0,0,7,0,0,11,0,0,1,0,0,1,0,0,6,0,0,2,0,0,6,0,0,16,0,0
2016410142148 ,-0.47961,51.765474,1,2,1,4,16.40,6,1,50,1,4,6,0,0,4,1,2,0,0,2,9,2,0,18,9,0,10,10,0,4,8,0,6,6,0,13,13,0,9,9,0,12,12,0,1,4,0,1,1,0,5,5,0,1,2,0,6,5,0,2,5,0
201663CP25316,-4.917592,51.678464,1,1,1,5,8.10,6,6,30,9,4,6,0,0,1,1,1,0,0,2,9,0,0,7,0,0,10,0,0,1,0,0,6,0,0,13,0,0,9,0,0,12,0,0,4,0,0,1,0,0,6,0,0,1,0,0,8,0,0,12,0,0
2016051600890 ,-2.971832,53.408938,1,1,1,2,19.5,3,6,30,0,0,0,0,0,4,1,1,0,0,1,9,0,0,18,0,0,10,0,0,9,0,0,6,0,0,13,0,0,9,0,0,12,0,0,1,0,0,1,0,0,6,0,0,1,0,0,6,0,0,9,0,0
2016140049580 ,-1.60164,53.318339,1,1,1,7,4.10,3,6,60,3,4,3,0,0,6,1,1,0,2,2,9,0,0,18,0,0,10,0,0,8,0,0,2,0,0,11,0,0,3,0,0,1,0,0,1,0,0,1,0,0,6,0,0,1,0,0,9,0,0,13,0,0
2016410125761 ,-0.029111,52.061381,1,2,1,5,6.20,3,1,60,1,4,3,0,0,4,1,1,0,0,2,9,4,0,18,9,0,10,10,0,4,8,0,6,6,0,13,13,0,9,9,0,12,12,0,1,4,0,1,1,0,6,6,0,1,1,0,7,8,0,1,20,0
2016200102252 ,-1.842352,52.44438,1,2,1,4,11.56,6,6,30,0,0,0,0,0,1,1,1,0,0,1,90,5,0,6,18,0,10,10,0,9,9,0,6,6,0,13,13,0,9,9,0,12,12,0,2,1,0,1,1,0,1,6,0,1,1,0,9,6,0,8,23,0
2016410130202 ,-0.478212,51.639738,1,1,1,4,17.15,6,6,30,0,0,0,0,0,4,1,2,0,0,1,9,0,0,5,0,0,10,0,0,9,0,0,6,0,0,13,0,0,9,0,0,12,0,0,4,0,0,1,0,0,5,0,0,1,0,0,11,0,0,13,0,0
2016140049826 ,-1.448112,53.587086,1,2,1,4,18.3,4,6,30,3,4,4,0,0,4,1,2,0,0,1,9,3,0,9,5,0,10,10,0,6,1,0,6,1,0,13,13,0,9,9,0,12,12,0,3,1,0,1,1,0,6,1,0,1,1,0,8,4,0,15,5,0
2016140041786 ,-1.433108,53.481183,1,2,2,2,9.15,4,6,60,3,4,6,0,0,1,1,2,0,0,2,9,9,0,17,18,0,10,10,0,2,1,0,6,6,0,13,13,0,9,9,0,12,12,0,1,1,0,1,1,0,1,1,0,1,1,0,5,5,0,12,7,0
201697UC01408,-4.101419,55.513277,1,1,1,1,2.20,3,6,60,0,0,0,0,0,6,1,2,0,0,2,9,0,0,17,0,0,10,0,0,9,0,0,1,0,0,13,0,0,7,0,0,4,0,0,1,0,0,1,0,0,6,0,0,1,0,0,6,0,0,8,0,0
2016440122569 ,-0.977148,50.790813,1,2,1,4,18.39,6,6,30,3,4,6,0,0,7,1,1,0,0,1,9,3,0,9,18,0,10,10,0,8,8,0,6,6,0,13,13,0,9,9,0,12,12,0,3,1,0,1,1,0,6,6,0,1,1,0,8,6,0,8,17,0
2016420092800 ,0.192105,52.046925,1,5,4,6,16.12,1,3,70,0,0,0,0,0,1,1,1,0,3,2,9,9,9,3,3,18,10,10,10,9,9,9,1,1,1,13,4,4,9,9,9,12,12,12,1,1,1,1,1,1,5,6,6,2,2,1,5,6,7,5,1,1
201631A175816,-1.267706,53.115623,1,2,1,7,20.16,4,6,30,0,0,0,0,0,4,1,1,0,0,1,5,9,0,18,6,0,10,10,0,9,9,0,6,6,0,13,13,0,9,9,0,12,12,0,1,2,0,1,1,0,6,6,0,1,1,0,5,5,0,19,1,0
201697NA70507,-3.922235,55.837522,1,2,1,3,11.30,1,3,70,0,0,0,0,0,1,1,1,4,0,2,20,21,0,5,18,0,8,10,0,9,9,0,6,3,0,2,2,0,9,6,0,12,6,0,4,3,0,1,1,0,1,1,0,1,1,0,7,8,0,12,3,0
2016500098083 ,-3.43821,50.668051,1,2,1,4,15.43,3,6,30,3,2,6,0,0,1,1,1,0,0,2,3,9,0,13,9,0,10,10,0,8,5,0,6,6,0,13,13,0,9,9,0,12,12,0,4,3,0,1,1,0,2,5,0,1,2,0,4,10,0,1,17,0
2016160065726 ,-0.273146,53.761188,1,2,1,2,14.20,6,6,30,3,4,6,0,4,1,1,1,0,0,1,9,9,0,9,18,0,10,10,0,5,1,0,6,6,0,13,13,0,9,9,0,12,12,0,1,1,0,1,1,0,6,6,0,2,2,0,9,8,0,15,16,0
201601XD80780,-0.372551,51.544899,1,1,1,6,14.35,3,6,30,3,4,6,0,0,1,1,1,0,0,1,11,0,0,4,0,0,10,0,0,8,0,0,6,0,0,13,0,0,9,0,0,12,0,0,5,0,0,1,0,0,6,0,0,1,0,0,8,0,0,7,0,0
2016471607489 ,0.487154,50.845434,1,3,3,2,8.56,3,6,30,8,4,6,0,0,1,2,2,0,0,1,19,19,9,18,4,10,10,10,10,1,1,1,6,6,6,13,13,13,9,9,9,12,12,12,1,2,2,1,1,1,2,1,2,1,1,1,8,6,8,15,3,1
201601GD10028,-0.076129,51.545988,1,1,1,4,13.50,3,6,20,0,0,0,0,0,1,1,2,0,0,1,9,0,0,18,0,0,10,0,0,9,0,0,6,0,0,13,0,0,9,0,0,12,0,0,4,0,0,1,0,0,1,0,0,1,0,0,7,0,0,13,0,0
201606L018708,-2.652443,53.53778,1,1,2,1,20.10,3,6,30,3,4,6,0,0,1,1,1,0,0,1,9,0,0,18,0,0,10,0,0,1,0,0,6,0,0,13,0,0,9,0,0,12,0,0,1,0,0,1,0,0,6,0,0,2,0,0,7,0,0,9,0,0
2016500126872 ,-5.464062,50.172908,1,2,2,5,16.35,6,6,60,0,0,0,0,0,1,1,2,0,0,2,9,9,0,16,17,0,10,10,0,9,9,0,1,6,0,13,13,0,7,9,0,4,12,0,1,1,0,1,1,0,6,6,0,1,1,0,8,8,0,10,17,0
2016420044505 ,0.498311,51.593067,1,2,2,7,15.42,3,3,70,1,2,3,0,0,1,2,2,0,0,2,19,9,0,18,3,0,10,10,0,1,1,0,1,6,0,13,13,0,9,9,0,12,12,0,1,2,0,1,1,0,6,6,0,1,2,0,6,6,0,13,9,0
2016520606684 ,-2.834235,51.28963,1,2,3,1,10.30,3,6,40,3,4,6,0,0,1,1,1,0,0,2,9,9,0,18,18,0,10,10,0,8,8,0,6,6,0,13,13,0,9,9,0,12,12,0,1,1,0,1,1,0,6,6,0,1,1,0,11,11,0,8,3,0
2016930000472 ,-2.976451,56.563263,1,1,1,1,13.20,3,6,60,0,0,0,0,0,1,1,1,0,0,2,5,0,0,16,0,0,10,0,0,9,0,0,5,0,0,13,0,0,7,0,0,7,0,0,1,0,0,1,0,0,6,0,0,1,0,0,8,0,0,1,0,0
2016440342510 ,-1.398208,50.902467,1,2,2,1,11.13,3,6,30,3,4,6,0,4,1,1,1,0,0,1,9,9,0,18,9,0,10,10,0,8,8,0,6,6,0,13,13,0,9,9,0,12,12,0,1,1,0,1,1,0,6,6,0,1,2,0,9,5,0,11,11,0