Accident_Index,Longitude,Latitude,SV,Number_of_Vehicles,Number_of_Casualties,Day_of_Week,Time,1st_Road_Class,Road_Type,Speed_limit,Junction_Detail,Junction_Control,2nd_Road_Class,Pedestrian_Crossing-Human_Control,Pedestrian_Crossing-Physical_Facilities,Light_Conditions,Weather_Conditions,Road_Surface_Conditions,Special_Conditions_at_Site,Carriageway_Hazards,Urban_or_Rural_Area,Vehicle1_Type,Vehicle2_Type,Vehicle3_Type,Vehicle1_Manoeuvre,Vehicle2_Manoeuvre,Vehicle3_Manoeuvre,Vehicle1_Location-Restricted_Lane,Vehicle2_Location-Restricted_Lane,Vehicle3_Location-Restricted_Lane,Junction1_Location,Junction2_Location,Junction3_Location,Skidding1_and_Overturning,Skidding2_and_Overturning,Skidding3_and_Overturning,Hit_Object_in_Carriageway1,Hit_Object_in_Carriageway2,Hit_Object_in_Carriageway3,Vehicle1_Leaving_Carriageway,Vehicle2_Leaving_Carriageway,Vehicle3_Leaving_Carriageway,Hit_Object_off_Carriageway1,Hit_Object_off_Carriageway2,Hit_Object_off_Carriageway3,1st_Point_of_Impact1,1st_Point_of_Impact2,1st_Point_of_Impact3,Was_Vehicle 1_Left_Hand_Drive?,Was_Vehicle2_Left_Hand_Drive?,Was_Vehicle 3_Left_Hand_Drive?,Journey_Purpose_of_Driver1,Journey_Purpose_of_Driver2,Journey_Purpose_of_Driver3,Sex_of_Driver1,Sex_of_Driver2,Sex_of_Driver3,Age_Band_of_Driver1,Age_Band_of_Driver2,Age_Band_of_Driver3,Age_of_Vehicle1,Age_of_Vehicle2,Age_of_Vehicle3
2016200083094 ,-1.502708,52.43818,1,3,2,1,10.54,4,6,30,1,4,4,0,0,1,1,1,0,0,1,5,19,9,13,18,18,10,10,10,3,3,1,2,6,6,13,13,13,9,9,9,12,12,12,4,3,1,1,1,1,6,6,6,1,1,2,6,6,8,6,2,13
2016170H10136,-1.23998,54.647866,1,1,1,1,21.4,3,3,50,3,2,5,0,5,4,2,2,0,0,2,9,0,0,18,0,0,10,0,0,1,0,0,6,0,0,13,0,0,1,0,0,2,0,0,1,0,0,1,0,0,6,0,0,1,0,0,5,0,0,15,0,0
201654A155716,-1.77826,51.138338,1,3,2,6,14.50,3,6,60,3,4,5,0,0,1,1,1,0,0,2,9,9,9,9,18,18,10,10,10,5,8,1,6,6,6,13,13,10,9,1,9,12,12,12,1,1,4,1,1,1,6,6,6,1,1,1,10,8,6,9,13,3
2016220090674 ,-2.410402,52.535913,1,1,1,3,3.30,4,6,30,0,0,0,0,0,6,1,1,0,0,1,3,0,0,16,0,0,10,0,0,9,0,0,6,0,0,13,0,0,9,0,0,12,0,0,4,0,0,1,0,0,5,0,0,1,0,0,4,0,0,1,0,0
2016010000459 ,-0.1075,51.589393,1,1,2,7,11.25,3,6,30,0,0,0,0,0,1,1,1,0,0,1,9,0,0,4,0,0,10,0,0,9,0,0,6,0,0,13,0,0,9,0,0,12,0,0,3,0,0,1,0,0,6,0,0,1,0,0,6,0,0,16,0,0
2016160140633 ,-0.140756,53.763423,1,1,2,7,18.31,6,6,60,0,0,0,0,0,6,1,2,7,0,2,5,0,0,18,0,0,10,0,0,9,0,0,1,0,0,10,0,0,1,0,0,9,0,0,1,0,0,1,0,0,5,0,0,1,0,0,9,0,0,18,0,0
2016961600097 ,-4.025557,56.122827,1,2,2,3,17.23,3,6,60,3,4,6,0,0,1,1,2,0,0,2,9,19,0,18,10,0,10,10,0,1,1,0,6,6,0,13,13,0,9,9,0,12,12,0,1,2,0,1,1,0,6,1,0,2,1,0,8,7,0,6,14,0
201643R030086,-0.735345,51.396405,1,1,2,6,21.0,6,6,30,0,0,0,0,1,4,1,1,0,0,1,9,0,0,18,0,0,10,0,0,9,0,0,6,0,0,13,0,0,9,0,0,12,0,0,1,0,0,1,0,0,6,0,0,2,0,0,6,0,0,5,0,0
201606M011107,-2.322222,53.426651,1,2,1,6,7.44,5,6,30,3,4,6,0,0,4,2,2,0,0,1,3,9,0,18,9,0,10,10,0,8,8,0,6,6,0,13,13,0,9,9,0,12,12,0,1,1,0,1,1,0,2,1,0,1,1,0,4,8,0,1,10,0
201601EO40172,-0.087212,51.546529,1,1,1,6,22.0,3,6,30,6,2,3,0,5,4,1,1,0,0,1,8,0,0,9,0,0,10,0,0,8,0,0,6,0,0,13,0,0,9,0,0,12,0,0,1,0,0,1,0,0,1,0,0,1,0,0,9,0,0,3,0,0
201604SA16009,-2.631095,53.717405,1,2,2,1,16.6,1,3,70,1,4,1,0,0,1,1,1,0,0,2,9,5,0,5,18,0,10,10,0,4,8,0,6,6,0,13,13,0,9,9,0,12,12,0,3,1,0,1,1,0,6,6,0,2,1,0,6,8,0,8,2,0
2016400073348 ,-0.299938,52.097935,1,2,2,2,15.41,5,6,30,3,4,6,0,0,1,1,1,0,0,2,9,5,0,9,18,0,10,10,0,1,1,0,6,6,0,13,13,0,9,9,0,12,12,0,4,1,0,1,1,0,4,2,0,1,1,0,7,10,0,5,2,0
201601TX20289,-0.377619,51.438858,1,1,1,7,10.40,6,6,30,3,4,6,0,0,1,1,1,0,0,1,9,0,0,9,0,0,10,0,0,8,0,0,6,0,0,13,0,0,9,0,0,12,0,0,1,0,0,1,0,0,6,0,0,1,0,0,7,0,0,10,0,0
2016420066349 ,0.685398,51.728956,1,1,1,6,12.42,6,6,30,9,4,6,0,0,1,1,1,0,0,1,9,0,0,1,0,0,10,0,0,8,0,0,6,0,0,13,0,0,9,0,0,12,0,0,2,0,0,1,0,0,5,0,0,1,0,0,4,0,0,7,0,0
2016100072868 ,-2.475693,54.83564,1,2,1,3,14.30,3,6,60,0,0,0,0,0,1,1,1,0,0,2,9,19,0,17,16,0,10,10,0,9,9,0,6,6,0,13,13,0,9,9,0,12,12,0,1,1,0,1,1,0,5,1,0,1,1,0,9,9,0,10,2,0
2016420115369 ,1.059302,51.832444,1,1,1,4,21.57,4,6,60,0,0,0,0,0,6,5,2,0,0,2,9,0,0,18,0,0,10,0,0,9,0,0,1,0,0,13,0,0,1,0,0,12,0,0,3,0,0,1,0,0,6,0,0,1,0,0,4,0,0,12,0,0
2016460068341 ,0.608392,51.117554,1,2,2,3,16.55,3,6,60,0,0,0,0,0,1,1,1,0,0,2,19,9,0,18,18,0,10,10,0,9,9,0,6,6,0,13,13,0,9,9,0,12,12,0,1,1,0,1,1,0,1,6,0,1,2,0,9,7,0,2,12,0
2016621601942 ,-3.663479,51.511158,1,1,1,4,12.55,6,6,60,0,0,0,0,0,1,2,2,0,0,2,9,0,0,17,0,0,10,0,0,9,0,0,6,0,0,13,0,0,7,0,0,4,0,0,1,0,0,1,0,0,1,0,0,1,0,0,5,0,0,3,0,0
2016010005430 ,0.169946,51.525146,1,2,1,3,15.41,3,6,30,3,2,5,0,4,1,1,2,0,0,1,19,3,0,9,18,0,10,10,0,1,8,0,6,6,0,13,7,0,9,9,0,12,12,0,1,1,0,1,1,0,1,6,0,1,1,0,6,6,0,3,1,0
2016621600891 ,-3.350599,51.509171,1,4,1,5,7.23,3,7,70,5,4,1,0,0,1,1,1,0,0,2,9,9,9,18,4,4,10,10,10,7,8,8,6,6,6,13,13,13,9,9,9,12,12,12,1,2,2,1,1,1,6,2,2,2,2,2,6,7,5,6,2,2
2016460106083 ,1.290304,51.162246,1,1,1,5,20.36,6,6,30,1,4,6,0,0,1,1,1,0,0,2,3,0,0,6,0,0,10,0,0,3,0,0,6,0,0,13,0,0,9,0,0,12,0,0,5,0,0,1,0,0,6,0,0,1,0,0,10,0,0,33,0,0
2016030046507 ,-2.923969,54.886852,1,1,1,6,19.45,3,6,30,0,0,0,0,0,4,2,2,0,0,1,9,0,0,6,0,0,9,0,0,9,0,0,6,0,0,13,0,0,9,0,0,12,0,0,1,0,0,1,0,0,1,0,0,1,0,0,8,0,0,12,0,0
2016440111652 ,-1.404459,50.906303,1,1,1,2,10.18,6,6,30,0,0,0,0,0,1,1,1,0,0,1,11,0,0,18,0,0,10,0,0,9,0,0,6,0,0,13,0,0,9,0,0,12,0,0,4,0,0,1,0,0,1,0,0,1,0,0,8,0,0,1,0,0
2016010018174 ,0.024644,51.541773,1,1,1,6,17.0,3,6,30,0,0,0,0,0,1,1,1,0,0,1,9,0,0,18,0,0,10,0,0,9,0,0,6,0,0,13,0,0,9,0,0,12,0,0,1,0,0,1,0,0,6,0,0,1,0,0,9,0,0,7,0,0
2016370091306 ,0.863759,51.971342,1,2,2,1,13.59,3,6,30,3,4,6,0,0,1,1,1,0,0,2,9,3,0,18,18,0,10,10,0,8,8,0,6,5,0,13,13,0,9,9,0,12,12,0,3,1,0,1,1,0,5,2,0,1,2,0,10,5,0,13,7,0
201691NE06288,-4.151299,57.573352,1,1,3,1,5.11,3,6,60,0,0,0,0,0,1,1,1,0,0,2,9,0,0,17,0,0,10,0,0,9,0,0,1,0,0,13,0,0,2,0,0,11,0,0,4,0,0,1,0,0,6,0,0,2,0,0,4,0,0,5,0,0
201697UC40704,-4.462766,55.447963,1,2,1,3,17.30,3,6,40,9,4,4,0,0,1,2,2,0,0,2,9,9,0,9,18,0,10,10,0,8,1,0,6,1,0,13,13,0,9,1,0,12,12,0,4,3,0,1,1,0,6,2,0,2,2,0,10,8,0,3,8,0
2016500085630 ,-5.655144,50.147864,1,2,3,7,16.45,4,6,60,0,0,0,0,0,1,1,1,0,0,2,9,9,0,17,18,0,10,10,0,9,9,0,6,5,0,13,13,0,9,1,0,12,12,0,1,1,0,1,1,0,6,6,0,2,2,0,8,7,0,15,16,0
2016950002298 ,-3.160886,55.974802,1,2,1,3,5.55,6,6,30,6,2,3,0,5,1,1,2,0,0,1,9,4,0,12,13,0,10,10,0,2,2,0,6,5,0,13,13,0,9,9,0,12,12,0,5,3,0,1,1,0,6,2,0,1,1,0,8,9,0,5,2,0
2016440093078 ,-1.399321,50.918768,1,2,1,1,17.53,6,6,30,8,4,6,0,0,1,1,1,0,0,1,9,3,0,1,18,0,10,10,0,8,8,0,6,1,0,13,13,0,9,9,0,12,12,0,4,1,0,1,1,0,6,1,0,2,1,0,5,6,0,16,6,0
2016230058203 ,-1.62556,52.102064,1,2,2,2,8.50,3,6,60,0,0,0,0,0,1,1,1,0,0,2,19,9,0,18,18,0,10,10,0,9,9,0,6,6,0,13,13,0,9,9,0,12,12,0,1,1,0,1,1,0,1,1,0,1,1,0,5,8,0,11,3,0
2016133BM1064,-1.591733,53.79657,1,1,1,3,16.30,6,6,30,3,4,6,0,0,4,2,2,0,0,1,9,0,0,9,0,0,10,0,0,5,0,0,6,0,0,13,0,0,9,0,0,12,0,0,1,0,0,1,0,0,6,0,0,2,0,0,9,0,0,11,0,0
201601ZD30612,-0.099391,51.350953,1,2,1,2,10.41,3,6,30,3,4,6,0,0,1,9,1,0,0,1,3,9,0,18,9,0,10,10,0,8,8,0,6,6,0,13,13,0,9,9,0,12,12,0,1,4,0,1,1,0,6,6,0,1,2,0,6,9,0,1,6,0
2016548938516 ,-1.768916,51.163328,1,1,1,3,8.33,6,6,30,0,0,0,0,0,1,1,1,0,0,2,9,0,0,18,0,0,10,0,0,9,0,0,6,0,0,13,0,0,9,0,0,12,0,0,4,0,0,1,0,0,2,0,0,2,0,0,7,0,0,11,0,0
2016331600206 ,-1.102135,52.636221,1,2,1,1,22.20,4,6,30,0,0,0,0,0,4,1,1,0,0,1,9,3,0,6,4,0,10,10,0,9,9,0,6,1,0,13,13,0,9,9,0,12,12,0,3,1,0,1,1,0,6,6,0,2,1,0,5,5,0,10,6,0
201631C139116,-1.145221,52.953417,1,1,1,2,18.54,6,2,30,3,4,6,0,0,1,1,1,0,0,1,11,0,0,9,0,0,10,0,0,5,0,0,6,0,0,13,0,0,9,0,0,12,0,0,1,0,0,1,0,0,1,0,0,1,0,0,8,0,0,1,0,0
2016140119787 ,-1.440104,53.419023,1,1,1,3,15.23,6,6,20,0,0,0,0,0,1,4,1,0,0,1,9,0,0,4,0,0,10,0,0,9,0,0,6,0,0,13,0,0,9,0,0,12,0,0,1,0,0,1,0,0,6,0,0,1,0,0,7,0,0,11,0,0
2016440173188 ,-1.494689,50.883779,1,1,1,1,19.4,6,6,60,0,0,0,0,0,1,1,1,0,0,2,9,0,0,17,0,0,10,0,0,9,0,0,2,0,0,13,0,0,7,0,0,9,0,0,5,0,0,1,0,0,6,0,0,1,0,0,4,0,0,17,0,0
2016410113614 ,-0.206847,51.907715,1,1,1,1,17.0,6,6,30,0,0,0,0,0,1,1,1,0,0,1,9,0,0,18,0,0,10,0,0,9,0,0,6,0,0,13,0,0,9,0,0,12,0,0,1,0,0,1,0,0,6,0,0,1,0,0,6,0,0,11,0,0
2016360052011 ,1.504288,52.523586,1,2,1,4,12.56,3,6,60,3,4,4,0,0,1,2,2,0,0,2,9,20,0,5,7,0,10,10,0,6,5,0,6,6,0,13,13,0,9,9,0,12,12,0,3,1,0,1,1,0,6,6,0,1,1,0,6,7,0,11,5,0
2016010003478 ,-0.319768,51.560521,1,1,3,6,15.22,3,6,30,3,4,6,0,5,1,1,1,0,0,1,9,0,0,1,0,0,10,0,0,8,0,0,6,0,0,13,0,0,1,0,0,10,0,0,2,0,0,1,0,0,3,0,0,2,0,0,8,0,0,3,0,0
2016500083228 ,-5.247483,50.247561,1,1,1,5,2.23,6,6,60,6,4,6,0,0,6,1,2,0,0,2,9,0,0,18,0,0,10,0,0,2,0,0,1,0,0,13,0,0,1,0,0,11,0,0,1,0,0,1,0,0,5,0,0,1,0,0,6,0,0,33,0,0
2016450077283 ,-0.03189,51.304072,1,2,2,4,13.35,4,6,60,3,4,6,0,0,1,2,2,0,0,2,9,9,0,9,18,0,10,10,0,6,1,0,6,6,0,13,13,0,9,9,0,12,12,0,3,1,0,1,1,0,5,5,0,1,1,0,7,7,0,4,10,0
2016010000746 ,0.075095,51.461933,1,5,1,3,9.31,6,6,40,6,2,6,0,0,1,1,1,0,0,1,8,9,9,12,18,18,10,10,10,2,2,2,6,6,6,13,13,13,9,9,9,12,12,12,1,1,1,1,1,1,1,6,2,1,1,2,8,7,6,2,6,10
2016520604685 ,-2.959467,50.860669,1,2,4,1,18.55,3,6,40,0,0,0,0,0,1,2,2,0,0,2,9,9,0,16,17,0,10,10,0,9,9,0,6,6,0,13,13,0,9,9,0,12,12,0,1,1,0,1,1,0,6,6,0,1,1,0,11,5,0,10,16,0
2016010003526 ,-0.383477,51.594688,1,1,1,7,9.55,3,6,30,0,0,0,0,1,1,1,1,0,0,1,9,0,0,18,0,0,10,0,0,9,0,0,6,0,0,13,0,0,9,0,0,12,0,0,3,0,0,1,0,0,6,0,0,1,0,0,11,0,0,1,0,0
2016420127735 ,0.883268,51.8583,1,1,1,5,23.23,6,6,60,0,0,0,0,0,6,2,2,0,0,2,9,0,0,16,0,0,10,0,0,9,0,0,1,0,0,13,0,0,7,0,0,4,0,0,1,0,0,1,0,0,5,0,0,1,0,0,6,0,0,16,0,0
2016941600427 ,-3.399983,56.04726,1,1,1,3,18.0,5,6,40,0,0,0,0,0,1,1,1,0,0,2,2,0,0,16,0,0,10,0,0,9,0,0,6,0,0,13,0,0,1,0,0,9,0,0,4,0,0,1,0,0,6,0,0,1,0,0,8,0,0,7,0,0
2016100128308 ,-1.659238,54.988973,1,2,1,1,18.20,4,6,30,3,4,6,0,0,4,1,2,0,0,1,9,3,0,9,18,0,10,10,0,8,8,0,6,6,0,13,13,0,9,9,0,12,12,0,1,1,0,1,1,0,5,6,0,1,1,0,8,6,0,23,11,0
20161337H1956,-1.314976,53.594631,1,1,3,1,21.35,4,6,30,0,0,0,2,4,1,1,1,0,0,1,3,0,0,18,0,0,10,0,0,9,0,0,2,0,0,13,0,0,1,0,0,1,0,0,1,0,0,1,0,0,6,0,0,1,0,0,4,0,0,6,0,0
2016471604635 ,-0.814443,50.996848,1,2,1,1,15.52,3,6,40,3,4,6,0,0,1,1,1,0,0,2,5,9,0,16,17,0,10,10,0,1,2,0,6,1,0,13,13,0,9,1,0,12,12,0,1,1,0,1,1,0,6,6,0,1,2,0,5,6,0,9,8,0
2016410124252 ,-0.367758,51.82137,1,1,1,4,15.15,6,6,30,0,0,0,0,0,1,1,1,0,0,1,9,0,0,18,0,0,10,0,0,9,0,0,6,0,0,13,0,0,7,0,0,10,0,0,1,0,0,1,0,0,6,0,0,1,0,0,9,0,0,10,0,0
2016440376599 ,-1.328445,50.874227,1,1,1,4,15.5,4,6,30,0,0,0,0,4,1,1,1,0,0,2,9,0,0,18,0,0,10,0,0,9,0,0,6,0,0,13,0,0,9,0,0,12,0,0,4,0,0,1,0,0,6,0,0,1,0,0,10,0,0,11,0,0
2016120117503 ,-1.078708,53.959094,1,1,1,6,23.6,6,6,30,0,0,0,0,0,4,1,1,0,0,1,9,0,0,18,0,0,10,0,0,9,0,0,6,0,0,13,0,0,9,0,0,12,0,0,1,0,0,1,0,0,6,0,0,1,0,0,5,0,0,11,0,0
2016140077523 ,-1.584962,53.519317,1,1,1,7,11.30,3,6,60,0,0,0,0,0,1,1,1,0,7,2,9,0,0,18,0,0,10,0,0,9,0,0,6,0,0,7,0,0,8,0,0,11,0,0,1,0,0,1,0,0,1,0,0,1,0,0,8,0,0,1,0,0
2016420039685 ,0.396641,51.606124,1,2,3,4,16.36,5,6,60,3,4,5,0,0,1,1,2,0,0,2,9,9,0,9,17,0,10,10,0,8,8,0,6,6,0,13,13,0,9,1,0,12,4,0,3,3,0,1,1,0,6,6,0,2,1,0,4,9,0,9,18,0
2016010001434 ,-0.084955,51.493794,1,1,1,1,18.26,3,3,30,1,2,3,0,4,4,1,1,0,0,1,4,0,0,16,0,0,10,0,0,2,0,0,1,0,0,13,0,0,9,0,0,12,0,0,5,0,0,1,0,0,6,0,0,1,0,0,7,0,0,18,0,0
2016471601616 ,0.467177,51.028477,1,2,1,6,11.48,3,6,50,8,4,6,0,0,1,1,1,0,0,2,5,9,0,18,10,0,10,10,0,1,1,0,1,6,0,13,13,0,1,9,0,12,12,0,1,2,0,1,1,0,6,6,0,1,1,0,6,8,0,15,5,0
2016200121537 ,-1.510972,52.405283,1,1,1,5,14.33,4,3,30,3,4,6,0,0,1,1,1,0,0,1,11,0,0,5,0,0,2,0,0,1,0,0,6,0,0,13,0,0,9,0,0,12,0,0,5,0,0,1,0,0,1,0,0,1,0,0,6,0,0,13,0,0
2016471603525 ,-0.172223,51.018782,1,2,4,1,11.5,4,6,60,0,0,0,0,0,1,2,2,6,0,2,9,9,0,17,16,0,10,10,0,9,9,0,1,6,0,13,13,0,1,1,0,4,12,0,1,1,0,1,1,0,6,6,0,1,2,0,6,7,0,12,2,0
2016200090302 ,-1.908216,52.453736,1,2,2,1,15.4,3,6,30,3,4,6,0,0,1,1,1,0,0,1,9,9,0,9,18,0,10,10,0,6,8,0,6,6,0,13,13,0,9,9,0,12,12,0,1,1,0,1,1,0,6,6,0,1,1,0,8,9,0,12,5,0
2016551600483 ,-1.866431,50.758098,1,1,1,4,11.47,3,6,30,3,2,6,0,4,1,1,1,0,0,1,9,0,0,5,0,0,10,0,0,1,0,0,6,0,0,13,0,0,9,0,0,12,0,0,1,0,0,1,0,0,6,0,0,1,0,0,10,0,0,10,0,0
2016133371472 ,-1.77633,53.787475,1,1,1,2,20.2,3,6,30,0,0,0,2,1,4,1,1,0,0,1,90,0,0,18,0,0,10,0,0,9,0,0,6,0,0,13,0,0,9,0,0,12,0,0,4,0,0,1,0,0,1,0,0,2,0,0,8,0,0,2,0,0
2016160126288 ,-0.427082,53.747027,1,1,1,6,8.1,4,6,30,0,0,0,0,4,1,1,1,0,0,1,9,0,0,18,0,0,10,0,0,9,0,0,6,0,0,13,0,0,9,0,0,12,0,0,1,0,0,1,0,0,6,0,0,2,0,0,8,0,0,8,0,0
2016440481716 ,-1.153203,50.72019,1,1,1,5,13.30,6,6,30,3,4,6,0,0,1,1,1,4,2,1,9,0,0,9,0,0,10,0,0,8,0,0,6,0,0,13,0,0,9,0,0,12,0,0,1,0,0,1,0,0,6,0,0,2,0,0,6,0,0,14,0,0
2016440199305 ,-1.298323,51.082472,1,2,1,7,9.46,3,3,70,0,0,0,0,0,1,1,1,0,0,2,9,21,0,11,18,0,10,10,0,9,9,0,6,6,0,13,13,0,9,9,0,12,12,0,1,2,0,1,1,0,6,1,0,1,1,0,7,6,0,8,2,0
2016610061316 ,-3.223969,51.666275,1,1,1,2,16.16,6,6,30,9,4,6,0,0,4,1,1,0,0,1,19,0,0,9,0,0,10,0,0,5,0,0,6,0,0,13,0,0,9,0,0,12,0,0,4,0,0,1,0,0,1,0,0,2,0,0,11,0,0,5,0,0
2016010002630 ,0.036422,51.518098,1,2,1,2,17.40,3,3,50,0,0,0,0,0,4,2,2,0,0,1,3,9,0,18,11,0,10,10,0,9,9,0,6,6,0,13,13,0,9,9,0,12,12,0,1,4,0,1,1,0,6,6,0,1,2,0,6,4,0,4,10,0
2016100063728 ,-1.693888,54.970211,1,2,2,2,21.14,3,3,40,1,4,3,0,0,4,1,1,0,0,1,9,9,0,16,9,0,10,10,0,4,4,0,1,6,0,9,13,0,5,9,0,2,12,0,1,4,0,1,1,0,5,5,0,1,2,0,8,8,0,12,11,0
2016200048306 ,-1.910963,52.477751,1,1,2,7,13.23,3,6,30,3,4,6,0,4,1,2,2,0,0,1,11,0,0,18,0,0,10,0,0,2,0,0,6,0,0,13,0,0,9,0,0,12,0,0,1,0,0,1,0,0,1,0,0,1,0,0,9,0,0,4,0,0
2016521601617 ,-2.579668,51.458776,1,1,1,6,19.40,6,6,20,6,4,6,0,0,7,1,1,0,0,1,19,0,0,1,0,0,6,0,0,1,0,0,6,0,0,13,0,0,9,0,0,12,0,0,2,0,0,1,0,0,1,0,0,1,0,0,7,0,0,1,0,0
2016471600166 ,-0.134122,50.83285,1,1,1,1,16.15,3,6,20,7,2,3,0,5,4,2,2,0,0,1,9,0,0,18,0,0,10,0,0,2,0,0,6,0,0,13,0,0,9,0,0,12,0,0,1,0,0,1,0,0,6,0,0,1,0,0,10,0,0,16,0,0
201606N010852,-2.352362,53.56438,1,3,6,3,19.31,3,6,30,3,4,6,0,0,4,1,1,0,0,1,9,11,9,18,18,18,10,10,10,8,8,8,6,6,6,13,13,13,9,9,9,12,12,12,1,1,1,1,1,1,6,1,6,1,1,2,6,8,6,15,16,15
2016440202864 ,-1.07077,51.283726,1,2,1,3,12.45,3,6,50,0,0,0,0,0,1,1,1,4,0,1,9,9,0,4,4,0,10,10,0,9,9,0,6,6,0,13,13,0,9,9,0,12,12,0,2,1,0,1,1,0,1,6,0,1,1,0,7,9,0,1,12,0
20161335K0391,-1.533514,53.848237,1,1,1,6,10.15,3,1,40,1,4,3,0,4,1,1,1,0,0,1,9,0,0,18,0,0,10,0,0,8,0,0,6,0,0,13,0,0,2,0,0,2,0,0,1,0,0,1,0,0,6,0,0,1,0,0,11,0,0,5,0,0
2016010002835 ,-0.091316,51.375912,1,1,1,3,18.15,3,6,30,3,4,6,0,0,4,1,1,0,0,1,11,0,0,3,0,0,10,0,0,1,0,0,6,0,0,13,0,0,9,0,0,12,0,0,5,0,0,1,0,0,1,0,0,1,0,0,8,0,0,11,0,0
2016010000471 ,-0.058232,51.600458,1,2,1,6,19.36,6,6,30,6,4,6,0,0,4,1,1,0,0,1,9,2,0,18,18,0,10,10,0,7,7,0,6,6,0,13,13,0,9,9,0,12,12,0,2,1,0,1,1,0,6,6,0,1,1,0,7,5,0,10,10,0
2016420063310 ,0.578324,51.597757,1,2,2,3,15.55,3,6,40,3,4,6,0,0,1,1,1,0,0,2,9,9,0,5,18,0,8,10,0,6,8,0,6,6,0,13,13,0,9,9,0,12,12,0,1,1,0,1,1,0,6,6,0,1,2,0,7,4,0,9,10,0
2016140145494 ,-1.07086,53.579088,1,1,1,3,19.30,6,6,30,3,4,6,0,0,4,5,2,0,0,1,9,0,0,7,0,0,10,0,0,5,0,0,6,0,0,13,0,0,9,0,0,12,0,0,3,0,0,1,0,0,2,0,0,1,0,0,8,0,0,2,0,0
2016200115488 ,-1.929279,52.486897,1,2,1,1,23.0,6,6,30,3,2,3,0,5,4,1,1,0,0,1,9,9,0,7,7,0,10,10,0,5,5,0,6,6,0,13,13,0,9,9,0,12,12,0,1,1,0,1,1,0,6,6,0,1,2,0,5,8,0,16,12,0
201604WA16395,-3.005982,53.780371,1,2,1,5,18.55,6,6,30,0,0,0,0,0,1,1,1,0,0,2,9,9,0,18,4,0,10,10,0,9,9,0,6,6,0,13,13,0,9,9,0,12,12,0,1,2,0,1,1,0,6,6,0,2,1,0,9,10,0,12,7,0
2016521602331 ,-2.927585,51.36028,1,1,1,7,17.40,6,6,30,0,0,0,0,0,1,1,1,5,0,1,3,0,0,4,0,0,10,0,0,9,0,0,6,0,0,13,0,0,9,0,0,12,0,0,3,0,0,1,0,0,2,0,0,2,0,0,8,0,0,17,0,0
2016430290702 ,-1.234538,51.769298,1,3,1,7,8.28,4,6,30,3,4,6,0,0,1,1,1,0,0,1,5,9,9,18,9,2,10,10,10,1,6,2,1,6,6,4,13,13,9,9,9,12,12,12,3,4,2,1,1,1,6,2,6,1,2,2,6,8,4,10,3,12
201606E017867,-2.251617,53.443261,1,1,1,2,8.0,5,6,30,6,2,3,0,5,1,1,1,0,0,1,9,0,0,18,0,0,10,0,0,2,0,0,6,0,0,13,0,0,9,0,0,12,0,0,1,0,0,1,0,0,2,0,0,2,0,0,5,0,0,7,0,0
2016471602687 ,0.288699,50.797124,1,1,1,1,20.17,6,1,40,1,4,6,0,0,1,1,1,0,0,1,3,0,0,18,0,0,10,0,0,1,0,0,6,0,0,10,0,0,1,0,0,12,0,0,1,0,0,1,0,0,6,0,0,1,0,0,4,0,0,1,0,0
201606K015460,-2.435966,53.567664,1,1,1,6,8.50,5,2,30,6,4,6,0,0,1,1,1,0,0,1,9,0,0,18,0,0,10,0,0,8,0,0,6,0,0,13,0,0,9,0,0,12,0,0,4,0,0,1,0,0,6,0,0,2,0,0,8,0,0,12,0,0
201601BS70246,-0.192246,51.494688,1,1,1,1,16.18,3,6,30,3,2,5,0,5,1,1,1,0,0,1,8,0,0,18,0,0,10,0,0,8,0,0,6,0,0,13,0,0,9,0,0,12,0,0,4,0,0,1,0,0,6,0,0,1,0,0,7,0,0,3,0,0
2016360060800 ,1.198198,52.591054,1,1,1,5,13.10,3,3,70,0,0,0,0,0,1,1,1,0,0,2,10,0,0,18,0,0,10,0,0,9,0,0,5,0,0,13,0,0,1,0,0,1,0,0,1,0,0,1,0,0,6,0,0,2,0,0,9,0,0,8,0,0
201634WS14396,-0.980602,52.146524,1,2,1,1,15.50,3,3,70,9,4,5,0,0,1,1,1,0,0,2,9,5,0,9,18,0,10,10,0,8,8,0,6,6,0,13,13,0,9,9,0,12,12,0,2,1,0,1,1,0,6,6,0,2,1,0,10,6,0,9,17,0
201606P011373,-2.095386,53.643671,1,1,2,6,21.40,6,1,30,1,4,3,0,8,4,1,4,0,0,1,9,0,0,9,0,0,10,0,0,5,0,0,6,0,0,13,0,0,9,0,0,12,0,0,1,0,0,1,0,0,6,0,0,2,0,0,5,0,0,3,0,0
2016360100612 ,1.081441,52.589925,1,1,1,6,11.5,4,6,60,0,0,0,0,0,1,1,1,0,0,2,17,0,0,18,0,0,10,0,0,9,0,0,6,0,0,5,0,0,9,0,0,12,0,0,2,0,0,1,0,0,1,0,0,1,0,0,11,0,0,9,0,0
2016440428479 ,-0.770712,51.284062,1,1,2,1,10.50,3,6,30,1,4,6,0,0,1,1,2,0,0,1,9,0,0,18,0,0,10,0,0,2,0,0,2,0,0,10,0,0,1,0,0,2,0,0,1,0,0,1,0,0,6,0,0,1,0,0,6,0,0,15,0,0