Accident_Index,Longitude,Latitude,SV,Number_of_Vehicles,Number_of_Casualties,Day_of_Week,Time,1st_Road_Class,Road_Type,Speed_limit,Junction_Detail,Junction_Control,2nd_Road_Class,Pedestrian_Crossing-Human_Control,Pedestrian_Crossing-Physical_Facilities,Light_Conditions,Weather_Conditions,Road_Surface_Conditions,Special_Conditions_at_Site,Carriageway_Hazards,Urban_or_Rural_Area,Vehicle1_Type,Vehicle2_Type,Vehicle3_Type,Vehicle1_Manoeuvre,Vehicle2_Manoeuvre,Vehicle3_Manoeuvre,Vehicle1_Location-Restricted_Lane,Vehicle2_Location-Restricted_Lane,Vehicle3_Location-Restricted_Lane,Junction1_Location,Junction2_Location,Junction3_Location,Skidding1_and_Overturning,Skidding2_and_Overturning,Skidding3_and_Overturning,Hit_Object_in_Carriageway1,Hit_Object_in_Carriageway2,Hit_Object_in_Carriageway3,Vehicle1_Leaving_Carriageway,Vehicle2_Leaving_Carriageway,Vehicle3_Leaving_Carriageway,Hit_Object_off_Carriageway1,Hit_Object_off_Carriageway2,Hit_Object_off_Carriageway3,1st_Point_of_Impact1,1st_Point_of_Impact2,1st_Point_of_Impact3,Was_Vehicle 1_Left_Hand_Drive?,Was_Vehicle2_Left_Hand_Drive?,Was_Vehicle 3_Left_Hand_Drive?,Journey_Purpose_of_Driver1,Journey_Purpose_of_Driver2,Journey_Purpose_of_Driver3,Sex_of_Driver1,Sex_of_Driver2,Sex_of_Driver3,Age_Band_of_Driver1,Age_Band_of_Driver2,Age_Band_of_Driver3,Age_of_Vehicle1,Age_of_Vehicle2,Age_of_Vehicle3
2016551601371 ,-2.088782,50.716198,1,2,2,7,15.28,3,6,60,3,4,6,0,0,1,2,2,0,0,2,9,9,0,18,18,0,10,10,0,1,1,0,6,6,0,13,13,0,9,9,0,12,12,0,1,1,0,1,1,0,6,6,0,1,1,0,9,6,0,7,6,0
2016160043975 ,-0.559058,53.582657,1,2,1,2,18.0,4,6,60,0,0,0,0,0,6,4,2,0,0,2,9,17,0,18,18,0,10,10,0,9,9,0,6,6,0,13,13,0,9,9,0,12,12,0,3,4,0,1,1,0,5,1,0,2,1,0,8,5,0,13,4,0
201601ZD30256,-0.07031,51.362887,1,1,1,1,23.27,3,6,30,0,0,0,0,0,4,9,2,0,0,1,9,0,0,18,0,0,10,0,0,9,0,0,1,0,0,13,0,0,7,0,0,2,0,0,1,0,0,1,0,0,6,0,0,1,0,0,8,0,0,15,0,0
2016500083710 ,-3.751295,50.270231,1,1,1,7,0.33,3,6,40,0,0,0,0,0,4,1,1,0,0,2,9,0,0,18,0,0,10,0,0,9,0,0,6,0,0,13,0,0,9,0,0,12,0,0,4,0,0,1,0,0,6,0,0,1,0,0,8,0,0,16,0,0
2016500116391 ,-3.542048,50.547755,1,2,2,2,21.13,6,6,30,0,0,0,0,0,4,1,1,0,0,2,9,9,0,17,16,0,10,10,0,9,9,0,6,6,0,13,13,0,1,1,0,12,12,0,1,1,0,1,1,0,6,6,0,1,1,0,4,7,0,18,6,0
201601JI40036,0.084465,51.601068,1,1,1,6,16.50,3,6,30,3,4,6,0,0,4,1,1,0,0,1,8,0,0,13,0,0,10,0,0,1,0,0,6,0,0,13,0,0,9,0,0,12,0,0,1,0,0,1,0,0,1,0,0,1,0,0,9,0,0,5,0,0
2016440083682 ,-1.347012,50.693612,1,1,3,1,1.30,6,6,60,0,0,0,0,0,6,1,1,0,0,2,9,0,0,17,0,0,10,0,0,9,0,0,5,0,0,13,0,0,1,0,0,2,0,0,1,0,0,1,0,0,6,0,0,1,0,0,6,0,0,13,0,0
2016370070451 ,1.343232,52.209559,1,1,1,7,15.41,4,6,60,0,0,0,0,0,1,1,1,0,0,2,9,0,0,18,0,0,10,0,0,9,0,0,6,0,0,13,0,0,1,0,0,4,0,0,3,0,0,1,0,0,6,0,0,1,0,0,5,0,0,17,0,0
201697BC70201,-4.198281,55.896232,1,1,1,3,15.35,4,6,30,0,0,0,0,0,1,1,2,0,0,1,9,0,0,18,0,0,10,0,0,9,0,0,6,0,0,13,0,0,9,0,0,12,0,0,4,0,0,1,0,0,6,0,0,1,0,0,10,0,0,3,0,0
2016100130016 ,-1.639185,55.04144,1,1,1,5,11.15,6,6,20,0,0,0,0,0,1,1,1,0,0,2,9,0,0,18,0,0,10,0,0,9,0,0,6,0,0,13,0,0,9,0,0,12,0,0,1,0,0,1,0,0,6,0,0,2,0,0,7,0,0,11,0,0
2016320231085 ,-0.390092,53.138598,1,3,2,5,7.40,4,6,60,0,0,0,0,0,1,2,2,0,0,2,9,9,19,18,16,18,10,10,10,9,9,9,6,6,6,13,13,13,9,1,9,12,12,12,1,1,3,1,1,1,2,2,1,2,2,1,5,8,6,8,17,2
2016210092140 ,-1.803368,52.68769,1,4,2,4,15.20,3,6,30,5,4,6,0,0,1,1,1,0,0,1,9,9,19,18,18,18,10,10,10,1,8,2,6,6,6,13,13,13,9,9,9,12,12,12,1,2,2,1,1,1,6,6,1,1,2,1,6,11,7,11,2,2
201604SA16459,-2.68716,53.773005,1,1,1,4,13.2,6,6,20,9,4,6,0,0,1,1,1,0,0,1,9,0,0,1,0,0,9,0,0,1,0,0,6,0,0,13,0,0,9,0,0,12,0,0,2,0,0,1,0,0,6,0,0,1,0,0,7,0,0,1,0,0
2016200040068 ,-1.883697,52.432129,1,3,3,6,18.55,6,6,30,6,4,6,0,0,4,1,2,0,0,1,5,9,9,18,18,18,10,10,10,8,8,8,6,6,6,13,13,13,9,9,9,12,12,12,1,1,1,1,1,1,6,6,6,1,1,1,5,7,7,1,13,3
201643S152066,-0.673186,52.037504,1,1,1,2,13.46,6,6,30,0,0,0,0,0,1,1,1,0,0,2,9,0,0,18,0,0,10,0,0,9,0,0,1,0,0,13,0,0,9,0,0,12,0,0,3,0,0,1,0,0,6,0,0,1,0,0,9,0,0,10,0,0
2016460050297 ,1.174408,51.07864,1,1,2,5,13.30,3,6,30,6,4,6,0,0,1,1,1,0,0,1,19,0,0,9,0,0,10,0,0,6,0,0,6,0,0,13,0,0,9,0,0,12,0,0,2,0,0,1,0,0,1,0,0,1,0,0,7,0,0,2,0,0
2016120099978 ,-0.811074,54.09059,1,1,1,3,19.45,5,6,60,3,4,6,0,0,1,1,1,0,0,2,3,0,0,17,0,0,10,0,0,1,0,0,6,0,0,13,0,0,1,0,0,12,0,0,1,0,0,1,0,0,6,0,0,1,0,0,4,0,0,1,0,0
2016921600350 ,-2.093776,57.149991,1,1,1,3,12.52,3,3,30,6,2,3,0,5,1,1,1,0,0,1,11,0,0,18,0,0,10,0,0,1,0,0,6,0,0,13,0,0,9,0,0,12,0,0,1,0,0,1,0,0,1,0,0,1,0,0,6,0,0,3,0,0
201606K020637,-2.524554,53.559047,1,1,1,5,9.50,4,6,30,3,4,6,0,0,1,1,1,0,0,1,9,0,0,4,0,0,10,0,0,1,0,0,6,0,0,13,0,0,9,0,0,12,0,0,1,0,0,1,0,0,1,0,0,1,0,0,9,0,0,3,0,0
2016551601080 ,-1.862893,50.756071,1,2,1,2,8.57,3,6,30,9,4,6,0,0,1,1,1,0,0,1,9,5,0,10,18,0,10,10,0,6,1,0,6,6,0,13,13,0,9,9,0,12,12,0,1,1,0,1,1,0,2,1,0,2,1,0,5,8,0,12,6,0
2016450127947 ,-0.025885,51.178453,1,2,1,2,19.0,4,6,60,0,0,0,0,0,7,1,1,0,0,2,9,9,0,2,18,0,10,10,0,9,9,0,6,6,0,13,13,0,9,9,0,12,12,0,3,1,0,1,1,0,5,5,0,1,1,0,6,10,0,17,8,0
2016051601587 ,-2.728861,53.464314,1,1,2,4,12.25,3,6,30,0,0,0,0,0,1,1,2,0,0,1,9,0,0,16,0,0,10,0,0,9,0,0,6,0,0,13,0,0,1,0,0,11,0,0,3,0,0,1,0,0,6,0,0,1,0,0,4,0,0,8,0,0
201643P179056,-1.168976,51.911123,1,3,2,4,16.8,3,6,50,0,0,0,0,0,1,2,2,0,0,2,9,9,9,18,3,18,10,10,10,9,9,9,6,6,6,13,13,13,9,9,9,12,12,12,1,1,1,1,1,1,6,6,6,2,1,2,8,10,6,3,10,10
2016010021176 ,-0.091529,51.653521,1,1,1,6,22.5,3,6,30,3,4,6,0,0,4,9,2,0,0,1,5,0,0,18,0,0,10,0,0,2,0,0,1,0,0,13,0,0,9,0,0,12,0,0,5,0,0,1,0,0,6,0,0,1,0,0,8,0,0,12,0,0
2016320142892 ,0.1078,52.780837,1,1,1,7,7.45,3,2,60,3,4,6,0,0,1,1,1,0,0,2,9,0,0,8,0,0,10,0,0,8,0,0,6,0,0,13,0,0,9,0,0,12,0,0,1,0,0,1,0,0,6,0,0,1,0,0,7,0,0,6,0,0
2016460059687 ,0.246612,51.3665,1,3,5,3,16.0,3,6,60,3,4,6,0,0,7,1,1,0,0,2,9,9,9,9,18,10,10,10,10,6,8,1,6,6,6,13,13,13,9,9,9,12,12,12,1,4,1,1,1,1,6,6,6,1,2,2,5,6,9,11,3,8
2016010000256 ,0.118919,51.44766,1,2,1,4,19.42,3,1,30,1,4,3,0,0,4,1,1,0,0,1,3,9,0,17,5,0,10,10,0,3,4,0,6,6,0,13,13,0,1,9,0,12,12,0,5,5,0,1,1,0,2,6,0,1,2,0,7,11,0,1,12,0
2016520609144 ,-2.97085,51.16388,1,2,1,6,18.56,3,6,60,3,4,6,0,0,4,1,1,0,0,2,9,5,0,9,18,0,10,10,0,8,1,0,6,6,0,13,13,0,9,9,0,12,12,0,1,1,0,1,1,0,6,6,0,2,1,0,7,8,0,9,18,0
2016420113348 ,0.093968,51.645953,1,3,1,5,18.27,1,3,70,0,0,0,0,0,6,1,1,0,0,2,9,5,9,11,11,18,10,10,10,9,9,9,6,6,6,13,13,13,9,9,9,12,12,12,1,1,2,1,1,1,6,5,6,1,1,1,5,6,9,8,13,9
2016301600649 ,-1.423146,53.240969,1,2,2,2,23.8,3,3,50,0,0,0,0,0,4,1,1,0,0,1,9,9,0,17,17,0,10,10,0,9,9,0,1,6,0,13,13,0,2,9,0,5,12,0,1,5,0,1,1,0,6,6,0,1,1,0,5,5,0,15,18,0
201604EG16259,-2.148233,53.909254,1,1,1,6,15.25,3,6,30,0,0,0,0,0,1,1,1,0,0,2,3,0,0,13,0,0,10,0,0,9,0,0,6,0,0,7,0,0,9,0,0,12,0,0,1,0,0,1,0,0,6,0,0,1,0,0,5,0,0,2,0,0
2016460064551 ,0.283437,51.180368,1,2,1,2,10.42,3,3,70,5,4,3,0,0,1,1,2,0,0,2,3,9,0,18,3,0,10,10,0,1,1,0,6,6,0,13,13,0,9,9,0,12,12,0,1,2,0,1,1,0,6,6,0,1,2,0,6,6,0,1,14,0
2016076213876 ,-2.513034,53.120941,1,2,1,1,15.0,4,6,60,8,4,6,0,0,1,1,1,0,0,2,9,5,0,9,18,0,10,10,0,5,1,0,6,1,0,13,13,0,9,9,0,12,12,0,4,1,0,1,1,0,1,6,0,1,1,0,8,9,0,4,15,0
2016440231589 ,-1.561541,50.961404,1,3,1,3,16.48,3,6,50,0,0,0,0,0,1,1,1,0,0,2,9,19,19,4,3,3,10,10,10,9,9,9,6,6,6,13,13,13,9,9,9,12,12,12,1,2,2,1,1,1,6,1,1,2,1,1,10,5,5,7,5,1
201601KD50120,0.208053,51.555911,1,1,1,5,10.45,5,6,30,0,0,0,0,0,1,1,1,0,0,1,11,0,0,3,0,0,10,0,0,9,0,0,6,0,0,13,0,0,9,0,0,12,0,0,5,0,0,1,0,0,1,0,0,1,0,0,6,0,0,3,0,0
2016051601624 ,-2.762151,53.493787,1,2,1,5,17.20,4,6,60,3,4,6,0,0,1,1,1,0,0,2,19,5,0,9,18,0,10,10,0,8,8,0,6,6,0,13,13,0,9,9,0,12,12,0,1,1,0,1,1,0,1,6,0,1,1,0,7,10,0,9,15,0
2016076230248 ,-2.606831,53.402784,1,2,1,7,19.10,6,6,20,3,4,6,0,0,1,1,1,0,0,1,9,4,0,9,18,0,10,10,0,8,1,0,6,6,0,13,13,0,9,9,0,12,12,0,1,1,0,1,1,0,6,6,0,1,2,0,5,6,0,6,3,0
2016432330716 ,-0.532798,51.591776,1,3,5,3,3.45,1,3,70,0,0,0,0,0,7,1,1,0,0,2,9,9,9,18,4,4,10,10,10,9,9,9,6,6,6,13,13,13,9,9,9,12,12,12,1,2,2,1,1,1,6,6,6,2,1,1,5,7,6,7,9,10
201604WD16168,-2.977673,53.926938,1,1,1,2,15.45,6,6,20,0,0,0,0,0,1,1,1,0,0,2,9,0,0,18,0,0,10,0,0,9,0,0,6,0,0,13,0,0,9,0,0,12,0,0,1,0,0,1,0,0,6,0,0,1,0,0,10,0,0,1,0,0
2016621600626 ,-3.271568,51.467045,1,3,1,7,12.2,3,7,60,5,2,3,0,0,1,1,1,0,0,1,9,9,9,18,3,3,10,10,10,1,1,1,6,6,6,13,13,13,9,9,9,12,12,12,1,2,2,1,1,1,6,6,6,2,1,1,7,6,7,11,9,10
2016370115467 ,0.728177,52.233675,1,1,1,7,17.55,3,6,30,0,0,0,0,0,1,1,1,0,0,1,9,0,0,18,0,0,10,0,0,9,0,0,6,0,0,13,0,0,9,0,0,12,0,0,4,0,0,1,0,0,6,0,0,2,0,0,4,0,0,9,0,0
2016133161222 ,-1.790802,53.834823,1,1,1,4,18.20,3,6,30,0,0,0,0,4,4,2,2,0,0,1,9,0,0,18,0,0,10,0,0,9,0,0,6,0,0,13,0,0,9,0,0,12,0,0,1,0,0,1,0,0,6,0,0,2,0,0,5,0,0,13,0,0
2016410097635 ,-0.045741,51.690888,1,2,2,7,16.29,6,1,40,1,4,3,0,0,1,9,1,0,0,2,9,9,0,9,18,0,10,10,0,8,8,0,6,6,0,13,13,0,9,9,0,12,12,0,3,4,0,1,1,0,6,6,0,1,2,0,10,8,0,9,4,0
2016450052210 ,-0.475685,51.136726,1,1,1,3,8.30,6,2,30,0,0,0,0,0,1,1,1,0,0,2,9,0,0,5,0,0,10,0,0,9,0,0,6,0,0,13,0,0,9,0,0,12,0,0,1,0,0,1,0,0,5,0,0,2,0,0,6,0,0,4,0,0
2016200125913 ,-1.813914,52.566208,1,1,1,3,17.16,6,6,30,0,0,0,0,0,4,2,2,0,0,1,9,0,0,18,0,0,10,0,0,9,0,0,6,0,0,13,0,0,9,0,0,12,0,0,1,0,0,1,0,0,6,0,0,2,0,0,7,0,0,20,0,0
2016450045752 ,-0.687521,51.360737,1,1,1,5,20.40,4,6,30,0,0,0,0,0,4,1,2,0,0,2,5,0,0,18,0,0,10,0,0,9,0,0,1,0,0,13,0,0,9,0,0,12,0,0,4,0,0,1,0,0,5,0,0,1,0,0,8,0,0,2,0,0
2016950002072 ,-3.091576,55.900082,1,2,1,4,16.55,3,1,70,1,2,3,0,0,1,1,1,0,0,2,4,9,0,11,18,0,10,10,0,8,8,0,6,6,0,13,13,0,9,9,0,12,12,0,1,3,0,1,1,0,6,2,0,1,2,0,8,8,0,19,5,0
2016301600876 ,-1.742141,53.321818,1,2,3,2,21.25,4,6,60,0,0,0,0,0,6,1,2,0,0,2,9,9,0,17,18,0,10,10,0,9,9,0,6,6,0,13,13,0,9,9,0,12,12,0,1,1,0,1,1,0,6,6,0,1,2,0,5,11,0,10,8,0
2016133531660 ,-1.643958,53.814524,1,2,1,7,14.43,4,6,30,6,4,6,0,0,1,1,1,0,0,1,4,9,0,18,5,0,10,10,0,1,6,0,6,6,0,13,13,0,9,9,0,12,12,0,5,5,0,1,1,0,6,6,0,1,1,0,8,8,0,6,16,0
201601WW50439,-0.184633,51.461477,1,1,1,5,2.0,3,3,30,0,0,0,0,0,4,1,1,0,0,1,3,0,0,18,0,0,10,0,0,9,0,0,6,0,0,10,0,0,1,0,0,2,0,0,1,0,0,1,0,0,6,0,0,1,0,0,6,0,0,2,0,0
2016450118797 ,-0.260925,51.336196,1,1,1,6,9.0,3,6,30,0,0,0,0,0,1,1,1,0,0,1,5,0,0,18,0,0,10,0,0,9,0,0,5,0,0,13,0,0,9,0,0,12,0,0,1,0,0,1,0,0,1,0,0,1,0,0,7,0,0,7,0,0
2016950003785 ,-2.709267,55.680372,1,2,2,1,11.45,3,6,60,0,0,0,0,0,1,4,1,0,0,2,9,9,0,16,17,0,10,10,0,9,9,0,6,6,0,13,13,0,7,9,0,12,12,0,1,1,0,1,1,0,6,6,0,1,1,0,7,9,0,7,2,0
2016930000622 ,-3.442902,56.393279,1,1,1,5,8.50,5,6,30,3,4,6,0,0,1,1,1,0,0,1,9,0,0,7,0,0,10,0,0,8,0,0,6,0,0,13,0,0,9,0,0,12,0,0,1,0,0,1,0,0,6,0,0,1,0,0,10,0,0,9,0,0
201606Q022813,-2.096003,53.535926,1,1,1,2,16.25,6,6,30,3,4,4,0,0,4,2,2,0,0,1,9,0,0,9,0,0,10,0,0,2,0,0,6,0,0,13,0,0,9,0,0,12,0,0,3,0,0,1,0,0,1,0,0,1,0,0,5,0,0,13,0,0
2016133AN0071,-1.775513,53.801018,1,1,1,1,0.44,6,6,20,9,4,6,0,0,6,1,1,0,0,1,9,0,0,18,0,0,9,0,0,1,0,0,6,0,0,13,0,0,9,0,0,12,0,0,3,0,0,1,0,0,6,0,0,2,0,0,5,0,0,9,0,0
2016551601414 ,-1.990617,50.733633,1,1,1,6,15.12,3,6,50,0,0,0,0,0,1,1,1,0,0,1,5,0,0,18,0,0,10,0,0,9,0,0,6,0,0,7,0,0,9,0,0,12,0,0,1,0,0,1,0,0,6,0,0,1,0,0,8,0,0,5,0,0
2016370069870 ,0.362149,52.249917,1,2,1,2,17.30,6,6,60,0,0,0,0,0,1,1,1,0,0,2,9,9,0,5,5,0,10,10,0,9,9,0,6,6,0,13,13,0,9,9,0,12,12,0,1,4,0,1,1,0,6,6,0,2,2,0,7,5,0,3,16,0
2016051603460 ,-3.067815,53.553642,1,1,1,6,17.50,6,1,30,1,4,6,0,0,4,2,2,0,0,1,9,0,0,18,0,0,10,0,0,3,0,0,6,0,0,13,0,0,9,0,0,12,0,0,4,0,0,1,0,0,2,0,0,1,0,0,8,0,0,14,0,0
2016076025172 ,-2.438885,53.183586,1,2,1,3,19.10,3,6,30,3,4,6,0,0,4,1,1,0,0,1,9,2,0,9,18,0,10,10,0,8,8,0,6,1,0,13,13,0,9,9,0,12,12,0,5,5,0,1,1,0,6,6,0,2,1,0,9,4,0,9,19,0
2016440284474 ,-1.468171,50.994064,1,1,1,7,12.15,6,6,30,3,4,6,0,0,1,1,1,7,0,1,5,0,0,18,0,0,10,0,0,1,0,0,1,0,0,13,0,0,9,0,0,12,0,0,3,0,0,1,0,0,6,0,0,1,0,0,9,0,0,12,0,0
2016120128133 ,-0.778247,54.134825,1,1,1,3,13.30,4,6,30,0,0,0,0,0,1,1,1,0,0,2,5,0,0,18,0,0,10,0,0,9,0,0,1,0,0,13,0,0,7,0,0,11,0,0,1,0,0,1,0,0,6,0,0,1,0,0,9,0,0,4,0,0
20161335H0465,-1.556618,53.785066,1,1,1,3,11.12,6,9,20,0,0,0,0,0,1,1,1,0,0,1,9,0,0,1,0,0,10,0,0,9,0,0,6,0,0,13,0,0,9,0,0,12,0,0,2,0,0,1,0,0,6,0,0,1,0,0,7,0,0,8,0,0
2016160067140 ,-0.804683,53.947386,1,1,2,3,0.10,6,6,60,0,0,0,0,0,1,2,2,0,0,2,9,0,0,16,0,0,10,0,0,9,0,0,6,0,0,13,0,0,7,0,0,9,0,0,3,0,0,1,0,0,5,0,0,2,0,0,9,0,0,15,0,0
2016301600031 ,-1.342898,53.027768,1,3,2,6,16.10,3,6,50,3,4,5,0,0,1,2,2,0,0,2,9,3,3,9,18,18,10,10,10,6,1,1,6,1,1,13,13,13,9,9,9,12,12,12,3,1,1,1,1,1,6,6,6,2,1,1,4,6,6,10,9,9
201606A016514,-2.242971,53.513651,1,1,1,4,13.6,6,6,30,3,4,6,0,0,1,1,1,0,0,1,9,0,0,18,0,0,10,0,0,8,0,0,6,0,0,13,0,0,9,0,0,12,0,0,1,0,0,1,0,0,6,0,0,1,0,0,8,0,0,17,0,0
2016133CO1624,-1.756243,53.793628,1,1,1,7,23.7,3,3,30,0,0,0,0,4,4,1,1,0,0,1,8,0,0,18,0,0,10,0,0,9,0,0,6,0,0,13,0,0,9,0,0,12,0,0,1,0,0,1,0,0,6,0,0,1,0,0,4,0,0,7,0,0
2016010000217 ,-0.452883,51.498057,1,2,2,4,13.10,3,3,50,1,2,5,0,0,1,1,1,0,0,1,9,8,0,5,18,0,10,10,0,8,8,0,6,6,0,10,13,0,9,9,0,12,12,0,3,1,0,1,1,0,6,1,0,1,1,0,9,6,0,10,5,0
2016500115287 ,-3.556897,50.461972,1,2,4,3,13.0,6,6,60,0,0,0,0,0,1,1,2,0,0,2,9,9,0,18,18,0,10,10,0,9,9,0,6,6,0,13,13,0,9,9,0,12,12,0,1,1,0,1,1,0,5,5,0,1,2,0,6,8,0,14,13,0
201604SB16152,-2.973312,53.548732,1,3,4,1,13.45,4,6,60,9,4,6,0,0,1,1,1,0,0,2,9,5,5,9,18,18,10,10,10,8,1,1,6,6,6,13,13,13,9,7,9,12,12,12,4,1,5,1,1,1,6,6,6,1,2,1,6,8,9,6,3,11
2016420123206 ,0.195461,51.866769,1,1,1,1,4.25,1,7,70,0,0,0,0,0,4,1,1,0,0,2,9,0,0,12,0,0,10,0,0,9,0,0,5,0,0,13,0,0,9,0,0,12,0,0,1,0,0,1,0,0,5,0,0,1,0,0,6,0,0,12,0,0
201601KF60619,0.070729,51.508594,1,1,1,5,3.25,3,1,30,1,4,6,0,0,7,9,1,0,0,1,5,0,0,18,0,0,10,0,0,1,0,0,6,0,0,13,0,0,9,0,0,12,0,0,3,0,0,1,0,0,6,0,0,1,0,0,7,0,0,9,0,0
201663AC33416,-4.048555,51.792525,1,1,1,7,6.39,4,6,30,0,0,0,0,0,4,1,1,0,0,2,9,0,0,18,0,0,10,0,0,9,0,0,6,0,0,13,0,0,9,0,0,12,0,0,1,0,0,1,0,0,1,0,0,2,0,0,8,0,0,17,0,0
2016930000104 ,-2.94809,56.469603,1,2,1,2,19.30,4,6,30,3,4,6,0,0,4,1,2,0,0,1,9,5,0,9,18,0,10,10,0,1,1,0,6,5,0,13,13,0,9,9,0,12,12,0,1,1,0,1,1,0,6,6,0,1,1,0,11,6,0,16,1,0
2016950004856 ,-3.028074,55.918546,1,2,1,2,10.53,3,6,40,8,4,6,0,0,1,1,1,0,0,2,9,19,0,13,9,0,10,10,0,8,8,0,6,6,0,13,13,0,7,7,0,11,11,0,1,1,0,1,1,0,6,1,0,1,1,0,7,6,0,3,9,0
201601CW11056,-0.12849,51.510684,1,1,1,2,4.41,3,6,30,0,0,0,0,0,1,1,1,0,0,1,9,0,0,18,0,0,10,0,0,9,0,0,6,0,0,13,0,0,9,0,0,12,0,0,1,0,0,1,0,0,1,0,0,1,0,0,8,0,0,1,0,0
2016360093830 ,1.20683,52.775845,1,1,1,7,21.53,4,6,60,0,0,0,0,0,7,2,2,5,0,2,9,0,0,18,0,0,10,0,0,9,0,0,1,0,0,13,0,0,1,0,0,12,0,0,4,0,0,1,0,0,5,0,0,1,0,0,4,0,0,11,0,0
2016200046107 ,-1.986011,52.428041,1,2,1,4,13.25,6,6,30,3,4,6,0,0,1,1,1,0,0,1,9,3,0,9,5,0,10,10,0,8,8,0,6,6,0,13,13,0,9,9,0,12,12,0,3,1,0,1,1,0,6,6,0,1,1,0,11,4,0,3,6,0
20161331Q1230,-1.490891,53.664001,1,2,1,3,18.10,6,6,30,0,0,0,0,0,4,1,2,0,0,1,9,11,0,14,2,0,10,10,0,9,9,0,6,6,0,13,13,0,9,9,0,12,12,0,1,5,0,1,1,0,2,1,0,2,1,0,4,7,0,4,2,0
2016450064654 ,-0.14651,51.260177,1,1,1,6,21.0,5,6,30,0,0,0,0,0,7,1,1,0,0,1,9,0,0,18,0,0,10,0,0,9,0,0,6,0,0,13,0,0,9,0,0,12,0,0,1,0,0,1,0,0,6,0,0,1,0,0,6,0,0,2,0,0
2016420053182 ,0.127009,51.771149,1,2,1,4,8.0,3,6,60,0,0,0,0,0,1,1,1,0,0,2,19,5,0,6,13,0,10,10,0,9,9,0,6,6,0,13,13,0,9,9,0,12,12,0,3,1,0,1,1,0,1,6,0,1,1,0,8,8,0,3,3,0
201643R063056,-0.603486,51.521861,1,1,2,1,16.35,6,6,30,0,0,0,0,0,1,1,1,0,0,1,9,0,0,18,0,0,10,0,0,9,0,0,6,0,0,13,0,0,9,0,0,12,0,0,1,0,0,1,0,0,6,0,0,1,0,0,5,0,0,1,0,0
201663CP17416,-4.836255,51.680278,1,1,1,1,23.54,6,6,60,0,0,0,0,0,6,2,2,0,0,2,3,0,0,17,0,0,10,0,0,9,0,0,1,0,0,13,0,0,1,0,0,10,0,0,1,0,0,1,0,0,6,0,0,1,0,0,5,0,0,9,0,0
2016100093102 ,-1.785082,54.96763,1,1,1,5,15.0,4,6,30,3,2,6,1,5,1,1,1,0,0,1,11,0,0,3,0,0,10,0,0,1,0,0,6,0,0,13,0,0,9,0,0,12,0,0,5,0,0,1,0,0,1,0,0,1,0,0,8,0,0,3,0,0
2016160055469 ,-0.196738,53.598339,1,1,1,2,23.3,3,1,60,1,4,3,0,0,4,1,1,0,0,2,9,0,0,18,0,0,10,0,0,1,0,0,6,0,0,10,0,0,7,0,0,2,0,0,1,0,0,1,0,0,5,0,0,1,0,0,10,0,0,13,0,0
201697BE02305,-4.271686,55.880133,1,1,1,2,14.50,3,7,30,5,4,6,2,5,1,1,1,0,0,1,9,0,0,18,0,0,10,0,0,5,0,0,6,0,0,13,0,0,9,0,0,12,0,0,1,0,0,1,0,0,6,0,0,1,0,0,5,0,0,3,0,0
201604ED16492,-2.480509,53.733923,1,1,1,5,16.10,6,6,30,0,0,0,0,0,1,1,1,0,0,1,8,0,0,4,0,0,10,0,0,9,0,0,6,0,0,13,0,0,9,0,0,12,0,0,4,0,0,1,0,0,1,0,0,1,0,0,7,0,0,10,0,0
2016140089627 ,-1.452167,53.411195,1,1,1,6,8.0,3,6,30,3,4,6,0,0,1,1,2,0,0,1,9,0,0,18,0,0,10,0,0,1,0,0,6,0,0,13,0,0,9,0,0,12,0,0,1,0,0,1,0,0,2,0,0,2,0,0,9,0,0,7,0,0
2016410109426 ,-0.43037,51.777487,1,2,1,5,21.0,6,6,40,0,0,0,0,0,4,1,1,0,0,1,9,3,0,9,18,0,10,10,0,9,9,0,6,5,0,13,13,0,9,9,0,12,12,0,3,1,0,1,1,0,6,6,0,2,1,0,7,7,0,7,11,0
2016551601361 ,-1.891088,50.720372,1,1,1,4,18.9,5,6,30,1,4,4,0,8,1,1,2,0,0,1,9,0,0,7,0,0,10,0,0,3,0,0,6,0,0,13,0,0,9,0,0,12,0,0,1,0,0,1,0,0,6,0,0,1,0,0,10,0,0,10,0,0
201631A142816,-1.220602,53.1005,1,5,4,6,16.53,3,6,60,0,0,0,0,0,1,1,1,0,0,2,9,19,9,18,18,18,10,10,10,9,9,9,6,6,6,13,13,13,9,9,9,12,12,12,1,2,2,1,1,1,6,1,6,1,1,2,7,5,6,8,14,3
201604SA16199,-2.690153,53.761213,1,2,2,5,20.0,3,3,30,6,2,3,0,4,4,1,1,0,0,1,9,5,0,9,18,0,10,10,0,8,8,0,6,6,0,13,13,0,9,9,0,12,12,0,4,1,0,1,1,0,6,6,0,1,1,0,5,7,0,13,11,0
2016100075427 ,-1.547746,55.015254,1,2,1,5,16.15,3,6,40,0,0,0,0,0,1,1,1,0,0,2,3,19,0,18,4,0,10,10,0,9,9,0,6,6,0,13,13,0,9,9,0,12,12,0,3,1,0,1,1,0,6,6,0,1,1,0,4,6,0,1,1,0