Accident_Index,Longitude,Latitude,SV,Number_of_Vehicles,Number_of_Casualties,Day_of_Week,Time,1st_Road_Class,Road_Type,Speed_limit,Junction_Detail,Junction_Control,2nd_Road_Class,Pedestrian_Crossing-Human_Control,Pedestrian_Crossing-Physical_Facilities,Light_Conditions,Weather_Conditions,Road_Surface_Conditions,Special_Conditions_at_Site,Carriageway_Hazards,Urban_or_Rural_Area,Vehicle1_Type,Vehicle2_Type,Vehicle3_Type,Vehicle1_Manoeuvre,Vehicle2_Manoeuvre,Vehicle3_Manoeuvre,Vehicle1_Location-Restricted_Lane,Vehicle2_Location-Restricted_Lane,Vehicle3_Location-Restricted_Lane,Junction1_Location,Junction2_Location,Junction3_Location,Skidding1_and_Overturning,Skidding2_and_Overturning,Skidding3_and_Overturning,Hit_Object_in_Carriageway1,Hit_Object_in_Carriageway2,Hit_Object_in_Carriageway3,Vehicle1_Leaving_Carriageway,Vehicle2_Leaving_Carriageway,Vehicle3_Leaving_Carriageway,Hit_Object_off_Carriageway1,Hit_Object_off_Carriageway2,Hit_Object_off_Carriageway3,1st_Point_of_Impact1,1st_Point_of_Impact2,1st_Point_of_Impact3,Was_Vehicle 1_Left_Hand_Drive?,Was_Vehicle2_Left_Hand_Drive?,Was_Vehicle 3_Left_Hand_Drive?,Journey_Purpose_of_Driver1,Journey_Purpose_of_Driver2,Journey_Purpose_of_Driver3,Sex_of_Driver1,Sex_of_Driver2,Sex_of_Driver3,Age_Band_of_Driver1,Age_Band_of_Driver2,Age_Band_of_Driver3,Age_of_Vehicle1,Age_of_Vehicle2,Age_of_Vehicle3
201601XD80756,-0.372164,51.531495,1,2,2,1,17.15,5,6,30,3,4,6,0,1,1,1,1,0,0,1,9,9,0,18,4,0,10,10,0,8,8,0,6,6,0,13,13,0,9,9,0,12,12,0,1,2,0,1,1,0,6,6,0,1,1,0,7,8,0,14,13,0
2016200066230 ,-1.816237,52.490524,1,1,1,1,13.40,3,3,30,0,0,0,0,4,1,1,1,0,0,1,9,0,0,4,0,0,10,0,0,9,0,0,6,0,0,13,0,0,9,0,0,12,0,0,5,0,0,1,0,0,6,0,0,1,0,0,4,0,0,4,0,0
2016520609138 ,-3.318368,51.178114,1,2,5,4,10.30,6,6,60,0,0,0,0,0,1,1,1,0,0,2,17,9,0,17,16,0,10,10,0,9,9,0,6,6,0,13,13,0,9,9,0,12,12,0,3,3,0,1,1,0,6,6,0,1,1,0,9,4,0,5,5,0
201601YE80499,-0.061662,51.621648,1,1,1,1,1.3,3,6,30,3,4,6,0,8,4,1,1,0,0,1,9,0,0,18,0,0,10,0,0,8,0,0,6,0,0,13,0,0,9,0,0,12,0,0,1,0,0,1,0,0,6,0,0,1,0,0,6,0,0,6,0,0
2016420071491 ,0.683395,51.725224,1,2,2,5,6.0,6,6,30,9,4,6,0,0,1,8,1,0,0,1,9,9,0,5,18,0,10,10,0,8,8,0,6,6,0,13,13,0,9,9,0,12,12,0,1,1,0,1,1,0,6,2,0,1,1,0,5,7,0,14,12,0
2016545082316 ,-1.794643,51.060567,1,1,1,3,16.20,3,6,40,0,0,0,0,0,1,1,1,0,0,1,9,0,0,18,0,0,10,0,0,9,0,0,6,0,0,13,0,0,9,0,0,12,0,0,3,0,0,1,0,0,6,0,0,1,0,0,10,0,0,2,0,0
2016440253008 ,-0.964681,51.132123,1,1,1,5,15.35,4,6,60,3,4,6,0,0,1,1,1,0,0,2,19,0,0,18,0,0,10,0,0,2,0,0,6,0,0,13,0,0,1,0,0,10,0,0,4,0,0,1,0,0,1,0,0,1,0,0,7,0,0,5,0,0
2016200086951 ,-2.133152,52.47575,1,1,1,2,0.33,6,6,30,0,0,0,0,4,4,1,1,0,0,1,9,0,0,17,0,0,10,0,0,9,0,0,1,0,0,13,0,0,8,0,0,12,0,0,3,0,0,1,0,0,6,0,0,1,0,0,5,0,0,16,0,0
201601SX20582,-0.152209,51.622479,1,2,1,7,13.10,6,6,30,0,0,0,0,0,1,1,1,0,0,1,9,5,0,13,13,0,10,10,0,9,9,0,6,6,0,13,10,0,9,7,0,12,10,0,3,4,0,1,1,0,6,6,0,1,1,0,9,7,0,1,9,0
2016220087935 ,-1.958086,52.346573,1,1,1,2,1.5,6,6,30,0,0,0,0,0,4,2,2,0,0,2,9,0,0,17,0,0,10,0,0,9,0,0,1,0,0,10,0,0,7,0,0,4,0,0,1,0,0,1,0,0,2,0,0,1,0,0,5,0,0,13,0,0
2016360122428 ,1.353589,52.59186,1,2,2,6,17.0,3,6,60,3,4,5,0,0,1,1,1,0,0,2,3,9,0,14,9,0,10,10,0,8,8,0,6,6,0,13,13,0,9,9,0,12,12,0,1,3,0,1,1,0,6,6,0,1,1,0,4,8,0,10,2,0
201604EG16060,-2.216636,53.831494,1,2,1,2,12.40,6,6,20,6,4,6,0,0,1,1,1,0,0,1,2,9,0,18,18,0,10,10,0,8,8,0,6,6,0,13,13,0,9,9,0,12,12,0,4,1,0,1,1,0,6,6,0,1,1,0,4,7,0,6,13,0
201601YR90293,-0.074665,51.577258,1,1,1,3,21.19,4,6,30,3,4,6,0,1,4,2,2,0,0,1,9,0,0,4,0,0,10,0,0,8,0,0,6,0,0,13,0,0,9,0,0,12,0,0,1,0,0,1,0,0,6,0,0,1,0,0,7,0,0,11,0,0
201601XD80590,-0.352219,51.552798,1,1,1,4,17.46,3,6,30,0,0,0,0,0,1,1,1,0,0,1,11,0,0,3,0,0,10,0,0,9,0,0,6,0,0,13,0,0,9,0,0,12,0,0,5,0,0,1,0,0,1,0,0,1,0,0,7,0,0,8,0,0
2016420082622 ,0.329527,51.489286,1,1,1,3,18.5,6,3,30,3,2,6,0,0,1,1,1,0,0,1,9,0,0,11,0,0,10,0,0,1,0,0,6,0,0,13,0,0,9,0,0,12,0,0,4,0,0,1,0,0,2,0,0,1,0,0,8,0,0,3,0,0
2016133111395 ,-1.579435,53.776906,1,1,1,6,13.52,1,7,50,5,4,1,0,0,1,1,2,0,0,1,9,0,0,18,0,0,10,0,0,7,0,0,6,0,0,13,0,0,9,0,0,12,0,0,3,0,0,1,0,0,6,0,0,2,0,0,8,0,0,2,0,0
2016551602085 ,-2.462945,50.610913,1,1,2,6,17.16,6,6,30,0,0,0,0,0,1,1,1,0,0,1,19,0,0,18,0,0,10,0,0,9,0,0,1,0,0,13,0,0,9,0,0,12,0,0,1,0,0,1,0,0,6,0,0,2,0,0,6,0,0,9,0,0
201663DP08516,-3.563593,51.866696,1,2,1,3,16.10,6,6,60,0,0,0,0,0,1,1,1,0,0,2,4,9,0,17,16,0,10,10,0,9,9,0,6,6,0,13,13,0,1,1,0,12,12,0,1,1,0,1,1,0,6,6,0,1,1,0,10,10,0,22,13,0
201606L013442,-2.571905,53.537213,1,2,1,4,7.55,3,6,30,3,4,6,0,0,1,2,2,0,0,1,9,3,0,9,14,0,10,10,0,6,8,0,6,6,0,13,13,0,9,9,0,12,12,0,3,1,0,1,1,0,6,2,0,2,1,0,6,4,0,10,5,0
2016220092672 ,-2.044669,52.376114,1,2,1,5,8.30,3,6,60,3,4,6,0,0,1,1,1,0,0,2,5,9,0,18,9,0,10,10,0,8,6,0,6,6,0,13,13,0,9,9,0,12,12,0,1,3,0,1,1,0,2,2,0,2,2,0,5,8,0,1,2,0
2016076011885 ,-2.931424,53.275187,1,1,1,4,8.10,4,6,30,0,0,0,0,0,1,1,2,0,0,1,9,0,0,18,0,0,10,0,0,9,0,0,1,0,0,13,0,0,9,0,0,12,0,0,1,0,0,1,0,0,6,0,0,1,0,0,9,0,0,14,0,0
2016120106081 ,-0.437071,54.260215,1,1,5,5,21.26,6,6,60,0,0,0,0,0,1,1,1,0,0,2,9,0,0,18,0,0,10,0,0,9,0,0,2,0,0,13,0,0,7,0,0,12,0,0,1,0,0,1,0,0,6,0,0,2,0,0,4,0,0,9,0,0
201631B072416,-1.1237,53.330106,1,2,2,3,12.50,6,6,20,0,0,0,0,0,1,1,2,0,0,1,9,9,0,18,18,0,10,10,0,9,9,0,1,1,0,13,13,0,9,9,0,12,12,0,1,1,0,1,1,0,1,1,0,1,2,0,6,5,0,12,2,0
2016530041789 ,-1.945044,51.673224,1,3,2,4,7.31,5,6,60,6,4,5,0,0,6,1,1,0,0,2,9,9,9,18,3,18,10,10,10,8,1,8,6,6,6,13,13,13,1,9,9,1,12,12,4,1,1,1,1,1,2,6,2,2,1,1,6,8,8,13,14,21
2016983139316 ,-3.595128,55.086077,1,1,1,3,17.5,3,1,60,7,4,3,0,0,4,1,1,0,0,2,9,0,0,18,0,0,10,0,0,4,0,0,5,0,0,10,0,0,3,0,0,11,0,0,1,0,0,1,0,0,6,0,0,2,0,0,7,0,0,5,0,0
2016051603636 ,-2.875534,53.471051,1,2,3,6,15.34,6,6,30,3,4,6,0,0,1,1,2,0,0,1,8,9,0,18,18,0,10,10,0,8,8,0,6,6,0,13,13,0,9,9,0,12,12,0,1,1,0,1,1,0,6,3,0,1,2,0,7,6,0,13,1,0
201631C091416,-1.20774,52.996479,1,1,1,2,0.40,6,6,30,3,4,6,0,0,4,1,1,0,0,1,8,0,0,7,0,0,10,0,0,5,0,0,6,0,0,13,0,0,9,0,0,12,0,0,1,0,0,1,0,0,1,0,0,1,0,0,8,0,0,7,0,0
2016621600494 ,-3.329832,51.534344,1,2,3,7,16.20,6,6,60,0,0,0,0,0,1,1,1,0,0,2,9,9,0,18,18,0,10,10,0,9,9,0,6,6,0,13,13,0,9,9,0,12,12,0,1,1,0,1,1,0,6,6,0,1,1,0,7,6,0,2,3,0
2016133111079 ,-1.757202,53.645863,1,1,2,6,5.30,6,6,30,3,4,3,0,0,4,1,1,0,0,1,9,0,0,18,0,0,10,0,0,2,0,0,6,0,0,13,0,0,1,0,0,4,0,0,1,0,0,1,0,0,6,0,0,1,0,0,5,0,0,5,0,0
2016410114425 ,-0.178394,51.692229,1,1,1,2,0.55,3,6,30,0,0,0,0,4,4,1,1,0,0,1,9,0,0,18,0,0,10,0,0,9,0,0,6,0,0,13,0,0,7,0,0,10,0,0,1,0,0,1,0,0,5,0,0,2,0,0,8,0,0,12,0,0
2016200049460 ,-2.075647,52.563633,1,1,1,1,13.35,3,3,40,0,0,0,0,4,1,1,1,0,0,1,9,0,0,18,0,0,10,0,0,9,0,0,6,0,0,13,0,0,9,0,0,12,0,0,1,0,0,1,0,0,6,0,0,2,0,0,5,0,0,4,0,0
2016621601297 ,-3.701024,51.479892,1,1,1,3,19.45,6,2,30,0,0,0,0,0,1,1,1,0,0,1,9,0,0,18,0,0,10,0,0,9,0,0,6,0,0,13,0,0,9,0,0,12,0,0,4,0,0,1,0,0,6,0,0,1,0,0,8,0,0,8,0,0
2016450047166 ,-0.663011,51.225644,1,1,2,2,18.15,4,6,40,0,0,0,0,0,7,1,1,0,0,2,9,0,0,18,0,0,10,0,0,9,0,0,6,0,0,13,0,0,9,0,0,12,0,0,1,0,0,1,0,0,6,0,0,1,0,0,9,0,0,10,0,0
201663AC24016,-4.463524,52.035373,1,1,1,6,7.30,4,6,30,3,4,3,0,0,1,1,2,0,0,2,4,0,0,18,0,0,10,0,0,5,0,0,6,0,0,13,0,0,9,0,0,12,0,0,5,0,0,1,0,0,2,0,0,2,0,0,8,0,0,9,0,0
201631B239316,-0.886065,53.127703,1,2,2,6,11.27,3,6,60,6,4,6,0,0,1,1,1,0,0,2,9,20,0,18,18,0,10,10,0,8,8,0,6,5,0,13,13,0,9,1,0,12,12,0,1,3,0,1,1,0,6,6,0,1,1,0,6,8,0,12,1,0
2016420046012 ,0.701665,51.556191,1,2,1,1,3.8,3,1,30,1,4,3,0,0,1,1,1,0,0,1,9,9,0,18,18,0,10,10,0,8,8,0,6,6,0,13,13,0,9,9,0,12,12,0,1,1,0,1,1,0,6,1,0,1,1,0,6,7,0,15,1,0
2016301700409 ,-1.377818,53.096122,1,2,1,6,15.50,6,6,30,0,0,0,0,0,1,9,1,0,0,1,2,9,0,18,3,0,10,10,0,9,9,0,6,6,0,13,13,0,9,9,0,12,12,0,1,2,0,1,1,0,6,6,0,1,1,0,6,4,0,2,13,0
2016360099412 ,1.284716,52.658799,1,1,2,6,16.45,3,6,30,0,0,0,0,0,1,1,1,0,0,1,3,0,0,18,0,0,10,0,0,9,0,0,6,0,0,13,0,0,9,0,0,12,0,0,1,0,0,1,0,0,6,0,0,1,0,0,8,0,0,1,0,0
2016010003630 ,0.039924,51.473882,1,1,1,6,13.30,3,6,30,8,4,6,0,0,1,1,1,0,0,1,9,0,0,7,0,0,10,0,0,5,0,0,6,0,0,13,0,0,9,0,0,12,0,0,1,0,0,1,0,0,6,0,0,1,0,0,8,0,0,1,0,0
2016200076677 ,-1.874758,52.472531,1,2,1,2,22.20,3,1,30,1,2,4,0,0,4,1,1,0,0,1,9,3,0,12,16,0,10,10,0,8,3,0,6,6,0,13,13,0,9,9,0,12,12,0,1,4,0,1,1,0,6,6,0,1,1,0,6,5,0,11,4,0
2016220070896 ,-2.525948,52.637341,1,2,6,1,18.44,4,6,60,3,4,3,0,0,1,1,1,0,0,2,9,9,0,9,9,0,10,10,0,6,1,0,6,6,0,13,13,0,9,8,0,12,10,0,1,4,0,1,1,0,6,6,0,2,1,0,6,6,0,11,12,0
201601GD10255,-0.044807,51.553293,1,1,1,2,16.7,5,6,30,6,4,6,0,1,1,2,2,0,0,1,9,0,0,18,0,0,10,0,0,1,0,0,6,0,0,13,0,0,9,0,0,12,0,0,1,0,0,1,0,0,6,0,0,1,0,0,9,0,0,15,0,0
2016431370716 ,-0.718393,51.925404,1,2,2,6,21.19,5,6,40,0,0,0,0,0,1,1,1,0,0,2,9,9,0,16,17,0,10,10,0,9,9,0,6,6,0,13,13,0,9,9,0,12,12,0,1,1,0,1,1,0,6,6,0,1,2,0,7,9,0,7,4,0
2016331600033 ,-1.113017,52.65636,1,2,3,3,0.20,5,6,30,6,2,6,0,5,4,8,2,0,0,1,9,9,0,18,18,0,10,10,0,6,8,0,1,1,0,13,13,0,9,9,0,12,12,0,3,1,0,1,1,0,6,6,0,1,1,0,7,7,0,3,8,0
2016010005219 ,0.031765,51.5171,1,2,1,2,17.0,3,3,50,0,0,0,0,0,4,8,2,0,0,1,9,4,0,12,13,0,10,10,0,9,9,0,6,1,0,13,13,0,9,9,0,12,12,0,1,1,0,1,1,0,2,1,0,1,1,0,4,5,0,14,4,0
2016406BA0308,-0.29991,52.175784,1,1,1,5,10.45,3,3,60,0,0,0,0,0,1,1,2,0,0,2,21,0,0,18,0,0,10,0,0,9,0,0,5,0,0,13,0,0,9,0,0,12,0,0,3,0,0,1,0,0,1,0,0,1,0,0,9,0,0,8,0,0
201606G021965,-2.078327,53.449846,1,2,1,4,19.10,3,6,30,3,4,6,0,0,4,1,1,0,0,1,4,9,0,18,9,0,10,10,0,8,6,0,6,6,0,13,13,0,9,9,0,12,12,0,5,5,0,1,1,0,6,6,0,1,1,0,4,8,0,9,1,0
2016133CQ1029,-1.614343,53.791117,1,1,1,2,17.55,3,3,40,0,0,0,0,4,4,1,1,0,0,1,9,0,0,18,0,0,10,0,0,9,0,0,6,0,0,13,0,0,9,0,0,12,0,0,1,0,0,1,0,0,6,0,0,1,0,0,10,0,0,2,0,0
2016460074248 ,0.360029,51.123967,1,2,2,7,19.25,3,6,60,0,0,0,0,0,1,1,1,0,0,2,9,9,0,17,18,0,10,10,0,9,9,0,1,6,0,13,13,0,9,9,0,12,12,0,1,1,0,1,1,0,6,6,0,1,1,0,5,10,0,9,4,0
2016430345724 ,-1.217067,51.736212,1,1,1,4,14.20,4,6,30,0,0,0,0,1,1,1,1,4,6,1,5,0,0,18,0,0,10,0,0,9,0,0,1,0,0,13,0,0,9,0,0,12,0,0,3,0,0,1,0,0,2,0,0,1,0,0,7,0,0,14,0,0
2016921600557 ,-2.517357,56.840472,1,2,1,5,13.20,4,6,60,6,4,6,0,0,1,1,1,0,0,2,9,9,0,5,18,0,10,10,0,6,1,0,6,6,0,13,13,0,9,9,0,12,12,0,4,1,0,1,1,0,6,6,0,1,2,0,8,7,0,3,1,0
2016300018604 ,-1.354718,53.092961,1,4,1,2,9.31,3,3,70,0,0,0,0,0,1,2,2,5,0,1,9,9,9,18,4,4,10,10,10,9,9,9,1,6,6,13,13,13,5,9,1,6,12,12,1,2,2,1,1,1,6,6,6,2,2,2,6,6,6,3,8,7
2016500131035 ,-4.172261,50.972421,1,1,5,3,18.48,3,6,60,0,0,0,0,0,6,2,2,0,0,2,9,0,0,17,0,0,10,0,0,9,0,0,1,0,0,13,0,0,8,0,0,11,0,0,1,0,0,1,0,0,5,0,0,1,0,0,4,0,0,16,0,0
2016200126803 ,-1.890275,52.502205,1,1,1,2,11.26,6,6,30,3,4,6,0,8,1,1,1,0,0,1,9,0,0,18,0,0,10,0,0,1,0,0,6,0,0,13,0,0,9,0,0,12,0,0,4,0,0,1,0,0,2,0,0,2,0,0,6,0,0,4,0,0
201697NC75212,-4.027902,55.950159,1,1,1,7,19.30,6,9,30,3,4,6,0,0,4,1,2,0,0,1,9,0,0,18,0,0,10,0,0,2,0,0,6,0,0,13,0,0,9,0,0,12,0,0,1,0,0,1,0,0,1,0,0,1,0,0,7,0,0,3,0,0
2016010008657 ,-0.11271,51.557733,1,1,1,7,0.20,3,2,30,6,2,3,0,5,4,1,2,0,0,1,11,0,0,5,0,0,10,0,0,1,0,0,6,0,0,13,0,0,9,0,0,12,0,0,4,0,0,1,0,0,1,0,0,1,0,0,9,0,0,13,0,0
2016076175140 ,-2.21016,53.181521,1,2,2,2,17.50,3,6,40,0,0,0,0,0,1,1,1,0,0,2,9,9,0,18,18,0,10,10,0,9,9,0,6,6,0,13,13,0,9,9,0,12,12,0,1,1,0,1,1,0,2,2,0,1,2,0,8,8,0,2,9,0
2016360053783 ,0.669391,52.965797,1,2,1,1,13.21,3,6,60,0,0,0,0,0,1,1,1,0,0,2,9,5,0,18,18,0,10,10,0,9,9,0,6,6,0,13,13,0,9,9,0,12,12,0,3,4,0,1,1,0,6,6,0,1,1,0,8,8,0,4,12,0
20161334H0964,-1.379125,53.831709,1,1,1,1,15.25,6,6,60,0,0,0,0,0,1,1,1,0,0,2,3,0,0,17,0,0,10,0,0,9,0,0,6,0,0,6,0,0,9,0,0,12,0,0,1,0,0,1,0,0,6,0,0,1,0,0,5,0,0,4,0,0
2016010006357 ,0.088578,51.359892,1,1,1,6,16.50,3,6,30,9,4,3,0,0,1,1,2,0,0,1,9,0,0,3,0,0,10,0,0,6,0,0,6,0,0,13,0,0,9,0,0,12,0,0,1,0,0,1,0,0,6,0,0,1,0,0,9,0,0,5,0,0
201697QB01411,-4.079476,55.812918,1,1,1,2,11.30,4,6,30,3,2,6,0,5,1,1,1,4,0,2,9,0,0,7,0,0,10,0,0,1,0,0,6,0,0,13,0,0,9,0,0,12,0,0,1,0,0,1,0,0,6,0,0,2,0,0,6,0,0,5,0,0
2016360139929 ,1.098761,52.451315,1,2,1,6,15.35,4,6,60,0,0,0,0,0,1,8,2,6,0,2,9,9,0,17,16,0,10,10,0,9,9,0,1,6,0,13,13,0,9,9,0,12,12,0,1,1,0,1,1,0,2,2,0,1,2,0,9,7,0,9,1,0
2016471602010 ,-0.12127,50.822958,1,1,1,3,9.46,6,6,20,3,4,6,0,0,1,1,1,4,0,1,9,0,0,1,0,0,10,0,0,1,0,0,6,0,0,13,0,0,9,0,0,12,0,0,2,0,0,1,0,0,6,0,0,2,0,0,10,0,0,13,0,0
2016500083091 ,-5.068849,50.208277,1,1,2,7,19.18,6,9,30,0,0,0,0,0,1,1,1,0,0,2,9,0,0,18,0,0,10,0,0,9,0,0,6,0,0,13,0,0,1,0,0,12,0,0,4,0,0,1,0,0,5,0,0,1,0,0,11,0,0,15,0,0
2016100083053 ,-1.621725,55.017708,1,1,2,6,12.30,4,6,30,1,4,6,0,0,1,1,1,0,0,1,11,0,0,18,0,0,10,0,0,4,0,0,6,0,0,13,0,0,9,0,0,12,0,0,5,0,0,1,0,0,1,0,0,1,0,0,9,0,0,11,0,0
2016520604926 ,-2.716216,50.956452,1,1,3,1,3.47,3,6,60,0,0,0,0,0,6,1,1,0,0,2,9,0,0,18,0,0,10,0,0,9,0,0,6,0,0,13,0,0,7,0,0,4,0,0,3,0,0,1,0,0,6,0,0,1,0,0,4,0,0,11,0,0
2016500141747 ,-4.267667,50.812186,1,1,1,3,18.55,3,6,60,3,4,6,0,0,6,1,2,0,0,2,9,0,0,5,0,0,10,0,0,1,0,0,6,0,0,13,0,0,9,0,0,12,0,0,2,0,0,1,0,0,1,0,0,1,0,0,8,0,0,10,0,0
201601CW10223,-0.12171,51.507338,1,1,1,5,21.40,3,3,30,0,0,0,0,4,4,1,1,0,0,1,9,0,0,18,0,0,10,0,0,9,0,0,6,0,0,13,0,0,9,0,0,12,0,0,3,0,0,1,0,0,2,0,0,1,0,0,6,0,0,9,0,0
201654A722216,-1.74166,51.183449,1,2,2,3,6.13,5,6,60,6,4,3,0,0,6,1,1,0,0,2,19,8,0,18,18,0,10,10,0,8,8,0,6,6,0,13,13,0,9,7,0,12,11,0,1,4,0,1,1,0,1,1,0,1,1,0,6,10,0,2,5,0
2016471601488 ,0.243167,50.848564,1,3,3,7,11.1,3,3,60,0,0,0,0,0,1,1,1,0,0,2,5,9,9,15,18,18,10,10,10,9,9,9,6,6,6,13,13,13,4,9,9,10,12,12,4,2,5,1,1,1,6,6,6,1,1,1,7,11,6,1,10,5
201643P299036,-1.330973,51.791574,1,2,2,3,10.45,3,6,60,0,0,0,0,0,1,1,1,0,0,2,5,9,0,14,6,0,10,10,0,9,9,0,6,6,0,13,13,0,9,9,0,12,12,0,1,3,0,1,1,0,2,6,0,1,1,0,6,8,0,2,5,0
2016471604929 ,-0.091156,50.861897,1,2,1,3,19.0,3,3,70,0,0,0,0,0,1,1,1,0,0,2,9,9,0,18,18,0,10,10,0,9,9,0,6,6,0,13,13,0,9,9,0,12,12,0,1,2,0,1,1,0,6,6,0,2,2,0,10,9,0,10,8,0
2016133580722 ,-1.575893,53.825681,1,1,1,1,12.30,4,6,30,0,0,0,0,0,1,1,1,0,0,1,9,0,0,18,0,0,10,0,0,9,0,0,6,0,0,13,0,0,9,0,0,12,0,0,4,0,0,1,0,0,6,0,0,1,0,0,9,0,0,16,0,0
20161337L1705,-1.755301,53.791128,1,1,1,5,20.12,3,3,30,0,0,0,0,1,1,1,1,0,0,1,9,0,0,13,0,0,10,0,0,9,0,0,6,0,0,13,0,0,9,0,0,12,0,0,4,0,0,1,0,0,6,0,0,1,0,0,6,0,0,10,0,0
201631A074716,-1.235618,53.127961,1,3,1,1,19.30,3,6,50,3,2,3,0,5,4,2,2,0,0,2,9,9,9,4,10,10,10,10,10,1,1,1,1,6,6,13,13,13,9,9,9,12,12,12,1,2,2,1,1,1,6,6,6,1,1,2,4,4,7,9,3,5
201691NN32559,-3.926668,57.301806,1,2,3,5,9.28,3,6,60,0,0,0,0,0,1,3,3,0,0,2,9,9,0,18,18,0,10,10,0,9,9,0,1,6,0,13,13,0,9,9,0,7,12,0,4,1,0,1,1,0,6,6,0,2,1,0,7,8,0,12,1,0
2016420056634 ,0.451434,51.569054,1,2,1,7,17.45,3,1,30,1,4,4,0,0,1,1,1,0,0,1,3,9,0,7,7,0,10,10,0,3,3,0,6,6,0,13,13,0,9,9,0,12,12,0,3,4,0,1,1,0,6,5,0,1,2,0,5,5,0,2,10,0
2016450039727 ,-0.33134,51.214415,1,1,1,2,22.23,3,3,50,0,0,0,0,0,6,1,2,0,0,1,9,0,0,16,0,0,10,0,0,9,0,0,1,0,0,13,0,0,5,0,0,4,0,0,1,0,0,1,0,0,5,0,0,1,0,0,8,0,0,9,0,0
201604ED16191,-2.350949,53.721789,1,1,1,3,8.55,4,6,50,0,0,0,0,0,1,1,1,0,0,2,9,0,0,18,0,0,10,0,0,9,0,0,5,0,0,13,0,0,2,0,0,10,0,0,1,0,0,1,0,0,2,0,0,1,0,0,6,0,0,13,0,0
2016160116354 ,-0.066742,53.571433,1,1,1,7,13.14,6,6,30,6,2,6,0,0,1,1,1,0,0,1,5,0,0,3,0,0,10,0,0,1,0,0,6,0,0,13,0,0,9,0,0,12,0,0,4,0,0,1,0,0,6,0,0,1,0,0,8,0,0,5,0,0
2016460075428 ,0.108359,51.284813,1,2,1,1,10.26,1,3,70,0,0,0,0,0,1,1,1,0,0,2,5,5,0,18,18,0,10,10,0,9,9,0,6,6,0,13,13,0,9,9,0,12,12,0,2,1,0,1,1,0,6,6,0,1,1,0,11,9,0,5,4,0
2016420046989 ,0.076453,51.645419,1,2,1,3,12.7,6,6,30,3,4,6,0,0,1,1,1,0,0,1,9,4,0,9,18,0,10,10,0,6,1,0,6,6,0,13,13,0,9,9,0,12,12,0,5,5,0,1,1,0,5,2,0,1,1,0,10,5,0,9,8,0
2016460092126 ,0.194244,51.344866,1,1,1,4,20.15,3,3,60,0,0,0,0,0,1,1,1,0,0,2,5,0,0,18,0,0,10,0,0,9,0,0,2,0,0,13,0,0,9,0,0,12,0,0,1,0,0,1,0,0,6,0,0,1,0,0,6,0,0,14,0,0
2016460113108 ,1.069049,51.272184,1,2,1,2,8.40,3,6,30,3,4,6,0,0,4,1,1,1,0,1,9,2,0,7,18,0,10,10,0,1,1,0,6,6,0,13,13,0,9,9,0,12,12,0,4,1,0,1,1,0,6,4,0,2,2,0,7,4,0,5,5,0
2016420116336 ,0.66403,51.784474,1,2,1,1,15.56,6,6,60,0,0,0,0,0,1,1,2,0,0,2,9,9,0,16,17,0,10,10,0,9,9,0,1,6,0,13,13,0,9,9,0,12,12,0,1,3,0,1,1,0,5,5,0,1,1,0,6,8,0,26,4,0
2016440431118 ,-1.087359,50.806107,1,1,1,3,11.5,3,6,30,3,2,6,0,0,1,1,1,0,0,1,19,0,0,18,0,0,10,0,0,1,0,0,6,0,0,13,0,0,9,0,0,1,0,0,1,0,0,1,0,0,1,0,0,1,0,0,6,0,0,2,0,0
2016460115384 ,0.72592,51.215573,1,1,1,1,6.0,1,3,70,0,0,0,0,0,6,1,2,0,0,2,9,0,0,18,0,0,10,0,0,9,0,0,2,0,0,13,0,0,9,0,0,12,0,0,5,0,0,1,0,0,6,0,0,1,0,0,6,0,0,14,0,0
2016160123242 ,-0.110335,53.673536,1,1,1,5,23.12,6,6,60,0,0,0,0,0,6,1,1,0,0,2,9,0,0,18,0,0,10,0,0,9,0,0,1,0,0,10,0,0,1,0,0,9,0,0,4,0,0,1,0,0,6,0,0,2,0,0,4,0,0,7,0,0
2016331601368 ,-1.15363,52.585841,1,2,1,3,7.40,6,6,30,3,4,5,0,0,1,1,1,0,0,1,3,9,0,18,9,0,10,10,0,8,6,0,1,6,0,13,13,0,1,9,0,12,12,0,1,1,0,1,1,0,6,1,0,1,1,0,4,7,0,1,1,0
2016160071373 ,-0.728695,53.764278,1,1,2,4,10.20,1,3,70,0,0,0,0,0,1,1,1,0,0,2,9,0,0,18,0,0,10,0,0,9,0,0,1,0,0,10,0,0,1,0,0,4,0,0,4,0,0,1,0,0,5,0,0,1,0,0,11,0,0,5,0,0
2016440243498 ,-1.428631,50.911442,1,2,1,5,6.0,6,6,30,3,4,6,0,0,1,1,1,0,0,1,3,9,0,18,9,0,10,10,0,8,8,0,6,6,0,13,13,0,9,9,0,12,12,0,5,5,0,1,1,0,1,6,0,1,1,0,7,8,0,2,14,0
2016350153481 ,-0.264414,52.54528,1,1,2,1,3.20,3,1,60,1,4,6,0,0,4,1,1,0,0,2,9,0,0,16,0,0,10,0,0,3,0,0,6,0,0,13,0,0,7,0,0,7,0,0,3,0,0,1,0,0,5,0,0,2,0,0,6,0,0,9,0,0