Accident_Index,Longitude,Latitude,SV,Number_of_Vehicles,Number_of_Casualties,Day_of_Week,Time,1st_Road_Class,Road_Type,Speed_limit,Junction_Detail,Junction_Control,2nd_Road_Class,Pedestrian_Crossing-Human_Control,Pedestrian_Crossing-Physical_Facilities,Light_Conditions,Weather_Conditions,Road_Surface_Conditions,Special_Conditions_at_Site,Carriageway_Hazards,Urban_or_Rural_Area,Vehicle1_Type,Vehicle2_Type,Vehicle3_Type,Vehicle1_Manoeuvre,Vehicle2_Manoeuvre,Vehicle3_Manoeuvre,Vehicle1_Location-Restricted_Lane,Vehicle2_Location-Restricted_Lane,Vehicle3_Location-Restricted_Lane,Junction1_Location,Junction2_Location,Junction3_Location,Skidding1_and_Overturning,Skidding2_and_Overturning,Skidding3_and_Overturning,Hit_Object_in_Carriageway1,Hit_Object_in_Carriageway2,Hit_Object_in_Carriageway3,Vehicle1_Leaving_Carriageway,Vehicle2_Leaving_Carriageway,Vehicle3_Leaving_Carriageway,Hit_Object_off_Carriageway1,Hit_Object_off_Carriageway2,Hit_Object_off_Carriageway3,1st_Point_of_Impact1,1st_Point_of_Impact2,1st_Point_of_Impact3,Was_Vehicle 1_Left_Hand_Drive?,Was_Vehicle2_Left_Hand_Drive?,Was_Vehicle 3_Left_Hand_Drive?,Journey_Purpose_of_Driver1,Journey_Purpose_of_Driver2,Journey_Purpose_of_Driver3,Sex_of_Driver1,Sex_of_Driver2,Sex_of_Driver3,Age_Band_of_Driver1,Age_Band_of_Driver2,Age_Band_of_Driver3,Age_of_Vehicle1,Age_of_Vehicle2,Age_of_Vehicle3
2016076047415 ,-2.732426,53.370313,1,1,1,4,4.55,4,6,30,0,0,0,0,5,4,1,2,0,0,1,9,0,0,18,0,0,10,0,0,9,0,0,6,0,0,13,0,0,9,0,0,12,0,0,1,0,0,1,0,0,6,0,0,1,0,0,10,0,0,10,0,0
201637EA96792,1.70026,52.465965,1,2,1,2,8.40,3,6,30,9,4,6,0,0,1,1,2,0,0,1,21,3,0,9,13,0,10,10,0,6,8,0,6,6,0,13,13,0,9,9,0,12,12,0,3,1,0,1,1,0,1,6,0,1,1,0,6,4,0,10,11,0
2016420099683 ,0.528482,51.617899,1,1,1,6,17.15,3,6,30,0,0,0,0,0,1,1,1,0,0,1,11,0,0,17,0,0,10,0,0,9,0,0,6,0,0,13,0,0,9,0,0,12,0,0,1,0,0,1,0,0,1,0,0,1,0,0,8,0,0,8,0,0
2016621600802 ,-3.169519,51.471938,1,2,5,1,16.27,3,3,30,3,2,6,0,5,1,1,1,0,0,1,9,9,0,9,18,0,10,10,0,8,8,0,6,6,0,13,13,0,9,1,0,12,7,0,1,1,0,1,1,0,6,6,0,1,2,0,8,7,0,7,7,0
2016200066265 ,-1.918481,52.401384,1,2,1,2,13.25,6,6,30,3,4,6,0,0,1,1,1,0,0,1,5,9,0,18,9,0,10,10,0,8,5,0,6,6,0,13,13,0,9,9,0,12,12,0,1,2,0,1,1,0,6,6,0,1,1,0,9,6,0,14,15,0
201697QC02101,-3.879783,55.637327,1,2,1,3,17.40,4,3,50,0,0,0,0,0,4,2,2,0,0,2,9,9,0,16,18,0,10,10,0,9,9,0,5,6,0,10,13,0,1,9,0,4,12,0,1,1,0,1,1,0,2,6,0,1,1,0,4,4,0,2,10,0
2016621600764 ,-3.957398,51.615513,1,1,1,2,3.54,4,6,30,6,2,6,0,5,4,1,1,0,0,1,9,0,0,18,0,0,10,0,0,2,0,0,6,0,0,13,0,0,9,0,0,12,0,0,1,0,0,1,0,0,6,0,0,1,0,0,11,0,0,17,0,0
2016230066541 ,-1.512918,52.223045,1,4,3,1,13.32,4,6,60,3,4,6,0,0,1,1,1,0,0,2,9,5,5,9,18,18,10,10,10,5,8,8,6,1,1,13,13,13,9,9,9,12,12,12,1,1,1,1,1,1,5,5,5,2,1,1,9,8,8,5,1,15
2016440449426 ,-0.98522,50.856352,1,1,1,3,7.55,6,6,30,0,0,0,0,8,1,1,1,0,0,1,9,0,0,18,0,0,10,0,0,9,0,0,6,0,0,13,0,0,9,0,0,12,0,0,1,0,0,1,0,0,6,0,0,1,0,0,8,0,0,8,0,0
2016200108006 ,-2.010551,52.586564,1,2,1,2,22.44,3,3,40,6,2,6,0,5,1,1,1,0,0,1,9,9,0,9,18,0,10,10,0,5,8,0,6,6,0,13,13,0,9,9,0,12,12,0,4,3,0,1,1,0,1,5,0,1,1,0,5,9,0,5,18,0
2016420101585 ,0.580068,51.862853,1,1,1,7,20.42,4,6,40,0,0,0,0,0,6,2,2,0,0,2,9,0,0,17,0,0,10,0,0,9,0,0,1,0,0,13,0,0,1,0,0,12,0,0,1,0,0,1,0,0,5,0,0,1,0,0,5,0,0,6,0,0
2016440098951 ,-1.180533,50.824712,1,2,1,6,8.50,6,6,30,6,4,6,0,0,1,1,1,0,0,1,9,3,0,5,18,0,10,10,0,8,8,0,6,6,0,13,13,0,9,9,0,12,12,0,1,3,0,1,1,0,2,2,0,2,1,0,6,6,0,16,1,0
2016320402186 ,-0.327383,53.34553,1,1,1,3,6.30,4,6,60,3,4,6,0,0,6,7,2,0,0,2,9,0,0,17,0,0,10,0,0,1,0,0,2,0,0,13,0,0,7,0,0,10,0,0,1,0,0,1,0,0,2,0,0,2,0,0,8,0,0,1,0,0
2016200054740 ,-2.108123,52.476,1,1,1,5,21.32,3,3,40,7,2,6,0,5,4,1,1,4,0,1,9,0,0,18,0,0,10,0,0,2,0,0,6,0,0,13,0,0,9,0,0,12,0,0,1,0,0,1,0,0,6,0,0,1,0,0,4,0,0,13,0,0
2016950001597 ,-3.063392,55.892368,1,1,2,3,18.0,6,6,30,0,0,0,0,0,1,2,2,0,0,1,9,0,0,16,0,0,10,0,0,9,0,0,5,0,0,13,0,0,2,0,0,12,0,0,1,0,0,1,0,0,6,0,0,2,0,0,5,0,0,24,0,0
2016551602020 ,-2.437086,50.629782,1,2,4,1,20.27,4,6,50,0,0,0,0,8,4,2,2,0,0,2,9,9,0,13,18,0,10,10,0,9,9,0,1,6,0,7,13,0,9,1,0,12,9,0,4,1,0,1,1,0,6,6,0,1,2,0,4,9,0,13,15,0
2016440153829 ,-1.166827,50.717995,1,2,2,7,16.0,6,6,30,3,4,6,0,0,1,1,1,0,0,1,9,3,0,9,18,0,10,10,0,8,8,0,6,6,0,13,13,0,1,9,0,12,12,0,3,1,0,1,1,0,6,6,0,2,1,0,5,4,0,4,6,0
2016140041989 ,-1.197292,53.438033,1,1,1,4,21.29,4,6,30,0,0,0,0,0,4,8,1,0,0,2,9,0,0,16,0,0,10,0,0,9,0,0,6,0,0,13,0,0,7,0,0,11,0,0,1,0,0,1,0,0,6,0,0,1,0,0,5,0,0,1,0,0
2016230098079 ,-1.720123,52.481193,1,2,2,6,19.30,1,3,70,0,0,0,0,0,1,1,1,0,0,2,19,9,0,11,18,0,10,10,0,9,9,0,6,1,0,13,13,0,9,1,0,12,7,0,4,3,0,1,1,0,5,5,0,1,1,0,7,5,0,10,8,0
2016120223943 ,-2.054008,53.969337,1,3,1,2,18.26,3,6,30,3,4,6,0,0,6,1,2,0,0,2,21,5,9,18,17,5,10,10,10,8,8,8,6,1,6,13,13,13,9,9,9,12,12,12,4,1,4,1,1,1,1,6,2,1,1,1,8,9,8,17,25,4
201643R043066,-0.566407,51.486209,1,2,1,4,18.45,4,6,40,0,0,0,0,0,1,1,1,0,0,2,9,5,0,6,13,0,10,10,0,9,9,0,6,6,0,13,13,0,9,9,0,12,12,0,3,1,0,1,1,0,1,1,0,2,1,0,6,8,0,1,9,0
2016430334739 ,-0.578094,51.530449,1,1,1,4,9.54,6,1,40,1,4,6,0,8,1,1,1,0,0,1,9,0,0,18,0,0,10,0,0,3,0,0,6,0,0,13,0,0,9,0,0,12,0,0,1,0,0,1,0,0,6,0,0,2,0,0,9,0,0,1,0,0
201650JS3N001,-3.623679,50.441281,1,2,3,5,21.39,6,6,60,0,0,0,0,0,6,2,2,0,0,2,9,9,0,16,18,0,10,10,0,9,9,0,1,6,0,13,13,0,9,9,0,12,12,0,1,1,0,1,1,0,6,6,0,1,2,0,4,7,0,15,16,0
2016471602382 ,-0.062671,50.804093,1,2,2,7,13.45,3,6,30,3,4,6,0,0,1,1,1,0,0,2,9,5,0,9,18,0,10,2,0,1,1,0,6,1,0,13,13,0,9,9,0,12,12,0,5,5,0,1,1,0,6,6,0,1,1,0,6,7,0,11,11,0
2016140114176 ,-1.471187,53.367164,1,2,1,2,18.12,3,6,30,3,4,6,0,8,1,1,1,0,0,1,9,5,0,9,18,0,10,10,0,6,8,0,6,6,0,13,13,0,9,9,0,12,12,0,3,1,0,1,1,0,2,6,0,1,1,0,6,8,0,15,5,0
2016140056978 ,-1.134897,53.389659,1,1,1,6,12.34,4,6,60,3,4,6,0,0,1,1,1,0,0,2,5,0,0,17,0,0,10,0,0,1,0,0,2,0,0,10,0,0,1,0,0,4,0,0,1,0,0,1,0,0,6,0,0,1,0,0,5,0,0,12,0,0
2016100097289 ,-1.812739,54.999074,1,2,2,7,10.30,3,3,70,0,0,0,0,0,1,1,1,0,0,2,9,9,0,12,18,0,10,10,0,9,9,0,2,6,0,13,13,0,1,9,0,9,12,0,1,5,0,1,1,0,5,5,0,2,2,0,7,6,0,8,1,0
2016350058563 ,-0.259949,52.471702,1,2,3,2,20.8,4,6,60,0,0,0,0,0,6,1,1,0,0,2,9,9,0,17,16,0,10,10,0,9,9,0,5,6,0,13,13,0,7,9,0,12,12,0,3,4,0,1,1,0,6,6,0,1,1,0,7,9,0,3,9,0
2016460068217 ,0.544294,51.372057,1,1,1,5,15.39,6,6,30,9,4,6,0,4,1,1,1,0,0,1,11,0,0,18,0,0,10,0,0,2,0,0,6,0,0,13,0,0,9,0,0,12,0,0,4,0,0,1,0,0,1,0,0,2,0,0,9,0,0,4,0,0
2016100127525 ,-2.286261,54.938511,1,2,2,2,17.40,3,6,60,3,4,6,0,0,1,1,1,0,0,2,9,5,0,9,18,0,10,10,0,6,8,0,6,6,0,13,13,0,9,9,0,12,12,0,3,1,0,1,1,0,6,5,0,1,1,0,9,6,0,3,5,0
2016610047316 ,-2.994803,51.587963,1,1,1,2,10.24,6,2,30,3,2,6,0,1,1,1,1,0,0,1,8,0,0,18,0,0,10,0,0,2,0,0,6,0,0,13,0,0,9,0,0,12,0,0,5,0,0,1,0,0,6,0,0,1,0,0,7,0,0,11,0,0
201697KA05211,-4.3824,55.823563,1,1,1,3,10.30,3,6,30,0,0,0,0,0,1,1,2,0,0,2,9,0,0,16,0,0,10,0,0,9,0,0,1,0,0,10,0,0,1,0,0,1,0,0,3,0,0,1,0,0,6,0,0,1,0,0,5,0,0,12,0,0
2016160122765 ,-0.34819,53.756699,1,1,1,3,17.21,6,6,30,0,0,0,0,0,1,1,1,0,0,1,9,0,0,18,0,0,10,0,0,9,0,0,6,0,0,13,0,0,9,0,0,12,0,0,4,0,0,1,0,0,6,0,0,2,0,0,5,0,0,4,0,0
2016410157315 ,-0.022055,51.776792,1,1,1,5,17.40,3,3,70,0,0,0,0,0,6,1,1,0,0,2,9,0,0,18,0,0,10,0,0,9,0,0,5,0,0,13,0,0,1,0,0,11,0,0,1,0,0,1,0,0,6,0,0,2,0,0,5,0,0,15,0,0
201643P260016,-1.22523,51.728902,1,2,1,6,12.45,6,6,20,0,0,0,0,0,1,1,1,0,0,1,9,9,0,18,3,0,10,10,0,9,9,0,6,6,0,13,13,0,9,9,0,12,12,0,1,2,0,1,1,0,6,6,0,1,1,0,6,8,0,15,12,0
2016440182161 ,-1.024595,51.020734,1,2,2,1,12.20,3,6,60,0,0,0,0,0,1,1,1,0,7,2,5,9,0,16,17,0,10,10,0,9,9,0,1,6,0,12,13,0,9,9,0,12,12,0,1,1,0,1,1,0,6,6,0,1,1,0,6,11,0,20,5,0
201697LB02710,-6.156356,56.592997,1,1,1,7,14.10,4,6,60,0,0,0,0,0,1,1,2,0,0,2,9,0,0,16,0,0,10,0,0,9,0,0,1,0,0,13,0,0,7,0,0,11,0,0,1,0,0,1,0,0,1,0,0,1,0,0,8,0,0,4,0,0
2016160081738 ,-0.329222,53.77864,1,1,1,2,13.25,3,1,40,1,4,6,0,0,1,2,2,0,0,1,9,0,0,18,0,0,10,0,0,8,0,0,6,0,0,10,0,0,7,0,0,2,0,0,4,0,0,1,0,0,5,0,0,2,0,0,9,0,0,13,0,0
2016350083243 ,-0.252971,52.210642,1,2,1,3,8.40,3,3,60,3,2,6,0,0,1,1,1,0,0,2,5,9,0,18,9,0,10,10,0,1,1,0,6,6,0,13,13,0,9,9,0,12,12,0,1,1,0,1,1,0,5,5,0,1,2,0,7,6,0,1,5,0
2016350115952 ,0.390701,52.072306,1,2,2,4,8.24,6,6,40,0,0,0,0,0,1,1,1,0,0,2,9,5,0,9,18,0,10,10,0,9,9,0,6,6,0,13,13,0,9,9,0,12,12,0,3,1,0,1,1,0,1,1,0,2,1,0,6,9,0,9,19,0
201606J015549,-2.231682,53.370915,1,1,1,7,22.19,6,6,30,3,4,6,0,0,4,1,2,0,0,1,9,0,0,18,0,0,10,0,0,8,0,0,6,0,0,13,0,0,9,0,0,12,0,0,1,0,0,1,0,0,6,0,0,2,0,0,6,0,0,1,0,0
2016460058795 ,0.524339,51.264734,1,1,1,6,11.18,3,2,30,3,4,6,0,0,7,9,1,0,0,1,11,0,0,17,0,0,10,0,0,1,0,0,6,0,0,13,0,0,9,0,0,12,0,0,5,0,0,1,0,0,1,0,0,1,0,0,9,0,0,7,0,0
2016540246416 ,-1.665401,51.003338,1,2,5,7,12.22,3,6,60,3,4,6,0,0,1,2,2,0,0,2,9,9,0,9,4,0,10,10,0,5,8,0,6,6,0,13,13,0,9,9,0,12,12,0,1,1,0,1,1,0,6,6,0,2,1,0,7,8,0,11,1,0
2016471601239 ,-0.162865,51.118002,1,2,3,2,19.11,3,3,30,3,2,6,0,5,4,1,1,0,0,1,9,9,0,9,18,0,10,10,0,8,8,0,6,6,0,13,13,0,9,9,0,12,12,0,1,3,0,1,1,0,6,6,0,2,1,0,7,7,0,8,10,0
2016076134648 ,-2.188141,53.193469,1,2,1,2,15.13,3,6,60,3,4,5,0,0,1,1,1,0,0,2,9,5,0,9,18,0,10,10,0,6,8,0,6,6,0,13,13,0,9,2,0,12,12,0,5,5,0,1,1,0,6,6,0,2,1,0,6,9,0,3,8,0
2016440046761 ,-1.367262,50.896162,1,1,1,1,10.25,3,6,30,3,2,6,0,4,1,2,2,0,0,1,3,0,0,5,0,0,10,0,0,1,0,0,6,0,0,13,0,0,9,0,0,12,0,0,3,0,0,1,0,0,2,0,0,1,0,0,6,0,0,7,0,0
20164100K0162,-0.040936,51.708667,1,2,1,4,23.50,3,3,40,0,0,0,0,0,4,1,2,0,0,1,9,9,0,18,12,0,10,10,0,9,9,0,6,2,0,13,10,0,9,9,0,12,12,0,4,3,0,1,1,0,6,1,0,1,1,0,8,8,0,9,17,0
2016440486633 ,-1.64697,50.759178,1,2,4,3,21.51,6,6,30,3,4,6,0,0,4,1,1,0,0,1,9,9,0,9,18,0,10,10,0,8,8,0,6,6,0,13,13,0,9,9,0,12,12,0,1,1,0,1,1,0,6,6,0,2,2,0,4,5,0,3,15,0
2016621601057 ,-3.142592,51.490278,1,1,1,5,19.35,6,6,30,0,0,0,0,0,1,1,1,0,0,1,9,0,0,18,0,0,10,0,0,9,0,0,6,0,0,13,0,0,9,0,0,12,0,0,1,0,0,1,0,0,6,0,0,2,0,0,9,0,0,2,0,0
2016051604093 ,-3.036697,53.400087,1,2,1,3,13.35,3,6,30,6,2,3,0,0,1,1,1,0,0,1,5,10,0,18,5,0,10,10,0,8,8,0,6,6,0,13,13,0,9,9,0,12,12,0,3,1,0,1,1,0,6,1,0,1,1,0,7,9,0,11,13,0
2016450102142 ,-0.616318,51.22868,1,2,1,5,8.12,3,6,50,3,4,5,0,0,1,1,1,0,0,1,19,4,0,9,9,0,10,10,0,6,5,0,6,5,0,13,13,0,9,9,0,12,12,0,1,4,0,1,1,0,2,1,0,1,1,0,6,6,0,8,3,0
20161337E0392,-1.533113,53.844739,1,1,1,5,9.35,6,6,30,3,4,6,0,0,1,1,1,0,0,1,9,0,0,1,0,0,10,0,0,8,0,0,6,0,0,13,0,0,9,0,0,12,0,0,2,0,0,1,0,0,1,0,0,1,0,0,7,0,0,2,0,0
2016440342504 ,-1.316357,50.926234,1,1,1,1,10.42,1,3,70,0,0,0,0,0,1,1,1,0,0,2,5,0,0,18,0,0,10,0,0,9,0,0,1,0,0,13,0,0,1,0,0,9,0,0,3,0,0,1,0,0,6,0,0,1,0,0,9,0,0,13,0,0
2016471602479 ,-0.636799,50.794023,1,1,1,6,10.0,4,6,30,8,4,6,0,0,1,1,1,0,0,1,9,0,0,1,0,0,9,0,0,6,0,0,6,0,0,13,0,0,9,0,0,12,0,0,2,0,0,1,0,0,6,0,0,2,0,0,9,0,0,12,0,0
2016543223916 ,-1.701297,51.682217,1,2,2,4,15.49,3,6,60,8,4,6,0,0,1,1,1,0,0,2,9,5,0,9,18,0,10,10,0,6,8,0,6,1,0,13,13,0,9,9,0,12,12,0,3,1,0,1,1,0,6,6,0,2,1,0,11,6,0,4,16,0
201604WA16032,-3.043334,53.799468,1,1,1,4,15.10,3,6,30,6,2,3,0,4,1,1,1,0,0,1,9,0,0,18,0,0,10,0,0,2,0,0,6,0,0,13,0,0,9,0,0,12,0,0,1,0,0,1,0,0,6,0,0,1,0,0,8,0,0,13,0,0
2016610028916 ,-3.024208,51.634864,1,1,2,1,16.46,6,6,60,3,4,6,0,0,1,1,1,0,0,1,9,0,0,18,0,0,10,0,0,8,0,0,6,0,0,13,0,0,1,0,0,12,0,0,1,0,0,1,0,0,6,0,0,1,0,0,6,0,0,12,0,0
2016200057570 ,-1.497539,52.430921,1,2,1,7,20.55,4,6,20,8,4,6,0,0,4,1,1,0,0,1,5,9,0,18,9,0,10,10,0,8,6,0,1,6,0,13,13,0,9,9,0,12,12,0,1,2,0,1,1,0,6,6,0,1,1,0,6,7,0,17,15,0
2016621601512 ,-3.948723,51.633526,1,2,2,4,18.24,6,6,30,8,4,6,0,0,1,1,1,0,0,1,9,5,0,9,18,0,10,10,0,1,1,0,6,6,0,13,13,0,9,9,0,12,12,0,1,1,0,1,1,0,2,2,0,1,1,0,6,7,0,7,10,0
2016200061165 ,-1.799113,52.457053,1,2,1,1,19.26,6,6,30,8,4,6,0,0,1,8,1,0,0,1,5,9,0,14,1,0,10,10,0,1,6,0,6,6,0,13,13,0,9,9,0,12,12,0,5,5,0,1,1,0,6,6,0,1,1,0,9,9,0,15,8,0
2016471603483 ,-0.222781,51.103406,1,1,1,6,16.19,6,6,30,0,0,0,0,0,1,1,1,0,0,1,9,0,0,18,0,0,10,0,0,9,0,0,6,0,0,13,0,0,9,0,0,12,0,0,1,0,0,1,0,0,6,0,0,1,0,0,6,0,0,16,0,0
2016460045355 ,0.85332,51.140056,1,1,1,1,18.35,4,6,30,3,4,6,0,0,4,1,1,0,0,1,9,0,0,18,0,0,10,0,0,1,0,0,6,0,0,13,0,0,9,0,0,12,0,0,1,0,0,1,0,0,6,0,0,1,0,0,6,0,0,8,0,0
201606E014193,-2.223564,53.41644,1,2,1,3,16.15,5,6,20,3,4,6,0,0,1,1,1,0,0,1,19,3,0,9,18,0,10,10,0,5,8,0,6,6,0,13,13,0,9,2,0,12,4,0,5,5,0,1,1,0,3,2,0,1,1,0,10,5,0,13,1,0
2016406BA0064,-0.283743,52.190008,1,2,2,5,18.52,5,6,60,0,0,0,0,0,6,1,2,0,0,2,9,9,0,17,18,0,10,10,0,9,9,0,1,6,0,10,13,0,2,9,0,12,12,0,1,1,0,1,1,0,6,6,0,1,1,0,7,7,0,3,1,0
2016471601329 ,-0.14013,50.925661,1,1,1,6,16.25,6,6,30,3,4,6,0,0,1,1,1,0,0,1,9,0,0,18,0,0,10,0,0,8,0,0,6,0,0,13,0,0,9,0,0,12,0,0,4,0,0,1,0,0,6,0,0,1,0,0,4,0,0,12,0,0
2016420096879 ,0.613312,51.623118,1,1,1,5,16.11,6,9,30,0,0,0,2,4,1,1,1,0,0,2,19,0,0,9,0,0,10,0,0,9,0,0,6,0,0,13,0,0,9,0,0,12,0,0,1,0,0,1,0,0,2,0,0,1,0,0,8,0,0,2,0,0
2016500146672 ,-3.929898,50.387082,1,2,1,5,7.8,6,1,30,1,4,6,0,8,4,1,1,0,0,1,9,4,0,5,18,0,10,10,0,4,3,0,6,6,0,13,13,0,9,9,0,12,12,0,3,3,0,1,1,0,2,2,0,1,2,0,8,5,0,8,3,0
2016450065538 ,-0.627043,51.313885,1,1,1,3,15.33,3,6,30,9,4,5,0,0,1,1,1,0,0,1,9,0,0,18,0,0,10,0,0,2,0,0,6,0,0,13,0,0,9,0,0,12,0,0,1,0,0,1,0,0,6,0,0,2,0,0,7,0,0,10,0,0
2016551602680 ,-2.164221,50.68287,1,2,1,1,13.12,3,6,50,0,0,0,0,1,1,1,1,0,0,2,9,17,0,13,9,0,10,10,0,9,9,0,5,6,0,13,13,0,7,9,0,11,12,0,1,3,0,1,1,0,6,1,0,2,1,0,9,9,0,8,1,0
2016200110044 ,-1.962952,52.443202,1,2,1,5,17.0,6,6,30,3,4,6,0,0,1,1,1,0,0,1,5,9,0,18,2,0,10,10,0,1,2,0,2,6,0,4,13,0,1,9,0,11,12,0,1,1,0,1,1,0,6,6,0,1,1,0,5,8,0,4,4,0
2016170L21506,-1.16863,54.537645,1,1,1,5,15.31,3,6,30,0,0,0,0,0,1,1,1,0,0,2,9,0,0,18,0,0,10,0,0,9,0,0,6,0,0,13,0,0,9,0,0,12,0,0,1,0,0,1,0,0,6,0,0,2,0,0,9,0,0,9,0,0
2016160068964 ,-0.347141,53.749412,1,1,1,2,22.16,3,6,30,3,4,6,0,0,1,1,1,0,0,1,11,0,0,18,0,0,10,0,0,1,0,0,6,0,0,13,0,0,9,0,0,12,0,0,1,0,0,1,0,0,1,0,0,1,0,0,9,0,0,14,0,0
2016300017435 ,-1.712007,53.280076,1,2,1,4,17.13,3,6,50,3,4,6,0,0,6,2,2,0,0,2,9,9,0,18,18,0,10,10,0,1,2,0,6,6,0,13,13,0,9,9,0,12,12,0,3,3,0,1,1,0,6,6,0,1,2,0,10,10,0,19,12,0
201604EG16010,-2.395511,53.867799,1,1,1,5,15.15,6,6,20,6,4,6,1,0,1,2,2,0,0,1,9,0,0,18,0,0,10,0,0,8,0,0,6,0,0,13,0,0,9,0,0,12,0,0,4,0,0,1,0,0,6,0,0,2,0,0,10,0,0,2,0,0
2016471605533 ,0.531409,50.895561,1,2,1,6,19.35,3,6,60,3,4,6,0,0,1,1,1,0,0,2,8,5,0,9,18,0,10,10,0,8,1,0,6,6,0,13,13,0,9,9,0,12,12,0,4,1,0,1,1,0,1,6,0,1,1,0,9,8,0,8,19,0
2016210078831 ,-1.995627,52.742574,1,1,2,6,17.35,6,6,60,0,0,0,0,0,1,1,1,0,0,2,9,0,0,16,0,0,10,0,0,9,0,0,6,0,0,13,0,0,7,0,0,4,0,0,4,0,0,1,0,0,6,0,0,2,0,0,4,0,0,10,0,0
2016521605388 ,-2.498343,51.415117,1,1,1,3,10.10,6,6,20,0,0,0,0,4,1,1,1,0,0,1,9,0,0,18,0,0,10,0,0,9,0,0,6,0,0,13,0,0,9,0,0,12,0,0,1,0,0,1,0,0,6,0,0,1,0,0,6,0,0,11,0,0
2016410063973 ,0.08239,51.784277,1,1,2,1,10.55,3,3,70,0,0,0,0,0,1,1,1,0,0,2,9,0,0,18,0,0,10,0,0,9,0,0,6,0,0,13,0,0,1,0,0,9,0,0,1,0,0,1,0,0,5,0,0,1,0,0,10,0,0,13,0,0
2016140088576 ,-1.379415,53.512278,1,2,2,5,18.40,4,6,30,0,0,0,0,8,1,1,1,0,0,1,9,3,0,6,18,0,10,10,0,9,9,0,1,1,0,13,13,0,9,9,0,12,12,0,1,1,0,1,1,0,6,2,0,2,1,0,9,7,0,18,1,0
2016110138051 ,-1.689264,54.641746,1,1,2,1,1.36,5,6,40,0,0,0,0,0,4,1,1,0,0,1,8,0,0,18,0,0,10,0,0,9,0,0,6,0,0,13,0,0,9,0,0,12,0,0,1,0,0,1,0,0,1,0,0,1,0,0,9,0,0,2,0,0
2016331601059 ,-1.506203,52.694889,1,2,2,7,20.51,5,6,40,0,0,0,0,0,1,1,1,0,0,2,9,9,0,17,17,0,10,10,0,9,9,0,1,1,0,13,13,0,9,7,0,12,12,0,1,1,0,1,1,0,6,6,0,1,2,0,6,9,0,6,2,0
2016460127069 ,0.575882,51.333476,1,2,3,1,21.25,1,3,70,0,0,0,0,0,4,2,2,0,0,2,9,9,0,18,18,0,10,10,0,9,9,0,5,5,0,13,13,0,1,1,0,12,12,0,1,4,0,1,1,0,1,1,0,1,1,0,9,7,0,5,2,0
20161333G0992,-1.604426,53.848025,1,2,1,4,16.4,6,6,30,3,4,6,0,0,1,1,1,0,0,1,5,9,0,13,9,0,10,10,0,8,5,0,6,6,0,13,13,0,9,9,0,12,12,0,1,3,0,1,1,0,1,3,0,1,2,0,8,7,0,2,10,0
2016471602527 ,0.628839,50.909335,1,3,2,1,13.50,3,6,40,3,4,6,0,0,1,1,1,0,0,2,9,5,5,9,18,18,10,10,10,1,1,1,6,6,6,13,13,13,9,1,9,12,12,12,1,1,1,1,1,1,6,6,6,1,2,1,5,7,8,13,1,2
20161333D1710,-1.527563,53.734126,1,1,1,1,21.40,1,3,70,0,0,0,0,0,4,1,1,0,0,2,19,0,0,18,0,0,10,0,0,9,0,0,2,0,0,13,0,0,1,0,0,11,0,0,1,0,0,1,0,0,6,0,0,1,0,0,5,0,0,12,0,0
20164100T3025,-0.237511,51.692339,1,2,3,7,20.35,1,3,70,0,0,0,0,0,4,5,2,0,0,2,9,9,0,18,18,0,10,10,0,9,9,0,1,6,0,13,13,0,1,4,0,7,6,0,1,2,0,1,1,0,6,6,0,1,2,0,7,9,0,2,2,0
2016471606822 ,0.290366,50.774911,1,2,1,6,16.29,6,6,30,6,4,6,0,0,1,1,1,0,0,1,9,2,0,18,18,0,10,10,0,8,8,0,6,6,0,13,13,0,9,9,0,12,12,0,1,1,0,1,1,0,6,6,0,1,1,0,9,4,0,15,6,0
201601HT20150,-0.05384,51.527544,1,2,1,7,18.25,6,6,30,3,4,4,0,1,4,1,1,0,0,1,3,9,0,3,1,0,10,10,0,1,1,0,6,6,0,13,13,0,9,9,0,12,12,0,1,2,0,1,1,0,6,6,0,1,1,0,7,5,0,2,4,0
2016430336210 ,-0.766494,51.518194,1,1,1,6,19.45,3,6,40,0,0,0,0,0,1,1,2,0,7,2,9,0,0,18,0,0,10,0,0,9,0,0,5,0,0,13,0,0,1,0,0,2,0,0,1,0,0,1,0,0,6,0,0,2,0,0,8,0,0,3,0,0
201601JC30011,-0.032147,51.582578,1,1,1,7,21.0,6,6,30,0,0,0,0,4,4,1,4,0,0,1,3,0,0,18,0,0,10,0,0,9,0,0,1,0,0,13,0,0,9,0,0,12,0,0,5,0,0,1,0,0,1,0,0,1,0,0,6,0,0,3,0,0
201663DP02616,-3.233031,52.596382,1,1,3,1,17.30,6,6,60,0,0,0,0,0,6,2,2,0,0,2,9,0,0,18,0,0,10,0,0,9,0,0,5,0,0,13,0,0,8,0,0,10,0,0,1,0,0,1,0,0,6,0,0,1,0,0,5,0,0,13,0,0
201601GD10456,-0.062983,51.56007,1,2,3,1,22.43,6,6,30,6,4,6,0,0,4,1,1,0,0,1,9,9,0,18,18,0,10,10,0,8,8,0,6,6,0,13,13,0,9,9,0,12,12,0,1,3,0,1,1,0,6,6,0,2,1,0,6,5,0,10,12,0