Accident_Index,Longitude,Latitude,SV,Number_of_Vehicles,Number_of_Casualties,Day_of_Week,Time,1st_Road_Class,Road_Type,Speed_limit,Junction_Detail,Junction_Control,2nd_Road_Class,Pedestrian_Crossing-Human_Control,Pedestrian_Crossing-Physical_Facilities,Light_Conditions,Weather_Conditions,Road_Surface_Conditions,Special_Conditions_at_Site,Carriageway_Hazards,Urban_or_Rural_Area,Vehicle1_Type,Vehicle2_Type,Vehicle3_Type,Vehicle1_Manoeuvre,Vehicle2_Manoeuvre,Vehicle3_Manoeuvre,Vehicle1_Location-Restricted_Lane,Vehicle2_Location-Restricted_Lane,Vehicle3_Location-Restricted_Lane,Junction1_Location,Junction2_Location,Junction3_Location,Skidding1_and_Overturning,Skidding2_and_Overturning,Skidding3_and_Overturning,Hit_Object_in_Carriageway1,Hit_Object_in_Carriageway2,Hit_Object_in_Carriageway3,Vehicle1_Leaving_Carriageway,Vehicle2_Leaving_Carriageway,Vehicle3_Leaving_Carriageway,Hit_Object_off_Carriageway1,Hit_Object_off_Carriageway2,Hit_Object_off_Carriageway3,1st_Point_of_Impact1,1st_Point_of_Impact2,1st_Point_of_Impact3,Was_Vehicle 1_Left_Hand_Drive?,Was_Vehicle2_Left_Hand_Drive?,Was_Vehicle 3_Left_Hand_Drive?,Journey_Purpose_of_Driver1,Journey_Purpose_of_Driver2,Journey_Purpose_of_Driver3,Sex_of_Driver1,Sex_of_Driver2,Sex_of_Driver3,Age_Band_of_Driver1,Age_Band_of_Driver2,Age_Band_of_Driver3,Age_of_Vehicle1,Age_of_Vehicle2,Age_of_Vehicle3
2016431210816 ,-0.547742,51.589435,1,1,2,5,15.20,6,6,30,0,0,0,0,0,1,1,1,0,0,1,9,0,0,18,0,0,10,0,0,9,0,0,6,0,0,13,0,0,1,0,0,4,0,0,1,0,0,1,0,0,6,0,0,2,0,0,10,0,0,11,0,0
2016133AE1155,-1.752324,53.794007,1,1,1,6,17.8,6,6,20,0,0,0,0,0,1,1,2,0,0,1,8,0,0,18,0,0,10,0,0,9,0,0,6,0,0,13,0,0,9,0,0,12,0,0,1,0,0,1,0,0,1,0,0,1,0,0,8,0,0,8,0,0
201643P017036,-1.534038,51.753469,1,1,1,6,23.56,3,6,40,0,0,0,0,0,6,8,2,0,0,2,9,0,0,18,0,0,10,0,0,9,0,0,6,0,0,13,0,0,1,0,0,4,0,0,4,0,0,1,0,0,6,0,0,1,0,0,5,0,0,16,0,0
2016110139406 ,-1.320133,54.764796,1,1,1,6,6.31,3,6,30,3,4,6,0,8,4,1,2,0,0,1,9,0,0,18,0,0,10,0,0,1,0,0,5,0,0,13,0,0,9,0,0,12,0,0,1,0,0,1,0,0,6,0,0,1,0,0,9,0,0,13,0,0
2016220117675 ,-2.170423,52.164517,1,3,3,6,9.0,4,6,40,0,0,0,0,0,1,1,1,0,0,2,9,9,9,18,18,18,10,10,10,9,9,9,6,6,6,13,13,13,7,9,9,10,12,12,1,1,1,1,1,1,5,5,5,1,2,1,11,4,11,2,12,16
2016471603155 ,-0.099693,50.84449,1,1,1,5,9.15,6,7,20,0,0,0,0,0,1,1,1,0,0,1,9,0,0,18,0,0,10,0,0,9,0,0,6,0,0,13,0,0,9,0,0,12,0,0,5,0,0,1,0,0,6,0,0,2,0,0,8,0,0,3,0,0
2016921600051 ,-2.244398,57.193087,1,2,2,5,6.0,3,3,70,9,4,4,0,0,6,1,4,0,0,2,9,9,0,9,18,0,10,10,0,7,8,0,6,6,0,13,13,0,1,9,0,12,12,0,4,1,0,1,1,0,6,1,0,2,1,0,8,4,0,1,16,0
201643S052066,-0.815046,52.055605,1,1,1,4,15.30,6,6,30,3,4,6,0,0,1,1,1,0,0,1,9,0,0,18,0,0,10,0,0,2,0,0,6,0,0,13,0,0,9,0,0,12,0,0,1,0,0,1,0,0,6,0,0,1,0,0,4,0,0,13,0,0
20164100T1028,-0.415432,51.810368,1,1,1,6,19.19,1,3,70,0,0,0,0,0,4,1,1,0,0,2,19,0,0,18,0,0,10,0,0,9,0,0,6,0,0,13,0,0,4,0,0,6,0,0,1,0,0,1,0,0,2,0,0,1,0,0,7,0,0,3,0,0
20161337K0846,-1.514943,53.775557,1,2,1,4,12.45,3,6,30,3,2,4,0,5,1,1,1,0,0,1,9,11,0,4,4,0,10,10,0,1,1,0,6,6,0,13,13,0,9,9,0,12,12,0,2,1,0,1,1,0,6,1,0,2,1,0,9,6,0,16,10,0
2016010023080 ,-0.244798,51.506727,1,1,1,1,23.4,3,6,30,6,2,4,0,5,4,1,1,0,0,1,8,0,0,18,0,0,10,0,0,2,0,0,6,0,0,13,0,0,9,0,0,12,0,0,1,0,0,1,0,0,1,0,0,1,0,0,7,0,0,7,0,0
2016010027689 ,-0.058934,51.509463,1,2,1,4,8.40,3,6,20,3,2,5,0,5,1,1,1,0,0,1,5,8,0,18,9,0,10,10,0,8,8,0,6,6,0,13,13,0,9,9,0,12,12,0,1,4,0,1,1,0,6,1,0,1,1,0,7,8,0,14,7,0
2016420073734 ,-0.006929,51.652143,1,1,1,4,9.9,3,6,40,0,0,0,0,0,1,1,1,0,2,2,3,0,0,18,0,0,10,0,0,9,0,0,6,0,0,11,0,0,1,0,0,12,0,0,1,0,0,1,0,0,5,0,0,1,0,0,7,0,0,8,0,0
2016120127236 ,-1.058291,53.75569,1,4,1,2,7.44,3,6,30,0,0,0,0,0,1,1,1,0,0,2,19,9,9,4,4,4,10,10,10,9,9,9,6,6,6,13,13,13,7,9,9,12,12,12,1,2,2,1,1,1,1,2,2,1,1,2,6,6,5,2,8,2
2016930000530 ,-3.567604,56.574538,1,1,1,1,19.20,3,6,60,0,0,0,0,0,1,2,2,0,0,2,9,0,0,16,0,0,10,0,0,9,0,0,1,0,0,13,0,0,1,0,0,4,0,0,1,0,0,1,0,0,6,0,0,1,0,0,5,0,0,13,0,0
2016220118903 ,-2.15944,52.253593,1,1,1,4,15.40,6,6,30,0,0,0,0,0,1,1,1,0,0,1,9,0,0,16,0,0,10,0,0,9,0,0,6,0,0,13,0,0,9,0,0,12,0,0,1,0,0,1,0,0,3,0,0,2,0,0,8,0,0,5,0,0
2016520607301 ,-2.729171,50.974546,1,4,4,7,14.11,3,3,60,7,4,6,0,0,1,1,1,0,0,2,9,9,9,18,18,7,10,10,10,8,8,8,6,6,6,13,13,13,9,9,9,12,12,12,1,1,3,1,1,1,6,6,6,1,1,2,9,7,8,6,15,7
2016010006295 ,0.151236,51.443204,1,1,1,4,16.35,3,6,30,0,0,0,0,0,4,1,1,0,0,1,9,0,0,18,0,0,10,0,0,9,0,0,6,0,0,13,0,0,9,0,0,12,0,0,1,0,0,1,0,0,6,0,0,1,0,0,7,0,0,10,0,0
20161335D0995,-1.883797,53.725258,1,1,1,6,15.55,6,6,20,0,0,0,0,0,1,1,1,0,0,1,9,0,0,18,0,0,10,0,0,9,0,0,6,0,0,13,0,0,9,0,0,12,0,0,4,0,0,1,0,0,6,0,0,1,0,0,4,0,0,2,0,0
2016076340165 ,-2.339257,53.354666,1,2,1,3,17.10,6,6,30,6,4,4,0,0,4,1,1,0,0,2,9,9,0,18,18,0,10,10,0,8,8,0,6,1,0,13,13,0,1,3,0,12,1,0,4,1,0,1,1,0,6,6,0,1,1,0,5,11,0,13,6,0
2016100093734 ,-1.524616,55.131539,1,1,1,2,17.58,3,6,30,0,0,0,0,0,1,1,1,0,0,1,19,0,0,4,0,0,10,0,0,9,0,0,6,0,0,13,0,0,9,0,0,12,0,0,1,0,0,1,0,0,2,0,0,1,0,0,6,0,0,1,0,0
201697LB00109,-4.965093,56.255915,1,1,2,5,0.1,3,6,60,0,0,0,0,0,1,2,2,5,0,2,9,0,0,17,0,0,10,0,0,9,0,0,2,0,0,13,0,0,8,0,0,9,0,0,1,0,0,1,0,0,6,0,0,1,0,0,6,0,0,13,0,0
2016440309448 ,-1.363195,50.897246,1,2,1,4,23.40,6,6,30,6,4,6,0,0,4,1,1,0,0,1,3,9,0,18,18,0,10,10,0,8,8,0,6,6,0,13,13,0,9,9,0,12,12,0,1,3,0,1,1,0,6,6,0,1,1,0,5,5,0,1,13,0
2016471601358 ,0.201128,50.821987,1,1,1,1,2.54,3,6,60,0,0,0,0,0,6,1,1,0,0,2,9,0,0,18,0,0,10,0,0,9,0,0,1,0,0,13,0,0,7,0,0,4,0,0,2,0,0,1,0,0,2,0,0,2,0,0,8,0,0,11,0,0
201631B063016,-1.127162,53.314948,1,1,1,5,15.35,6,6,20,0,0,0,0,1,1,1,1,0,0,1,9,0,0,18,0,0,10,0,0,9,0,0,6,0,0,13,0,0,9,0,0,12,0,0,4,0,0,1,0,0,6,0,0,2,0,0,6,0,0,8,0,0
2016500129044 ,-3.579152,50.480379,1,1,1,6,12.15,3,3,60,0,0,0,0,0,1,2,2,0,0,2,9,0,0,18,0,0,10,0,0,9,0,0,1,0,0,13,0,0,9,0,0,12,0,0,1,0,0,1,0,0,6,0,0,1,0,0,8,0,0,16,0,0
2016210130230 ,-2.198329,53.049473,1,1,1,4,9.52,3,6,30,0,0,0,0,4,1,1,2,0,0,1,9,0,0,18,0,0,10,0,0,9,0,0,1,0,0,1,0,0,9,0,0,12,0,0,4,0,0,1,0,0,6,0,0,1,0,0,9,0,0,9,0,0
2016430300215 ,-1.224373,51.740855,1,1,1,3,15.18,4,6,30,0,0,0,0,4,1,1,1,0,0,1,11,0,0,18,0,0,10,0,0,9,0,0,6,0,0,13,0,0,9,0,0,12,0,0,1,0,0,1,0,0,1,0,0,1,0,0,10,0,0,3,0,0
2016471600370 ,-0.31558,51.067801,1,2,1,2,19.27,4,1,30,1,4,6,0,5,4,1,2,0,0,1,9,9,0,18,18,0,10,10,0,4,8,0,6,6,0,13,13,0,9,9,0,12,12,0,4,1,0,1,1,0,6,6,0,2,2,0,5,6,0,12,5,0
201634WS11366,-1.281249,52.08958,1,2,1,2,15.3,6,6,30,3,4,6,0,0,1,1,1,0,0,2,9,9,0,7,18,0,10,10,0,8,8,0,6,6,0,13,13,0,9,9,0,12,12,0,1,4,0,1,1,0,6,3,0,1,2,0,6,6,0,9,4,0
201697KB02506,-4.451823,55.857054,1,1,1,4,6.30,3,7,40,0,0,0,0,0,1,2,2,0,0,1,3,0,0,4,0,0,10,0,0,9,0,0,1,0,0,13,0,0,9,0,0,12,0,0,4,0,0,1,0,0,1,0,0,1,0,0,9,0,0,7,0,0
2016500097260 ,-5.328371,50.215061,1,3,8,7,17.52,3,3,60,0,0,0,0,0,1,2,2,0,0,2,9,9,9,18,3,3,10,10,10,9,9,9,6,6,6,13,13,13,9,9,9,12,12,12,1,2,2,1,1,1,5,5,5,2,1,1,10,8,7,2,7,1
2016100084134 ,-1.5041,55.031619,1,1,1,7,23.10,6,6,30,0,0,0,0,0,4,1,1,0,0,2,9,0,0,18,0,0,10,0,0,9,0,0,2,0,0,10,0,0,7,0,0,12,0,0,4,0,0,1,0,0,6,0,0,1,0,0,4,0,0,15,0,0
20161336A1188,-1.629258,53.814192,1,1,1,6,14.50,6,9,30,0,0,0,0,0,1,1,1,0,0,1,9,0,0,1,0,0,9,0,0,9,0,0,6,0,0,13,0,0,9,0,0,12,0,0,2,0,0,1,0,0,6,0,0,1,0,0,8,0,0,10,0,0
201604EG16095,-2.236169,53.819502,1,2,1,2,16.30,3,6,30,3,4,6,0,0,1,1,1,0,0,1,9,2,0,9,18,0,10,10,0,8,1,0,6,6,0,13,13,0,9,9,0,12,12,0,1,3,0,1,1,0,6,6,0,2,1,0,11,6,0,7,12,0
201604ED16208,-2.45962,53.681154,1,1,1,6,14.55,3,6,30,3,4,6,0,0,1,1,1,0,0,1,9,0,0,18,0,0,10,0,0,1,0,0,6,0,0,13,0,0,9,0,0,12,0,0,1,0,0,1,0,0,6,0,0,2,0,0,10,0,0,1,0,0
2016500094319 ,-3.070746,50.887687,1,2,2,6,17.30,3,6,50,0,0,0,0,0,1,1,1,0,0,2,9,19,0,17,17,0,10,10,0,9,9,0,6,6,0,13,13,0,9,9,0,12,12,0,1,1,0,1,1,0,5,6,0,1,1,0,9,7,0,10,8,0
201643S143026,-0.777096,52.06785,1,2,1,7,15.47,5,6,30,6,2,5,0,0,1,1,1,0,0,2,9,19,0,9,18,0,10,10,0,8,8,0,6,6,0,13,13,0,9,9,0,12,12,0,1,1,0,1,1,0,6,6,0,2,1,0,5,7,0,10,3,0
201697QC01502,-3.678356,55.79366,1,4,2,4,5.30,3,6,60,0,0,0,0,0,6,3,3,0,0,2,9,9,9,18,18,18,10,10,10,9,9,9,1,1,1,13,13,13,9,9,9,12,12,12,1,3,1,1,1,1,1,1,1,1,1,1,9,8,9,13,10,1
2016170S12536,-1.31592,54.589588,1,1,1,6,15.35,6,6,30,0,0,0,0,0,1,1,1,0,0,1,9,0,0,18,0,0,10,0,0,9,0,0,6,0,0,13,0,0,9,0,0,12,0,0,1,0,0,1,0,0,6,0,0,2,0,0,10,0,0,4,0,0
2016961601520 ,-3.553264,55.992121,1,1,1,4,15.0,3,6,60,0,0,0,0,0,1,4,2,0,0,2,9,0,0,18,0,0,10,0,0,9,0,0,2,0,0,13,0,0,9,0,0,12,0,0,4,0,0,1,0,0,6,0,0,1,0,0,4,0,0,11,0,0
2016950000775 ,-3.123203,55.95736,1,2,1,2,12.50,6,6,40,7,2,3,0,5,1,5,2,0,0,1,9,9,0,7,8,0,10,10,0,1,1,0,6,6,0,13,13,0,9,9,0,12,12,0,1,2,0,1,1,0,6,6,0,1,1,0,6,9,0,9,7,0
2016430365505 ,-0.72734,52.004437,1,2,1,6,23.50,4,3,40,1,4,5,0,0,4,1,2,0,0,2,9,3,0,18,18,0,10,10,0,1,8,0,6,1,0,13,9,0,9,3,0,12,4,0,5,1,0,1,1,0,1,6,0,1,1,0,6,4,0,4,11,0
2016133921031 ,-1.762624,53.628616,1,2,1,6,14.40,6,6,30,8,4,6,0,0,1,1,1,0,0,1,3,9,0,18,9,0,10,10,0,8,5,0,6,6,0,13,13,0,9,9,0,12,12,0,1,2,0,1,1,0,6,6,0,1,1,0,6,6,0,1,14,0
2016200056715 ,-1.970123,52.476891,1,1,1,6,19.16,6,6,30,6,2,6,0,5,1,1,1,0,0,1,9,0,0,9,0,0,10,0,0,2,0,0,6,0,0,13,0,0,9,0,0,12,0,0,4,0,0,1,0,0,6,0,0,1,0,0,6,0,0,9,0,0
201643W120056,-0.862458,51.476398,1,2,1,3,17.7,4,6,30,3,4,6,0,0,1,1,1,0,0,2,9,5,0,4,18,0,10,10,0,1,8,0,6,6,0,13,13,0,9,9,0,12,12,0,5,1,0,1,1,0,2,2,0,2,1,0,8,9,0,4,13,0
2016480108887 ,-0.091183,51.51368,1,1,1,6,15.41,5,6,20,3,4,5,0,8,1,1,1,0,0,1,11,0,0,4,0,0,10,0,0,1,0,0,6,0,0,13,0,0,9,0,0,12,0,0,5,0,0,1,0,0,1,0,0,1,0,0,8,0,0,5,0,0
201697NE03006,-3.908351,55.814902,1,1,4,1,22.12,3,6,60,0,0,0,0,0,6,2,2,0,0,2,9,0,0,17,0,0,10,0,0,9,0,0,2,0,0,13,0,0,1,0,0,4,0,0,3,0,0,1,0,0,6,0,0,1,0,0,4,0,0,14,0,0
2016200072780 ,-1.880971,52.477608,1,1,1,1,2.30,6,6,30,0,0,0,0,0,4,1,1,0,0,1,9,0,0,5,0,0,10,0,0,9,0,0,6,0,0,13,0,0,9,0,0,12,0,0,4,0,0,1,0,0,6,0,0,1,0,0,5,0,0,9,0,0
2016100156544 ,-1.503844,55.03204,1,1,1,2,17.33,6,6,30,0,0,0,0,0,7,1,1,0,0,2,9,0,0,18,0,0,10,0,0,9,0,0,6,0,0,13,0,0,9,0,0,12,0,0,4,0,0,1,0,0,5,0,0,1,0,0,9,0,0,8,0,0
2016200098472 ,-1.915226,52.496912,1,1,1,3,16.20,6,6,30,3,4,4,0,0,1,1,1,0,0,1,9,0,0,9,0,0,10,0,0,2,0,0,6,0,0,13,0,0,9,0,0,12,0,0,1,0,0,1,0,0,6,0,0,1,0,0,7,0,0,9,0,0
2016621600557 ,-3.350753,51.556765,1,1,1,2,17.10,6,6,30,0,0,0,0,0,1,1,1,0,0,2,9,0,0,18,0,0,10,0,0,9,0,0,6,0,0,13,0,0,9,0,0,12,0,0,3,0,0,1,0,0,2,0,0,1,0,0,7,0,0,6,0,0
2016430009449 ,-0.58489,51.549334,1,1,1,3,11.51,4,6,30,0,0,0,0,4,1,1,1,0,0,2,9,0,0,18,0,0,10,0,0,9,0,0,6,0,0,13,0,0,9,0,0,12,0,0,4,0,0,1,0,0,6,0,0,1,0,0,11,0,0,13,0,0
2016133360593 ,-1.56618,53.76148,1,2,6,1,11.15,6,6,30,0,0,0,0,0,1,1,1,0,0,1,9,9,0,18,18,0,10,10,0,9,9,0,6,6,0,13,13,0,9,9,0,12,12,0,1,1,0,1,1,0,6,6,0,1,1,0,7,7,0,9,8,0
2016460062729 ,0.45232,51.299516,1,1,2,2,14.0,3,6,40,3,4,6,0,0,1,1,1,0,0,1,9,0,0,18,0,0,10,0,0,1,0,0,6,0,0,7,0,0,9,0,0,12,0,0,3,0,0,1,0,0,6,0,0,1,0,0,11,0,0,1,0,0
2016420124674 ,0.314051,51.488351,1,1,1,3,21.49,6,6,30,9,4,6,0,0,4,2,2,0,0,1,3,0,0,9,0,0,10,0,0,1,0,0,1,0,0,13,0,0,9,0,0,12,0,0,5,0,0,1,0,0,6,0,0,2,0,0,6,0,0,1,0,0
2016200076008 ,-1.982148,52.486665,1,1,1,3,15.34,6,6,30,3,4,6,0,0,1,1,1,0,0,1,3,0,0,18,0,0,10,0,0,8,0,0,5,0,0,10,0,0,1,0,0,4,0,0,1,0,0,1,0,0,6,0,0,1,0,0,7,0,0,12,0,0
2016220042268 ,-1.917744,52.291594,1,1,1,1,14.49,6,6,30,3,4,6,0,8,1,1,2,0,0,1,9,0,0,16,0,0,10,0,0,1,0,0,1,0,0,13,0,0,7,0,0,5,0,0,1,0,0,1,0,0,6,0,0,1,0,0,5,0,0,6,0,0
201604WB16326,-2.834869,54.058972,1,1,1,4,17.40,6,6,30,0,0,0,0,0,1,1,1,0,0,1,9,0,0,18,0,0,10,0,0,9,0,0,6,0,0,13,0,0,1,0,0,2,0,0,1,0,0,1,0,0,2,0,0,2,0,0,8,0,0,2,0,0
2016220051199 ,-2.580317,51.915989,1,1,1,5,16.24,6,6,30,0,0,0,0,4,1,1,1,0,0,1,9,0,0,9,0,0,10,0,0,9,0,0,6,0,0,13,0,0,9,0,0,12,0,0,3,0,0,1,0,0,2,0,0,1,0,0,9,0,0,14,0,0
2016471605570 ,0.478741,50.985105,1,2,1,2,18.20,3,6,60,0,0,0,0,0,1,1,1,0,0,2,9,3,0,18,18,0,10,10,0,9,9,0,6,6,0,13,13,0,9,9,0,12,12,0,3,1,0,1,1,0,6,6,0,1,1,0,5,11,0,8,6,0
201606M010964,-2.380046,53.452386,1,1,1,5,7.40,5,6,30,3,4,6,0,0,4,1,2,0,0,1,9,0,0,18,0,0,10,0,0,1,0,0,6,0,0,13,0,0,9,0,0,12,0,0,1,0,0,1,0,0,1,0,0,1,0,0,6,0,0,3,0,0
2016010003378 ,-0.175035,51.604491,1,1,1,6,8.5,3,3,30,3,4,6,0,0,1,1,1,0,0,1,9,0,0,9,0,0,10,0,0,5,0,0,6,0,0,13,0,0,9,0,0,12,0,0,1,0,0,1,0,0,3,0,0,2,0,0,7,0,0,9,0,0
2016420048182 ,1.013092,51.870441,1,2,4,3,21.10,3,6,60,0,0,0,0,0,6,1,2,0,0,2,9,9,0,17,18,0,10,10,0,9,9,0,2,6,0,13,13,0,2,9,0,12,12,0,4,1,0,1,1,0,6,6,0,2,1,0,4,4,0,13,13,0
201697AB01706,-4.256882,55.858395,1,1,1,6,9.39,6,6,30,6,2,6,1,5,1,1,1,0,0,1,11,0,0,18,0,0,10,0,0,2,0,0,6,0,0,13,0,0,9,0,0,12,0,0,1,0,0,1,0,0,1,0,0,1,0,0,9,0,0,3,0,0
2016548639716 ,-1.777154,51.562844,1,2,1,6,13.55,5,6,30,3,4,6,0,0,1,1,1,0,0,1,9,5,0,7,18,0,10,10,0,5,8,0,6,6,0,13,13,0,9,9,0,12,12,0,4,1,0,1,1,0,6,6,0,2,1,0,10,5,0,3,1,0
2016410094366 ,-0.398573,51.655161,1,1,2,2,8.55,3,2,30,0,0,0,0,5,1,1,1,0,0,1,5,0,0,18,0,0,10,0,0,9,0,0,2,0,0,13,0,0,7,0,0,12,0,0,1,0,0,1,0,0,6,0,0,1,0,0,6,0,0,6,0,0
201606Q020894,-2.005506,53.551344,1,1,1,1,0.7,3,6,30,0,0,0,0,0,4,1,1,0,0,2,9,0,0,18,0,0,10,0,0,9,0,0,1,0,0,10,0,0,7,0,0,2,0,0,1,0,0,1,0,0,6,0,0,1,0,0,6,0,0,11,0,0
2016420128266 ,0.467746,51.733578,1,2,3,7,9.30,3,3,40,0,0,0,0,0,1,1,1,0,0,1,9,9,0,16,18,0,10,10,0,9,9,0,6,6,0,13,13,0,6,9,0,12,12,0,1,1,0,1,1,0,5,5,0,2,2,0,8,5,0,6,15,0
2016140113538 ,-0.996341,53.615862,1,1,1,7,20.45,6,6,60,0,0,0,0,0,6,1,1,0,0,2,9,0,0,18,0,0,10,0,0,9,0,0,6,0,0,13,0,0,7,0,0,4,0,0,1,0,0,1,0,0,1,0,0,1,0,0,5,0,0,8,0,0
2016051600038 ,-2.840257,53.35993,1,1,1,3,8.20,6,6,30,0,0,0,0,4,1,1,1,0,0,1,11,0,0,16,0,0,10,0,0,9,0,0,6,0,0,13,0,0,9,0,0,12,0,0,1,0,0,1,0,0,1,0,0,1,0,0,9,0,0,5,0,0
2016430018822 ,-0.581049,51.491054,1,2,3,1,16.41,1,3,70,0,0,0,0,0,5,1,1,0,0,2,9,9,0,11,18,0,10,10,0,9,9,0,6,6,0,13,13,0,9,9,0,12,12,0,4,1,0,1,1,0,6,6,0,1,2,0,8,9,0,3,1,0
2016120156961 ,-1.0495,53.85746,1,1,1,2,17.20,3,6,60,9,4,6,0,0,1,1,1,0,0,2,21,0,0,7,0,0,7,0,0,5,0,0,2,0,0,13,0,0,7,0,0,12,0,0,3,0,0,1,0,0,1,0,0,1,0,0,9,0,0,2,0,0
2016521608980 ,-2.904669,51.359965,1,2,1,3,8.0,4,6,40,0,0,0,0,0,1,2,2,0,0,2,3,19,0,18,3,0,10,10,0,9,9,0,6,6,0,13,13,0,9,9,0,12,12,0,1,2,0,1,1,0,6,1,0,1,1,0,6,8,0,1,1,0
2016430359883 ,-1.555427,51.907562,1,1,1,1,3.27,3,6,60,3,4,6,0,0,6,1,2,0,0,2,9,0,0,18,0,0,10,0,0,8,0,0,6,0,0,13,0,0,3,0,0,1,0,0,1,0,0,1,0,0,6,0,0,1,0,0,5,0,0,8,0,0
20161339Q1013,-1.661278,53.678051,1,2,8,2,15.30,6,6,30,0,0,0,0,0,1,2,2,0,0,1,9,9,0,18,18,0,10,10,0,9,9,0,6,6,0,13,13,0,9,9,0,12,12,0,1,1,0,1,1,0,6,1,0,1,1,0,7,7,0,15,7,0
2016100050851 ,-1.4744,55.083454,1,1,1,1,15.6,3,6,30,0,0,0,1,8,1,1,1,0,0,2,9,0,0,18,0,0,10,0,0,9,0,0,6,0,0,13,0,0,9,0,0,12,0,0,4,0,0,1,0,0,5,0,0,2,0,0,8,0,0,7,0,0
2016301600442 ,-1.330016,53.14694,1,2,1,6,0.52,1,3,70,0,0,0,0,0,6,1,1,0,0,2,21,19,0,3,18,0,10,10,0,9,9,0,6,6,0,13,13,0,9,9,0,12,12,0,2,1,0,1,1,0,1,1,0,1,1,0,7,10,0,1,1,0
2016170S22436,-1.305933,54.627196,1,1,1,4,9.25,3,1,40,1,4,6,0,0,1,2,2,0,0,2,9,0,0,18,0,0,10,0,0,3,0,0,2,0,0,13,0,0,1,0,0,4,0,0,1,0,0,1,0,0,6,0,0,2,0,0,8,0,0,16,0,0
201663DP16216,-3.527452,52.171177,1,1,1,1,15.40,4,6,60,0,0,0,0,0,1,1,1,0,0,2,5,0,0,18,0,0,10,0,0,9,0,0,1,0,0,13,0,0,1,0,0,9,0,0,1,0,0,1,0,0,6,0,0,1,0,0,8,0,0,14,0,0
2016420092891 ,0.726225,51.531897,1,1,1,1,0.50,4,6,30,3,2,6,0,5,4,1,1,0,0,1,8,0,0,18,0,0,10,0,0,2,0,0,6,0,0,13,0,0,9,0,0,12,0,0,1,0,0,1,0,0,1,0,0,1,0,0,6,0,0,1,0,0
201697UC02508,-4.509625,55.616635,1,1,1,4,17.15,4,6,30,0,0,0,0,4,1,1,1,0,0,1,9,0,0,18,0,0,10,0,0,9,0,0,6,0,0,13,0,0,9,0,0,12,0,0,4,0,0,1,0,0,2,0,0,2,0,0,5,0,0,7,0,0
2016230117730 ,-1.456785,52.500119,1,2,6,6,19.50,6,6,60,0,0,0,0,0,6,1,2,0,0,2,9,9,0,17,16,0,10,10,0,9,9,0,6,6,0,13,13,0,9,9,0,12,12,0,1,1,0,1,1,0,5,5,0,1,2,0,7,8,0,15,9,0
201663DP02816,-3.379548,52.240074,1,2,1,5,12.25,6,6,30,3,3,6,0,0,1,1,2,1,0,2,9,5,0,5,18,0,10,10,0,1,8,0,6,6,0,13,13,0,9,9,0,12,12,0,1,2,0,1,1,0,6,6,0,2,1,0,6,6,0,2,11,0
2016440352618 ,-1.062474,51.076762,1,1,1,1,13.31,6,6,60,0,0,0,0,0,1,1,1,7,0,2,5,0,0,17,0,0,10,0,0,9,0,0,1,0,0,13,0,0,9,0,0,12,0,0,3,0,0,1,0,0,6,0,0,1,0,0,6,0,0,12,0,0
2016200101423 ,-1.90068,52.526307,1,2,4,1,20.0,6,6,30,0,0,0,0,0,1,1,1,0,0,1,9,9,0,13,18,0,10,10,0,9,9,0,6,6,0,13,13,0,9,9,0,12,12,0,1,1,0,1,1,0,6,6,0,1,1,0,4,8,0,16,16,0
201643S061086,-0.729135,52.025425,1,2,1,2,22.8,3,3,70,1,4,5,0,0,4,1,1,0,0,1,5,4,0,18,18,0,10,10,0,4,8,0,1,6,0,9,13,0,4,9,0,12,12,0,1,1,0,1,1,0,6,6,0,1,1,0,5,9,0,22,31,0
2016220122616 ,-2.705655,52.052724,1,1,1,6,14.40,3,6,30,0,0,0,0,0,1,1,1,0,0,1,9,0,0,18,0,0,10,0,0,9,0,0,6,0,0,13,0,0,9,0,0,12,0,0,4,0,0,1,0,0,5,0,0,1,0,0,6,0,0,15,0,0
201601TW60150,-0.288422,51.4616,1,1,1,6,9.15,3,6,30,6,2,4,0,5,1,1,1,0,0,1,11,0,0,18,0,0,10,0,0,8,0,0,6,0,0,13,0,0,9,0,0,12,0,0,5,0,0,1,0,0,1,0,0,1,0,0,8,0,0,5,0,0
201604WA16215,-2.964887,53.735497,1,1,1,1,17.0,3,6,30,3,4,6,0,0,1,1,1,0,0,2,9,0,0,18,0,0,10,0,0,8,0,0,6,0,0,13,0,0,9,0,0,12,0,0,1,0,0,1,0,0,6,0,0,1,0,0,8,0,0,4,0,0
2016030109911 ,-2.739529,54.941954,1,1,2,7,11.0,3,6,30,0,0,0,0,0,1,9,1,0,0,2,4,0,0,4,0,0,10,0,0,9,0,0,5,0,0,13,0,0,9,0,0,12,0,0,4,0,0,1,0,0,5,0,0,1,0,0,10,0,0,1,0,0
2016420088645 ,0.705486,51.540355,1,1,1,6,19.50,3,6,30,6,2,6,0,5,1,1,1,0,0,1,9,0,0,16,0,0,10,0,0,1,0,0,6,0,0,13,0,0,9,0,0,12,0,0,3,0,0,2,0,0,5,0,0,1,0,0,7,0,0,40,0,0
201601XD80202,-0.372447,51.495259,1,1,1,1,20.27,3,6,30,3,4,6,0,4,4,1,1,0,0,1,9,0,0,18,0,0,10,0,0,8,0,0,6,0,0,13,0,0,9,0,0,12,0,0,1,0,0,1,0,0,6,0,0,1,0,0,10,0,0,2,0,0