Accident_Index,Longitude,Latitude,SV,Number_of_Vehicles,Number_of_Casualties,Day_of_Week,Time,1st_Road_Class,Road_Type,Speed_limit,Junction_Detail,Junction_Control,2nd_Road_Class,Pedestrian_Crossing-Human_Control,Pedestrian_Crossing-Physical_Facilities,Light_Conditions,Weather_Conditions,Road_Surface_Conditions,Special_Conditions_at_Site,Carriageway_Hazards,Urban_or_Rural_Area,Vehicle1_Type,Vehicle2_Type,Vehicle3_Type,Vehicle1_Manoeuvre,Vehicle2_Manoeuvre,Vehicle3_Manoeuvre,Vehicle1_Location-Restricted_Lane,Vehicle2_Location-Restricted_Lane,Vehicle3_Location-Restricted_Lane,Junction1_Location,Junction2_Location,Junction3_Location,Skidding1_and_Overturning,Skidding2_and_Overturning,Skidding3_and_Overturning,Hit_Object_in_Carriageway1,Hit_Object_in_Carriageway2,Hit_Object_in_Carriageway3,Vehicle1_Leaving_Carriageway,Vehicle2_Leaving_Carriageway,Vehicle3_Leaving_Carriageway,Hit_Object_off_Carriageway1,Hit_Object_off_Carriageway2,Hit_Object_off_Carriageway3,1st_Point_of_Impact1,1st_Point_of_Impact2,1st_Point_of_Impact3,Was_Vehicle 1_Left_Hand_Drive?,Was_Vehicle2_Left_Hand_Drive?,Was_Vehicle 3_Left_Hand_Drive?,Journey_Purpose_of_Driver1,Journey_Purpose_of_Driver2,Journey_Purpose_of_Driver3,Sex_of_Driver1,Sex_of_Driver2,Sex_of_Driver3,Age_Band_of_Driver1,Age_Band_of_Driver2,Age_Band_of_Driver3,Age_of_Vehicle1,Age_of_Vehicle2,Age_of_Vehicle3
2016200047202 ,-1.932597,52.445931,1,1,2,4,6.50,6,6,30,3,4,6,0,4,4,1,1,0,0,1,9,0,0,4,0,0,10,0,0,2,0,0,6,0,0,13,0,0,9,0,0,12,0,0,1,0,0,1,0,0,2,0,0,1,0,0,7,0,0,16,0,0
2016460265432 ,0.514592,51.23298,1,1,1,7,15.45,3,6,40,0,0,0,0,0,4,2,2,0,0,1,9,0,0,18,0,0,10,0,0,9,0,0,6,0,0,13,0,0,9,0,0,12,0,0,1,0,0,1,0,0,2,0,0,1,0,0,7,0,0,1,0,0
2016160091615 ,-0.37108,53.797446,1,1,1,5,19.0,3,6,30,0,0,0,0,0,1,1,2,0,0,2,9,0,0,16,0,0,10,0,0,9,0,0,6,0,0,13,0,0,1,0,0,4,0,0,1,0,0,1,0,0,6,0,0,1,0,0,5,0,0,12,0,0
201604ED16193,-2.489661,53.751863,1,2,2,6,13.50,3,6,30,3,4,6,0,0,1,2,2,0,0,1,9,9,0,7,18,0,10,10,0,5,8,0,6,6,0,13,13,0,9,9,0,12,12,0,4,3,0,1,1,0,6,6,0,2,1,0,7,6,0,11,10,0
201601XH30482,-0.482545,51.533245,1,1,1,7,22.4,3,6,30,3,4,6,0,0,4,1,1,0,0,1,9,0,0,14,0,0,10,0,0,8,0,0,6,0,0,13,0,0,9,0,0,12,0,0,3,0,0,1,0,0,6,0,0,2,0,0,9,0,0,13,0,0
2016051601385 ,-2.940975,53.446328,1,1,1,1,19.42,6,6,30,0,0,0,0,0,4,1,1,0,0,1,9,0,0,18,0,0,10,0,0,9,0,0,6,0,0,13,0,0,9,0,0,12,0,0,3,0,0,1,0,0,6,0,0,2,0,0,7,0,0,6,0,0
2016133250763 ,-1.576695,53.817011,1,1,3,6,13.37,6,6,30,0,0,0,0,0,1,1,1,0,0,1,3,0,0,18,0,0,10,0,0,9,0,0,1,0,0,13,0,0,2,0,0,7,0,0,4,0,0,1,0,0,1,0,0,1,0,0,5,0,0,4,0,0
2016420114490 ,0.560229,51.560776,1,2,1,5,6.50,6,6,30,0,0,0,0,0,1,1,1,0,0,1,5,9,0,18,18,0,10,10,0,9,9,0,6,6,0,13,13,0,9,9,0,12,12,0,1,2,0,1,1,0,6,6,0,1,2,0,8,8,0,18,7,0
2016471605959 ,-0.150845,50.829429,1,1,1,2,23.6,6,6,20,3,4,6,0,0,4,1,1,0,0,1,9,0,0,9,0,0,10,0,0,2,0,0,6,0,0,13,0,0,9,0,0,12,0,0,1,0,0,1,0,0,6,0,0,1,0,0,9,0,0,12,0,0
2016621600619 ,-3.21244,51.485521,1,1,1,7,20.56,6,6,30,0,0,0,0,1,4,1,1,0,0,1,19,0,0,18,0,0,10,0,0,9,0,0,6,0,0,13,0,0,9,0,0,12,0,0,1,0,0,1,0,0,1,0,0,1,0,0,9,0,0,3,0,0
201631C087116,-1.132139,52.951803,1,1,1,6,15.25,6,6,30,3,4,6,0,1,1,1,1,0,0,1,9,0,0,7,0,0,10,0,0,6,0,0,6,0,0,13,0,0,9,0,0,12,0,0,4,0,0,1,0,0,6,0,0,1,0,0,8,0,0,2,0,0
2016320394923 ,-0.592152,52.975815,1,1,1,4,21.50,3,6,60,0,0,0,0,0,6,1,1,0,0,2,9,0,0,18,0,0,10,0,0,9,0,0,2,0,0,13,0,0,1,0,0,4,0,0,3,0,0,1,0,0,6,0,0,1,0,0,5,0,0,9,0,0
2016500063245 ,-4.430633,50.429359,1,4,2,5,15.47,3,3,70,0,0,0,0,0,1,2,2,6,0,2,9,21,9,4,4,4,10,10,10,9,9,9,6,6,6,13,13,13,9,9,9,12,12,12,2,2,1,1,1,1,5,1,5,2,1,1,10,9,7,22,9,21
201606P024544,-2.22894,53.590881,1,1,2,5,8.15,5,6,30,3,4,6,1,0,1,2,2,0,0,1,9,0,0,9,0,0,10,0,0,6,0,0,6,0,0,13,0,0,9,0,0,12,0,0,1,0,0,1,0,0,6,0,0,1,0,0,6,0,0,6,0,0
2016076065280 ,-2.682103,53.035403,1,1,2,7,10.25,3,6,60,0,0,0,0,0,1,1,1,0,0,2,9,0,0,16,0,0,10,0,0,9,0,0,6,0,0,13,0,0,1,0,0,4,0,0,2,0,0,1,0,0,6,0,0,1,0,0,6,0,0,8,0,0
2016961600398 ,-3.702379,55.98467,1,2,2,1,1.50,6,6,30,3,4,6,0,0,4,1,1,0,0,1,9,9,0,17,2,0,10,6,0,2,1,0,2,6,0,10,13,0,1,9,0,2,12,0,1,1,0,1,1,0,6,6,0,1,1,0,6,9,0,13,14,0
2016051601266 ,-3.032447,53.377354,1,1,1,7,17.15,6,6,30,6,4,6,0,0,1,1,1,0,0,1,9,0,0,18,0,0,10,0,0,2,0,0,6,0,0,13,0,0,9,0,0,12,0,0,4,0,0,1,0,0,6,0,0,1,0,0,9,0,0,5,0,0
201601GD10346,-0.076038,51.544727,1,1,1,7,23.20,3,6,30,3,4,5,0,4,4,1,1,0,0,1,8,0,0,18,0,0,10,0,0,2,0,0,6,0,0,13,0,0,9,0,0,12,0,0,3,0,0,1,0,0,1,0,0,1,0,0,7,0,0,6,0,0
2016430248953 ,-1.209855,51.7279,1,2,1,3,21.25,6,6,30,0,0,0,0,0,4,1,1,0,0,1,9,3,0,18,18,0,10,10,0,9,9,0,6,6,0,13,13,0,9,9,0,12,12,0,1,1,0,1,1,0,6,1,0,1,2,0,6,5,0,20,1,0
201601TX20510,-0.331881,51.462047,1,2,1,2,8.20,3,6,30,3,4,6,0,0,1,1,1,0,0,1,9,5,0,6,13,0,10,10,0,1,1,0,6,6,0,13,13,0,9,9,0,12,12,0,3,4,0,1,1,0,6,1,0,1,1,0,7,8,0,9,7,0
2016200079836 ,-1.903741,52.46764,1,1,1,5,16.43,3,3,30,0,0,0,0,0,1,1,1,0,0,1,5,0,0,18,0,0,10,0,0,9,0,0,2,0,0,13,0,0,6,0,0,6,0,0,1,0,0,1,0,0,6,0,0,1,0,0,4,0,0,18,0,0
2016360096723 ,0.483489,52.750068,1,1,1,6,16.11,4,6,50,0,0,0,0,0,6,1,2,0,0,2,9,0,0,18,0,0,10,0,0,9,0,0,6,0,0,13,0,0,9,0,0,12,0,0,4,0,0,1,0,0,6,0,0,1,0,0,8,0,0,1,0,0
2016471601543 ,0.224256,50.858082,1,3,2,2,16.35,5,6,60,0,0,0,0,0,1,1,1,0,0,2,9,3,4,5,16,16,10,10,10,9,9,9,6,6,6,13,13,13,9,9,1,12,12,11,3,1,4,1,1,1,6,6,6,1,1,1,9,4,5,7,3,25
201604WB16162,-2.740907,54.041522,1,1,1,1,11.30,6,6,60,6,4,6,0,0,1,1,1,0,0,2,5,0,0,18,0,0,10,0,0,1,0,0,6,0,0,13,0,0,9,0,0,12,0,0,4,0,0,1,0,0,6,0,0,1,0,0,5,0,0,2,0,0
2016440117214 ,-1.282052,51.059181,1,4,7,6,16.30,3,6,60,3,4,6,0,0,1,1,1,0,0,2,9,9,9,10,3,18,10,10,10,8,8,8,6,6,6,13,13,13,9,9,9,12,12,12,5,3,1,1,1,1,6,6,6,2,1,1,8,5,10,5,10,15
201643S104036,-0.700305,52.022871,1,2,1,7,17.30,5,6,60,0,0,0,0,0,1,1,1,0,0,1,9,5,0,6,14,0,10,10,0,9,9,0,6,6,0,13,13,0,9,9,0,12,12,0,3,1,0,1,1,0,6,6,0,1,1,0,6,8,0,18,16,0
2016051602650 ,-3.09303,53.587285,1,1,2,4,19.0,6,6,20,0,0,0,0,0,1,1,2,0,0,2,90,0,0,18,0,0,10,0,0,9,0,0,5,0,0,13,0,0,9,0,0,12,0,0,5,0,0,1,0,0,6,0,0,1,0,0,5,0,0,9,0,0
2016350137554 ,-0.052451,52.43599,1,1,1,3,7.30,6,6,60,0,0,0,0,0,6,8,4,0,0,2,9,0,0,18,0,0,10,0,0,9,0,0,1,0,0,13,0,0,1,0,0,3,0,0,4,0,0,1,0,0,5,0,0,1,0,0,10,0,0,9,0,0
2016471600703 ,-0.151991,50.862616,1,3,1,5,8.27,3,6,30,3,4,6,0,0,1,1,2,0,0,1,3,19,9,18,7,3,4,10,10,8,8,2,6,6,6,13,13,13,9,9,9,12,12,12,1,3,2,1,1,1,6,1,6,1,1,2,5,4,10,8,2,10
201604WA16312,-2.959009,53.830193,1,2,3,1,18.10,4,6,60,0,0,0,0,0,1,1,1,0,2,2,9,9,0,18,18,0,10,10,0,9,9,0,1,6,0,13,13,0,9,9,0,10,12,0,1,1,0,1,1,0,6,6,0,1,1,0,5,8,0,15,10,0
2016420111432 ,1.085708,51.792314,1,2,1,1,14.45,6,6,60,0,0,0,0,0,1,1,1,0,0,2,5,9,0,13,18,0,10,10,0,9,9,0,6,6,0,13,13,0,9,9,0,12,12,0,1,3,0,1,1,0,5,5,0,1,1,0,8,7,0,12,17,0
2016420132735 ,0.348712,51.578557,1,2,2,5,7.45,3,3,70,0,0,0,0,0,1,1,1,0,0,2,20,21,0,12,18,0,10,10,0,9,9,0,6,6,0,13,13,0,9,9,0,12,12,0,1,2,0,1,1,0,1,1,0,1,1,0,7,7,0,3,1,0
2016140089616 ,-1.357882,53.349412,1,1,3,3,2.43,6,1,40,1,4,3,0,0,4,1,1,0,0,2,9,0,0,16,0,0,10,0,0,4,0,0,1,0,0,9,0,0,3,0,0,12,0,0,1,0,0,1,0,0,6,0,0,1,0,0,6,0,0,12,0,0
2016621601739 ,-3.685224,51.51618,1,2,1,4,21.16,1,3,70,5,4,6,0,0,6,1,1,0,0,2,9,9,0,18,2,0,10,6,0,1,1,0,5,6,0,4,13,0,9,1,0,12,12,0,4,3,0,1,1,0,6,6,0,2,1,0,6,7,0,9,7,0
2016331600907 ,-0.749436,52.711995,1,1,1,1,13.23,5,6,60,0,0,0,0,0,1,1,1,0,0,2,5,0,0,17,0,0,10,0,0,9,0,0,1,0,0,13,0,0,1,0,0,1,0,0,1,0,0,1,0,0,6,0,0,1,0,0,6,0,0,13,0,0
201697AD01810,-4.326698,55.871996,1,1,1,1,14.40,6,6,30,0,0,0,0,0,1,1,1,0,0,1,11,0,0,5,0,0,10,0,0,9,0,0,6,0,0,13,0,0,9,0,0,12,0,0,1,0,0,1,0,0,1,0,0,1,0,0,7,0,0,10,0,0
2016420091235 ,0.784164,51.530445,1,1,1,3,11.18,6,6,30,0,0,0,0,1,1,2,2,0,0,1,9,0,0,1,0,0,10,0,0,9,0,0,6,0,0,13,0,0,9,0,0,12,0,0,2,0,0,1,0,0,6,0,0,2,0,0,8,0,0,1,0,0
201697QA00308,-4.203836,55.747829,1,1,1,4,16.45,6,3,30,0,0,0,0,0,1,2,2,0,0,1,9,0,0,18,0,0,10,0,0,9,0,0,6,0,0,13,0,0,9,0,0,12,0,0,1,0,0,1,0,0,6,0,0,1,0,0,11,0,0,5,0,0
2016471604693 ,-0.729288,50.993939,1,2,1,6,16.24,3,6,30,3,4,6,0,0,1,1,1,0,0,2,5,9,0,13,9,0,10,10,0,1,5,0,6,6,0,13,13,0,9,9,0,12,12,0,4,3,0,1,1,0,6,1,0,1,2,0,8,4,0,8,5,0
2016471601633 ,-0.205818,51.109146,1,2,6,6,23.0,3,3,50,0,0,0,0,0,6,1,1,0,0,1,9,9,0,18,18,0,10,10,0,9,9,0,2,6,0,13,13,0,4,9,0,4,12,0,1,2,0,1,1,0,6,6,0,1,2,0,5,9,0,5,14,0
2016200046398 ,-2.119247,52.582324,1,2,1,3,7.19,3,3,30,3,2,6,0,0,1,1,2,0,0,1,9,19,0,9,18,0,10,10,0,5,8,0,1,2,0,13,13,0,9,1,0,12,12,0,1,3,0,1,1,0,2,1,0,1,1,0,6,6,0,11,5,0
2016230062246 ,-1.473922,52.510822,1,2,1,6,15.22,3,3,50,0,0,0,0,0,1,1,1,0,0,1,9,9,0,18,4,0,10,10,0,9,9,0,6,6,0,13,13,0,9,9,0,12,12,0,1,2,0,1,1,0,5,5,0,1,1,0,8,9,0,7,13,0
2016500140424 ,-4.786687,50.342193,1,1,2,1,3.8,6,6,30,0,0,0,0,0,4,1,1,0,0,1,9,0,0,18,0,0,10,0,0,9,0,0,6,0,0,10,0,0,9,0,0,12,0,0,1,0,0,1,0,0,6,0,0,2,0,0,4,0,0,13,0,0
2016450093571 ,-0.580281,51.238509,1,1,1,1,21.5,6,6,30,0,0,0,0,0,4,1,1,0,0,1,3,0,0,18,0,0,10,0,0,9,0,0,1,0,0,13,0,0,9,0,0,12,0,0,5,0,0,1,0,0,5,0,0,1,0,0,6,0,0,13,0,0
2016440307503 ,-1.078094,50.807437,1,1,1,3,16.0,6,6,30,3,4,6,0,0,1,1,1,0,0,1,5,0,0,18,0,0,10,0,0,8,0,0,6,0,0,13,0,0,9,0,0,12,0,0,1,0,0,1,0,0,6,0,0,1,0,0,8,0,0,11,0,0
201631D096416,-1.064336,52.93748,1,2,2,2,19.14,6,6,60,3,2,3,0,0,1,1,1,0,0,2,9,9,0,5,3,0,10,10,0,1,1,0,6,6,0,13,7,0,9,7,0,12,1,0,1,2,0,1,1,0,1,6,0,2,1,0,8,4,0,2,11,0
2016051603210 ,-2.904411,53.426897,1,1,1,7,18.0,6,6,30,0,0,0,0,0,4,1,1,0,0,1,11,0,0,18,0,0,10,0,0,9,0,0,6,0,0,13,0,0,9,0,0,12,0,0,1,0,0,1,0,0,1,0,0,1,0,0,7,0,0,1,0,0
2016551600157 ,-1.75986,50.735814,1,2,2,7,17.32,5,6,40,1,4,4,0,0,1,1,1,0,0,1,9,9,0,4,7,0,10,10,0,1,3,0,6,6,0,13,13,0,9,9,0,12,12,0,3,1,0,1,1,0,6,6,0,2,2,0,7,11,0,13,8,0
201631C184616,-1.136605,52.952545,1,1,1,5,17.49,3,6,30,0,0,0,0,0,1,1,1,0,0,1,9,0,0,18,0,0,10,0,0,9,0,0,6,0,0,13,0,0,9,0,0,12,0,0,1,0,0,1,0,0,6,0,0,1,0,0,6,0,0,12,0,0
2016420128733 ,0.871278,51.713495,1,2,2,2,12.25,6,6,60,0,0,0,0,0,1,2,2,0,0,2,9,9,0,16,17,0,10,10,0,9,9,0,6,6,0,13,13,0,7,1,0,12,3,0,3,3,0,1,1,0,5,5,0,1,2,0,5,11,0,3,11,0
2016450058867 ,-0.378561,51.241743,1,1,1,3,18.40,5,6,40,0,0,0,0,0,6,1,1,0,0,2,4,0,0,18,0,0,10,0,0,9,0,0,1,0,0,12,0,0,9,0,0,12,0,0,3,0,0,1,0,0,6,0,0,1,0,0,8,0,0,1,0,0
2016200147173 ,-1.99323,52.441509,1,1,1,4,14.28,6,6,30,3,4,6,0,0,1,1,2,0,0,1,9,0,0,18,0,0,10,0,0,2,0,0,6,0,0,13,0,0,9,0,0,12,0,0,1,0,0,1,0,0,2,0,0,2,0,0,7,0,0,13,0,0
2016230083570 ,-1.44025,52.168113,1,1,1,3,15.45,1,3,70,0,0,0,0,0,1,2,2,0,0,2,19,0,0,18,0,0,10,0,0,9,0,0,5,0,0,13,0,0,1,0,0,7,0,0,4,0,0,1,0,0,1,0,0,1,0,0,7,0,0,5,0,0
2016133CD1178,-1.743874,53.793144,1,2,2,3,17.25,3,3,30,6,2,3,2,5,4,2,2,0,0,1,9,4,0,4,18,0,10,10,0,1,1,0,6,6,0,13,13,0,9,9,0,12,12,0,2,1,0,1,1,0,1,6,0,1,1,0,7,6,0,9,2,0
2016350091592 ,0.045728,52.659965,1,2,1,3,22.36,4,6,40,0,0,0,0,0,4,1,1,0,0,2,9,9,0,18,2,0,10,10,0,9,9,0,5,6,0,4,13,0,1,9,0,12,12,0,1,2,0,1,1,0,5,1,0,1,1,0,5,5,0,6,10,0
201663CP20816,-4.661907,51.756399,1,2,1,5,14.0,3,6,50,6,4,6,0,0,1,7,2,0,0,2,9,19,0,9,18,0,10,10,0,1,1,0,6,6,0,13,13,0,9,9,0,12,12,0,1,1,0,1,1,0,6,1,0,1,1,0,11,6,0,21,10,0
2016370093876 ,1.606551,52.451224,1,2,2,7,4.44,3,6,60,0,0,0,0,0,7,1,1,0,0,2,9,9,0,18,18,0,10,10,0,9,9,0,6,6,0,13,13,0,7,9,0,12,12,0,4,5,0,1,1,0,5,5,0,2,1,0,7,10,0,11,14,0
2016420093277 ,0.752032,51.923141,1,2,2,2,13.15,3,6,30,0,0,0,0,0,1,1,1,0,0,2,9,9,0,16,17,0,10,10,0,9,9,0,6,6,0,13,13,0,9,9,0,12,12,0,1,3,0,1,1,0,6,6,0,2,2,0,9,6,0,8,8,0
2016420077213 ,0.418313,51.517643,1,1,1,1,20.27,3,3,70,0,0,0,0,0,1,1,1,0,0,2,9,0,0,18,0,0,10,0,0,9,0,0,1,0,0,13,0,0,2,0,0,2,0,0,1,0,0,1,0,0,5,0,0,1,0,0,5,0,0,3,0,0
2016360052026 ,1.261539,52.653639,1,1,1,5,19.50,6,7,30,3,4,3,0,0,4,1,1,0,0,1,9,0,0,18,0,0,10,0,0,8,0,0,6,0,0,13,0,0,9,0,0,12,0,0,1,0,0,1,0,0,6,0,0,1,0,0,4,0,0,13,0,0
2016320256309 ,-0.011294,53.473943,1,1,1,3,4.0,3,6,60,3,4,4,0,0,5,1,1,0,0,2,9,0,0,16,0,0,10,0,0,1,0,0,1,0,0,13,0,0,7,0,0,9,0,0,1,0,0,1,0,0,6,0,0,2,0,0,6,0,0,11,0,0
20161331N1258,-1.711821,53.723287,1,1,1,7,18.0,3,6,30,6,2,3,0,4,4,2,2,0,0,1,9,0,0,18,0,0,10,0,0,8,0,0,6,0,0,13,0,0,9,0,0,12,0,0,1,0,0,1,0,0,1,0,0,1,0,0,5,0,0,3,0,0
2016051601509 ,-2.895271,53.405923,1,1,2,5,21.19,3,3,30,9,4,1,0,0,4,1,1,0,0,1,9,0,0,18,0,0,10,0,0,8,0,0,6,0,0,6,0,0,9,0,0,12,0,0,1,0,0,1,0,0,6,0,0,1,0,0,10,0,0,7,0,0
2016521605275 ,-2.590331,51.448544,1,1,1,2,8.18,3,3,20,1,4,6,0,1,1,2,2,0,0,1,9,0,0,18,0,0,10,0,0,3,0,0,6,0,0,13,0,0,9,0,0,12,0,0,1,0,0,1,0,0,6,0,0,1,0,0,7,0,0,1,0,0
2016331600845 ,-1.130535,52.637026,1,1,1,5,15.5,6,6,30,0,0,0,0,4,1,1,1,0,0,1,11,0,0,18,0,0,10,0,0,9,0,0,6,0,0,13,0,0,9,0,0,12,0,0,4,0,0,1,0,0,1,0,0,1,0,0,9,0,0,14,0,0
2016460130393 ,0.301859,51.292409,1,2,1,5,18.20,3,6,30,1,4,3,0,0,7,9,1,0,0,2,5,9,0,17,17,0,10,10,0,4,8,0,6,6,0,13,13,0,9,9,0,12,12,0,1,1,0,1,1,0,6,6,0,1,2,0,9,9,0,6,5,0
2016420088668 ,0.364599,51.834847,1,2,1,6,19.25,6,6,60,0,0,0,0,0,1,1,1,0,0,2,9,3,0,10,18,0,10,10,0,9,9,0,6,6,0,13,13,0,9,9,0,12,12,0,3,1,0,1,1,0,5,5,0,2,1,0,8,7,0,15,13,0
2016471600691 ,-0.735829,51.02696,1,1,1,2,22.0,3,6,50,0,0,0,0,0,6,1,1,0,0,2,9,0,0,17,0,0,10,0,0,9,0,0,2,0,0,13,0,0,7,0,0,9,0,0,1,0,0,1,0,0,6,0,0,1,0,0,4,0,0,12,0,0
2016350097653 ,-0.232019,52.355893,1,1,1,7,19.20,6,6,60,0,0,0,0,0,1,1,1,0,0,2,9,0,0,18,0,0,10,0,0,9,0,0,5,0,0,13,0,0,1,0,0,12,0,0,1,0,0,1,0,0,6,0,0,1,0,0,4,0,0,17,0,0
2016410057021 ,-0.245548,51.664826,1,1,1,7,16.37,3,3,70,0,0,0,0,0,1,1,1,0,0,2,9,0,0,18,0,0,10,0,0,9,0,0,2,0,0,13,0,0,1,0,0,7,0,0,4,0,0,1,0,0,6,0,0,2,0,0,6,0,0,11,0,0
201601ZD30307,-0.100365,51.379476,1,1,1,4,15.30,3,3,30,0,0,0,0,5,1,1,1,0,0,1,11,0,0,18,0,0,10,0,0,9,0,0,6,0,0,13,0,0,9,0,0,12,0,0,1,0,0,1,0,0,1,0,0,1,0,0,6,0,0,1,0,0
2016621600416 ,-3.411552,51.621845,1,2,1,4,14.47,3,6,30,3,4,6,0,0,1,1,1,0,0,1,9,3,0,9,18,0,10,10,0,6,8,0,6,6,0,13,13,0,9,9,0,12,12,0,1,1,0,1,1,0,6,6,0,1,1,0,7,7,0,10,5,0
2016450093315 ,-0.711827,51.226893,1,2,2,2,13.10,3,3,60,3,4,5,0,0,1,1,1,0,0,2,21,9,0,5,18,0,10,10,0,5,1,0,6,6,0,13,13,0,9,9,0,12,12,0,4,1,0,1,1,0,1,5,0,1,2,0,5,8,0,4,9,0
2016440211029 ,-1.311359,50.890764,1,2,1,2,18.10,6,6,30,3,4,3,0,8,1,1,1,0,0,2,9,9,0,10,5,0,10,10,0,1,1,0,6,6,0,13,13,0,9,9,0,12,12,0,2,1,0,1,1,0,2,2,0,2,1,0,8,8,0,7,4,0
2016170M10806,-1.242883,54.55999,1,2,1,4,9.11,5,6,30,6,4,6,0,0,1,1,1,0,0,1,9,9,0,18,18,0,10,10,0,8,8,0,6,6,0,13,13,0,9,9,0,12,12,0,4,1,0,1,1,0,6,6,0,1,2,0,11,11,0,13,8,0
2016010002504 ,0.055237,51.60617,1,2,1,1,2.58,3,6,30,1,4,5,0,0,4,2,2,0,0,1,9,9,0,18,18,0,10,10,0,4,1,0,1,6,0,4,13,0,8,9,0,10,12,0,1,5,0,1,1,0,6,1,0,1,1,0,4,7,0,14,1,0
2016370053528 ,1.588116,52.342553,1,2,3,7,10.50,3,6,60,0,0,0,0,0,1,1,1,0,0,2,9,9,0,18,18,0,10,10,0,9,9,0,1,6,0,13,13,0,9,9,0,12,12,0,1,1,0,1,1,0,6,6,0,1,2,0,4,10,0,20,3,0
2016500148695 ,-3.456696,50.730334,1,2,3,3,16.31,3,3,40,6,2,6,0,0,1,1,1,0,0,2,9,9,0,18,5,0,10,10,0,8,8,0,6,6,0,13,13,0,9,9,0,12,12,0,1,3,0,1,1,0,5,2,0,1,1,0,11,7,0,9,3,0
2016051601545 ,-2.896686,53.456736,1,2,1,2,17.15,6,6,30,3,4,6,0,0,1,1,1,0,0,1,9,4,0,9,18,0,10,10,0,6,8,0,6,6,0,13,13,0,9,9,0,12,12,0,1,1,0,1,1,0,2,2,0,2,1,0,5,6,0,3,1,0
2016546781316 ,-1.705171,51.675807,1,1,1,4,7.57,3,6,60,0,0,0,0,0,1,1,2,0,0,2,9,0,0,17,0,0,10,0,0,9,0,0,5,0,0,13,0,0,2,0,0,7,0,0,4,0,0,1,0,0,1,0,0,2,0,0,6,0,0,4,0,0
2016100119674 ,-1.640372,54.973525,1,2,3,3,16.30,3,6,30,3,4,6,0,0,1,1,1,0,0,1,3,9,0,18,7,0,10,10,0,1,5,0,1,6,0,13,13,0,9,9,0,12,12,0,1,2,0,1,1,0,6,6,0,1,1,0,5,8,0,16,11,0
20161334H1058,-1.909481,53.875535,1,2,1,1,16.11,3,6,30,0,0,0,0,0,1,1,1,0,0,1,5,9,0,13,6,0,10,10,0,9,9,0,5,6,0,13,13,0,9,9,0,12,12,0,1,3,0,1,1,0,6,6,0,1,2,0,8,7,0,15,9,0
20161332M1174,-1.885081,53.743325,1,1,1,2,17.10,6,6,30,0,0,0,0,0,1,1,1,0,0,1,5,0,0,18,0,0,10,0,0,9,0,0,1,0,0,13,0,0,9,0,0,12,0,0,5,0,0,1,0,0,6,0,0,1,0,0,7,0,0,27,0,0
2016950002849 ,-3.083822,55.890446,1,2,2,1,13.59,4,6,40,0,0,0,0,0,1,1,1,0,0,1,9,9,0,17,17,0,10,10,0,9,9,0,6,6,0,13,13,0,9,9,0,12,12,0,1,1,0,1,1,0,2,6,0,2,1,0,6,5,0,7,3,0
2016440393964 ,-1.634984,50.756228,1,1,1,3,17.15,6,6,30,3,4,6,0,0,1,1,1,0,0,1,9,0,0,18,0,0,10,0,0,2,0,0,6,0,0,13,0,0,9,0,0,12,0,0,3,0,0,1,0,0,6,0,0,1,0,0,8,0,0,14,0,0
2016621601137 ,-3.475268,51.627005,1,1,1,3,16.39,6,6,30,0,0,0,0,0,1,1,1,0,0,1,9,0,0,18,0,0,10,0,0,9,0,0,6,0,0,13,0,0,9,0,0,12,0,0,1,0,0,1,0,0,6,0,0,1,0,0,8,0,0,9,0,0
201634WD11656,-0.96658,52.339751,1,2,1,5,14.43,3,6,30,3,4,5,0,0,1,1,1,0,0,2,3,9,0,18,3,0,10,10,0,8,8,0,6,6,0,13,13,0,9,9,0,12,12,0,1,2,0,1,1,0,2,6,0,2,2,0,5,6,0,4,1,0
201643R116056,-0.683246,51.465144,1,1,1,6,16.45,6,6,60,0,0,0,0,0,1,1,1,0,0,2,5,0,0,18,0,0,10,0,0,9,0,0,1,0,0,13,0,0,1,0,0,9,0,0,1,0,0,1,0,0,6,0,0,1,0,0,6,0,0,2,0,0
2016200055212 ,-1.899231,52.489474,1,2,1,5,6.56,5,6,30,6,3,5,0,0,6,1,1,0,0,1,9,3,0,18,18,0,10,10,0,6,8,0,6,6,0,13,13,0,9,9,0,12,12,0,3,3,0,1,1,0,2,2,0,1,1,0,9,4,0,14,5,0
2016400086968 ,-0.449041,52.019291,1,2,1,1,22.43,3,6,60,3,4,5,0,0,6,1,2,0,0,2,9,5,0,9,18,0,10,10,0,6,8,0,6,6,0,13,13,0,9,9,0,12,12,0,3,1,0,1,1,0,5,5,0,1,1,0,8,7,0,3,5,0
2016230075321 ,-1.640917,52.602355,1,1,1,6,12.20,3,1,60,1,2,6,0,0,1,1,1,0,0,1,21,0,0,18,0,0,10,0,0,1,0,0,4,0,0,13,0,0,7,0,0,7,0,0,3,0,0,1,0,0,1,0,0,1,0,0,7,0,0,4,0,0
20161339A1716,-1.34665,53.715659,1,2,1,7,20.30,3,6,30,3,4,6,0,4,4,1,1,0,0,1,3,9,0,18,9,0,10,10,0,8,5,0,6,2,0,13,13,0,9,9,0,12,12,0,4,1,0,1,1,0,6,1,0,1,1,0,5,6,0,17,18,0