Accident_Index,Longitude,Latitude,SV,Number_of_Vehicles,Number_of_Casualties,Day_of_Week,Time,1st_Road_Class,Road_Type,Speed_limit,Junction_Detail,Junction_Control,2nd_Road_Class,Pedestrian_Crossing-Human_Control,Pedestrian_Crossing-Physical_Facilities,Light_Conditions,Weather_Conditions,Road_Surface_Conditions,Special_Conditions_at_Site,Carriageway_Hazards,Urban_or_Rural_Area,Vehicle1_Type,Vehicle2_Type,Vehicle3_Type,Vehicle1_Manoeuvre,Vehicle2_Manoeuvre,Vehicle3_Manoeuvre,Vehicle1_Location-Restricted_Lane,Vehicle2_Location-Restricted_Lane,Vehicle3_Location-Restricted_Lane,Junction1_Location,Junction2_Location,Junction3_Location,Skidding1_and_Overturning,Skidding2_and_Overturning,Skidding3_and_Overturning,Hit_Object_in_Carriageway1,Hit_Object_in_Carriageway2,Hit_Object_in_Carriageway3,Vehicle1_Leaving_Carriageway,Vehicle2_Leaving_Carriageway,Vehicle3_Leaving_Carriageway,Hit_Object_off_Carriageway1,Hit_Object_off_Carriageway2,Hit_Object_off_Carriageway3,1st_Point_of_Impact1,1st_Point_of_Impact2,1st_Point_of_Impact3,Was_Vehicle 1_Left_Hand_Drive?,Was_Vehicle2_Left_Hand_Drive?,Was_Vehicle 3_Left_Hand_Drive?,Journey_Purpose_of_Driver1,Journey_Purpose_of_Driver2,Journey_Purpose_of_Driver3,Sex_of_Driver1,Sex_of_Driver2,Sex_of_Driver3,Age_Band_of_Driver1,Age_Band_of_Driver2,Age_Band_of_Driver3,Age_of_Vehicle1,Age_of_Vehicle2,Age_of_Vehicle3
2016301600266 ,-1.653379,53.274518,1,2,4,7,23.10,3,6,40,0,0,0,0,0,7,1,1,0,0,2,9,9,0,18,18,0,10,10,0,9,9,0,6,6,0,13,13,0,9,9,0,12,12,0,1,1,0,1,1,0,6,6,0,1,1,0,5,8,0,12,11,0
2016460108054 ,0.430989,51.28897,1,1,1,4,14.23,6,6,30,0,0,0,0,0,1,1,1,0,0,1,9,0,0,3,0,0,10,0,0,9,0,0,6,0,0,13,0,0,9,0,0,12,0,0,5,0,0,1,0,0,6,0,0,1,0,0,11,0,0,14,0,0
2016520603221 ,-2.429035,51.136818,1,1,1,7,15.16,3,6,60,3,4,6,0,0,1,1,1,0,0,2,5,0,0,18,0,0,10,0,0,8,0,0,6,0,0,13,0,0,9,0,0,12,0,0,1,0,0,1,0,0,6,0,0,1,0,0,7,0,0,7,0,0
2016331605104 ,-1.095227,52.607166,1,1,1,6,3.39,3,3,30,0,0,0,0,0,4,1,1,0,0,1,9,0,0,18,0,0,10,0,0,9,0,0,6,0,0,13,0,0,9,0,0,12,0,0,1,0,0,1,0,0,6,0,0,1,0,0,4,0,0,13,0,0
2016120206256 ,-1.3909,54.170321,1,1,1,2,8.20,3,6,60,0,0,0,0,0,1,1,2,0,0,2,9,0,0,17,0,0,10,0,0,9,0,0,6,0,0,13,0,0,7,0,0,4,0,0,1,0,0,1,0,0,2,0,0,1,0,0,7,0,0,9,0,0
2016301600615 ,-1.42963,52.82532,1,2,1,5,11.0,5,6,30,3,4,6,0,0,1,1,1,0,0,2,9,4,0,9,18,0,10,10,0,5,8,0,6,6,0,13,13,0,9,9,0,12,12,0,1,1,0,1,1,0,6,6,0,1,2,0,4,4,0,12,7,0
2016440472996 ,-1.405026,50.922079,1,1,1,5,22.50,3,6,40,3,4,6,0,8,4,1,1,0,0,1,9,0,0,13,0,0,10,0,0,2,0,0,6,0,0,13,0,0,9,0,0,12,0,0,1,0,0,1,0,0,6,0,0,1,0,0,5,0,0,11,0,0
2016010020357 ,-0.123289,51.423281,1,1,1,2,18.30,3,6,30,0,0,0,0,0,1,1,1,0,0,1,5,0,0,16,0,0,10,0,0,9,0,0,1,0,0,10,0,0,1,0,0,12,0,0,4,0,0,1,0,0,6,0,0,1,0,0,6,0,0,6,0,0
2016051601321 ,-2.996428,53.646673,1,2,3,4,15.55,6,6,20,6,4,6,0,4,1,1,1,0,0,1,9,9,0,18,18,0,10,10,0,6,8,0,6,6,0,13,13,0,9,7,0,12,12,0,1,4,0,1,1,0,6,6,0,2,2,0,10,9,0,8,14,0
2016450042039 ,-0.196317,51.223554,1,1,1,6,7.5,3,6,30,0,0,0,2,7,7,2,2,0,0,1,19,0,0,18,0,0,10,0,0,9,0,0,6,0,0,13,0,0,9,0,0,12,0,0,1,0,0,1,0,0,2,0,0,1,0,0,8,0,0,10,0,0
20161331A0665,-1.395029,53.71701,1,2,2,1,14.15,6,6,30,3,4,6,0,0,1,1,1,0,0,1,9,9,0,9,18,0,10,10,0,6,8,0,6,6,0,13,13,0,9,9,0,12,12,0,1,1,0,1,1,0,6,6,0,1,2,0,8,11,0,4,6,0
2016230101765 ,-1.599814,52.177816,1,1,1,2,7.29,3,6,50,0,0,0,0,0,1,1,2,0,0,2,9,0,0,17,0,0,10,0,0,9,0,0,6,0,0,13,0,0,9,0,0,12,0,0,1,0,0,1,0,0,2,0,0,1,0,0,9,0,0,20,0,0
201654B445516,-1.778668,51.571991,1,2,1,3,14.35,6,6,30,8,4,6,0,0,1,1,1,0,0,1,9,2,0,1,18,0,10,10,0,6,8,0,6,6,0,13,13,0,9,9,0,12,12,0,2,3,0,1,1,0,6,2,0,1,1,0,7,8,0,13,7,0
2016200090104 ,-2.14227,52.445235,1,1,1,2,14.50,6,6,30,0,0,0,0,0,1,1,1,0,0,1,9,0,0,1,0,0,10,0,0,9,0,0,6,0,0,13,0,0,9,0,0,12,0,0,3,0,0,1,0,0,3,0,0,2,0,0,11,0,0,12,0,0
201601VW40026,-0.164396,51.398932,1,2,1,1,22.33,3,1,30,1,4,3,0,0,4,1,1,0,0,1,9,4,0,9,18,0,10,10,0,8,8,0,6,6,0,13,13,0,9,9,0,12,12,0,1,1,0,1,1,0,6,6,0,1,1,0,5,5,0,12,2,0
2016440293564 ,-0.977083,50.831496,1,2,1,7,9.36,6,6,60,0,0,0,0,0,1,1,1,0,0,2,3,20,0,16,17,0,10,10,0,9,9,0,6,6,0,13,13,0,9,9,0,12,12,0,1,3,0,1,1,0,6,1,0,1,1,0,8,9,0,11,1,0
2016471607638 ,-0.177229,50.834926,1,1,1,1,12.39,3,6,30,0,0,0,0,4,1,1,1,0,0,1,9,0,0,18,0,0,10,0,0,9,0,0,6,0,0,13,0,0,9,0,0,12,0,0,1,0,0,1,0,0,6,0,0,2,0,0,6,0,0,3,0,0
2016200117960 ,-1.508875,52.42339,1,2,1,3,16.42,6,6,30,8,4,6,0,0,1,1,1,0,0,1,9,2,0,5,18,0,10,10,0,6,8,0,6,6,0,13,13,0,9,9,0,12,12,0,1,4,0,1,1,0,2,2,0,1,2,0,6,6,0,8,7,0
201691NE06943,-5.184439,57.91539,1,2,1,5,13.52,3,6,60,3,4,6,0,0,1,1,1,0,0,2,5,9,0,16,17,0,10,10,0,1,1,0,1,6,0,13,13,0,7,9,0,9,12,0,4,4,0,1,1,0,6,6,0,1,2,0,9,4,0,7,14,0
2016140094501 ,-1.351868,53.498181,1,1,1,1,11.39,6,6,30,3,4,6,0,0,1,1,1,0,0,1,9,0,0,18,0,0,10,0,0,1,0,0,6,0,0,13,0,0,9,0,0,12,0,0,3,0,0,1,0,0,6,0,0,2,0,0,9,0,0,3,0,0
2016220100688 ,-2.030925,52.384372,1,2,1,5,10.30,3,3,70,0,0,0,0,0,1,1,1,6,0,2,20,5,0,2,17,0,10,10,0,9,9,0,6,1,0,13,13,0,9,2,0,12,12,0,5,1,0,1,1,0,1,5,0,1,1,0,8,6,0,6,4,0
201606G010511,-2.112276,53.453298,1,2,1,7,12.15,3,6,30,3,4,6,0,0,1,1,2,0,0,1,9,9,0,18,2,0,10,10,0,2,2,0,6,6,0,13,13,0,9,9,0,12,12,0,4,3,0,1,1,0,6,6,0,1,1,0,10,6,0,3,9,0
2016331601687 ,-1.116499,52.657465,1,2,2,5,16.40,3,6,30,6,2,5,0,5,1,1,1,0,0,1,9,9,0,9,18,0,10,10,0,6,6,0,6,6,0,13,13,0,1,9,0,10,12,0,4,1,0,1,1,0,6,6,0,2,1,0,7,5,0,2,5,0
2016420040812 ,0.373552,51.859065,1,1,1,3,18.0,3,3,70,5,4,4,0,0,6,5,2,0,0,2,9,0,0,18,0,0,10,0,0,2,0,0,5,0,0,13,0,0,1,0,0,12,0,0,4,0,0,1,0,0,2,0,0,2,0,0,9,0,0,6,0,0
2016420066375 ,0.108078,51.642885,1,3,4,6,13.40,3,6,60,0,0,0,0,0,1,1,1,0,0,2,9,9,9,18,17,18,10,10,10,9,9,9,6,6,6,13,13,13,9,9,9,12,12,12,1,1,4,1,1,1,5,6,2,2,2,1,9,10,4,8,1,12
2016051600618 ,-2.938658,53.397886,1,2,3,4,13.35,6,6,30,6,4,6,0,0,1,2,2,0,0,1,9,9,0,18,18,0,10,10,0,8,1,0,6,6,0,13,13,0,3,3,0,11,11,0,1,1,0,1,1,0,6,6,0,1,2,0,5,6,0,11,9,0
2016500084053 ,-3.799819,50.415521,1,1,1,2,19.47,6,6,60,0,0,0,0,0,1,1,1,0,0,2,9,0,0,17,0,0,10,0,0,9,0,0,1,0,0,13,0,0,1,0,0,11,0,0,1,0,0,1,0,0,2,0,0,1,0,0,7,0,0,16,0,0
2016950004954 ,-2.789338,55.960921,1,1,1,5,14.49,3,1,60,1,4,3,0,0,1,1,1,0,0,2,4,0,0,5,0,0,10,0,0,4,0,0,6,0,0,13,0,0,9,0,0,12,0,0,5,0,0,1,0,0,6,0,0,1,0,0,8,0,0,16,0,0
201663DP10016,-3.365123,52.812952,1,2,3,2,17.27,4,6,60,0,0,0,0,0,1,1,1,0,0,2,9,9,0,18,18,0,10,10,0,9,9,0,6,6,0,13,13,0,9,9,0,12,12,0,1,1,0,1,1,0,6,6,0,1,2,0,10,9,0,11,3,0
2016440160678 ,-1.368976,50.97973,1,1,1,5,19.15,1,3,70,0,0,0,0,0,1,1,1,0,0,1,9,0,0,18,0,0,10,0,0,9,0,0,6,0,0,13,0,0,9,0,0,12,0,0,1,0,0,1,0,0,2,0,0,1,0,0,4,0,0,8,0,0
201606K016658,-2.415515,53.57944,1,2,1,6,18.35,3,6,30,6,4,6,0,0,1,1,1,0,0,1,9,9,0,18,18,0,10,10,0,8,8,0,6,1,0,13,13,0,1,9,0,12,12,0,4,1,0,1,1,0,2,6,0,1,1,0,8,5,0,14,2,0
2016133481903 ,-1.483798,53.753927,1,1,1,6,22.32,6,6,30,0,0,0,0,0,4,9,1,0,0,1,4,0,0,17,0,0,10,0,0,9,0,0,6,0,0,13,0,0,9,0,0,12,0,0,1,0,0,1,0,0,6,0,0,1,0,0,7,0,0,10,0,0
2016950004136 ,-3.201341,55.951321,1,1,1,7,14.0,3,6,20,0,0,0,0,0,1,1,1,0,0,1,11,0,0,18,0,0,2,0,0,9,0,0,6,0,0,13,0,0,9,0,0,12,0,0,1,0,0,1,0,0,6,0,0,1,0,0,9,0,0,7,0,0
2016420037988 ,0.386696,51.75859,1,2,3,2,21.6,3,6,40,0,0,0,0,0,6,2,2,0,0,2,9,9,0,16,17,0,10,10,0,9,9,0,6,6,0,13,13,0,2,9,0,12,12,0,3,1,0,1,1,0,6,5,0,1,1,0,5,10,0,12,2,0
2016420131421 ,0.597146,51.918973,1,3,1,2,16.35,3,6,60,0,0,0,0,0,6,1,1,0,7,2,3,19,9,18,4,18,10,10,10,9,9,9,6,6,6,13,13,12,9,9,9,12,12,12,1,2,5,1,1,1,2,2,6,1,1,1,5,7,6,12,6,1
2016471604600 ,-0.864509,51.039306,1,2,1,7,8.40,4,6,50,3,4,6,0,0,1,1,1,0,0,2,19,3,0,9,18,0,10,10,0,5,1,0,6,6,0,13,13,0,9,9,0,12,12,0,1,1,0,1,1,0,1,2,0,1,1,0,10,4,0,12,3,0
2016500046047 ,-4.114266,50.400156,1,3,1,1,18.0,6,6,30,3,4,6,0,0,4,2,2,0,0,1,9,9,9,17,2,2,10,10,10,1,1,1,1,6,6,4,13,13,7,9,9,12,12,12,5,1,5,1,1,1,5,6,6,1,1,1,11,6,6,13,4,1
2016440080058 ,-1.079972,50.793441,1,2,1,5,10.30,4,6,30,3,4,6,0,1,1,1,1,0,0,1,3,9,0,18,3,0,10,10,0,1,1,0,6,6,0,13,13,0,9,9,0,12,12,0,1,2,0,1,1,0,6,6,0,1,1,0,7,8,0,7,12,0
2016551602771 ,-2.324638,50.695151,1,2,5,6,16.50,4,6,40,0,0,0,0,0,4,2,2,0,0,2,9,9,0,18,5,0,10,10,0,9,9,0,6,6,0,13,13,0,9,9,0,12,12,0,1,2,0,1,1,0,6,6,0,2,2,0,8,6,0,12,12,0
201601RY10175,0.159403,51.44854,1,1,1,5,19.44,3,6,30,0,0,0,0,0,4,1,1,0,0,2,5,0,0,18,0,0,10,0,0,9,0,0,6,0,0,10,0,0,9,0,0,12,0,0,4,0,0,1,0,0,6,0,0,1,0,0,5,0,0,12,0,0
2016133AG0599,-1.542637,53.804761,1,2,4,1,10.39,3,3,40,6,2,3,0,0,1,2,2,0,0,1,9,9,0,18,18,0,10,10,0,1,1,0,6,6,0,13,13,0,7,9,0,7,12,0,1,1,0,1,1,0,6,6,0,1,2,0,6,8,0,6,7,0
2016410084464 ,-0.39197,51.653012,1,1,2,2,17.43,3,3,30,7,2,6,2,5,1,1,1,0,0,1,4,0,0,18,0,0,10,0,0,8,0,0,5,0,0,13,0,0,9,0,0,12,0,0,1,0,0,1,0,0,2,0,0,1,0,0,7,0,0,2,0,0
2016200077317 ,-1.914736,52.445353,1,2,2,7,19.49,3,3,30,3,4,6,0,0,1,1,1,0,0,1,9,5,0,7,18,0,10,10,0,1,1,0,6,6,0,13,13,0,9,9,0,12,12,0,2,1,0,1,1,0,1,1,0,1,1,0,11,5,0,6,23,0
2016440239990 ,-1.506385,50.669854,1,1,2,3,1.0,3,6,60,0,0,0,0,0,4,1,1,0,0,2,9,0,0,18,0,0,10,0,0,9,0,0,6,0,0,13,0,0,9,0,0,12,0,0,1,0,0,1,0,0,6,0,0,1,0,0,6,0,0,19,0,0
20161331J0604,-1.584102,53.809819,1,1,1,3,12.26,6,6,30,0,0,0,0,0,1,1,1,0,0,1,9,0,0,1,0,0,10,0,0,9,0,0,6,0,0,13,0,0,9,0,0,12,0,0,3,0,0,1,0,0,6,0,0,2,0,0,6,0,0,13,0,0
2016440148230 ,-1.009709,51.159157,1,2,2,3,13.25,3,6,60,0,0,0,0,0,1,1,1,0,0,2,19,9,0,16,17,0,10,10,0,9,9,0,6,1,0,13,13,0,9,1,0,12,12,0,1,2,0,1,1,0,1,6,0,1,1,0,6,10,0,6,3,0
2016460050572 ,1.416577,51.346259,1,2,1,3,16.55,6,6,30,3,4,6,0,0,1,1,1,0,0,1,3,9,0,7,18,0,10,10,0,6,1,0,6,6,0,13,13,0,9,9,0,12,12,0,1,1,0,1,1,0,6,6,0,1,1,0,7,7,0,13,13,0
2016420100701 ,0.341637,51.504918,1,1,1,4,5.0,3,3,70,0,0,0,0,0,4,1,1,0,0,2,9,0,0,18,0,0,10,0,0,9,0,0,6,0,0,13,0,0,1,0,0,11,0,0,1,0,0,1,0,0,1,0,0,1,0,0,7,0,0,4,0,0
201697UD70112,-4.566112,55.570091,1,1,1,2,17.10,4,6,60,0,0,0,0,0,6,1,2,0,0,2,9,0,0,16,0,0,10,0,0,9,0,0,2,0,0,13,0,0,2,0,0,3,0,0,1,0,0,1,0,0,6,0,0,1,0,0,8,0,0,13,0,0
2016200086033 ,-1.80941,52.461583,1,1,1,1,8.5,3,3,30,3,4,6,0,4,1,1,1,0,0,1,9,0,0,18,0,0,10,0,0,2,0,0,6,0,0,13,0,0,9,0,0,12,0,0,1,0,0,1,0,0,6,0,0,1,0,0,8,0,0,15,0,0
2016350094115 ,-0.036198,52.076741,1,2,1,6,10.56,3,6,40,3,4,6,0,0,1,1,1,0,0,2,19,5,0,9,18,0,10,10,0,5,1,0,6,6,0,13,13,0,9,9,0,12,12,0,4,1,0,1,1,0,5,6,0,1,1,0,7,10,0,1,29,0
2016440298537 ,-1.555777,50.778678,1,1,1,4,9.15,3,6,40,0,0,0,0,0,1,1,1,0,0,2,5,0,0,17,0,0,10,0,0,9,0,0,1,0,0,13,0,0,1,0,0,4,0,0,1,0,0,1,0,0,6,0,0,1,0,0,7,0,0,14,0,0
2016471603134 ,-0.158682,50.827683,1,1,1,6,22.48,6,6,20,3,4,6,0,1,4,1,1,0,0,1,9,0,0,18,0,0,10,0,0,2,0,0,6,0,0,13,0,0,9,0,0,12,0,0,5,0,0,1,0,0,6,0,0,1,0,0,6,0,0,12,0,0
2016471604678 ,0.093366,51.037645,1,3,3,5,11.8,4,6,40,0,0,0,0,0,1,1,1,0,0,2,9,9,9,18,3,2,10,10,10,9,9,9,5,6,6,13,13,13,1,9,9,12,12,12,1,2,5,1,1,1,6,6,1,2,2,1,11,7,8,8,1,3
2016921601003 ,-2.1161,57.058684,1,1,2,4,12.45,6,6,60,0,0,0,0,0,1,1,2,0,0,2,9,0,0,17,0,0,10,0,0,9,0,0,6,0,0,13,0,0,9,0,0,11,0,0,1,0,0,1,0,0,6,0,0,1,0,0,4,0,0,15,0,0
201601BS70051,-0.204425,51.507375,1,2,1,4,8.28,3,6,30,3,4,6,0,0,1,1,1,0,0,1,9,21,0,15,10,0,10,10,0,8,8,0,6,6,0,13,13,0,9,9,0,12,12,0,1,5,0,1,1,0,6,1,0,1,1,0,8,7,0,8,1,0
201601SX20372,-0.230935,51.607865,1,2,2,5,15.12,5,6,30,8,4,6,0,0,1,1,1,0,0,1,3,9,0,18,6,0,10,10,0,8,8,0,6,6,0,13,10,0,9,1,0,12,12,0,4,1,0,1,1,0,6,6,0,1,2,0,5,7,0,4,6,0
2016210109778 ,-2.173896,52.987206,1,1,1,7,14.32,6,6,30,0,0,0,0,0,1,1,1,0,0,1,9,0,0,18,0,0,10,0,0,9,0,0,6,0,0,13,0,0,9,0,0,12,0,0,5,0,0,1,0,0,6,0,0,2,0,0,7,0,0,1,0,0
2016471606231 ,0.072949,50.927549,1,2,2,2,18.55,3,6,50,8,4,6,0,0,6,1,1,0,0,2,9,5,0,9,18,0,10,10,0,6,1,0,6,1,0,13,13,0,9,9,0,12,12,0,3,1,0,1,1,0,6,2,0,1,1,0,10,8,0,2,4,0
2016010018595 ,0.042614,51.575905,1,2,1,6,8.15,3,3,30,1,2,3,0,0,1,1,1,0,0,1,19,3,0,11,18,0,10,10,0,1,1,0,6,6,0,13,13,0,9,9,0,12,12,0,4,3,0,1,1,0,1,6,0,1,1,0,10,9,0,8,6,0
2016530072794 ,-2.520098,51.732274,1,2,1,1,11.10,5,6,30,3,4,6,0,0,1,4,1,0,0,2,9,9,0,9,18,0,10,10,0,5,8,0,6,6,0,13,13,0,9,9,0,12,12,0,1,4,0,1,1,0,6,6,0,1,2,0,6,9,0,7,13,0
2016170H11306,-1.303377,54.655329,1,2,3,6,10.45,3,3,70,0,0,0,0,0,1,1,2,0,0,2,9,5,0,4,4,0,10,10,0,9,9,0,6,6,0,13,13,0,9,9,0,12,12,0,2,1,0,1,1,0,6,6,0,2,1,0,8,6,0,8,9,0
2016331600379 ,-1.280912,52.694573,1,1,1,1,1.20,5,6,60,0,0,0,0,0,6,1,4,0,0,2,9,0,0,16,0,0,10,0,0,9,0,0,5,0,0,10,0,0,1,0,0,1,0,0,1,0,0,1,0,0,6,0,0,1,0,0,7,0,0,15,0,0
2016160084070 ,-0.323412,53.791135,1,1,1,6,8.30,6,6,20,0,0,0,0,0,1,1,1,0,0,1,9,0,0,14,0,0,10,0,0,9,0,0,6,0,0,13,0,0,9,0,0,12,0,0,1,0,0,1,0,0,6,0,0,2,0,0,7,0,0,3,0,0
2016460146654 ,1.395935,51.38796,1,2,1,3,13.0,6,6,30,3,1,6,0,0,1,1,1,0,0,1,9,9,0,4,1,0,10,10,0,1,1,0,6,6,0,13,13,0,9,9,0,12,12,0,1,2,0,1,1,0,6,6,0,1,2,0,8,8,0,13,13,0
201634WN14336,-0.90055,52.259469,1,2,2,1,10.40,3,6,30,6,2,5,0,4,1,1,1,0,0,1,9,5,0,18,18,0,10,10,0,8,8,0,6,6,0,13,13,0,9,9,0,12,12,0,4,1,0,1,1,0,6,6,0,2,1,0,5,8,0,11,21,0
2016331600382 ,-1.115755,52.600488,1,1,1,2,18.30,3,6,30,6,2,3,0,5,4,1,2,0,0,1,9,0,0,18,0,0,10,0,0,2,0,0,6,0,0,13,0,0,9,0,0,12,0,0,1,0,0,1,0,0,6,0,0,1,0,0,11,0,0,4,0,0
2016440487384 ,-1.075895,51.028588,1,2,2,4,15.32,3,6,50,0,0,0,0,0,1,1,2,0,0,2,5,5,0,18,18,0,10,10,0,9,9,0,6,6,0,13,13,0,9,9,0,12,12,0,2,1,0,1,1,0,6,6,0,1,1,0,5,5,0,6,21,0
2016010006916 ,-0.247746,51.557579,1,1,1,4,13.0,3,3,30,0,0,0,0,4,1,1,1,0,0,1,5,0,0,18,0,0,10,0,0,9,0,0,6,0,0,13,0,0,9,0,0,12,0,0,1,0,0,1,0,0,6,0,0,1,0,0,5,0,0,11,0,0
2016076399257 ,-2.029057,53.337769,1,1,1,1,12.12,5,6,60,0,0,0,0,0,1,1,2,0,0,2,9,0,0,18,0,0,10,0,0,9,0,0,1,0,0,13,0,0,1,0,0,4,0,0,1,0,0,1,0,0,6,0,0,1,0,0,5,0,0,12,0,0
2016350017316 ,-0.178108,52.349886,1,1,1,1,16.20,5,6,30,0,0,0,0,0,1,1,1,0,0,1,19,0,0,16,0,0,10,0,0,9,0,0,6,0,0,13,0,0,7,0,0,10,0,0,1,0,0,1,0,0,6,0,0,1,0,0,8,0,0,6,0,0
2016120048747 ,-1.199825,54.239721,1,2,1,1,14.11,3,6,60,0,0,0,0,0,1,1,1,0,0,2,5,9,0,4,4,0,10,10,0,9,9,0,6,6,0,13,13,0,9,9,0,12,12,0,2,1,0,1,1,0,6,6,0,2,1,0,8,5,0,6,17,0
2016076253176 ,-2.58309,53.392403,1,1,1,6,14.50,3,6,30,3,2,6,0,4,1,2,2,0,0,1,19,0,0,14,0,0,10,0,0,8,0,0,6,0,0,13,0,0,9,0,0,12,0,0,4,0,0,1,0,0,1,0,0,1,0,0,6,0,0,8,0,0
2016100069011 ,-1.918368,54.920811,1,2,2,2,18.30,4,6,60,0,0,0,0,0,1,1,1,0,0,2,9,9,0,18,18,0,10,10,0,9,9,0,1,6,0,13,13,0,2,1,0,12,12,0,1,3,0,1,1,0,6,6,0,1,2,0,6,8,0,20,3,0
2016100068664 ,-1.545392,55.036705,1,2,2,7,12.20,4,6,40,3,4,6,0,0,1,1,1,0,0,2,9,9,0,18,9,0,10,10,0,1,1,0,1,6,0,13,13,0,9,9,0,12,12,0,1,2,0,1,1,0,5,1,0,1,2,0,6,6,0,14,4,0
2016420049394 ,0.272769,51.739059,1,1,1,2,8.10,4,6,30,3,4,6,0,0,1,1,2,4,2,2,19,0,0,9,0,0,10,0,0,8,0,0,6,0,0,13,0,0,9,0,0,12,0,0,1,0,0,1,0,0,1,0,0,1,0,0,5,0,0,1,0,0
2016320335584 ,-0.492895,53.399795,1,1,2,1,13.31,3,2,30,3,4,6,0,0,1,1,1,0,0,2,9,0,0,18,0,0,10,0,0,2,0,0,6,0,0,13,0,0,9,0,0,11,0,0,1,0,0,1,0,0,6,0,0,1,0,0,10,0,0,5,0,0
2016230053291 ,-1.533968,52.279051,1,2,1,3,10.42,4,6,30,8,4,6,0,0,1,1,1,0,0,1,9,9,0,9,18,0,10,10,0,6,8,0,6,6,0,13,13,0,9,9,0,12,12,0,1,1,0,1,1,0,5,5,0,2,2,0,4,7,0,10,13,0
2016961600960 ,-3.78167,56.043678,1,1,2,5,7.35,1,7,70,0,0,0,0,0,1,2,2,0,0,2,9,0,0,16,0,0,10,0,0,9,0,0,6,0,0,13,0,0,1,0,0,4,0,0,1,0,0,1,0,0,2,0,0,2,0,0,7,0,0,13,0,0
2016200137588 ,-1.87609,52.580116,1,3,1,6,3.25,4,6,30,0,0,0,0,0,4,1,2,0,0,1,9,9,9,13,18,18,10,10,10,9,9,9,5,6,6,10,13,13,1,9,9,11,12,12,1,5,5,1,1,1,6,6,6,1,1,1,6,6,6,8,13,5
2016520603848 ,-2.644897,51.057098,1,2,1,5,16.27,3,6,60,0,0,0,0,0,1,1,1,0,0,2,9,21,0,18,18,0,10,10,0,9,9,0,6,6,0,13,13,0,9,1,0,12,9,0,1,4,0,1,1,0,6,6,0,1,1,0,8,8,0,16,3,0
2016140074155 ,-1.476238,53.3732,1,2,1,1,19.39,3,3,40,6,2,6,0,5,1,1,1,0,0,1,3,9,0,18,18,0,2,10,0,8,8,0,1,6,0,13,13,0,9,9,0,12,12,0,1,4,0,1,1,0,6,6,0,1,2,0,6,5,0,4,1,0
201643R214066,-0.794482,51.366904,1,1,1,2,14.15,6,6,30,3,4,6,0,1,1,1,1,0,0,1,21,0,0,7,0,0,10,0,0,6,0,0,6,0,0,13,0,0,9,0,0,12,0,0,4,0,0,1,0,0,1,0,0,1,0,0,7,0,0,2,0,0
2016100053156 ,-1.52325,54.912912,1,1,1,1,17.22,6,6,30,3,4,6,0,1,1,1,1,0,0,1,9,0,0,18,0,0,10,0,0,2,0,0,6,0,0,13,0,0,9,0,0,12,0,0,3,0,0,1,0,0,6,0,0,1,0,0,5,0,0,9,0,0
2016520603552 ,-2.598004,51.245826,1,2,2,1,15.9,4,6,60,0,0,0,0,0,1,1,1,0,0,2,9,5,0,13,18,0,10,10,0,9,9,0,6,6,0,13,13,0,9,9,0,12,12,0,2,1,0,1,1,0,6,6,0,1,1,0,5,8,0,6,6,0
2016471600668 ,0.108348,50.776474,1,2,1,3,13.43,6,6,30,3,3,6,0,0,1,1,1,0,0,1,9,4,0,9,18,0,10,10,0,6,1,0,6,6,0,13,13,0,9,9,0,12,12,0,3,1,0,1,1,0,2,6,0,2,1,0,8,8,0,7,18,0
2016320002239 ,-0.433718,53.162401,1,2,1,3,18.10,4,6,50,0,0,0,0,0,6,1,2,0,0,2,19,90,0,18,2,0,10,10,0,9,9,0,1,6,0,4,13,0,9,9,0,12,12,0,1,2,0,1,1,0,2,1,0,1,1,0,7,7,0,2,11,0
2016460265498 ,0.071748,51.267021,1,1,1,2,17.30,3,6,30,3,4,6,0,0,5,1,2,0,0,2,9,0,0,9,0,0,10,0,0,8,0,0,6,0,0,13,0,0,9,0,0,12,0,0,1,0,0,1,0,0,2,0,0,1,0,0,5,0,0,5,0,0
2016200067928 ,-1.878993,52.468813,1,2,1,1,21.15,6,1,40,1,4,6,0,0,4,2,2,0,0,1,9,3,0,18,18,0,10,10,0,4,3,0,6,6,0,13,13,0,9,9,0,12,12,0,3,1,0,1,1,0,6,2,0,1,1,0,5,6,0,10,8,0
201604EF16059,-2.318208,53.801247,1,1,1,4,15.8,3,6,30,9,4,6,0,0,1,1,2,0,0,1,9,0,0,18,0,0,10,0,0,8,0,0,6,0,0,13,0,0,9,0,0,12,0,0,1,0,0,1,0,0,6,0,0,2,0,0,4,0,0,11,0,0
2016545261516 ,-2.010727,51.424071,1,1,1,2,6.40,3,6,50,0,0,0,0,0,1,2,2,0,0,2,9,0,0,16,0,0,10,0,0,9,0,0,6,0,0,13,0,0,1,0,0,11,0,0,4,0,0,1,0,0,2,0,0,1,0,0,5,0,0,14,0,0
2016450042570 ,-0.169123,51.242601,1,1,1,2,14.18,6,6,30,6,4,6,0,0,1,1,1,0,0,1,9,0,0,9,0,0,10,0,0,6,0,0,6,0,0,13,0,0,9,0,0,12,0,0,4,0,0,1,0,0,6,0,0,1,0,0,6,0,0,5,0,0