Accident_Index,Longitude,Latitude,SV,Number_of_Vehicles,Number_of_Casualties,Day_of_Week,Time,1st_Road_Class,Road_Type,Speed_limit,Junction_Detail,Junction_Control,2nd_Road_Class,Pedestrian_Crossing-Human_Control,Pedestrian_Crossing-Physical_Facilities,Light_Conditions,Weather_Conditions,Road_Surface_Conditions,Special_Conditions_at_Site,Carriageway_Hazards,Urban_or_Rural_Area,Vehicle1_Type,Vehicle2_Type,Vehicle3_Type,Vehicle1_Manoeuvre,Vehicle2_Manoeuvre,Vehicle3_Manoeuvre,Vehicle1_Location-Restricted_Lane,Vehicle2_Location-Restricted_Lane,Vehicle3_Location-Restricted_Lane,Junction1_Location,Junction2_Location,Junction3_Location,Skidding1_and_Overturning,Skidding2_and_Overturning,Skidding3_and_Overturning,Hit_Object_in_Carriageway1,Hit_Object_in_Carriageway2,Hit_Object_in_Carriageway3,Vehicle1_Leaving_Carriageway,Vehicle2_Leaving_Carriageway,Vehicle3_Leaving_Carriageway,Hit_Object_off_Carriageway1,Hit_Object_off_Carriageway2,Hit_Object_off_Carriageway3,1st_Point_of_Impact1,1st_Point_of_Impact2,1st_Point_of_Impact3,Was_Vehicle 1_Left_Hand_Drive?,Was_Vehicle2_Left_Hand_Drive?,Was_Vehicle 3_Left_Hand_Drive?,Journey_Purpose_of_Driver1,Journey_Purpose_of_Driver2,Journey_Purpose_of_Driver3,Sex_of_Driver1,Sex_of_Driver2,Sex_of_Driver3,Age_Band_of_Driver1,Age_Band_of_Driver2,Age_Band_of_Driver3,Age_of_Vehicle1,Age_of_Vehicle2,Age_of_Vehicle3
2016410080361 ,-0.473291,51.642111,1,2,4,3,19.45,3,6,40,0,0,0,0,0,1,1,1,0,0,2,9,9,0,4,3,0,10,10,0,9,9,0,1,6,0,13,13,0,9,9,0,12,12,0,1,2,0,1,1,0,5,5,0,1,2,0,4,8,0,14,2,0
2016076072749 ,-2.491617,53.451215,1,1,1,7,14.40,4,6,30,0,0,0,0,0,1,1,1,0,0,2,3,0,0,18,0,0,10,0,0,9,0,0,6,0,0,13,0,0,9,0,0,12,0,0,4,0,0,1,0,0,2,0,0,1,0,0,4,0,0,5,0,0
20161335B0229,-1.547011,53.82865,1,1,1,4,6.55,6,1,40,1,4,3,0,0,1,1,1,6,0,1,5,0,0,18,0,0,10,0,0,8,0,0,1,0,0,13,0,0,9,0,0,12,0,0,5,0,0,1,0,0,6,0,0,1,0,0,8,0,0,16,0,0
2016961600040 ,-3.784362,56.007037,1,1,1,7,18.45,4,6,30,0,0,0,0,0,4,2,2,0,0,1,8,0,0,18,0,0,10,0,0,9,0,0,6,0,0,13,0,0,9,0,0,12,0,0,1,0,0,1,0,0,1,0,0,1,0,0,8,0,0,5,0,0
2016350107904 ,-0.005403,52.437597,1,2,1,5,15.16,3,6,60,3,4,6,0,0,1,1,1,0,0,2,9,17,0,13,9,0,10,10,0,1,1,0,5,6,0,13,13,0,7,9,0,12,12,0,1,1,0,1,1,0,5,1,0,2,1,0,8,5,0,11,9,0
201604WB16181,-2.537392,54.092486,1,1,1,5,21.0,6,6,60,0,0,0,0,0,1,1,1,5,0,2,5,0,0,16,0,0,10,0,0,9,0,0,1,0,0,13,0,0,9,0,0,12,0,0,4,0,0,1,0,0,6,0,0,1,0,0,7,0,0,13,0,0
2016370146284 ,1.18278,52.047843,1,1,1,3,12.5,6,6,20,0,0,0,0,0,1,1,1,0,0,1,9,0,0,1,0,0,10,0,0,9,0,0,6,0,0,13,0,0,9,0,0,12,0,0,2,0,0,1,0,0,6,0,0,2,0,0,6,0,0,6,0,0
2016420090027 ,0.435516,51.52369,1,2,3,5,22.30,6,6,30,3,4,6,0,0,4,1,1,0,0,1,9,9,0,16,5,0,10,10,0,1,2,0,1,6,0,13,13,0,7,9,0,11,12,0,1,1,0,1,1,0,5,5,0,1,1,0,7,4,0,13,3,0
2016410086204 ,-0.221554,51.778946,1,1,2,7,19.32,2,1,70,1,4,3,0,0,1,1,2,0,0,2,9,0,0,9,0,0,10,0,0,8,0,0,5,0,0,13,0,0,2,0,0,12,0,0,1,0,0,1,0,0,5,0,0,1,0,0,11,0,0,1,0,0
2016440063444 ,-1.482283,51.205879,1,2,3,6,7.50,3,6,40,6,2,6,0,5,1,1,1,0,0,1,9,9,0,18,9,0,10,10,0,8,8,0,6,6,0,13,13,0,9,9,0,12,12,0,1,4,0,1,1,0,6,6,0,2,2,0,7,7,0,4,4,0
2016432280616 ,-0.751893,51.773491,1,1,3,7,23.15,4,6,30,1,4,6,0,8,4,1,1,0,0,2,8,0,0,18,0,0,10,0,0,2,0,0,6,0,0,13,0,0,9,0,0,12,0,0,1,0,0,1,0,0,1,0,0,1,0,0,7,0,0,7,0,0
2016621601081 ,-3.18038,51.483825,1,2,1,7,16.4,3,3,30,3,2,3,0,7,1,1,1,0,0,1,19,9,0,18,18,0,10,10,0,8,8,0,6,6,0,13,13,0,9,9,0,12,12,0,1,2,0,1,1,0,1,6,0,1,2,0,7,8,0,2,4,0
2016230043057 ,-1.702848,52.280181,1,1,1,6,6.20,3,6,40,0,0,0,0,0,7,3,4,1,0,2,9,0,0,18,0,0,10,0,0,9,0,0,1,0,0,13,0,0,7,0,0,10,0,0,3,0,0,1,0,0,2,0,0,1,0,0,6,0,0,8,0,0
2016331600108 ,-1.401104,52.687195,1,2,1,6,22.14,3,6,30,3,4,6,0,0,4,1,4,0,0,2,9,9,0,9,17,0,10,10,0,6,8,0,6,6,0,13,13,0,9,9,0,12,12,0,3,1,0,1,1,0,6,6,0,1,2,0,8,4,0,11,18,0
2016320249987 ,-0.073673,52.902118,1,2,5,3,17.1,3,6,60,0,0,0,0,0,1,1,1,0,0,2,9,9,0,18,18,0,10,10,0,9,9,0,1,1,0,13,13,0,9,1,0,12,4,0,1,1,0,1,1,0,2,2,0,1,1,0,6,5,0,4,15,0
2016100076316 ,-1.474727,55.00229,1,1,1,4,15.18,6,6,30,0,0,0,0,0,1,1,1,0,0,1,9,0,0,18,0,0,10,0,0,9,0,0,6,0,0,13,0,0,9,0,0,12,0,0,4,0,0,1,0,0,6,0,0,1,0,0,6,0,0,12,0,0
201634WN13886,-0.827718,52.271563,1,1,3,3,22.50,5,6,40,3,4,6,0,0,4,1,2,0,0,1,9,0,0,7,0,0,10,0,0,8,0,0,6,0,0,10,0,0,7,0,0,4,0,0,1,0,0,1,0,0,6,0,0,2,0,0,4,0,0,11,0,0
20164100C0023,-0.411177,51.702352,1,1,1,7,17.52,5,6,30,0,0,0,0,0,4,1,1,0,0,1,11,0,0,18,0,0,10,0,0,9,0,0,6,0,0,13,0,0,9,0,0,12,0,0,1,0,0,1,0,0,1,0,0,1,0,0,9,0,0,7,0,0
2016500089250 ,-4.189478,50.421421,1,2,1,5,14.17,6,6,30,9,4,6,0,0,1,1,1,0,0,1,5,9,0,18,9,0,10,10,0,1,1,0,1,6,0,13,13,0,9,9,0,12,12,0,3,2,0,1,1,0,1,1,0,1,2,0,8,7,0,14,2,0
2016360092692 ,1.113788,52.718538,1,2,1,4,8.26,5,6,60,0,0,0,0,0,1,1,2,0,0,2,5,21,0,18,4,0,10,10,0,9,9,0,5,6,0,13,13,0,9,9,0,12,12,0,1,2,0,1,1,0,6,6,0,1,1,0,5,7,0,6,14,0
2016301600747 ,-1.374744,52.938215,1,2,1,3,15.50,3,6,60,8,4,6,0,0,1,1,1,0,0,2,9,9,0,9,18,0,10,10,0,6,8,0,6,1,0,13,13,0,9,9,0,12,12,0,3,1,0,1,1,0,6,6,0,1,1,0,10,7,0,17,12,0
2016941600918 ,-2.993778,56.256637,1,1,1,6,6.50,3,6,60,0,0,0,0,0,6,1,4,0,0,2,9,0,0,18,0,0,10,0,0,9,0,0,2,0,0,13,0,0,7,0,0,4,0,0,1,0,0,1,0,0,2,0,0,1,0,0,8,0,0,3,0,0
2016200072594 ,-2.012886,52.3952,1,2,3,6,14.24,6,1,30,1,4,6,0,8,1,1,1,0,0,1,9,5,0,18,18,0,10,10,0,4,4,0,6,6,0,13,13,0,9,9,0,12,12,0,1,1,0,1,1,0,1,2,0,1,1,0,8,6,0,7,14,0
201697UC40801,-4.202939,55.456082,1,1,1,4,16.15,6,6,60,0,0,0,0,0,1,2,2,0,0,2,9,0,0,18,0,0,10,0,0,9,0,0,6,0,0,10,0,0,1,0,0,12,0,0,4,0,0,1,0,0,6,0,0,1,0,0,7,0,0,17,0,0
2016051604010 ,-2.994032,53.324796,1,2,1,1,19.15,6,6,30,0,0,0,0,0,4,1,2,0,0,1,3,9,0,18,18,0,10,10,0,9,9,0,1,6,0,13,13,0,9,9,0,12,12,0,3,1,0,1,1,0,6,6,0,1,1,0,4,5,0,10,9,0
2016961600559 ,-3.610929,56.010899,1,1,1,3,14.0,3,6,30,0,0,0,0,5,1,1,1,0,0,1,9,0,0,18,0,0,10,0,0,9,0,0,6,0,0,13,0,0,9,0,0,12,0,0,4,0,0,1,0,0,6,0,0,2,0,0,9,0,0,3,0,0
201634NK11136,-0.7535,52.462541,1,1,1,4,6.15,5,6,60,0,0,0,0,0,7,1,1,0,0,2,9,0,0,17,0,0,10,0,0,9,0,0,1,0,0,13,0,0,7,0,0,12,0,0,1,0,0,1,0,0,1,0,0,1,0,0,6,0,0,16,0,0
2016420125715 ,0.895339,51.886792,1,2,2,1,14.30,3,3,40,6,2,4,0,5,1,1,1,0,0,1,90,9,0,18,7,0,10,10,0,8,6,0,6,6,0,13,13,0,9,9,0,12,12,0,1,3,0,1,1,0,1,5,0,1,2,0,5,9,0,2,8,0
2016120078026 ,-1.741108,53.970967,1,2,1,5,13.53,5,6,60,0,0,0,0,0,1,1,1,0,0,2,5,9,0,16,18,0,10,10,0,9,9,0,6,6,0,13,13,0,1,7,0,12,12,0,1,1,0,1,1,0,6,6,0,2,1,0,8,10,0,5,11,0
2016420094962 ,0.670058,51.781459,1,1,3,7,1.30,6,6,60,0,0,0,0,0,6,1,1,0,0,2,9,0,0,18,0,0,10,0,0,9,0,0,6,0,0,13,0,0,1,0,0,12,0,0,1,0,0,1,0,0,6,0,0,1,0,0,6,0,0,11,0,0
2016460069689 ,0.598764,51.300673,1,1,1,7,9.30,3,3,70,8,4,6,0,0,1,1,1,0,0,2,9,0,0,11,0,0,10,0,0,1,0,0,6,0,0,13,0,0,1,0,0,10,0,0,1,0,0,1,0,0,1,0,0,1,0,0,6,0,0,11,0,0
2016430248020 ,-1.141963,51.472761,1,2,1,1,19.1,6,6,60,6,3,6,0,0,1,1,1,0,0,2,9,9,0,18,18,0,10,10,0,8,8,0,6,6,0,13,13,0,9,9,0,12,12,0,4,1,0,1,1,0,6,6,0,2,2,0,6,10,0,4,9,0
201650EL2Q001,-4.138502,50.421794,1,1,1,2,9.4,6,6,30,3,4,6,0,0,1,1,1,0,0,1,5,0,0,18,0,0,10,0,0,1,0,0,6,0,0,13,0,0,9,0,0,12,0,0,3,0,0,1,0,0,1,0,0,1,0,0,6,0,0,10,0,0
201601FH10437,-0.220393,51.504381,1,1,2,5,23.35,3,6,30,0,0,0,0,4,4,1,1,0,0,1,3,0,0,18,0,0,10,0,0,9,0,0,6,0,0,13,0,0,9,0,0,12,0,0,1,0,0,1,0,0,6,0,0,1,0,0,4,0,0,4,0,0
2016030085136 ,-2.961666,54.425486,1,2,2,2,16.42,3,6,30,3,4,6,0,0,1,2,2,0,0,2,5,9,0,13,9,0,10,10,0,8,6,0,5,6,0,13,13,0,7,9,0,12,12,0,4,1,0,1,1,0,5,5,0,1,1,0,8,7,0,1,3,0
201606N013418,-2.348169,53.563071,1,1,1,6,22.55,3,6,30,3,4,6,0,0,7,9,1,0,0,1,9,0,0,18,0,0,10,0,0,1,0,0,6,0,0,13,0,0,9,0,0,12,0,0,1,0,0,1,0,0,6,0,0,1,0,0,11,0,0,6,0,0
201601YR90151,-0.147379,51.577889,1,1,2,3,21.38,4,6,30,3,2,6,0,5,5,1,1,1,0,1,3,0,0,18,0,0,10,0,0,8,0,0,6,0,0,13,0,0,9,0,0,12,0,0,1,0,0,1,0,0,1,0,0,1,0,0,8,0,0,3,0,0
2016320268211 ,-0.536506,53.22804,1,1,1,4,8.12,3,6,30,9,1,6,0,0,1,1,1,0,0,1,21,0,0,7,0,0,10,0,0,5,0,0,6,0,0,13,0,0,9,0,0,12,0,0,4,0,0,1,0,0,1,0,0,1,0,0,8,0,0,3,0,0
2016140078590 ,-1.452945,53.361122,1,2,1,4,19.55,6,6,30,3,4,6,0,0,1,1,1,0,0,1,9,5,0,5,18,0,10,10,0,6,1,0,6,6,0,13,13,0,9,9,0,12,12,0,3,1,0,1,1,0,6,6,0,2,1,0,5,9,0,6,14,0
2016331600798 ,-1.19031,52.497615,1,1,1,4,17.53,1,3,70,0,0,0,0,0,1,1,1,0,2,2,9,0,0,18,0,0,10,0,0,9,0,0,1,0,0,13,0,0,1,0,0,4,0,0,3,0,0,1,0,0,6,0,0,1,0,0,4,0,0,8,0,0
201697QC70505,-3.695363,55.489205,1,1,2,5,19.43,1,3,70,0,0,0,0,0,6,2,5,0,0,2,9,0,0,18,0,0,10,0,0,9,0,0,2,0,0,13,0,0,1,0,0,11,0,0,1,0,0,1,0,0,6,0,0,2,0,0,6,0,0,6,0,0
201604SB16191,-2.891078,53.571485,1,2,3,7,10.2,3,6,40,6,2,3,0,4,1,1,1,0,0,1,9,9,0,18,9,0,10,10,0,8,8,0,6,6,0,13,13,0,9,7,0,12,10,0,1,4,0,1,1,0,6,6,0,1,1,0,11,9,0,12,8,0
201650KS2H003,-3.237716,50.678743,1,1,1,5,12.30,6,2,30,0,0,0,0,0,1,1,1,0,0,1,9,0,0,18,0,0,10,0,0,9,0,0,6,0,0,13,0,0,9,0,0,12,0,0,1,0,0,1,0,0,6,0,0,1,0,0,9,0,0,4,0,0
2016400099436 ,-0.387382,51.863435,1,1,1,5,14.12,4,3,60,0,0,0,0,0,1,4,1,0,0,2,9,0,0,16,0,0,10,0,0,9,0,0,1,0,0,13,0,0,7,0,0,4,0,0,1,0,0,1,0,0,6,0,0,1,0,0,6,0,0,15,0,0
201643W244026,-1.228083,51.399104,1,2,1,2,15.26,3,6,60,3,4,6,0,0,1,1,1,0,0,2,9,4,0,18,18,0,10,10,0,6,8,0,6,1,0,13,10,0,9,7,0,12,12,0,3,1,0,1,1,0,6,6,0,1,1,0,8,6,0,15,1,0
2016051601241 ,-2.994604,53.404876,1,1,1,3,13.25,6,2,30,0,0,0,0,0,1,1,1,0,0,1,19,0,0,5,0,0,10,0,0,9,0,0,6,0,0,13,0,0,9,0,0,12,0,0,4,0,0,1,0,0,1,0,0,1,0,0,6,0,0,3,0,0
2016200108114 ,-2.096325,52.534203,1,2,1,5,16.47,6,6,30,8,4,6,0,1,1,1,1,0,0,1,9,3,0,9,13,0,10,10,0,5,8,0,6,6,0,13,13,0,9,9,0,12,12,0,3,1,0,1,1,0,6,6,0,2,1,0,8,5,0,2,1,0
2016440056208 ,-1.191232,50.82342,1,4,2,7,12.40,4,6,40,3,4,6,0,0,1,4,1,0,0,1,9,9,9,10,3,3,10,10,10,8,1,1,6,6,6,13,13,13,9,9,9,12,12,12,2,2,2,1,1,1,6,6,6,2,1,1,4,8,7,12,6,2
2016420042209 ,1.035677,51.848535,1,2,2,2,8.15,6,6,30,0,0,0,0,0,1,1,1,0,0,2,9,9,0,18,3,0,10,10,0,9,9,0,6,6,0,13,13,0,9,9,0,12,12,0,1,2,0,1,1,0,2,6,0,2,2,0,4,9,0,10,3,0
201697NC00705,-3.999794,55.937156,1,1,1,2,16.35,6,6,30,0,0,0,0,0,1,1,1,0,0,1,9,0,0,18,0,0,10,0,0,9,0,0,6,0,0,13,0,0,9,0,0,12,0,0,1,0,0,1,0,0,2,0,0,1,0,0,8,0,0,13,0,0
2016010017888 ,-0.168378,51.497105,1,1,1,1,2.10,3,6,30,3,4,6,0,4,4,1,1,0,0,1,9,0,0,9,0,0,10,0,0,2,0,0,6,0,0,13,0,0,9,0,0,12,0,0,1,0,0,1,0,0,1,0,0,1,0,0,7,0,0,7,0,0
2016200122259 ,-2.129735,52.475457,1,2,4,7,16.36,4,6,30,0,0,0,0,8,4,8,2,0,0,1,9,9,0,14,18,0,10,10,0,9,9,0,6,6,0,13,13,0,9,9,0,12,12,0,1,1,0,1,1,0,6,6,0,1,2,0,5,7,0,20,15,0
20161335M0866,-1.562,53.823474,1,1,1,2,14.30,4,6,40,0,0,0,0,0,1,1,1,0,0,1,9,0,0,18,0,0,10,0,0,9,0,0,1,0,0,13,0,0,9,0,0,12,0,0,3,0,0,1,0,0,6,0,0,2,0,0,7,0,0,10,0,0
201601EO40170,-0.101024,51.536951,1,1,2,6,21.56,3,6,30,3,4,5,0,1,4,1,2,0,0,1,2,0,0,4,0,0,10,0,0,1,0,0,1,0,0,13,0,0,9,0,0,12,0,0,5,0,0,1,0,0,6,0,0,1,0,0,6,0,0,1,0,0
201601CW10751,-0.174746,51.499992,1,1,1,4,14.48,5,6,30,3,4,6,0,0,1,1,1,0,0,1,8,0,0,7,0,0,10,0,0,8,0,0,6,0,0,13,0,0,9,0,0,12,0,0,4,0,0,1,0,0,6,0,0,1,0,0,7,0,0,5,0,0
201697GB23503,-4.343389,55.822407,1,1,1,4,11.55,6,6,30,0,0,0,0,8,1,1,1,0,0,1,9,0,0,14,0,0,10,0,0,9,0,0,6,0,0,13,0,0,7,0,0,2,0,0,1,0,0,1,0,0,6,0,0,2,0,0,11,0,0,4,0,0
2016500065790 ,-5.090477,50.408762,1,1,1,7,20.25,3,6,40,0,0,0,0,0,1,1,1,0,0,1,5,0,0,18,0,0,10,0,0,9,0,0,6,0,0,13,0,0,1,0,0,10,0,0,1,0,0,1,0,0,6,0,0,1,0,0,6,0,0,8,0,0
20161339L1709,-1.520531,53.80587,1,1,1,4,19.59,6,6,30,0,0,0,2,4,4,5,2,0,0,1,9,0,0,18,0,0,10,0,0,9,0,0,1,0,0,13,0,0,9,0,0,12,0,0,4,0,0,1,0,0,6,0,0,1,0,0,4,0,0,12,0,0
201663DP22816,-3.232991,52.225962,1,1,1,7,14.45,3,6,60,0,0,0,0,0,1,1,1,0,0,2,5,0,0,18,0,0,10,0,0,9,0,0,1,0,0,13,0,0,9,0,0,12,0,0,3,0,0,1,0,0,6,0,0,1,0,0,8,0,0,18,0,0
201601ZD30087,-0.110804,51.412109,1,1,1,2,12.42,4,6,30,3,4,6,0,0,1,4,1,0,0,1,9,0,0,18,0,0,10,0,0,8,0,0,6,0,0,7,0,0,9,0,0,12,0,0,3,0,0,1,0,0,6,0,0,1,0,0,11,0,0,19,0,0
2016450088012 ,-0.778605,51.22216,1,2,1,2,11.50,3,1,30,1,2,4,0,0,1,1,1,0,0,1,9,5,0,17,17,0,10,10,0,8,8,0,6,6,0,13,13,0,9,9,0,12,12,0,3,1,0,1,1,0,6,6,0,1,1,0,4,8,0,8,12,0
2016530049824 ,-2.130526,51.894366,1,2,1,6,7.59,3,3,40,1,2,3,0,0,1,1,1,0,0,1,9,9,0,18,5,0,10,10,0,1,1,0,6,6,0,13,13,0,9,9,0,12,12,0,1,2,0,1,1,0,2,6,0,2,1,0,7,6,0,10,9,0
2016460136237 ,0.258316,51.43761,1,2,2,1,16.35,3,6,60,0,0,0,0,0,5,1,2,0,0,2,9,9,0,18,18,0,10,10,0,9,9,0,1,6,0,13,13,0,9,1,0,12,12,0,1,1,0,1,1,0,6,6,0,1,1,0,6,6,0,11,6,0
2016200103282 ,-1.893455,52.478608,1,1,1,6,13.38,4,6,30,0,0,0,0,4,1,1,1,0,0,1,9,0,0,17,0,0,10,0,0,9,0,0,6,0,0,13,0,0,9,0,0,12,0,0,1,0,0,1,0,0,6,0,0,1,0,0,4,0,0,12,0,0
2016941600799 ,-3.393792,56.114634,1,2,1,7,6.45,1,3,70,0,0,0,0,0,6,1,1,0,0,2,9,9,0,18,18,0,10,10,0,9,9,0,2,6,0,13,13,0,5,9,0,6,12,0,4,5,0,1,1,0,6,2,0,1,1,0,6,7,0,12,9,0
2016220051013 ,-2.774182,52.710264,1,2,1,6,6.29,4,6,30,9,4,6,0,0,4,1,1,0,0,1,21,19,0,4,16,0,10,10,0,1,1,0,6,6,0,13,13,0,9,9,0,12,12,0,2,1,0,1,1,0,1,1,0,1,1,0,8,9,0,3,14,0
2016133A70205,-1.546969,53.642196,1,4,3,6,7.45,3,6,30,6,4,6,0,0,1,2,2,0,0,2,9,9,19,18,18,3,10,10,10,8,8,8,6,6,6,13,13,13,9,9,9,12,12,12,3,1,1,1,1,1,2,2,2,2,1,1,7,7,6,12,2,11
2016471600177 ,-0.136634,50.843611,1,1,1,2,8.50,6,6,20,3,4,6,0,0,1,2,2,0,0,1,9,0,0,14,0,0,10,0,0,1,0,0,6,0,0,13,0,0,7,0,0,12,0,0,4,0,0,1,0,0,3,0,0,1,0,0,7,0,0,1,0,0
2016460113121 ,0.512888,51.229563,1,2,1,4,19.20,3,6,40,6,4,4,0,0,4,1,1,0,0,2,3,9,0,18,3,0,10,10,0,2,2,0,6,6,0,13,13,0,9,9,0,12,12,0,1,2,0,1,1,0,6,6,0,1,2,0,4,7,0,1,7,0
2016133BI1344,-1.634067,53.750399,1,1,1,6,19.5,3,3,30,1,2,3,0,5,4,2,2,0,0,1,9,0,0,18,0,0,10,0,0,2,0,0,6,0,0,13,0,0,9,0,0,12,0,0,3,0,0,1,0,0,6,0,0,1,0,0,6,0,0,1,0,0
2016301600865 ,-1.360605,53.259716,1,2,1,5,18.41,6,6,30,3,4,6,0,0,4,1,2,0,0,1,9,4,0,9,18,0,10,10,0,5,1,0,6,6,0,13,13,0,9,9,0,12,12,0,1,1,0,1,1,0,6,1,0,1,1,0,8,4,0,14,1,0
2016140072741 ,-1.357807,53.435319,1,1,1,2,13.37,6,6,30,3,4,6,0,0,1,1,1,0,0,1,97,0,0,18,0,0,10,0,0,2,0,0,6,0,0,13,0,0,9,0,0,12,0,0,3,0,0,1,0,0,2,0,0,1,0,0,7,0,0,12,0,0
2016320086592 ,-0.153385,52.789515,1,1,1,5,15.30,6,6,30,3,4,6,0,0,1,1,1,0,0,1,9,0,0,7,0,0,10,0,0,5,0,0,6,0,0,13,0,0,9,0,0,12,0,0,1,0,0,1,0,0,6,0,0,2,0,0,6,0,0,8,0,0
2016621601481 ,-3.283679,51.419443,1,1,2,6,14.3,3,6,30,0,0,0,0,0,1,1,1,0,0,1,9,0,0,18,0,0,10,0,0,9,0,0,6,0,0,13,0,0,7,0,0,5,0,0,1,0,0,1,0,0,6,0,0,2,0,0,10,0,0,2,0,0
201601YR90321,-0.067848,51.598459,1,2,1,6,14.50,4,6,30,6,2,3,0,5,1,1,1,0,0,1,9,8,0,3,18,0,10,10,0,1,1,0,6,6,0,13,13,0,9,9,0,12,12,0,2,1,0,1,1,0,6,6,0,2,1,0,8,8,0,2,7,0
2016621601389 ,-3.172196,51.523571,1,1,1,1,18.36,6,6,30,0,0,0,0,0,1,1,2,0,0,1,9,0,0,17,0,0,10,0,0,9,0,0,5,0,0,13,0,0,1,0,0,4,0,0,1,0,0,1,0,0,6,0,0,2,0,0,6,0,0,5,0,0
201604WB16190,-2.789662,54.059727,1,2,1,7,13.5,3,6,30,0,0,0,0,0,1,1,1,0,0,1,5,9,0,18,4,0,10,10,0,9,9,0,6,6,0,13,13,0,9,9,0,12,12,0,1,2,0,1,1,0,6,6,0,1,1,0,7,6,0,12,13,0
2016551602719 ,-1.966874,50.725247,1,2,4,7,0.14,4,6,30,6,2,3,0,0,4,1,1,0,0,1,9,8,0,9,18,0,10,10,0,1,8,0,6,6,0,13,13,0,1,1,0,1,1,0,1,1,0,1,1,0,6,1,0,1,1,0,5,7,0,5,15,0
2016230090758 ,-1.546249,52.577199,1,1,1,6,10.30,6,6,30,0,0,0,0,0,1,1,1,0,0,1,9,0,0,18,0,0,10,0,0,9,0,0,6,0,0,13,0,0,9,0,0,12,0,0,4,0,0,1,0,0,5,0,0,2,0,0,8,0,0,1,0,0
2016921600498 ,-2.168071,57.015442,1,1,1,2,15.0,3,3,70,0,0,0,0,0,1,1,1,0,0,2,3,0,0,18,0,0,10,0,0,9,0,0,6,0,0,13,0,0,1,0,0,1,0,0,1,0,0,1,0,0,6,0,0,1,0,0,7,0,0,1,0,0
201604SB16090,-2.88192,53.566789,1,1,1,5,18.56,3,6,30,6,4,6,0,0,4,5,2,0,0,1,9,0,0,18,0,0,10,0,0,1,0,0,6,0,0,13,0,0,9,0,0,12,0,0,5,0,0,1,0,0,6,0,0,1,0,0,7,0,0,4,0,0
2016440190776 ,-1.364239,50.880075,1,1,1,7,22.25,6,6,30,0,0,0,0,0,4,2,2,0,0,2,3,0,0,16,0,0,10,0,0,9,0,0,1,0,0,13,0,0,8,0,0,11,0,0,1,0,0,1,0,0,6,0,0,1,0,0,5,0,0,12,0,0
2016133CB1279,-1.501996,53.814288,1,2,1,1,16.0,6,6,30,0,0,0,0,0,4,1,1,0,0,1,3,9,0,13,18,0,10,10,0,9,9,0,2,6,0,13,13,0,9,9,0,12,12,0,5,5,0,1,1,0,6,6,0,1,1,0,5,7,0,4,12,0
2016500133819 ,-4.928653,50.29985,1,2,1,2,8.23,3,6,30,3,4,6,0,0,1,2,2,0,0,2,9,3,0,5,18,0,10,10,0,6,1,0,6,6,0,13,13,0,9,9,0,12,12,0,1,1,0,1,1,0,1,1,0,2,1,0,7,7,0,9,3,0
2016460134556 ,0.503253,51.300101,1,1,1,7,6.16,6,6,60,0,0,0,0,0,6,1,2,0,0,2,9,0,0,16,0,0,10,0,0,9,0,0,5,0,0,13,0,0,7,0,0,12,0,0,3,0,0,1,0,0,6,0,0,1,0,0,6,0,0,13,0,0
2016930000108 ,-2.653241,56.606592,1,1,1,3,12.0,3,6,60,0,0,0,0,0,1,1,1,0,0,2,3,0,0,18,0,0,10,0,0,9,0,0,2,0,0,13,0,0,1,0,0,12,0,0,1,0,0,1,0,0,6,0,0,1,0,0,5,0,0,1,0,0
201606J019940,-2.143107,53.414505,1,1,1,7,17.25,5,6,30,3,4,6,0,0,1,2,2,4,0,1,3,0,0,17,0,0,10,0,0,8,0,0,6,0,0,13,0,0,1,0,0,4,0,0,1,0,0,1,0,0,6,0,0,1,0,0,5,0,0,7,0,0
2016220071911 ,-2.556133,52.142372,1,1,1,7,6.35,3,6,30,0,0,0,0,0,6,8,4,0,0,2,9,0,0,16,0,0,10,0,0,9,0,0,2,0,0,13,0,0,7,0,0,12,0,0,1,0,0,1,0,0,2,0,0,1,0,0,6,0,0,15,0,0
201601TX20200,-0.384053,51.444073,1,2,2,5,1.25,6,6,30,3,4,6,0,0,4,1,1,0,0,1,9,9,0,18,2,0,10,10,0,8,8,0,1,6,0,4,13,0,9,9,0,12,12,0,1,3,0,1,1,0,6,6,0,1,1,0,5,8,0,13,7,0
2016551601048 ,-2.194279,50.746187,1,1,1,2,14.21,3,6,60,0,0,0,0,0,1,1,1,0,7,2,9,0,0,18,0,0,10,0,0,9,0,0,6,0,0,13,0,0,1,0,0,9,0,0,1,0,0,1,0,0,6,0,0,2,0,0,11,0,0,9,0,0
201601CW10243,-0.141602,51.496594,1,1,1,5,21.49,3,6,30,3,2,3,0,5,4,1,1,0,0,1,8,0,0,18,0,0,10,0,0,8,0,0,6,0,0,13,0,0,9,0,0,12,0,0,4,0,0,1,0,0,1,0,0,1,0,0,7,0,0,2,0,0
2016410153754 ,-0.119185,51.730646,1,1,2,1,1.30,6,6,30,0,0,0,0,0,7,1,2,0,0,2,9,0,0,18,0,0,10,0,0,9,0,0,6,0,0,7,0,0,9,0,0,12,0,0,1,0,0,1,0,0,5,0,0,1,0,0,6,0,0,10,0,0