Accident_Index,Longitude,Latitude,SV,Number_of_Vehicles,Number_of_Casualties,Day_of_Week,Time,1st_Road_Class,Road_Type,Speed_limit,Junction_Detail,Junction_Control,2nd_Road_Class,Pedestrian_Crossing-Human_Control,Pedestrian_Crossing-Physical_Facilities,Light_Conditions,Weather_Conditions,Road_Surface_Conditions,Special_Conditions_at_Site,Carriageway_Hazards,Urban_or_Rural_Area,Vehicle1_Type,Vehicle2_Type,Vehicle3_Type,Vehicle1_Manoeuvre,Vehicle2_Manoeuvre,Vehicle3_Manoeuvre,Vehicle1_Location-Restricted_Lane,Vehicle2_Location-Restricted_Lane,Vehicle3_Location-Restricted_Lane,Junction1_Location,Junction2_Location,Junction3_Location,Skidding1_and_Overturning,Skidding2_and_Overturning,Skidding3_and_Overturning,Hit_Object_in_Carriageway1,Hit_Object_in_Carriageway2,Hit_Object_in_Carriageway3,Vehicle1_Leaving_Carriageway,Vehicle2_Leaving_Carriageway,Vehicle3_Leaving_Carriageway,Hit_Object_off_Carriageway1,Hit_Object_off_Carriageway2,Hit_Object_off_Carriageway3,1st_Point_of_Impact1,1st_Point_of_Impact2,1st_Point_of_Impact3,Was_Vehicle 1_Left_Hand_Drive?,Was_Vehicle2_Left_Hand_Drive?,Was_Vehicle 3_Left_Hand_Drive?,Journey_Purpose_of_Driver1,Journey_Purpose_of_Driver2,Journey_Purpose_of_Driver3,Sex_of_Driver1,Sex_of_Driver2,Sex_of_Driver3,Age_Band_of_Driver1,Age_Band_of_Driver2,Age_Band_of_Driver3,Age_of_Vehicle1,Age_of_Vehicle2,Age_of_Vehicle3
2016010001421 ,-0.08469,51.49325,1,1,1,1,13.49,3,6,30,3,4,6,0,0,1,1,1,0,0,1,9,0,0,7,0,0,10,0,0,5,0,0,6,0,0,13,0,0,7,0,0,10,0,0,3,0,0,1,0,0,6,0,0,2,0,0,5,0,0,10,0,0
2016440009731 ,-1.444626,50.921672,1,2,2,5,14.15,6,6,30,3,4,6,0,0,1,1,1,0,0,1,9,9,0,9,18,0,10,10,0,8,8,0,6,6,0,13,13,0,9,9,0,12,12,0,1,1,0,1,1,0,6,6,0,2,2,0,11,10,0,5,9,0
2016120175762 ,-1.100183,53.750025,1,1,1,2,23.0,6,6,30,0,0,0,0,0,4,2,2,0,0,2,9,0,0,1,0,0,10,0,0,9,0,0,6,0,0,13,0,0,9,0,0,12,0,0,2,0,0,1,0,0,6,0,0,3,0,0,11,0,0,1,0,0
2016160121620 ,-0.297778,53.750447,1,2,3,7,11.55,6,6,30,3,4,6,0,0,1,1,1,0,0,1,9,9,0,18,18,0,10,10,0,1,1,0,6,6,0,13,13,0,9,9,0,12,12,0,2,1,0,1,1,0,6,6,0,1,1,0,7,8,0,10,9,0
2016331600435 ,-1.197934,52.485836,1,2,1,6,12.34,3,6,60,6,4,5,0,0,1,1,1,0,0,2,3,90,0,13,9,0,10,10,0,8,5,0,6,6,0,13,13,0,1,9,0,9,12,0,1,3,0,1,1,0,2,1,0,1,1,0,6,6,0,6,8,0
201606F024574,-2.354575,53.482334,1,1,1,7,17.10,6,6,30,3,4,3,0,4,4,2,2,0,0,1,9,0,0,9,0,0,10,0,0,5,0,0,6,0,0,13,0,0,9,0,0,12,0,0,1,0,0,1,0,0,6,0,0,1,0,0,7,0,0,9,0,0
2016160094316 ,-0.132811,53.575728,1,1,1,3,16.11,6,6,30,3,4,6,0,0,1,1,1,0,0,2,9,0,0,18,0,0,10,0,0,8,0,0,6,0,0,13,0,0,9,0,0,12,0,0,4,0,0,1,0,0,5,0,0,2,0,0,6,0,0,10,0,0
2016440425891 ,-0.942346,51.096924,1,1,1,6,11.15,4,6,20,3,4,6,0,0,1,1,1,0,0,2,8,0,0,16,0,0,10,0,0,2,0,0,6,0,0,13,0,0,9,0,0,12,0,0,1,0,0,1,0,0,1,0,0,1,0,0,11,0,0,14,0,0
2016051603239 ,-2.664347,53.488528,1,2,5,2,16.12,6,6,30,0,0,0,0,0,1,1,1,0,0,1,9,10,0,17,18,0,10,10,0,9,9,0,1,6,0,13,13,0,9,9,0,12,12,0,3,1,0,1,1,0,2,1,0,1,1,0,5,9,0,3,10,0
2016551601192 ,-2.472373,50.626586,1,2,2,4,13.47,3,6,50,0,0,0,0,0,1,1,1,0,0,2,9,9,0,16,17,0,10,10,0,9,9,0,6,6,0,13,13,0,9,7,0,12,12,0,1,1,0,1,1,0,6,6,0,2,2,0,7,11,0,16,11,0
201643W206076,-0.843753,51.449068,1,2,1,5,12.37,6,6,30,0,0,0,0,0,1,1,1,0,0,2,9,9,0,14,2,0,10,10,0,9,9,0,2,6,0,13,13,0,9,9,0,12,12,0,1,2,0,1,1,0,1,6,0,1,3,0,8,8,0,17,16,0
2016921600569 ,-2.574194,56.806705,1,2,1,2,18.20,6,6,60,0,0,0,0,0,1,1,1,0,0,2,9,9,0,9,18,0,10,10,0,9,9,0,6,6,0,13,13,0,9,9,0,12,12,0,3,4,0,1,1,0,6,6,0,1,1,0,4,5,0,14,12,0
2016350083205 ,-0.433529,52.608579,1,3,1,5,17.15,3,3,70,0,0,0,0,0,1,1,1,0,0,2,9,9,9,4,4,4,10,10,10,9,9,9,6,6,6,13,13,13,9,9,9,12,12,12,1,2,2,1,1,1,2,6,1,2,1,1,6,7,8,1,6,1
2016941600398 ,-3.356831,56.123285,1,2,2,7,8.50,3,6,60,0,0,0,0,0,1,1,1,0,0,2,19,9,0,17,16,0,10,10,0,9,9,0,6,6,0,13,13,0,9,9,0,12,12,0,1,1,0,1,1,0,6,2,0,1,2,0,5,5,0,10,2,0
2016200079790 ,-2.121608,52.480725,1,1,1,6,14.5,6,6,30,6,4,6,0,0,1,1,1,0,0,1,9,0,0,18,0,0,10,0,0,2,0,0,6,0,0,13,0,0,9,0,0,12,0,0,1,0,0,1,0,0,6,0,0,1,0,0,6,0,0,13,0,0
201601FH10451,-0.189469,51.466588,1,1,1,5,14.2,3,6,30,6,2,5,0,5,1,1,1,0,0,1,11,0,0,4,0,0,10,0,0,1,0,0,6,0,0,13,0,0,9,0,0,12,0,0,5,0,0,1,0,0,1,0,0,1,0,0,7,0,0,1,0,0
2016301600890 ,-1.347866,53.163858,1,2,4,6,14.54,4,6,30,3,4,5,0,0,1,7,2,0,0,2,9,9,0,18,18,0,10,10,0,8,1,0,6,6,0,13,13,0,9,9,0,12,12,0,3,1,0,1,1,0,6,6,0,1,1,0,9,6,0,5,9,0
2016420062932 ,0.30967,51.618129,1,2,2,1,7.55,3,6,30,6,2,6,0,4,1,1,1,0,0,1,9,9,0,9,18,0,10,10,0,8,8,0,6,6,0,13,13,0,9,9,0,12,12,0,1,1,0,1,1,0,5,5,0,2,2,0,10,5,0,10,11,0
201606N010755,-2.294859,53.595662,1,1,2,6,17.30,3,3,30,0,0,0,0,0,4,1,1,0,0,1,9,0,0,18,0,0,10,0,0,9,0,0,6,0,0,13,0,0,9,0,0,12,0,0,1,0,0,1,0,0,6,0,0,1,0,0,4,0,0,13,0,0
2016301700411 ,-1.93173,53.47538,1,1,1,6,12.45,4,6,50,0,0,0,0,0,1,9,1,0,0,2,19,0,0,18,0,0,10,0,0,9,0,0,6,0,0,13,0,0,9,0,0,12,0,0,4,0,0,1,0,0,6,0,0,1,0,0,7,0,0,8,0,0
2016551600253 ,-2.440095,50.693072,1,1,1,4,9.5,5,6,60,0,0,0,0,0,1,1,4,0,0,2,3,0,0,17,0,0,10,0,0,9,0,0,1,0,0,13,0,0,9,0,0,12,0,0,5,0,0,1,0,0,6,0,0,1,0,0,4,0,0,13,0,0
2016360136618 ,1.728995,52.601435,1,1,1,6,16.45,5,6,30,0,0,0,0,0,5,1,2,0,0,1,19,0,0,18,0,0,10,0,0,9,0,0,6,0,0,13,0,0,9,0,0,12,0,0,4,0,0,1,0,0,1,0,0,1,0,0,8,0,0,10,0,0
201604WA16398,-2.866284,53.754587,1,1,1,7,12.45,6,6,20,9,4,6,0,0,1,1,1,0,0,2,9,0,0,18,0,0,10,0,0,5,0,0,6,0,0,13,0,0,9,0,0,12,0,0,1,0,0,1,0,0,6,0,0,1,0,0,5,0,0,8,0,0
2016621600530 ,-3.128759,51.488901,1,2,1,5,11.23,6,1,30,2,4,6,0,0,1,5,2,0,0,1,9,9,0,18,18,0,10,10,0,8,8,0,6,6,0,13,13,0,9,9,0,12,12,0,1,3,0,1,1,0,6,6,0,1,1,0,8,7,0,16,12,0
2016120216510 ,-1.53572,53.9524,1,3,2,4,17.20,3,6,40,8,4,6,0,0,6,1,2,0,0,2,9,9,9,18,3,8,10,10,10,1,1,5,6,6,6,13,13,13,9,1,9,12,11,12,1,2,2,1,1,1,6,2,6,1,2,1,11,8,4,4,5,3
2016320303981 ,-0.139897,52.787929,1,1,1,7,23.21,5,6,30,3,4,6,0,0,4,2,2,0,0,1,9,0,0,18,0,0,10,0,0,1,0,0,6,0,0,13,0,0,9,0,0,12,0,0,1,0,0,2,0,0,6,0,0,2,0,0,9,0,0,1,0,0
2016360132329 ,1.286603,52.628177,1,1,1,5,20.2,6,9,30,0,0,0,0,0,4,1,1,0,0,1,9,0,0,5,0,0,10,0,0,9,0,0,6,0,0,13,0,0,9,0,0,12,0,0,5,0,0,1,0,0,6,0,0,1,0,0,10,0,0,8,0,0
201604SC16148,-2.704793,53.7205,1,2,1,1,9.55,6,6,20,0,0,0,0,0,1,1,1,0,0,1,5,9,0,16,18,0,10,10,0,9,9,0,5,6,0,13,13,0,9,9,0,12,12,0,5,3,0,1,1,0,6,6,0,1,1,0,6,10,0,10,13,0
2016410091104 ,-0.170158,52.034073,1,1,1,7,10.59,6,6,60,0,0,0,0,0,1,1,1,0,0,2,9,0,0,16,0,0,10,0,0,9,0,0,6,0,0,13,0,0,9,0,0,12,0,0,4,0,0,1,0,0,5,0,0,1,0,0,11,0,0,9,0,0
2016331605071 ,-1.179351,52.595669,1,1,1,6,19.30,6,6,30,0,0,0,0,0,1,1,1,0,0,1,9,0,0,18,0,0,10,0,0,9,0,0,6,0,0,13,0,0,9,0,0,12,0,0,1,0,0,1,0,0,6,0,0,2,0,0,8,0,0,6,0,0
2016051600905 ,-2.990672,53.40721,1,3,4,6,12.26,6,6,30,0,0,0,0,0,1,1,1,0,0,1,9,9,9,18,3,18,10,10,10,9,9,9,6,6,6,13,13,13,9,9,9,12,12,12,1,2,5,1,1,1,6,6,6,1,1,1,4,10,9,8,11,15
201697QC03001,-3.841461,55.734815,1,1,1,6,18.50,6,6,30,3,4,6,0,0,6,2,2,0,0,1,9,0,0,7,0,0,10,0,0,2,0,0,6,0,0,13,0,0,9,0,0,12,0,0,4,0,0,1,0,0,6,0,0,1,0,0,10,0,0,2,0,0
2016460145800 ,1.298402,51.159454,1,1,1,5,8.56,6,6,30,0,0,0,0,0,1,8,4,0,0,2,3,0,0,9,0,0,10,0,0,9,0,0,5,0,0,13,0,0,9,0,0,12,0,0,5,0,0,1,0,0,2,0,0,2,0,0,5,0,0,7,0,0
2016010001476 ,-0.070736,51.605251,1,1,1,2,5.30,5,6,20,3,4,6,0,0,4,1,2,0,0,1,9,0,0,17,0,0,10,0,0,2,0,0,6,0,0,13,0,0,9,0,0,12,0,0,1,0,0,1,0,0,2,0,0,1,0,0,6,0,0,3,0,0
201604EF16021,-2.321247,53.781554,1,1,1,1,22.37,1,3,70,0,0,0,0,0,6,1,2,0,0,2,9,0,0,18,0,0,10,0,0,9,0,0,1,0,0,13,0,0,5,0,0,6,0,0,1,0,0,1,0,0,1,0,0,1,0,0,5,0,0,2,0,0
2016551601886 ,-1.982094,50.787643,1,2,3,6,17.12,3,6,60,0,0,0,0,0,1,1,1,0,0,2,9,19,0,18,18,0,10,10,0,9,9,0,6,6,0,13,13,0,9,9,0,12,12,0,1,1,0,1,1,0,6,2,0,1,1,0,8,9,0,13,1,0
2016350149572 ,-0.322266,52.532241,1,1,2,2,11.39,3,1,60,1,4,6,0,0,1,1,1,0,0,2,9,0,0,13,0,0,10,0,0,4,0,0,5,0,0,9,0,0,3,0,0,1,0,0,1,0,0,1,0,0,5,0,0,2,0,0,6,0,0,3,0,0
2016140136580 ,-1.408527,53.416362,1,2,2,6,10.0,6,3,30,3,2,6,0,0,1,1,1,0,0,1,9,9,0,18,9,0,10,10,0,8,6,0,6,6,0,13,13,0,9,9,0,12,12,0,1,1,0,1,1,0,6,6,0,1,2,0,7,8,0,9,13,0
201631B051916,-0.845818,53.195659,1,2,1,4,11.0,3,3,70,0,0,0,0,0,1,5,2,0,0,2,19,20,0,18,3,0,10,10,0,9,9,0,1,6,0,13,13,0,9,9,0,12,12,0,1,2,0,1,1,0,6,1,0,1,1,0,7,7,0,11,5,0
201601YR90698,-0.101246,51.587044,1,2,1,7,15.24,3,6,30,9,2,3,0,0,1,1,1,0,0,1,9,3,0,9,18,0,10,10,0,5,8,0,6,1,0,13,13,0,9,9,0,12,12,0,1,3,0,1,1,0,6,6,0,1,1,0,11,6,0,14,17,0
201697LB04407,-5.102939,56.000804,1,2,4,3,15.37,4,6,60,0,0,0,0,0,1,2,2,0,0,2,9,21,0,16,17,0,10,10,0,9,9,0,1,6,0,13,13,0,9,9,0,12,12,0,1,1,0,1,1,0,6,1,0,1,1,0,9,7,0,12,9,0
2016941600122 ,-3.152021,56.115822,1,1,2,7,16.35,3,6,30,3,4,6,0,0,4,1,1,0,0,1,9,0,0,18,0,0,9,0,0,1,0,0,6,0,0,13,0,0,7,0,0,2,0,0,1,0,0,1,0,0,1,0,0,2,0,0,9,0,0,1,0,0
2016544300716 ,-2.215185,51.205333,1,1,1,1,4.18,3,6,60,0,0,0,0,0,6,1,1,0,0,2,19,0,0,16,0,0,10,0,0,9,0,0,6,0,0,13,0,0,9,0,0,12,0,0,4,0,0,1,0,0,2,0,0,1,0,0,7,0,0,3,0,0
2016200103323 ,-1.883412,52.462381,1,2,4,6,20.2,3,6,30,6,2,6,0,5,1,1,1,0,0,1,9,9,0,14,4,0,10,10,0,2,1,0,6,6,0,13,13,0,8,9,0,12,12,0,1,1,0,1,1,0,6,6,0,1,2,0,6,8,0,1,6,0
2016471601968 ,0.020306,50.924506,1,2,1,4,15.45,6,6,30,3,4,6,0,0,1,1,1,0,0,2,8,4,0,9,18,0,10,10,0,8,1,0,6,6,0,13,13,0,9,9,0,12,12,0,1,1,0,1,1,0,6,2,0,1,1,0,10,4,0,8,3,0
2016200094439 ,-1.815955,52.445034,1,1,1,7,18.6,3,3,30,6,4,6,0,0,1,1,1,0,0,1,9,0,0,18,0,0,10,0,0,1,0,0,6,0,0,13,0,0,9,0,0,12,0,0,1,0,0,1,0,0,6,0,0,3,0,0,7,0,0,11,0,0
2016331600530 ,-1.185935,52.596496,1,1,1,5,3.37,3,3,50,3,2,6,0,0,4,1,1,0,0,1,9,0,0,18,0,0,10,0,0,1,0,0,6,0,0,10,0,0,1,0,0,1,0,0,3,0,0,1,0,0,6,0,0,1,0,0,5,0,0,8,0,0
2016500069065 ,-3.471803,50.715485,1,2,1,4,17.30,6,6,30,0,0,0,0,0,1,1,1,0,0,1,9,5,0,6,18,0,10,10,0,9,9,0,6,6,0,13,13,0,9,9,0,12,12,0,3,1,0,1,1,0,6,2,0,2,1,0,9,5,0,6,13,0
2016110083049 ,-1.647835,54.592806,1,1,1,6,7.28,3,6,60,0,0,0,0,0,1,1,2,0,0,2,9,0,0,16,0,0,10,0,0,9,0,0,2,0,0,13,0,0,1,0,0,4,0,0,3,0,0,1,0,0,1,0,0,1,0,0,5,0,0,13,0,0
2016430307012 ,-0.807396,52.121028,1,3,2,2,1.29,1,3,70,0,0,0,0,0,6,1,2,0,0,2,19,9,21,18,18,18,10,10,10,9,9,9,6,6,6,13,13,13,1,9,9,12,12,12,1,2,1,1,1,1,1,6,1,1,2,1,6,9,9,2,13,3
2016100014416 ,-1.784019,55.391682,1,2,2,3,19.42,4,6,60,6,4,6,0,0,6,2,2,0,0,2,9,9,0,18,18,0,10,10,0,6,8,0,6,6,0,13,13,0,7,1,0,3,11,0,4,1,0,1,1,0,1,6,0,1,2,0,8,8,0,2,2,0
2016133650845 ,-1.886941,53.717037,1,1,1,1,13.42,6,6,20,3,4,6,0,0,1,1,1,0,0,1,8,0,0,7,0,0,10,0,0,8,0,0,6,0,0,13,0,0,9,0,0,12,0,0,1,0,0,1,0,0,1,0,0,1,0,0,7,0,0,3,0,0
2016230150964 ,-1.368584,52.238814,1,2,3,3,19.27,6,6,60,0,0,0,0,0,6,1,2,0,0,2,9,9,0,16,18,0,10,10,0,9,9,0,6,6,0,13,13,0,9,9,0,12,12,0,3,1,0,1,1,0,5,5,0,2,2,0,8,5,0,11,9,0
201650GT3F004,-5.086029,50.292177,1,1,1,5,17.15,4,6,60,3,4,6,0,0,6,1,2,0,0,2,21,0,0,18,0,0,10,0,0,1,0,0,6,0,0,13,0,0,9,0,0,12,0,0,4,0,0,1,0,0,1,0,0,1,0,0,9,0,0,1,0,0
2016551700071 ,-2.181847,51.001598,1,2,4,1,16.6,3,3,40,3,4,4,0,0,1,1,1,0,0,2,9,9,0,9,18,0,10,10,0,5,8,0,6,6,0,13,13,0,9,1,0,12,12,0,1,1,0,1,1,0,6,6,0,1,1,0,4,9,0,14,7,0
201604ED16075,-2.383258,53.775081,1,1,1,4,15.20,3,6,30,0,0,0,0,4,1,1,1,0,0,2,9,0,0,18,0,0,10,0,0,9,0,0,6,0,0,13,0,0,9,0,0,12,0,0,4,0,0,1,0,0,6,0,0,2,0,0,7,0,0,3,0,0
201606E022551,-2.270682,53.389493,1,2,2,4,11.0,5,6,30,0,0,0,0,0,1,1,1,0,0,1,9,9,0,18,2,0,10,6,0,9,9,0,2,6,0,13,13,0,1,9,0,10,12,0,4,1,0,1,1,0,6,6,0,1,1,0,7,6,0,12,14,0
2016420048723 ,1.138213,51.835499,1,1,1,1,17.40,4,6,30,3,4,4,0,8,1,1,1,0,0,2,17,0,0,7,0,0,10,0,0,5,0,0,6,0,0,13,0,0,9,0,0,12,0,0,4,0,0,1,0,0,1,0,0,1,0,0,7,0,0,9,0,0
2016160142501 ,-0.330393,53.788913,1,2,1,7,18.40,6,6,30,9,4,6,0,0,4,1,2,0,0,1,9,9,0,18,16,0,10,10,0,1,1,0,6,6,0,13,13,0,9,9,0,12,12,0,1,1,0,1,1,0,6,6,0,1,2,0,6,7,0,6,14,0
2016406BA0248,-0.42965,52.108087,1,1,1,1,10.46,3,6,30,1,4,6,0,8,1,1,1,0,0,2,9,0,0,18,0,0,10,0,0,1,0,0,6,0,0,9,0,0,7,0,0,1,0,0,1,0,0,1,0,0,6,0,0,2,0,0,11,0,0,12,0,0
2016010019047 ,0.035603,51.577285,1,3,2,3,15.21,3,3,40,3,4,6,0,0,1,1,1,0,0,1,9,19,9,17,17,17,10,10,10,1,1,1,6,6,6,13,13,13,9,9,9,12,12,12,1,1,2,1,1,1,6,1,6,1,1,1,8,7,5,12,3,6
2016160138876 ,-0.907713,53.743778,1,1,2,3,19.7,6,6,30,0,0,0,0,0,6,1,2,0,0,2,9,0,0,18,0,0,10,0,0,9,0,0,6,0,0,10,0,0,1,0,0,4,0,0,1,0,0,1,0,0,6,0,0,2,0,0,4,0,0,10,0,0
2016950001706 ,-3.291388,55.942952,1,1,1,7,12.35,3,6,30,0,0,0,0,0,1,1,1,0,0,1,8,0,0,14,0,0,10,0,0,9,0,0,6,0,0,13,0,0,9,0,0,12,0,0,1,0,0,1,0,0,1,0,0,1,0,0,8,0,0,1,0,0
2016500129694 ,-3.591993,50.450605,1,2,1,5,21.50,6,6,30,0,0,0,0,0,4,1,1,0,0,2,90,5,0,18,4,0,10,10,0,9,9,0,6,1,0,13,13,0,9,9,0,12,12,0,5,5,0,1,1,0,1,2,0,1,1,0,6,8,0,7,16,0
20164100T3046,-0.241547,51.697948,1,1,1,3,10.30,1,3,70,0,0,0,0,0,1,5,2,0,0,2,9,0,0,18,0,0,10,0,0,9,0,0,1,0,0,13,0,0,2,0,0,7,0,0,1,0,0,1,0,0,6,0,0,1,0,0,6,0,0,16,0,0
2016360070282 ,1.242557,52.605397,1,2,1,5,0.2,5,6,30,0,0,0,0,0,4,9,2,0,0,2,3,9,0,18,2,0,10,10,0,9,9,0,6,6,0,13,13,0,9,9,0,12,12,0,1,2,0,1,1,0,6,6,0,2,1,0,4,8,0,12,10,0
2016460066917 ,0.201841,51.397271,1,3,2,2,19.40,1,3,70,0,0,0,0,0,1,2,2,0,0,2,21,9,9,4,4,4,10,10,10,9,9,9,1,6,6,13,13,13,9,9,9,12,12,12,3,2,2,1,1,1,1,6,6,1,1,1,8,10,5,3,2,4
2016500141384 ,-4.242587,51.017041,1,1,1,5,7.35,6,6,60,0,0,0,0,0,6,2,2,0,0,2,9,0,0,16,0,0,10,0,0,9,0,0,6,0,0,13,0,0,9,0,0,12,0,0,1,0,0,1,0,0,1,0,0,1,0,0,8,0,0,11,0,0
2016544214016 ,-1.758075,51.594133,1,2,1,5,17.15,4,6,30,8,4,6,0,4,1,1,1,0,0,1,9,5,0,9,14,0,10,10,0,5,8,0,6,6,0,13,13,0,9,9,0,12,12,0,3,1,0,1,1,0,2,2,0,1,1,0,7,7,0,13,14,0
2016320010911 ,-0.566521,53.457983,1,1,1,6,19.5,4,6,60,0,0,0,0,0,6,1,2,0,0,2,9,0,0,18,0,0,10,0,0,9,0,0,5,0,0,13,0,0,1,0,0,12,0,0,2,0,0,1,0,0,6,0,0,1,0,0,6,0,0,7,0,0
2016140134504 ,-1.286492,53.492524,1,1,2,7,22.50,6,2,30,0,0,0,0,0,4,1,2,0,0,1,9,0,0,17,0,0,10,0,0,9,0,0,6,0,0,13,0,0,1,0,0,7,0,0,1,0,0,1,0,0,1,0,0,1,0,0,7,0,0,12,0,0
2016541152116 ,-1.993437,51.537105,1,1,1,1,6.59,1,3,70,0,0,0,0,0,6,5,2,0,0,2,9,0,0,18,0,0,10,0,0,9,0,0,5,0,0,13,0,0,1,0,0,4,0,0,1,0,0,1,0,0,6,0,0,1,0,0,4,0,0,1,0,0
2016370089587 ,0.854332,52.222479,1,2,1,5,20.0,6,6,60,3,4,6,0,0,1,1,1,0,0,2,9,3,0,18,18,0,10,10,0,8,1,0,6,5,0,13,13,0,9,9,0,12,12,0,4,1,0,1,1,0,6,6,0,1,1,0,9,4,0,3,9,0
2016133870119 ,-1.879711,53.733694,1,1,3,1,0.57,6,6,30,0,0,0,0,0,4,1,1,0,0,1,9,0,0,16,0,0,10,0,0,9,0,0,6,0,0,10,0,0,7,0,0,3,0,0,1,0,0,1,0,0,6,0,0,1,0,0,6,0,0,14,0,0
2016076354326 ,-2.335958,53.208272,1,2,2,2,15.58,3,3,50,0,0,0,0,0,1,1,2,0,0,2,9,9,0,16,17,0,10,10,0,9,9,0,6,6,0,13,13,0,9,9,0,10,12,0,3,3,0,1,1,0,6,1,0,2,1,0,11,6,0,2,3,0
2016010004926 ,-0.032223,51.463784,1,2,1,6,19.55,5,6,20,6,4,6,0,8,4,2,2,0,0,1,3,19,0,18,9,0,10,10,0,1,6,0,6,6,0,13,13,0,9,9,0,12,12,0,1,3,0,1,1,0,6,1,0,1,1,0,5,7,0,4,5,0
2016331601711 ,-1.126922,52.644803,1,1,1,1,3.57,3,1,30,1,2,3,0,5,4,1,1,0,0,1,9,0,0,18,0,0,10,0,0,4,0,0,1,0,0,10,0,0,9,0,0,12,0,0,1,0,0,1,0,0,6,0,0,1,0,0,6,0,0,8,0,0
2016551601368 ,-2.063047,50.949512,1,1,2,6,1.25,4,6,60,3,4,6,0,0,6,2,2,0,0,2,9,0,0,17,0,0,10,0,0,8,0,0,1,0,0,13,0,0,1,0,0,4,0,0,1,0,0,1,0,0,6,0,0,1,0,0,7,0,0,15,0,0
2016950004761 ,-2.22556,55.732594,1,1,1,1,12.0,4,6,60,0,0,0,0,0,1,1,2,0,0,2,9,0,0,16,0,0,10,0,0,9,0,0,1,0,0,13,0,0,2,0,0,4,0,0,4,0,0,1,0,0,6,0,0,2,0,0,6,0,0,8,0,0
2016160160265 ,-0.654067,53.566765,1,2,3,1,19.15,4,6,30,6,2,6,0,5,1,1,1,0,0,1,9,8,0,9,18,0,10,10,0,5,8,0,6,6,0,13,13,0,9,9,0,12,12,0,1,1,0,1,1,0,6,1,0,1,1,0,6,9,0,14,9,0
2016471604598 ,0.283803,50.768312,1,1,1,7,16.15,6,6,30,3,4,6,0,4,1,1,1,0,0,1,9,0,0,7,0,0,10,0,0,5,0,0,6,0,0,13,0,0,9,0,0,12,0,0,4,0,0,1,0,0,6,0,0,1,0,0,8,0,0,1,0,0
2016430327673 ,-0.74474,51.389816,1,1,1,2,19.22,6,6,30,3,4,6,0,8,4,1,1,0,0,1,19,0,0,4,0,0,10,0,0,1,0,0,6,0,0,13,0,0,9,0,0,12,0,0,1,0,0,1,0,0,6,0,0,1,0,0,7,0,0,4,0,0
2016110144927 ,-1.746541,54.864337,1,1,1,4,17.45,4,6,30,0,0,0,0,0,4,1,2,0,0,1,9,0,0,18,0,0,10,0,0,9,0,0,6,0,0,13,0,0,9,0,0,12,0,0,4,0,0,1,0,0,4,0,0,1,0,0,8,0,0,10,0,0
2016400139991 ,-0.493732,52.14132,1,2,2,6,13.33,3,6,30,0,0,0,0,0,1,1,1,0,7,1,9,9,0,18,18,0,10,10,0,9,9,0,6,6,0,13,13,0,9,9,0,12,12,0,1,1,0,1,1,0,6,6,0,1,2,0,8,9,0,6,13,0
201663DP00616,-3.846423,52.590834,1,1,1,2,11.0,3,6,30,8,4,6,0,0,1,1,1,0,0,2,19,0,0,9,0,0,9,0,0,1,0,0,6,0,0,13,0,0,9,0,0,12,0,0,3,0,0,1,0,0,1,0,0,1,0,0,9,0,0,3,0,0
201604WA16082,-3.026281,53.753953,1,2,2,6,14.40,4,6,30,0,0,0,0,0,1,1,1,0,0,1,9,9,0,18,18,0,10,10,0,9,9,0,6,6,0,13,13,0,9,7,0,4,12,0,5,5,0,1,1,0,6,6,0,1,1,0,7,8,0,1,7,0
2016460045760 ,0.163678,51.404718,1,2,2,6,13.20,6,6,30,0,0,0,0,0,1,1,1,0,0,1,9,19,0,18,18,0,10,10,0,9,9,0,6,6,0,13,13,0,9,9,0,12,12,0,1,1,0,1,1,0,6,6,0,2,1,0,8,6,0,4,13,0
2016200044319 ,-1.484349,52.44835,1,2,1,7,16.30,6,6,30,3,4,6,0,0,4,1,1,0,0,1,9,9,0,5,18,0,10,10,0,6,8,0,6,1,0,13,13,0,9,1,0,12,10,0,1,4,0,1,1,0,5,5,0,1,1,0,9,4,0,11,7,0
2016051602762 ,-2.954559,53.465232,1,2,1,4,19.45,3,6,30,6,2,4,0,5,1,1,1,0,0,1,9,9,0,18,18,0,10,10,0,8,8,0,6,6,0,13,13,0,9,9,0,12,12,0,1,3,0,1,1,0,6,6,0,2,1,0,7,6,0,10,16,0
2016471604717 ,0.781827,50.976477,1,2,4,7,20.50,3,6,60,0,0,0,0,0,6,1,1,0,0,2,9,9,0,16,17,0,10,10,0,9,9,0,6,6,0,13,13,0,9,9,0,12,12,0,1,1,0,1,1,0,6,6,0,1,2,0,6,9,0,14,5,0
201631D035916,-1.235307,52.990456,1,1,2,5,22.31,3,1,60,1,2,1,0,0,4,1,1,0,0,2,9,0,0,9,0,0,10,0,0,8,0,0,6,0,0,13,0,0,1,0,0,4,0,0,1,0,0,1,0,0,6,0,0,1,0,0,9,0,0,8,0,0
2016471604008 ,-0.598716,50.875077,1,2,2,3,11.5,3,6,60,0,0,0,0,0,1,1,1,0,0,2,9,9,0,13,18,0,10,10,0,9,9,0,6,6,0,13,13,0,9,9,0,12,12,0,1,1,0,1,1,0,6,1,0,1,2,0,4,6,0,27,1,0