Accident_Index,Longitude,Latitude,SV,Number_of_Vehicles,Number_of_Casualties,Day_of_Week,Time,1st_Road_Class,Road_Type,Speed_limit,Junction_Detail,Junction_Control,2nd_Road_Class,Pedestrian_Crossing-Human_Control,Pedestrian_Crossing-Physical_Facilities,Light_Conditions,Weather_Conditions,Road_Surface_Conditions,Special_Conditions_at_Site,Carriageway_Hazards,Urban_or_Rural_Area,Vehicle1_Type,Vehicle2_Type,Vehicle3_Type,Vehicle1_Manoeuvre,Vehicle2_Manoeuvre,Vehicle3_Manoeuvre,Vehicle1_Location-Restricted_Lane,Vehicle2_Location-Restricted_Lane,Vehicle3_Location-Restricted_Lane,Junction1_Location,Junction2_Location,Junction3_Location,Skidding1_and_Overturning,Skidding2_and_Overturning,Skidding3_and_Overturning,Hit_Object_in_Carriageway1,Hit_Object_in_Carriageway2,Hit_Object_in_Carriageway3,Vehicle1_Leaving_Carriageway,Vehicle2_Leaving_Carriageway,Vehicle3_Leaving_Carriageway,Hit_Object_off_Carriageway1,Hit_Object_off_Carriageway2,Hit_Object_off_Carriageway3,1st_Point_of_Impact1,1st_Point_of_Impact2,1st_Point_of_Impact3,Was_Vehicle 1_Left_Hand_Drive?,Was_Vehicle2_Left_Hand_Drive?,Was_Vehicle 3_Left_Hand_Drive?,Journey_Purpose_of_Driver1,Journey_Purpose_of_Driver2,Journey_Purpose_of_Driver3,Sex_of_Driver1,Sex_of_Driver2,Sex_of_Driver3,Age_Band_of_Driver1,Age_Band_of_Driver2,Age_Band_of_Driver3,Age_of_Vehicle1,Age_of_Vehicle2,Age_of_Vehicle3
2016010000390 ,-0.307447,51.616457,0,1,1,6,16.2,3,6,30,3,4,6,0,0,1,2,2,0,0,1,9,0,0,8,0,0,10,0,0,6,0,0,6,0,0,13,0,0,9,0,0,12,0,0,1,0,0,1,0,0,6,0,0,2,0,0,6,0,0,4,0,0
2016010000396 ,-0.001188,51.594015,0,1,1,6,15.55,5,6,20,8,4,6,0,0,4,2,2,0,2,1,10,0,0,18,0,0,9,0,0,1,0,0,6,0,0,11,0,0,9,0,0,12,0,0,4,0,0,1,0,0,1,0,0,1,0,0,10,0,0,4,0,0
2016010000400 ,-0.064045,51.514674,0,2,1,6,20.25,3,3,30,0,0,0,0,0,4,8,2,0,0,1,9,3,0,12,18,0,10,10,0,9,9,0,6,6,0,13,13,0,9,9,0,12,12,0,3,4,0,1,1,0,6,2,0,1,1,0,6,6,0,7,4,0
2016010000401 ,0.066633,51.55498,0,2,1,6,14.50,3,3,50,9,4,3,0,0,4,2,2,0,0,1,9,21,0,18,18,0,10,10,0,2,2,0,6,6,0,13,13,0,9,9,0,12,12,0,2,1,0,1,1,0,2,1,0,1,1,0,7,6,0,1,6,0
2016010000405 ,-0.237864,51.548259,0,1,2,6,15.30,3,6,30,3,4,6,0,0,4,2,2,0,6,1,11,0,0,4,0,0,10,0,0,8,0,0,6,0,0,13,0,0,9,0,0,12,0,0,5,0,0,1,0,0,1,0,0,1,0,0,6,0,0,4,0,0
2016010000406 ,-0.03222,51.406949,0,1,1,6,19.47,3,6,30,1,2,3,0,5,4,2,2,0,0,1,11,0,0,7,0,0,10,0,0,1,0,0,6,0,0,13,0,0,9,0,0,12,0,0,5,0,0,1,0,0,1,0,0,1,0,0,9,0,0,3,0,0
2016010000407 ,-0.076721,51.538803,0,2,1,6,19.20,3,3,30,3,2,5,0,4,4,2,2,0,0,1,9,3,0,6,18,0,10,10,0,6,6,0,6,6,0,13,13,0,9,9,0,12,12,0,4,3,0,1,1,0,1,6,0,1,1,0,8,4,0,2,1,0
2016010000413 ,-0.226357,51.491792,0,2,1,6,18.0,3,3,30,0,0,0,0,4,4,2,2,0,0,1,9,3,0,16,11,0,10,10,0,9,9,0,6,2,0,13,13,0,9,9,0,12,12,0,5,5,0,1,1,0,1,6,0,2,1,0,5,6,0,3,4,0
2016010000414 ,0.005145,51.51486,0,3,1,6,15.30,3,3,30,0,0,0,0,0,1,2,2,0,0,1,19,5,9,3,3,18,10,10,10,9,9,9,6,6,6,13,13,13,9,9,9,12,12,12,5,2,1,1,1,1,1,6,2,1,1,1,7,8,6,5,15,10
2016010000418 ,-0.158564,51.518984,0,2,1,6,20.23,3,3,30,6,2,6,0,5,4,1,1,0,0,1,8,4,0,5,18,0,10,10,0,1,2,0,6,6,0,13,13,0,9,9,0,12,12,0,1,1,0,1,1,0,1,1,0,1,1,0,5,6,0,4,5,0
2016010000420 ,-0.185738,51.585952,0,1,1,6,18.0,3,6,30,3,4,6,0,4,4,2,2,0,0,1,2,0,0,13,0,0,10,0,0,8,0,0,1,0,0,7,0,0,9,0,0,12,0,0,5,0,0,1,0,0,2,0,0,1,0,0,6,0,0,8,0,0
2016010000422 ,-0.442502,51.527864,0,2,1,6,20.0,3,3,40,6,4,3,0,0,4,1,2,0,0,1,9,9,0,4,6,0,10,10,0,2,1,0,1,6,0,13,13,0,9,9,0,12,12,0,1,1,0,1,1,0,2,1,0,1,2,0,7,6,0,5,16,0
2016010000424 ,0.073182,51.553066,0,1,1,6,20.17,3,6,30,9,2,6,0,0,4,8,2,0,0,1,11,0,0,5,0,0,10,0,0,1,0,0,6,0,0,13,0,0,9,0,0,12,0,0,5,0,0,1,0,0,1,0,0,1,0,0,5,0,0,4,0,0
2016010000425 ,-0.245519,51.506738,0,1,1,6,17.15,3,6,30,6,4,4,0,0,4,2,2,0,0,1,11,0,0,18,0,0,2,0,0,1,0,0,6,0,0,13,0,0,9,0,0,12,0,0,5,0,0,1,0,0,1,0,0,1,0,0,7,0,0,5,0,0
2016010000437 ,0.238845,51.536621,0,1,1,6,23.40,6,6,50,0,0,0,0,0,4,7,2,0,0,2,9,0,0,17,0,0,10,0,0,9,0,0,5,0,0,13,0,0,9,0,0,12,0,0,1,0,0,1,0,0,6,0,0,1,0,0,6,0,0,8,0,0
2016010000439 ,-0.100372,51.372372,0,1,1,6,21.50,3,3,30,3,4,5,0,1,4,2,2,0,2,1,9,0,0,9,0,0,10,0,0,2,0,0,1,0,0,11,0,0,9,0,0,12,0,0,1,0,0,1,0,0,6,0,0,1,0,0,4,0,0,8,0,0
2016010000441 ,-0.055928,51.529288,0,2,2,7,0.40,4,6,30,3,2,3,0,5,4,1,2,0,0,1,9,9,0,18,9,0,10,10,0,8,8,0,6,6,0,13,13,0,9,9,0,12,12,0,1,4,0,1,1,0,6,6,0,1,1,0,7,9,0,15,10,0
2016010000445 ,-0.079648,51.65072,0,1,1,7,3.20,6,2,30,0,0,0,0,0,4,1,1,0,0,1,9,0,0,9,0,0,10,0,0,9,0,0,6,0,0,13,0,0,1,0,0,10,0,0,1,0,0,1,0,0,6,0,0,2,0,0,4,0,0,6,0,0
2016010000447 ,-0.02791,51.406876,0,1,1,7,1.31,3,6,30,0,0,0,0,5,4,1,2,0,0,1,9,0,0,7,0,0,10,0,0,9,0,0,6,0,0,13,0,0,1,0,0,10,0,0,1,0,0,1,0,0,6,0,0,1,0,0,6,0,0,1,0,0
2016010000449 ,-0.080784,51.524481,0,1,1,7,2.45,3,3,30,3,2,5,2,5,4,1,1,0,0,1,9,0,0,5,0,0,10,0,0,1,0,0,6,0,0,13,0,0,9,0,0,12,0,0,1,0,0,1,0,0,6,0,0,1,0,0,5,0,0,1,0,0
2016010000454 ,-0.159587,51.547237,0,2,1,7,8.20,3,6,20,3,4,6,0,0,1,1,1,0,2,1,9,5,0,5,18,0,10,10,0,6,1,0,6,6,0,13,13,0,9,9,0,12,12,0,1,4,0,1,1,0,1,2,0,1,1,0,9,6,0,18,1,0
2016010000455 ,0.178618,51.573907,0,2,1,7,7.50,3,3,30,3,2,6,0,0,1,1,1,0,0,1,9,9,0,18,9,0,10,10,0,8,6,0,6,6,0,13,13,0,9,9,0,12,12,0,1,2,0,1,1,0,6,6,0,2,1,0,6,5,0,3,15,0
2016010000456 ,-0.109867,51.612362,0,1,1,7,9.55,3,3,40,6,2,3,0,5,1,1,1,0,0,1,9,0,0,9,0,0,10,0,0,1,0,0,6,0,0,13,0,0,9,0,0,12,0,0,1,0,0,1,0,0,6,0,0,1,0,0,6,0,0,14,0,0
2016010000457 ,0.20735,51.609882,0,3,1,7,9.25,5,1,30,1,4,5,0,0,1,1,1,0,2,2,9,9,9,18,18,4,10,10,10,4,4,4,6,6,6,13,13,13,9,9,9,12,12,12,1,4,1,1,1,1,6,1,6,2,1,2,9,7,8,4,4,2
2016010000461 ,-0.295938,51.534189,0,2,1,7,12.0,3,6,30,0,0,0,0,0,1,1,1,0,0,1,19,3,0,7,18,0,10,10,0,9,9,0,6,6,0,13,13,0,9,9,0,12,12,0,5,4,0,1,1,0,2,6,0,1,1,0,7,8,0,1,1,0
2016010000462 ,-0.10788,51.395875,0,2,1,7,11.0,4,6,30,0,0,0,0,4,1,1,1,0,0,1,9,9,0,18,18,0,10,10,0,9,9,0,6,6,0,13,13,0,9,9,0,12,12,0,2,1,0,1,1,0,6,6,0,1,1,0,8,4,0,13,4,0
2016010000467 ,-0.370187,51.546485,0,1,1,7,8.35,3,6,30,3,4,6,0,4,1,1,1,0,0,1,9,0,0,18,0,0,10,0,0,1,0,0,6,0,0,13,0,0,1,0,0,2,0,0,1,0,0,1,0,0,6,0,0,1,0,0,5,0,0,1,0,0
2016010000470 ,-0.112345,51.552601,0,1,1,7,12.55,3,3,30,7,2,3,0,4,1,1,1,0,0,1,11,0,0,4,0,0,10,0,0,2,0,0,6,0,0,13,0,0,9,0,0,12,0,0,5,0,0,1,0,0,1,0,0,1,0,0,6,0,0,4,0,0
2016010000473 ,-0.120227,51.494365,0,1,2,7,12.0,3,6,20,1,4,3,0,0,1,1,1,0,0,1,9,0,0,7,0,0,10,0,0,4,0,0,6,0,0,10,0,0,1,0,0,2,0,0,1,0,0,1,0,0,6,0,0,2,0,0,7,0,0,2,0,0
2016010000474 ,0.187627,51.575179,0,1,3,4,12.36,5,3,30,6,2,5,0,5,1,1,1,0,0,1,11,0,0,18,0,0,10,0,0,8,0,0,6,0,0,13,0,0,9,0,0,12,0,0,5,0,0,1,0,0,1,0,0,1,0,0,9,0,0,5,0,0
2016010000476 ,-0.147747,51.359102,0,2,1,7,14.55,6,3,30,9,4,6,0,0,1,1,1,0,0,1,9,9,0,18,18,0,10,10,0,1,1,0,6,6,0,13,13,0,9,9,0,12,12,0,1,1,0,1,2,0,1,6,0,1,2,0,5,6,0,9,4,0
2016010000481 ,-0.049943,51.497264,0,2,1,7,17.15,6,6,30,9,4,6,0,0,1,1,1,0,0,1,9,3,0,10,18,0,10,10,0,1,8,0,6,1,0,13,13,0,9,9,0,12,12,0,3,3,0,1,1,0,6,6,0,1,1,0,6,4,0,2,2,0
2016010000482 ,0.075325,51.533603,0,2,1,7,17.19,3,6,30,6,2,6,0,4,4,1,1,0,0,1,9,9,0,5,3,0,10,10,0,1,1,0,6,6,0,13,13,0,9,9,0,12,12,0,1,2,0,1,1,0,6,6,0,1,1,0,5,6,0,11,12,0
2016010000486 ,-0.285835,51.565156,0,1,2,7,18.49,3,6,30,6,2,6,2,4,4,1,2,0,0,1,2,0,0,18,0,0,10,0,0,2,0,0,5,0,0,13,0,0,9,0,0,12,0,0,1,0,0,1,0,0,6,0,0,1,0,0,7,0,0,3,0,0
2016010000491 ,-0.079599,51.648471,0,2,1,6,17.0,3,6,30,3,4,6,0,0,4,2,2,0,0,1,4,9,0,10,9,0,10,10,0,1,6,0,6,6,0,13,13,0,9,9,0,12,12,0,4,1,0,1,1,0,1,1,0,1,1,0,5,6,0,3,1,0
2016010000492 ,0.071611,51.524856,0,2,1,7,17.37,3,3,50,9,4,3,0,0,4,1,1,0,0,1,9,9,0,4,18,0,10,10,0,1,1,0,6,6,0,13,13,0,9,9,0,12,12,0,2,1,0,1,1,0,6,6,0,1,1,0,8,6,0,10,5,0
2016010000501 ,-0.342334,51.527121,0,1,1,7,15.1,4,6,30,2,4,5,0,8,1,1,1,0,0,1,9,0,0,4,0,0,10,0,0,1,0,0,6,0,0,13,0,0,9,0,0,12,0,0,4,0,0,2,0,0,6,0,0,2,0,0,5,0,0,6,0,0
2016010000504 ,-0.057132,51.440009,0,1,2,7,20.20,3,6,30,3,2,6,0,5,4,1,1,0,0,1,11,0,0,4,0,0,10,0,0,6,0,0,6,0,0,13,0,0,9,0,0,12,0,0,5,0,0,1,0,0,1,0,0,1,0,0,6,0,0,7,0,0
2016010000513 ,-0.323729,51.574426,0,2,1,7,21.24,6,2,20,9,4,6,0,1,4,4,1,0,0,1,9,11,0,1,5,0,10,10,0,1,1,0,6,6,0,13,13,0,9,9,0,12,12,0,2,1,0,1,1,0,1,1,0,1,1,0,5,6,0,3,7,0
2016010000515 ,-0.072323,51.574612,0,1,1,7,21.39,6,6,30,3,4,3,0,0,4,1,1,0,0,1,9,0,0,10,0,0,10,0,0,5,0,0,6,0,0,13,0,0,9,0,0,12,0,0,1,0,0,1,0,0,6,0,0,2,0,0,7,0,0,12,0,0
2016010000522 ,-0.082704,51.612551,0,2,1,7,23.0,5,1,30,2,4,6,0,0,4,1,1,0,0,1,9,9,0,9,18,0,10,10,0,3,4,0,6,6,0,13,13,0,9,9,0,12,12,0,4,1,0,1,1,0,6,6,0,1,1,0,6,11,0,10,11,0
2016010000527 ,-0.001442,51.512544,0,3,2,1,1.15,3,3,30,0,0,0,0,0,4,1,1,0,0,1,9,9,9,18,18,18,10,10,10,9,9,9,6,6,6,13,13,13,9,9,9,12,12,12,2,2,1,1,1,1,6,6,6,1,2,1,7,6,6,6,15,14
2016010000535 ,-0.181566,51.437239,0,2,1,1,0.1,4,6,30,1,4,5,0,0,4,1,1,0,0,1,9,8,0,18,7,0,10,10,0,3,4,0,6,6,0,13,13,0,9,9,0,12,12,0,4,3,0,1,1,0,1,1,0,1,1,0,6,8,0,8,1,0
2016010000536 ,-0.03125,51.579955,0,2,1,1,3.20,3,6,30,1,4,3,0,1,4,1,1,0,0,1,9,8,0,7,18,0,10,10,0,3,4,0,6,6,0,13,13,0,9,9,0,12,12,0,1,1,0,1,1,0,6,1,0,1,1,0,9,8,0,10,2,0
2016010000541 ,-0.029056,51.470476,0,1,1,7,12.55,3,6,30,3,4,6,0,0,1,1,1,0,0,1,9,0,0,1,0,0,10,0,0,1,0,0,6,0,0,13,0,0,9,0,0,12,0,0,2,0,0,2,0,0,6,0,0,1,0,0,9,0,0,12,0,0
2016010000545 ,-0.087356,51.532772,0,2,1,1,9.45,4,6,20,3,4,3,2,4,1,1,1,0,0,1,4,9,0,18,9,0,10,10,0,1,6,0,6,6,0,13,13,0,9,9,0,12,12,0,3,5,0,1,1,0,6,6,0,1,1,0,8,7,0,24,18,0
2016010000547 ,-0.088354,51.65338,0,2,2,1,10.20,3,6,30,6,2,5,0,5,1,1,1,0,0,1,9,9,0,18,9,0,10,10,0,8,8,0,6,6,0,13,13,0,9,9,0,12,12,0,4,1,0,1,1,0,6,6,0,2,2,0,11,5,0,15,9,0
2016010000548 ,-0.104514,51.452925,0,2,1,1,11.10,3,6,30,3,4,6,2,1,1,1,1,0,0,1,9,5,0,9,18,0,10,10,0,2,8,0,6,6,0,13,13,0,9,9,0,12,12,0,4,1,0,1,1,0,6,6,0,1,1,0,10,6,0,3,13,0
2016010000550 ,-0.101273,51.624453,0,3,3,1,10.0,3,6,30,3,4,6,0,8,1,1,1,0,0,1,9,9,9,18,3,3,10,10,10,1,2,1,6,6,6,13,13,13,9,9,9,12,12,12,2,2,2,1,1,1,6,6,6,1,1,1,6,8,6,1,3,7
2016010000552 ,-0.106005,51.357715,0,2,1,1,11.55,5,1,30,2,4,6,0,0,1,1,1,0,0,1,9,9,0,5,9,0,10,10,0,3,3,0,6,6,0,13,13,0,9,9,0,12,12,0,1,4,0,1,1,0,6,6,0,2,1,0,8,6,0,8,4,0
2016010000555 ,0.084701,51.480019,0,2,1,1,9.20,5,6,30,3,4,6,0,1,1,1,1,0,0,1,9,9,0,4,4,0,10,10,0,2,2,0,6,6,0,13,13,0,9,9,0,12,12,0,1,2,0,1,1,0,6,6,0,1,1,0,8,7,0,9,16,0
2016010000557 ,-0.087741,51.427203,0,1,1,1,10.50,6,6,30,3,4,6,0,1,1,1,1,0,0,1,9,0,0,18,0,0,10,0,0,1,0,0,6,0,0,13,0,0,9,0,0,12,0,0,1,0,0,1,0,0,6,0,0,1,0,0,9,0,0,10,0,0
2016010000558 ,0.039759,51.382965,0,3,1,1,11.37,3,6,30,3,4,6,0,0,1,1,1,0,0,2,90,9,9,18,9,3,10,10,10,1,2,2,6,6,6,13,13,13,9,9,9,12,12,12,1,2,5,1,1,1,1,6,6,1,1,1,8,7,9,1,8,12
2016010000560 ,-0.376099,51.510058,0,1,1,1,12.30,3,6,20,3,4,6,2,0,1,1,1,0,2,1,9,0,0,5,0,0,10,0,0,2,0,0,6,0,0,11,0,0,9,0,0,12,0,0,5,0,0,1,0,0,6,0,0,2,0,0,5,0,0,3,0,0
2016010000562 ,-0.305912,51.413024,0,1,1,1,13.30,6,2,30,9,4,6,0,4,1,1,1,0,0,1,9,0,0,3,0,0,10,0,0,2,0,0,6,0,0,13,0,0,9,0,0,12,0,0,4,0,0,1,0,0,6,0,0,2,0,0,4,0,0,2,0,0
2016010000563 ,-0.092775,51.441044,0,2,1,1,12.0,3,3,20,6,2,3,0,5,1,1,1,0,0,1,9,9,0,18,18,0,10,10,0,8,8,0,6,6,0,13,13,0,9,9,0,12,12,0,1,3,0,1,1,0,6,6,0,2,2,0,7,6,0,7,6,0
2016010000564 ,-0.400516,51.516508,0,2,2,7,11.55,3,7,30,1,2,3,0,1,1,1,1,0,0,1,9,9,0,3,4,0,10,10,0,7,4,0,6,6,0,13,13,0,9,9,0,12,12,0,2,1,0,1,1,0,6,6,0,1,1,0,7,7,0,4,11,0
2016010000566 ,-0.120064,51.438787,0,2,1,7,21.45,6,6,30,6,4,6,0,0,4,1,1,0,2,1,9,9,0,18,18,0,10,10,0,8,8,0,6,6,0,11,11,0,9,9,0,12,12,0,1,4,0,1,1,0,6,6,0,1,2,0,7,6,0,13,2,0
2016010000568 ,-0.116119,51.531079,0,2,1,1,15.20,3,3,30,9,4,6,0,0,1,8,2,0,0,1,9,9,0,18,9,0,10,10,0,8,6,0,6,6,0,13,13,0,9,9,0,12,12,0,3,1,0,1,1,0,6,6,0,1,2,0,6,7,0,5,1,0
2016010000570 ,-0.113497,51.510804,0,1,1,1,16.19,3,6,30,0,0,0,2,5,4,2,2,0,0,1,3,0,0,18,0,0,10,0,0,9,0,0,6,0,0,13,0,0,9,0,0,12,0,0,1,0,0,1,0,0,6,0,0,1,0,0,5,0,0,3,0,0
2016010000576 ,-0.086872,51.53744,0,1,1,1,18.1,4,6,20,3,4,5,0,0,4,2,2,0,2,1,9,0,0,9,0,0,10,0,0,6,0,0,6,0,0,11,0,0,9,0,0,12,0,0,1,0,0,1,0,0,6,0,0,1,0,0,8,0,0,9,0,0
2016010000577 ,0.071162,51.556249,0,1,1,1,17.0,3,1,30,1,4,3,0,1,1,1,2,0,0,1,9,0,0,5,0,0,10,0,0,8,0,0,6,0,0,13,0,0,9,0,0,12,0,0,1,0,0,2,0,0,2,0,0,1,0,0,9,0,0,6,0,0
2016010000578 ,-0.128464,51.511313,0,1,1,1,0.19,3,6,30,3,2,4,0,5,4,1,1,0,0,1,8,0,0,9,0,0,10,0,0,8,0,0,6,0,0,13,0,0,9,0,0,12,0,0,4,0,0,1,0,0,1,0,0,1,0,0,6,0,0,1,0,0
2016010000579 ,-0.084973,51.379855,0,2,1,1,18.6,6,6,30,9,4,3,0,0,5,2,2,4,0,1,9,8,0,5,18,0,10,10,0,1,8,0,6,6,0,13,13,0,9,9,0,12,12,0,1,3,0,2,2,0,6,1,0,2,1,0,7,8,0,10,8,0
2016010000583 ,-0.157056,51.513475,0,1,1,1,17.45,3,6,30,0,0,0,0,4,4,2,2,0,0,1,9,0,0,18,0,0,10,0,0,9,0,0,6,0,0,13,0,0,9,0,0,12,0,0,5,0,0,2,0,0,6,0,0,1,0,0,6,0,0,4,0,0
2016010000585 ,0.003834,51.58017,0,2,1,1,15.0,3,3,40,0,0,0,0,0,1,1,1,0,0,1,3,9,0,4,18,0,10,10,0,9,9,0,6,6,0,13,13,0,9,9,0,12,12,0,5,1,0,1,1,0,6,6,0,1,2,0,6,8,0,5,13,0
2016010000586 ,-0.409188,51.515817,0,2,2,1,17.10,5,6,30,0,0,0,0,4,4,8,2,0,0,1,9,3,0,18,18,0,10,10,0,9,9,0,6,6,0,13,13,0,9,9,0,12,12,0,2,1,0,1,1,0,6,6,0,1,1,0,4,4,0,1,6,0
2016010000587 ,-0.08047,51.473667,0,3,5,1,18.41,3,6,20,3,4,6,0,4,4,1,2,0,0,1,9,9,9,5,5,5,10,10,10,1,1,1,6,6,6,13,13,13,9,9,9,12,12,12,3,1,1,1,1,1,6,6,6,1,1,2,4,9,9,10,12,5
2016010000588 ,-0.08661,51.51963,0,1,1,1,20.30,6,6,20,3,4,6,0,0,4,2,2,0,0,1,8,0,0,9,0,0,10,0,0,1,0,0,6,0,0,13,0,0,9,0,0,12,0,0,1,0,0,1,0,0,1,0,0,1,0,0,8,0,0,7,0,0
2016010000590 ,-0.198643,51.434715,0,1,1,1,21.0,6,6,30,6,4,6,0,1,4,2,2,0,2,1,3,0,0,18,0,0,10,0,0,1,0,0,6,0,0,11,0,0,9,0,0,12,0,0,3,0,0,1,0,0,6,0,0,1,0,0,9,0,0,1,0,0
2016010000593 ,-0.109966,51.502114,0,2,1,1,18.36,3,3,30,6,2,4,0,5,4,2,2,0,0,1,9,4,0,9,18,0,10,10,0,8,8,0,6,6,0,13,13,0,9,9,0,12,12,0,1,3,0,1,1,0,6,6,0,1,1,0,6,5,0,8,3,0
2016010000594 ,-0.124415,51.444972,0,2,1,1,18.53,3,3,30,6,2,3,0,5,4,1,1,0,0,1,9,9,0,5,5,0,10,10,0,8,8,0,6,1,0,13,13,0,9,9,0,12,12,0,1,2,0,1,1,0,6,6,0,1,1,0,6,7,0,5,1,0
2016010000602 ,0.069803,51.491344,0,1,1,1,21.17,3,3,30,7,2,3,1,5,4,2,2,0,2,1,9,0,0,3,0,0,10,0,0,1,0,0,1,0,0,11,0,0,9,0,0,12,0,0,1,0,0,1,0,0,6,0,0,1,0,0,8,0,0,11,0,0
2016010000607 ,-0.363099,51.591258,0,1,1,1,23.14,5,6,30,3,4,6,0,0,4,1,2,0,7,1,9,0,0,18,0,0,10,0,0,1,0,0,6,0,0,11,0,0,7,0,0,4,0,0,1,0,0,1,0,0,6,0,0,1,0,0,9,0,0,8,0,0
2016010000608 ,-0.186136,51.459882,0,1,1,6,20.2,6,2,20,3,4,6,0,0,4,5,2,0,2,1,2,0,0,18,0,0,10,0,0,1,0,0,1,0,0,11,0,0,9,0,0,12,0,0,1,0,0,1,0,0,1,0,0,1,0,0,5,0,0,1,0,0
2016010000609 ,-0.068237,51.606289,0,1,1,7,20.10,3,6,30,9,2,6,0,4,4,2,2,0,0,1,9,0,0,18,0,0,10,0,0,1,0,0,6,0,0,13,0,0,9,0,0,12,0,0,4,0,0,1,0,0,6,0,0,1,0,0,5,0,0,9,0,0
2016010000611 ,0.066986,51.492743,0,2,1,7,14.40,3,6,30,6,4,6,0,0,1,1,1,0,0,1,9,4,0,9,18,0,10,10,0,6,1,0,6,2,0,13,13,0,9,9,0,12,12,0,3,1,0,1,1,0,6,6,0,2,1,0,7,6,0,7,6,0
2016010000612 ,-0.118863,51.467994,0,2,1,5,8.45,3,6,20,3,4,6,0,0,1,1,1,0,0,1,4,9,0,13,9,0,10,10,0,1,1,0,6,6,0,13,13,0,9,9,0,12,12,0,4,3,0,1,1,0,2,1,0,1,1,0,6,8,0,12,14,0
2016010000614 ,0.127103,51.555518,0,2,1,1,23.2,4,6,30,6,4,6,0,0,1,1,1,0,0,1,9,9,0,18,18,0,10,10,0,8,8,0,6,6,0,13,13,0,3,9,0,4,12,0,3,1,0,1,1,0,6,6,0,1,1,0,6,7,0,15,9,0
2016010000615 ,-0.146743,51.494158,0,1,1,2,1.50,3,6,30,6,2,3,0,5,4,1,1,0,2,1,9,0,0,5,0,0,10,0,0,2,0,0,6,0,0,11,0,0,9,0,0,12,0,0,1,0,0,1,0,0,6,0,0,1,0,0,8,0,0,1,0,0
2016010000620 ,-0.116916,51.45933,0,1,1,2,4.12,3,6,20,3,2,3,0,4,4,1,1,0,0,1,3,0,0,18,0,0,10,0,0,2,0,0,5,0,0,13,0,0,7,0,0,1,0,0,1,0,0,1,0,0,6,0,0,1,0,0,6,0,0,5,0,0
2016010000628 ,0.070904,51.563268,0,1,1,2,8.25,6,6,30,0,0,0,0,0,1,8,1,0,0,1,9,0,0,5,0,0,10,0,0,9,0,0,6,0,0,13,0,0,9,0,0,12,0,0,1,0,0,1,0,0,6,0,0,2,0,0,6,0,0,10,0,0
2016010000638 ,-0.155815,51.426405,0,2,1,2,8.15,5,6,30,0,0,0,0,0,1,1,1,0,0,1,19,9,0,18,18,0,10,10,0,9,9,0,6,6,0,13,13,0,9,9,0,12,12,0,1,1,0,1,1,0,1,2,0,2,2,0,8,8,0,10,1,0
2016010000640 ,-0.09473,51.528845,0,2,1,2,10.9,3,6,30,3,4,6,0,0,1,1,1,0,0,1,3,8,0,18,9,0,10,10,0,1,6,0,6,6,0,13,13,0,9,9,0,12,12,0,1,1,0,1,2,0,2,1,0,1,1,0,6,8,0,1,2,0
2016010000644 ,-0.11554,51.461286,0,1,1,2,11.57,3,3,20,6,2,3,0,5,1,1,1,0,0,1,11,0,0,4,0,0,10,0,0,1,0,0,6,0,0,13,0,0,9,0,0,12,0,0,1,0,0,1,0,0,1,0,0,1,0,0,5,0,0,5,0,0
2016010000649 ,-0.415267,51.548272,0,2,1,2,7.48,3,3,50,0,0,0,0,0,1,1,1,0,0,1,9,5,0,11,18,0,10,10,0,9,9,0,6,2,0,13,13,0,9,9,0,12,12,0,4,3,0,1,1,0,2,2,0,1,1,0,6,7,0,5,4,0
2016010000650 ,-0.376507,51.543155,0,2,2,1,17.45,3,1,30,1,2,3,0,0,4,2,2,0,0,1,9,9,0,18,18,0,10,10,0,1,1,0,1,6,0,13,13,0,9,9,0,12,12,0,1,2,0,1,1,0,6,6,0,1,1,0,6,7,0,9,11,0
2016010000651 ,-0.197463,51.54135,0,2,1,2,12.15,3,6,30,3,4,6,0,0,1,1,1,0,0,1,9,3,0,9,14,0,10,10,0,6,1,0,6,6,0,13,13,0,9,9,0,12,12,0,4,1,0,1,1,0,2,6,0,2,1,0,6,7,0,4,2,0
2016010000652 ,-0.265269,51.464767,0,2,1,1,18.10,3,6,30,3,4,6,0,0,4,1,1,0,0,1,9,2,0,9,13,0,10,10,0,8,1,0,6,6,0,13,13,0,9,9,0,12,12,0,4,1,0,1,1,0,6,2,0,1,1,0,7,6,0,9,2,0
2016010000659 ,-0.104813,51.591508,0,1,1,2,9.30,3,3,20,3,2,6,0,0,1,1,1,0,0,1,11,0,0,5,0,0,2,0,0,2,0,0,6,0,0,13,0,0,9,0,0,12,0,0,5,0,0,1,0,0,1,0,0,1,0,0,7,0,0,8,0,0
2016010000662 ,-0.343328,51.535498,0,2,1,1,21.0,3,3,50,0,0,0,0,0,4,1,1,0,0,1,9,9,0,18,18,0,10,10,0,9,9,0,6,1,0,13,13,0,9,9,0,12,12,0,4,3,0,1,1,0,6,6,0,1,1,0,8,8,0,5,3,0
2016010000665 ,-0.118507,51.550092,0,1,1,2,12.33,3,6,20,3,2,3,0,5,1,1,1,0,0,1,11,0,0,7,0,0,10,0,0,5,0,0,6,0,0,13,0,0,9,0,0,12,0,0,5,0,0,1,0,0,1,0,0,1,0,0,8,0,0,6,0,0