Accident_Index,Longitude,Latitude,SV,Number_of_Vehicles,Number_of_Casualties,Day_of_Week,Time,1st_Road_Class,Road_Type,Speed_limit,Junction_Detail,Junction_Control,2nd_Road_Class,Pedestrian_Crossing-Human_Control,Pedestrian_Crossing-Physical_Facilities,Light_Conditions,Weather_Conditions,Road_Surface_Conditions,Special_Conditions_at_Site,Carriageway_Hazards,Urban_or_Rural_Area,Vehicle1_Type,Vehicle2_Type,Vehicle3_Type,Vehicle1_Manoeuvre,Vehicle2_Manoeuvre,Vehicle3_Manoeuvre,Vehicle1_Location-Restricted_Lane,Vehicle2_Location-Restricted_Lane,Vehicle3_Location-Restricted_Lane,Junction1_Location,Junction2_Location,Junction3_Location,Skidding1_and_Overturning,Skidding2_and_Overturning,Skidding3_and_Overturning,Hit_Object_in_Carriageway1,Hit_Object_in_Carriageway2,Hit_Object_in_Carriageway3,Vehicle1_Leaving_Carriageway,Vehicle2_Leaving_Carriageway,Vehicle3_Leaving_Carriageway,Hit_Object_off_Carriageway1,Hit_Object_off_Carriageway2,Hit_Object_off_Carriageway3,1st_Point_of_Impact1,1st_Point_of_Impact2,1st_Point_of_Impact3,Was_Vehicle 1_Left_Hand_Drive?,Was_Vehicle2_Left_Hand_Drive?,Was_Vehicle 3_Left_Hand_Drive?,Journey_Purpose_of_Driver1,Journey_Purpose_of_Driver2,Journey_Purpose_of_Driver3,Sex_of_Driver1,Sex_of_Driver2,Sex_of_Driver3,Age_Band_of_Driver1,Age_Band_of_Driver2,Age_Band_of_Driver3,Age_of_Vehicle1,Age_of_Vehicle2,Age_of_Vehicle3
2016010000668 ,0.078791,51.590647,0,2,1,1,18.30,5,6,30,0,0,0,0,0,4,2,2,0,0,1,3,9,0,4,10,0,10,10,0,9,9,0,1,6,0,13,13,0,9,9,0,12,12,0,1,1,0,1,1,0,6,6,0,1,1,0,4,7,0,10,6,0
2016010000669 ,-0.075955,51.461183,0,2,1,2,11.20,3,3,30,8,4,6,0,1,1,1,1,0,0,1,19,9,0,1,3,0,10,10,0,5,5,0,6,6,0,13,13,0,9,9,0,12,12,0,2,1,0,1,1,0,6,6,0,1,1,0,7,5,0,5,9,0
2016010000672 ,0.00648,51.436959,0,1,1,2,17.21,5,6,20,3,4,6,0,0,4,1,1,0,0,1,11,0,0,5,0,0,10,0,0,2,0,0,6,0,0,13,0,0,9,0,0,12,0,0,4,0,0,1,0,0,1,0,0,1,0,0,6,0,0,3,0,0
2016010000674 ,-0.274638,51.403395,0,1,1,2,11.56,3,3,30,3,4,6,0,0,1,1,1,0,0,1,11,0,0,5,0,0,10,0,0,1,0,0,6,0,0,13,0,0,9,0,0,12,0,0,5,0,0,1,0,0,1,0,0,1,0,0,8,0,0,14,0,0
2016010000675 ,-0.152581,51.502973,0,2,1,2,17.10,3,2,30,1,2,3,0,5,4,1,1,0,0,1,19,21,0,4,4,0,10,10,0,1,1,0,6,6,0,13,13,0,9,9,0,12,12,0,2,1,0,1,1,0,1,1,0,1,1,0,7,7,0,8,9,0
2016010000678 ,-0.26744,51.555624,0,4,2,2,17.40,4,6,40,0,0,0,0,0,4,1,1,0,0,1,9,9,9,3,3,3,10,10,10,9,9,9,6,6,6,13,13,13,9,9,9,12,12,12,2,2,2,1,1,1,1,2,6,1,2,1,7,6,9,4,6,5
2016010000680 ,-0.488011,51.494468,0,3,1,2,17.45,1,3,70,0,0,0,0,0,4,1,1,0,0,2,9,8,9,18,4,4,10,10,10,9,9,9,6,6,6,13,13,13,9,9,9,12,12,12,1,2,2,1,1,1,6,1,6,2,1,2,9,6,6,7,4,1
2016010000681 ,-0.310587,51.617491,0,1,2,1,15.55,3,6,30,0,0,0,0,5,1,2,2,0,0,1,5,0,0,14,0,0,10,0,0,9,0,0,6,0,0,13,0,0,9,0,0,12,0,0,1,0,0,1,0,0,6,0,0,1,0,0,8,0,0,19,0,0
2016010000682 ,-0.00585,51.46109,0,1,1,2,20.40,3,6,30,3,4,6,0,0,5,1,1,0,0,1,9,0,0,18,0,0,10,0,0,5,0,0,6,0,0,13,0,0,9,0,0,12,0,0,4,0,0,1,0,0,6,0,0,1,0,0,8,0,0,13,0,0
2016010000683 ,-0.189224,51.356333,0,2,1,2,17.46,6,6,30,0,0,0,0,0,4,1,2,0,0,1,9,9,0,18,7,0,10,10,0,9,9,0,6,6,0,13,13,0,9,9,0,12,12,0,1,1,0,1,1,0,6,6,0,1,1,0,5,4,0,11,3,0
2016010000686 ,0.011467,51.455489,0,2,1,7,18.14,3,3,20,3,4,6,0,4,4,1,1,0,0,1,9,5,0,9,18,0,10,10,0,5,1,0,6,5,0,13,13,0,9,9,0,12,12,0,3,1,0,1,1,0,6,6,0,1,1,0,7,6,0,6,8,0
2016010000690 ,-0.339907,51.47493,0,2,3,2,19.25,3,6,30,3,4,6,0,5,4,1,1,0,0,1,9,9,0,4,18,0,10,10,0,2,2,0,6,6,0,13,13,0,9,9,0,12,12,0,1,1,0,1,1,0,6,6,0,2,1,0,9,6,0,13,4,0
2016010000692 ,-0.105021,51.395469,0,2,1,2,19.52,5,6,30,9,4,6,0,0,4,1,1,0,0,1,9,9,0,18,9,0,10,10,0,1,6,0,6,6,0,13,13,0,9,9,0,12,12,0,3,1,0,1,1,0,6,6,0,2,2,0,5,4,0,9,7,0
2016010000695 ,-0.458581,51.495704,0,2,1,2,17.50,1,7,70,5,4,6,0,0,4,1,1,0,0,1,9,9,0,4,4,0,10,10,0,7,7,0,6,6,0,13,13,0,9,9,0,12,12,0,2,1,0,1,1,0,2,6,0,1,2,0,9,5,0,12,9,0
2016010000697 ,-0.26061,51.59473,0,2,2,2,15.42,3,6,30,3,2,6,2,5,1,1,2,0,0,1,9,9,0,18,9,0,10,10,0,1,8,0,6,6,0,13,13,0,9,9,0,12,12,0,3,1,0,1,1,0,6,6,0,2,1,0,7,6,0,1,13,0
2016010000698 ,-0.112222,51.416089,0,2,1,2,20.19,6,6,30,6,4,6,0,0,4,8,1,0,0,1,8,2,0,18,18,0,10,10,0,8,1,0,6,1,0,13,13,0,9,9,0,12,12,0,1,1,0,1,1,0,1,1,0,1,1,0,8,6,0,2,2,0
2016010000708 ,-0.150254,51.514177,0,1,1,2,23.3,3,6,30,9,2,3,0,4,4,1,1,0,0,1,9,0,0,18,0,0,10,0,0,2,0,0,6,0,0,13,0,0,9,0,0,12,0,0,1,0,0,1,0,0,2,0,0,1,0,0,8,0,0,9,0,0
2016010000717 ,-0.095963,51.475089,0,1,1,3,8.27,3,6,20,3,4,6,0,4,1,1,1,0,0,1,19,0,0,7,0,0,10,0,0,8,0,0,6,0,0,13,0,0,9,0,0,12,0,0,4,0,0,1,0,0,1,0,0,1,0,0,8,0,0,9,0,0
2016010000719 ,0.139032,51.465371,0,2,1,3,8.47,6,6,30,3,4,6,0,0,1,1,1,0,0,1,9,3,0,1,9,0,10,10,0,1,1,0,6,6,0,13,13,0,9,9,0,12,12,0,2,1,0,1,1,0,2,1,0,2,1,0,6,6,0,9,6,0
2016010000726 ,-0.307335,51.464033,0,1,1,3,8.17,3,3,40,9,4,6,0,7,1,8,1,0,0,1,2,0,0,4,0,0,10,0,0,1,0,0,6,0,0,13,0,0,9,0,0,12,0,0,1,0,0,1,0,0,2,0,0,1,0,0,8,0,0,15,0,0
2016010000728 ,0.057892,51.581843,0,1,1,3,15.40,3,3,40,1,2,5,0,5,1,1,1,0,0,1,9,0,0,5,0,0,10,0,0,4,0,0,6,0,0,13,0,0,9,0,0,12,0,0,1,0,0,1,0,0,3,0,0,1,0,0,7,0,0,1,0,0
2016010000732 ,0.187326,51.574914,0,2,2,3,7.5,5,3,30,6,2,5,0,4,4,1,1,0,0,1,11,9,0,18,18,0,10,10,0,1,1,0,6,6,0,13,13,0,9,9,0,12,12,0,3,1,0,1,1,0,6,6,0,1,1,0,7,9,0,11,3,0
2016010000734 ,-0.202856,51.36032,0,3,1,3,6.16,3,6,30,0,0,0,0,0,4,1,1,0,0,1,9,9,9,3,4,4,10,10,10,9,9,9,6,6,6,13,13,13,9,9,9,12,12,12,2,1,1,1,1,1,2,6,6,2,1,1,6,6,7,8,5,4
2016010000739 ,-0.049329,51.498153,0,1,1,3,9.30,6,2,20,0,0,0,0,0,1,1,1,0,0,1,11,0,0,3,0,0,3,0,0,9,0,0,6,0,0,13,0,0,9,0,0,12,0,0,5,0,0,1,0,0,1,0,0,1,0,0,7,0,0,10,0,0
2016010000743 ,0.082467,51.535275,0,2,1,3,9.11,3,6,30,5,2,6,0,4,1,1,1,0,6,1,9,9,0,4,4,0,10,10,0,1,1,0,6,6,0,13,13,0,1,1,0,12,12,0,2,1,0,1,1,0,6,6,0,1,2,0,7,9,0,10,7,0
2016010000753 ,-0.104355,51.383767,0,2,2,3,11.30,3,6,30,3,4,3,0,0,1,1,1,0,0,1,2,9,0,18,5,0,10,10,0,8,8,0,6,6,0,13,13,0,9,9,0,12,12,0,4,1,0,1,1,0,1,6,0,1,2,0,5,7,0,1,2,0
2016010000760 ,-0.382623,51.464196,0,1,1,3,9.40,3,6,30,8,4,6,0,8,1,1,1,0,0,1,19,0,0,1,0,0,9,0,0,1,0,0,6,0,0,13,0,0,9,0,0,12,0,0,2,0,0,1,0,0,1,0,0,1,0,0,7,0,0,6,0,0
2016010000767 ,-0.451332,51.526812,0,1,1,3,12.47,3,3,30,1,4,5,0,1,1,1,1,0,0,1,9,0,0,7,0,0,10,0,0,3,0,0,6,0,0,10,0,0,9,0,0,12,0,0,1,0,0,1,0,0,6,0,0,1,0,0,9,0,0,13,0,0
2016010000771 ,-0.370329,51.534437,0,1,1,3,13.45,6,6,20,0,0,0,0,0,1,1,1,0,0,1,9,0,0,1,0,0,10,0,0,9,0,0,6,0,0,13,0,0,9,0,0,12,0,0,2,0,0,1,0,0,2,0,0,1,0,0,8,0,0,5,0,0
2016010000783 ,-0.008301,51.593147,0,2,1,3,14.48,6,6,30,3,4,6,0,0,1,1,1,0,0,1,5,9,0,3,1,0,10,10,0,2,2,0,6,6,0,13,13,0,9,9,0,12,12,0,4,2,0,1,1,0,2,6,0,1,1,0,8,6,0,4,9,0
2016010000786 ,-0.277282,51.382751,0,1,1,3,17.18,3,2,30,9,4,3,0,0,4,1,1,0,2,1,5,0,0,12,0,0,10,0,0,7,0,0,6,0,0,11,0,0,9,0,0,12,0,0,1,0,0,1,0,0,6,0,0,1,0,0,5,0,0,18,0,0
2016010000788 ,-0.04547,51.537837,0,3,1,3,17.0,3,2,20,1,4,3,0,1,4,1,1,0,0,1,9,9,9,4,4,4,10,10,10,3,3,3,6,6,6,13,13,13,9,9,9,12,12,12,2,2,1,1,1,1,1,6,6,1,1,2,7,8,10,5,12,8
2016010000790 ,-0.30658,51.367711,0,2,1,3,16.23,3,3,30,3,2,6,0,5,4,1,1,0,0,1,9,9,0,12,3,0,10,10,0,1,1,0,6,6,0,4,13,0,9,9,0,12,12,0,4,2,0,1,1,0,6,6,0,1,1,0,9,8,0,13,9,0
2016010000793 ,0.0707,51.558775,0,1,1,3,15.45,3,2,30,0,0,0,0,0,1,1,1,0,0,1,8,0,0,18,0,0,10,0,0,9,0,0,6,0,0,13,0,0,9,0,0,12,0,0,3,0,0,1,0,0,6,0,0,1,0,0,8,0,0,3,0,0
2016010000794 ,-0.335035,51.584928,0,1,1,3,17.15,5,6,30,6,4,6,0,0,4,1,1,0,0,1,9,0,0,9,0,0,10,0,0,2,0,0,6,0,0,13,0,0,9,0,0,12,0,0,1,0,0,1,0,0,6,0,0,2,0,0,8,0,0,15,0,0
2016010000800 ,0.111474,51.364248,0,2,1,3,18.14,3,6,40,3,4,6,0,8,4,1,1,0,0,1,9,9,0,10,18,0,10,10,0,2,8,0,6,6,0,13,13,0,9,9,0,12,12,0,2,1,0,1,1,0,6,6,0,2,1,0,5,6,0,6,5,0
2016010000806 ,-0.116137,51.513184,0,2,1,3,16.40,3,2,30,3,4,6,0,4,4,1,1,0,0,1,8,3,0,4,18,0,10,10,0,2,2,0,6,6,0,13,13,0,9,9,0,12,12,0,2,1,0,1,1,0,1,6,0,1,1,0,9,6,0,7,10,0
2016010000810 ,-0.405793,51.452014,0,1,1,3,20.45,3,6,30,6,2,3,0,5,4,2,2,0,0,1,19,0,0,18,0,0,10,0,0,1,0,0,6,0,0,13,0,0,9,0,0,12,0,0,4,0,0,1,0,0,6,0,0,1,0,0,8,0,0,30,0,0
2016010000816 ,-0.205712,51.496604,0,2,1,3,21.10,3,6,30,6,2,3,0,5,4,2,2,0,0,1,9,9,0,4,18,0,10,10,0,1,1,0,6,6,0,13,13,0,9,9,0,12,12,0,2,1,0,1,1,0,6,6,0,2,1,0,6,7,0,10,5,0
2016010000820 ,-0.186238,51.482725,0,1,1,3,23.10,3,6,30,9,4,6,0,5,4,2,2,0,6,1,9,0,0,18,0,0,10,0,0,8,0,0,6,0,0,11,0,0,9,0,0,12,0,0,1,0,0,1,0,0,6,0,0,2,0,0,8,0,0,1,0,0
2016010000825 ,-0.021657,51.57152,0,2,1,2,18.40,3,6,30,3,4,6,0,0,4,1,1,0,0,1,3,9,0,18,9,0,10,10,0,1,8,0,6,6,0,13,13,0,9,9,0,12,12,0,1,1,0,1,1,0,6,6,0,1,1,0,4,5,0,7,13,0
2016010000831 ,-0.196278,51.589532,0,2,1,4,1.40,3,3,50,7,2,3,0,0,4,2,2,0,0,1,9,21,0,4,18,0,10,10,0,1,1,0,6,6,0,13,13,0,9,9,0,12,12,0,2,1,0,1,1,0,1,1,0,1,1,0,7,7,0,5,3,0
2016010000833 ,-0.366813,51.467484,0,1,2,3,12.41,3,6,30,3,4,6,0,0,1,1,1,0,0,1,11,0,0,5,0,0,10,0,0,2,0,0,6,0,0,13,0,0,9,0,0,12,0,0,5,0,0,1,0,0,1,0,0,1,0,0,8,0,0,7,0,0
2016010000835 ,-0.230816,51.562631,0,1,1,3,8.50,5,6,30,1,4,6,0,0,1,1,1,0,0,1,9,0,0,14,0,0,10,0,0,1,0,0,6,0,0,13,0,0,9,0,0,12,0,0,1,0,0,1,0,0,1,0,0,2,0,0,6,0,0,14,0,0
2016010000849 ,-0.348506,51.575677,0,2,2,4,7.38,5,6,30,0,0,0,0,0,1,2,2,0,0,1,11,9,0,3,18,0,10,10,0,9,9,0,6,6,0,13,13,0,9,9,0,12,12,0,2,1,0,1,1,0,1,2,0,1,2,0,9,9,0,7,16,0
2016010000850 ,-0.22762,51.418341,0,2,1,4,7.32,5,6,30,0,0,0,0,1,1,2,2,0,0,1,9,9,0,18,18,0,10,10,0,9,9,0,1,6,0,13,13,0,9,9,0,12,12,0,1,2,0,1,1,0,1,1,0,1,2,0,6,7,0,11,3,0
2016010000862 ,-0.192126,51.406648,0,1,1,4,9.17,3,3,30,9,1,6,0,0,1,2,1,0,0,1,11,0,0,4,0,0,10,0,0,2,0,0,6,0,0,13,0,0,9,0,0,12,0,0,1,0,0,1,0,0,6,0,0,1,0,0,7,0,0,7,0,0
2016010000863 ,-0.092286,51.563158,0,1,1,4,9.39,3,6,20,0,0,0,0,0,1,2,2,0,0,1,11,0,0,3,0,0,3,0,0,9,0,0,6,0,0,13,0,0,9,0,0,12,0,0,5,0,0,1,0,0,1,0,0,1,0,0,8,0,0,6,0,0
2016010000869 ,-0.086621,51.550296,0,2,1,3,21.10,3,3,20,9,4,6,0,0,4,1,1,1,0,1,11,9,0,18,13,0,10,10,0,1,1,0,6,6,0,13,13,0,9,9,0,12,12,0,1,2,0,1,1,0,1,6,0,1,2,0,7,6,0,1,9,0
2016010000871 ,-0.313364,51.597118,0,1,1,3,10.35,5,6,30,9,4,6,0,0,1,2,2,0,0,1,9,0,0,18,0,0,10,0,0,2,0,0,6,0,0,13,0,0,9,0,0,12,0,0,4,0,0,1,0,0,6,0,0,2,0,0,7,0,0,3,0,0
2016010000873 ,-0.083393,51.421107,0,1,1,4,8.39,5,6,30,0,0,0,0,4,1,2,2,0,0,1,9,0,0,15,0,0,10,0,0,9,0,0,6,0,0,10,0,0,9,0,0,12,0,0,3,0,0,1,0,0,6,0,0,2,0,0,10,0,0,22,0,0
2016010000874 ,-0.124284,51.500815,0,1,1,4,11.40,3,3,30,3,2,3,0,0,1,4,2,0,0,1,19,0,0,7,0,0,4,0,0,1,0,0,1,0,0,13,0,0,9,0,0,12,0,0,1,0,0,1,0,0,1,0,0,1,0,0,6,0,0,5,0,0
2016010000875 ,-0.08753,51.452919,0,2,1,4,11.38,3,6,20,7,2,5,0,5,1,2,2,0,0,1,9,3,0,9,9,0,10,10,0,1,1,0,6,6,0,13,13,0,9,9,0,12,12,0,1,1,0,1,1,0,6,6,0,2,1,0,8,7,0,10,3,0
2016010000877 ,-0.29714,51.552192,0,1,2,4,12.22,3,6,30,0,0,0,0,4,1,8,2,0,0,1,3,0,0,15,0,0,10,0,0,9,0,0,6,0,0,13,0,0,9,0,0,12,0,0,1,0,0,1,0,0,1,0,0,1,0,0,6,0,0,1,0,0
2016010000882 ,-0.147615,51.607568,0,2,1,4,7.33,3,3,40,0,0,0,0,0,1,2,2,0,0,1,19,3,0,12,18,0,10,10,0,9,9,0,6,6,0,13,13,0,9,9,0,12,12,0,3,4,0,1,1,0,1,2,0,1,1,0,7,6,0,11,6,0
2016010000884 ,-0.473803,51.510111,0,1,1,4,6.51,5,6,30,2,4,6,0,5,4,2,2,0,0,1,11,0,0,7,0,0,10,0,0,3,0,0,6,0,0,13,0,0,9,0,0,12,0,0,4,0,0,1,0,0,1,0,0,1,0,0,8,0,0,8,0,0
2016010000890 ,-0.217675,51.514951,0,2,1,3,21.3,6,6,30,6,4,6,0,8,4,2,2,0,0,1,9,2,0,7,18,0,10,10,0,2,8,0,6,6,0,13,13,0,9,9,0,12,12,0,2,1,0,1,1,0,6,1,0,1,1,0,6,5,0,8,4,0
2016010000893 ,-0.072508,51.583877,0,1,1,4,12.31,3,6,30,3,2,3,0,4,1,1,2,0,0,1,11,0,0,5,0,0,2,0,0,1,0,0,6,0,0,13,0,0,9,0,0,12,0,0,5,0,0,1,0,0,1,0,0,2,0,0,9,0,0,8,0,0
2016010000903 ,-0.330261,51.474883,0,2,1,4,15.37,6,6,30,0,0,0,0,0,1,1,1,0,0,1,9,11,0,3,3,0,10,10,0,9,9,0,6,6,0,13,13,0,9,9,0,12,12,0,1,2,0,1,1,0,2,1,0,2,1,0,8,8,0,9,3,0
2016010000906 ,-0.223582,51.39265,0,1,1,4,15.46,4,6,30,3,2,6,0,0,4,2,2,0,2,1,11,0,0,18,0,0,10,0,0,1,0,0,6,0,0,13,0,0,9,0,0,12,0,0,5,0,0,1,0,0,6,0,0,2,0,0,8,0,0,7,0,0
2016010000913 ,-0.279207,51.610741,0,1,1,4,14.5,3,3,30,6,2,3,0,5,1,1,2,0,0,1,9,0,0,4,0,0,10,0,0,1,0,0,6,0,0,13,0,0,9,0,0,12,0,0,1,0,0,1,0,0,6,0,0,1,0,0,5,0,0,15,0,0
2016010000916 ,0.160458,51.55311,0,3,3,4,16.44,3,6,30,0,0,0,0,0,4,1,1,0,0,1,9,9,9,18,4,4,10,10,10,9,9,9,6,6,6,13,13,13,9,9,9,12,12,12,1,2,2,1,1,1,6,6,2,1,1,1,6,7,8,14,10,7
2016010000918 ,0.00564,51.552352,0,1,1,4,17.30,3,6,30,6,2,5,0,4,4,1,1,0,0,1,3,0,0,13,0,0,10,0,0,1,0,0,6,0,0,13,0,0,9,0,0,12,0,0,1,0,0,1,0,0,6,0,0,1,0,0,6,0,0,1,0,0
2016010000919 ,0.011354,51.45621,0,1,1,4,17.0,3,6,30,0,0,0,0,0,4,1,1,0,0,1,9,0,0,5,0,0,10,0,0,9,0,0,6,0,0,13,0,0,9,0,0,12,0,0,4,0,0,1,0,0,2,0,0,1,0,0,9,0,0,11,0,0
2016010000925 ,-0.132956,51.535395,0,1,1,4,14.45,3,6,20,9,4,3,0,0,1,2,2,0,0,1,3,0,0,4,0,0,10,0,0,1,0,0,6,0,0,13,0,0,9,0,0,12,0,0,5,0,0,1,0,0,2,0,0,1,0,0,6,0,0,7,0,0
2016010000928 ,-0.302946,51.636445,0,1,1,4,14.15,3,1,40,1,4,3,0,0,1,1,2,0,0,2,5,0,0,7,0,0,10,0,0,4,0,0,6,0,0,10,0,0,9,0,0,12,0,0,1,0,0,1,0,0,6,0,0,1,0,0,8,0,0,6,0,0
2016010000931 ,-0.109894,51.531699,0,2,1,4,19.0,3,6,20,3,2,6,0,4,4,1,1,0,0,1,8,3,0,3,15,0,10,10,0,8,8,0,6,6,0,13,13,0,9,9,0,12,12,0,4,1,0,2,1,0,1,1,0,1,1,0,5,7,0,8,5,0
2016010000932 ,-0.129968,51.583638,0,1,1,4,20.3,3,6,20,0,0,0,0,1,4,1,1,0,0,1,9,0,0,18,0,0,10,0,0,9,0,0,6,0,0,13,0,0,9,0,0,12,0,0,4,0,0,1,0,0,6,0,0,1,0,0,9,0,0,12,0,0
2016010000933 ,0.002193,51.496835,0,1,1,4,15.55,3,3,30,5,4,6,0,7,4,2,2,0,0,1,21,0,0,18,0,0,10,0,0,8,0,0,6,0,0,10,0,0,1,0,0,2,0,0,1,0,0,1,0,0,1,0,0,1,0,0,8,0,0,9,0,0
2016010000936 ,-0.245745,51.493342,0,2,1,4,18.55,3,6,30,3,4,5,0,4,4,1,1,0,0,1,3,9,0,18,6,0,10,10,0,6,6,0,6,6,0,13,13,0,9,9,0,12,12,0,1,2,0,1,1,0,6,6,0,1,1,0,5,7,0,7,2,0
2016010000938 ,0.077634,51.451277,0,1,1,4,15.36,3,6,30,0,0,0,0,0,1,1,2,0,0,1,9,0,0,18,0,0,10,0,0,9,0,0,6,0,0,13,0,0,9,0,0,12,0,0,1,0,0,1,0,0,3,0,0,2,0,0,11,0,0,15,0,0
2016010000940 ,-0.236942,51.404093,0,2,1,4,18.45,4,6,30,9,4,6,0,0,4,2,1,0,0,1,9,9,0,5,7,0,10,10,0,1,1,0,6,6,0,13,13,0,1,9,0,10,12,0,4,1,0,1,1,0,6,6,0,1,2,0,8,10,0,6,3,0
2016010000948 ,0.005258,51.533833,0,2,1,4,21.20,6,6,20,0,0,0,0,0,4,1,1,0,2,1,9,9,0,18,14,0,10,10,0,9,9,0,6,6,0,13,13,0,9,9,0,12,12,0,1,1,0,1,1,0,6,6,0,1,2,0,6,5,0,9,6,0
2016010000953 ,-0.115378,51.461733,0,1,1,4,22.30,3,3,30,0,0,0,0,4,4,1,1,0,0,1,11,0,0,5,0,0,10,0,0,9,0,0,6,0,0,13,0,0,9,0,0,12,0,0,5,0,0,1,0,0,6,0,0,1,0,0,8,0,0,10,0,0
2016010000958 ,-0.203599,51.561318,0,2,3,4,23.15,3,3,30,6,2,3,0,0,4,1,1,0,0,1,9,9,0,9,18,0,10,10,0,5,6,0,6,6,0,13,13,0,3,3,0,12,12,0,1,1,0,1,1,0,6,6,0,1,1,0,7,7,0,13,8,0
2016010000962 ,-0.095778,51.631469,0,1,1,5,3.35,3,6,30,0,0,0,0,1,4,1,2,0,0,1,9,0,0,18,0,0,10,0,0,9,0,0,5,0,0,10,0,0,7,0,0,12,0,0,1,0,0,1,0,0,2,0,0,1,0,0,7,0,0,14,0,0
2016010000975 ,-0.188973,51.44275,0,1,1,5,8.20,4,6,20,6,2,3,0,5,1,1,2,0,0,1,3,0,0,18,0,0,10,0,0,8,0,0,1,0,0,13,0,0,9,0,0,12,0,0,1,0,0,1,0,0,6,0,0,1,0,0,7,0,0,3,0,0
2016010000981 ,-0.030664,51.483273,0,1,1,5,9.15,6,6,30,2,4,3,0,5,1,1,1,0,0,1,9,0,0,7,0,0,10,0,0,3,0,0,6,0,0,13,0,0,9,0,0,12,0,0,1,0,0,1,0,0,2,0,0,2,0,0,6,0,0,11,0,0
2016010000984 ,0.09235,51.363872,0,2,1,5,7.58,3,1,30,1,4,6,0,0,1,1,2,0,2,1,3,9,0,13,18,0,10,10,0,4,4,0,6,6,0,11,13,0,9,9,0,12,12,0,4,3,0,1,2,0,2,2,0,1,2,0,4,8,0,5,9,0
2016010000985 ,-0.167683,51.593406,0,2,1,5,7.48,3,6,30,3,4,6,0,0,1,1,1,0,0,1,9,4,0,5,14,0,10,10,0,2,1,0,6,6,0,13,13,0,9,9,0,12,12,0,1,1,0,2,1,0,6,6,0,1,1,0,8,5,0,16,7,0
2016010000987 ,-0.241002,51.605228,0,2,1,5,8.0,1,3,70,0,0,0,0,0,1,1,1,0,0,1,9,9,0,11,18,0,10,10,0,9,9,0,6,6,0,13,13,0,9,9,0,12,12,0,4,3,0,1,1,0,2,2,0,1,2,0,7,6,0,10,2,0
2016010000988 ,0.037569,51.459804,0,2,1,5,9.3,6,6,30,6,4,6,0,0,7,1,2,0,0,1,9,9,0,18,7,0,10,10,0,8,6,0,6,1,0,13,13,0,9,1,0,12,12,0,1,3,0,1,1,0,6,6,0,1,1,0,5,7,0,12,8,0
2016010000998 ,-0.151204,51.490721,0,2,1,5,11.25,3,6,30,0,0,0,0,8,1,1,1,0,0,1,3,8,0,15,3,0,10,10,0,9,9,0,6,6,0,4,13,0,1,9,0,10,12,0,3,4,0,1,1,0,6,1,0,1,1,0,9,9,0,9,2,0
2016010001000 ,-0.340187,51.613867,0,1,1,5,10.35,3,6,30,0,0,0,0,0,1,1,2,0,0,2,9,0,0,16,0,0,10,0,0,9,0,0,6,0,0,10,0,0,7,0,0,4,0,0,1,0,0,1,0,0,2,0,0,2,0,0,4,0,0,2,0,0
2016010001002 ,-0.085805,51.617817,0,2,1,5,9.24,3,3,40,0,0,0,0,0,1,1,1,0,0,1,9,9,0,4,5,0,10,10,0,9,9,0,6,6,0,13,13,0,9,9,0,12,12,0,2,1,0,1,1,0,2,2,0,1,1,0,7,9,0,6,10,0
2016010001008 ,-0.1824,51.47781,0,2,1,5,7.48,5,3,30,9,4,6,0,0,1,1,1,0,0,1,9,5,0,3,4,0,10,10,0,8,8,0,6,6,0,13,13,0,9,9,0,12,12,0,2,1,0,1,1,0,2,2,0,1,1,0,7,6,0,12,12,0
2016010001020 ,0.14099,51.580895,0,2,1,5,8.36,3,3,50,5,4,3,0,0,1,1,1,0,0,1,9,19,0,3,5,0,10,10,0,7,7,0,6,6,0,13,13,0,9,9,0,12,12,0,2,1,0,1,1,0,3,1,0,2,1,0,7,8,0,3,1,0
2016010001031 ,-0.16435,51.590116,0,2,2,5,12.29,3,6,30,3,4,6,0,0,1,1,1,0,0,1,9,9,0,4,4,0,10,10,0,1,1,0,6,6,0,13,13,0,9,9,0,12,12,0,2,1,0,1,1,0,6,6,0,2,2,0,8,10,0,1,6,0
2016010001035 ,-0.139562,51.51131,0,1,2,5,10.44,6,7,30,8,4,6,0,0,1,8,1,0,0,1,19,0,0,1,0,0,10,0,0,2,0,0,6,0,0,13,0,0,9,0,0,12,0,0,2,0,0,1,0,0,2,0,0,1,0,0,6,0,0,9,0,0
2016010001037 ,-0.154964,51.543837,0,2,1,5,12.40,4,6,20,9,4,6,0,1,1,1,2,0,0,1,9,9,0,13,12,0,10,10,0,1,8,0,6,6,0,13,13,0,9,9,0,12,12,0,4,1,0,1,1,0,1,6,0,1,1,0,6,11,0,1,17,0
2016010001039 ,-0.171437,51.362981,0,1,1,5,11.50,3,6,30,0,0,0,0,0,1,1,1,0,0,1,11,0,0,4,0,0,10,0,0,9,0,0,6,0,0,13,0,0,9,0,0,12,0,0,5,0,0,1,0,0,6,0,0,1,0,0,8,0,0,1,0,0
2016010001042 ,-0.189744,51.477833,0,1,1,5,14.18,3,6,30,3,4,6,0,0,1,1,2,0,0,1,3,0,0,9,0,0,10,0,0,8,0,0,6,0,0,13,0,0,9,0,0,12,0,0,5,0,0,1,0,0,6,0,0,1,0,0,5,0,0,6,0,0