Accident_Index,Longitude,Latitude,SV,Number_of_Vehicles,Number_of_Casualties,Day_of_Week,Time,1st_Road_Class,Road_Type,Speed_limit,Junction_Detail,Junction_Control,2nd_Road_Class,Pedestrian_Crossing-Human_Control,Pedestrian_Crossing-Physical_Facilities,Light_Conditions,Weather_Conditions,Road_Surface_Conditions,Special_Conditions_at_Site,Carriageway_Hazards,Urban_or_Rural_Area,Vehicle1_Type,Vehicle2_Type,Vehicle3_Type,Vehicle1_Manoeuvre,Vehicle2_Manoeuvre,Vehicle3_Manoeuvre,Vehicle1_Location-Restricted_Lane,Vehicle2_Location-Restricted_Lane,Vehicle3_Location-Restricted_Lane,Junction1_Location,Junction2_Location,Junction3_Location,Skidding1_and_Overturning,Skidding2_and_Overturning,Skidding3_and_Overturning,Hit_Object_in_Carriageway1,Hit_Object_in_Carriageway2,Hit_Object_in_Carriageway3,Vehicle1_Leaving_Carriageway,Vehicle2_Leaving_Carriageway,Vehicle3_Leaving_Carriageway,Hit_Object_off_Carriageway1,Hit_Object_off_Carriageway2,Hit_Object_off_Carriageway3,1st_Point_of_Impact1,1st_Point_of_Impact2,1st_Point_of_Impact3,Was_Vehicle 1_Left_Hand_Drive?,Was_Vehicle2_Left_Hand_Drive?,Was_Vehicle 3_Left_Hand_Drive?,Journey_Purpose_of_Driver1,Journey_Purpose_of_Driver2,Journey_Purpose_of_Driver3,Sex_of_Driver1,Sex_of_Driver2,Sex_of_Driver3,Age_Band_of_Driver1,Age_Band_of_Driver2,Age_Band_of_Driver3,Age_of_Vehicle1,Age_of_Vehicle2,Age_of_Vehicle3
2016010001954 ,-0.254221,51.614508,0,3,2,4,19.0,3,6,30,0,0,0,0,0,4,8,2,0,0,1,9,9,9,10,3,18,10,10,10,9,9,9,6,6,1,13,13,13,9,9,9,12,12,12,2,2,1,1,1,1,6,6,6,1,1,1,8,7,9,8,5,5
2016010001959 ,-0.028933,51.396462,0,2,2,4,21.56,5,6,30,6,2,5,0,0,4,1,2,0,0,1,9,9,0,5,9,0,10,10,0,8,8,0,6,6,0,13,13,0,9,9,0,12,12,0,1,1,0,1,1,0,6,6,0,1,1,0,5,5,0,10,3,0
2016010001969 ,-0.142702,51.423411,0,2,1,5,0.10,3,6,30,3,4,6,0,0,4,1,2,0,0,1,9,3,0,5,18,0,10,10,0,6,1,0,6,5,0,13,10,0,9,7,0,12,12,0,1,1,0,1,1,0,6,6,0,1,1,0,5,6,0,5,8,0
2016010001970 ,0.20749,51.609789,0,2,1,2,18.30,5,6,30,1,4,5,0,0,4,1,2,0,0,2,9,9,0,18,18,0,10,10,0,4,8,0,6,1,0,13,13,0,9,9,0,12,12,0,1,4,0,1,1,0,6,6,0,2,2,0,10,7,0,1,7,0
2016010001972 ,0.154572,51.529297,0,2,1,7,7.35,3,6,30,9,2,4,0,4,6,2,2,0,0,1,9,9,0,5,18,0,10,10,0,2,1,0,6,6,0,13,13,0,9,9,0,12,12,0,2,1,0,1,1,0,2,6,0,2,1,0,8,7,0,7,12,0
2016010001977 ,-0.297831,51.541411,0,1,1,4,11.15,3,3,30,9,2,5,0,5,1,1,1,0,0,1,9,0,0,18,0,0,10,0,0,2,0,0,6,0,0,13,0,0,9,0,0,12,0,0,1,0,0,1,0,0,1,0,0,2,0,0,8,0,0,12,0,0
2016010001980 ,-0.082294,51.485118,0,1,1,5,6.35,4,3,30,3,2,6,0,4,4,2,2,0,0,1,9,0,0,18,0,0,10,0,0,8,0,0,6,0,0,13,0,0,9,0,0,12,0,0,4,0,0,1,0,0,2,0,0,1,0,0,9,0,0,2,0,0
2016010001989 ,-0.425169,51.499576,0,2,2,5,7.6,3,6,30,6,4,6,0,5,1,1,1,0,0,1,9,9,0,18,18,0,10,10,0,1,6,0,6,6,0,13,13,0,9,9,0,12,12,0,1,4,0,1,1,0,6,2,0,2,2,0,6,8,0,15,5,0
2016010001999 ,0.008276,51.589267,0,2,1,5,6.25,3,6,40,0,0,0,0,0,1,1,2,0,0,1,9,5,0,13,13,0,10,10,0,9,9,0,6,6,0,13,13,0,9,9,0,12,12,0,3,3,0,1,1,0,2,2,0,1,1,0,9,7,0,12,8,0
2016010002026 ,-0.375533,51.513827,0,1,1,3,14.49,5,6,30,6,4,6,0,1,1,1,1,0,0,1,9,0,0,18,0,0,10,0,0,1,0,0,6,0,0,13,0,0,2,0,0,1,0,0,4,0,0,1,0,0,1,0,0,1,0,0,6,0,0,9,0,0
2016010002045 ,-0.014385,51.529761,0,2,1,5,12.20,3,1,20,1,2,3,0,0,1,1,1,0,0,1,9,9,0,4,4,0,10,10,0,3,3,0,6,6,0,13,13,0,9,9,0,12,12,0,1,2,0,1,1,0,1,6,0,2,2,0,8,7,0,3,2,0
2016010002059 ,-0.101324,51.536686,0,1,2,4,20.5,3,6,20,0,0,0,0,4,4,1,2,0,0,1,3,0,0,18,0,0,10,0,0,9,0,0,6,0,0,13,0,0,9,0,0,12,0,0,1,0,0,1,0,0,1,0,0,1,0,0,7,0,0,3,0,0
2016010002063 ,0.172863,51.565201,0,4,3,5,11.13,3,6,30,6,4,6,0,0,1,1,1,0,0,1,9,9,9,3,3,3,10,10,10,1,1,1,6,6,6,13,13,13,9,9,9,12,12,12,2,1,1,1,1,1,6,6,6,2,2,2,8,6,6,9,14,1
2016010002064 ,-0.408198,51.449079,0,1,1,4,18.10,6,6,30,9,4,3,0,1,4,2,2,0,0,1,9,0,0,9,0,0,10,0,0,6,0,0,6,0,0,13,0,0,9,0,0,12,0,0,3,0,0,1,0,0,6,0,0,2,0,0,8,0,0,10,0,0
2016010002066 ,-0.148623,51.476202,0,1,1,5,11.55,3,3,30,6,2,3,0,7,1,1,1,0,0,1,11,0,0,18,0,0,2,0,0,6,0,0,6,0,0,13,0,0,9,0,0,12,0,0,5,0,0,2,0,0,6,0,0,1,0,0,8,0,0,9,0,0
2016010002067 ,-0.197779,51.427418,0,2,2,5,13.45,4,1,30,3,4,5,0,0,1,1,1,0,0,1,9,9,0,9,18,0,10,10,0,4,4,0,6,6,0,13,13,0,9,9,0,12,12,0,1,1,0,2,2,0,6,2,0,2,2,0,7,6,0,9,13,0
2016010002073 ,-0.36469,51.530852,0,2,1,5,13.45,4,6,30,3,4,6,0,0,1,1,1,0,0,1,11,9,0,18,9,0,10,10,0,8,6,0,6,6,0,13,13,0,9,9,0,12,12,0,4,4,0,1,1,0,1,4,0,1,1,0,8,6,0,5,1,0
2016010002089 ,-0.133701,51.510138,0,1,1,5,3.20,3,2,30,7,2,3,0,4,4,2,2,0,0,1,8,0,0,3,0,0,10,0,0,1,0,0,6,0,0,13,0,0,9,0,0,12,0,0,1,0,0,1,0,0,1,0,0,1,0,0,8,0,0,2,0,0
2016010002090 ,-0.173609,51.395029,0,1,1,5,17.21,3,6,40,0,0,0,0,1,4,2,2,0,0,1,9,0,0,4,0,0,10,0,0,9,0,0,6,0,0,13,0,0,9,0,0,12,0,0,1,0,0,1,0,0,2,0,0,1,0,0,10,0,0,3,0,0
2016010002091 ,-0.067036,51.457619,0,1,1,5,14.55,4,6,20,8,4,6,0,0,1,1,1,0,0,1,9,0,0,18,0,0,9,0,0,6,0,0,6,0,0,13,0,0,9,0,0,12,0,0,1,0,0,1,0,0,1,0,0,1,0,0,7,0,0,16,0,0
2016010002092 ,-0.123185,51.580113,0,2,1,5,16.2,3,6,20,0,0,0,0,0,1,1,2,0,0,1,2,9,0,13,9,0,10,10,0,9,9,0,6,6,0,13,13,0,9,9,0,12,12,0,1,3,0,1,1,0,6,6,0,1,2,0,5,8,0,7,12,0
2016010002093 ,-0.105449,51.437293,0,1,2,2,20.50,3,6,30,3,4,6,0,8,4,2,2,0,0,1,9,0,0,3,0,0,10,0,0,1,0,0,6,0,0,13,0,0,9,0,0,12,0,0,2,0,0,1,0,0,6,0,0,1,0,0,8,0,0,16,0,0
2016010002096 ,-0.151198,51.554928,0,1,1,5,18.0,4,6,20,3,4,6,0,4,4,5,2,0,0,1,9,0,0,9,0,0,10,0,0,8,0,0,6,0,0,13,0,0,9,0,0,12,0,0,4,0,0,1,0,0,6,0,0,1,0,0,6,0,0,22,0,0
2016010002097 ,-0.267314,51.600674,0,1,1,5,19.20,5,3,30,3,2,3,0,5,4,1,1,0,0,1,9,0,0,9,0,0,10,0,0,1,0,0,6,0,0,13,0,0,9,0,0,12,0,0,1,0,0,1,0,0,6,0,0,1,0,0,5,0,0,4,0,0
2016010002098 ,-0.099258,51.523973,0,1,1,5,18.59,3,6,20,3,4,6,0,4,4,8,2,0,0,1,19,0,0,9,0,0,10,0,0,1,0,0,6,0,0,13,0,0,9,0,0,12,0,0,1,0,0,1,0,0,1,0,0,1,0,0,7,0,0,7,0,0
2016010002099 ,-0.329514,51.562279,0,2,2,5,13.40,3,7,30,6,4,6,0,0,5,5,2,0,0,1,2,9,0,5,3,0,10,10,0,1,6,0,6,6,0,13,13,0,9,9,0,12,12,0,2,1,0,1,1,0,2,6,0,1,1,0,7,9,0,15,8,0
2016010002100 ,-0.391562,51.484283,0,2,1,5,16.50,5,6,30,3,4,6,0,0,4,2,2,0,0,1,9,9,0,4,4,0,10,10,0,1,1,0,6,6,0,13,13,0,9,9,0,12,12,0,2,1,0,1,1,0,2,2,0,1,2,0,4,7,0,8,9,0
2016010002101 ,-0.427941,51.548802,0,2,1,5,15.2,3,3,70,0,0,0,0,0,1,1,2,0,0,1,9,9,0,18,4,0,10,10,0,9,9,0,6,6,0,13,13,0,9,9,0,12,12,0,1,2,0,1,1,0,2,2,0,1,2,0,8,6,0,12,6,0
2016010002105 ,0.223401,51.527472,0,2,1,5,20.6,5,6,30,0,0,0,0,0,6,1,2,0,0,2,9,9,0,17,16,0,10,10,0,9,9,0,6,6,0,13,13,0,9,9,0,12,12,0,1,1,0,1,1,0,6,6,0,1,1,0,8,8,0,15,21,0
2016010002108 ,-0.168647,51.353675,0,2,1,5,19.18,5,6,30,6,4,6,0,1,4,1,1,0,0,1,9,9,0,18,5,0,10,10,0,8,6,0,6,6,0,13,13,0,9,9,0,12,12,0,1,4,0,1,1,0,6,6,0,1,2,0,9,7,0,1,15,0
2016010002110 ,0.181566,51.478706,0,1,1,5,17.30,5,6,30,1,4,6,0,1,4,2,2,0,0,1,19,0,0,18,0,0,10,0,0,3,0,0,6,0,0,13,0,0,9,0,0,12,0,0,1,0,0,2,0,0,6,0,0,1,0,0,8,0,0,15,0,0
2016010002122 ,-0.292191,51.410757,0,1,1,3,16.30,3,6,30,7,2,3,0,5,4,2,2,0,0,1,3,0,0,18,0,0,10,0,0,1,0,0,6,0,0,13,0,0,9,0,0,12,0,0,1,0,0,1,0,0,1,0,0,1,0,0,7,0,0,2,0,0
2016010002123 ,-0.14144,51.362329,0,2,1,5,22.45,6,6,30,0,0,0,0,0,4,9,2,0,0,1,2,9,0,18,6,0,10,10,0,9,9,0,6,6,0,13,13,0,9,9,0,12,12,0,5,5,0,1,1,0,6,6,0,1,1,0,4,5,0,15,12,0
2016010002126 ,0.205362,51.580782,0,1,1,5,17.15,5,6,30,3,4,6,0,0,4,2,2,0,0,1,8,0,0,9,0,0,10,0,0,5,0,0,6,0,0,13,0,0,9,0,0,12,0,0,1,0,0,1,0,0,6,0,0,1,0,0,6,0,0,6,0,0
2016010002127 ,-0.107383,51.498385,0,2,1,5,23.50,3,3,30,3,4,6,0,0,4,2,2,0,0,1,3,9,0,18,7,0,2,10,0,5,6,0,5,6,0,13,13,0,9,9,0,12,12,0,1,1,0,1,1,0,6,6,0,1,1,0,6,7,0,7,4,0
2016010002128 ,-0.158632,51.581574,0,1,1,5,21.50,3,3,40,0,0,0,0,0,4,1,1,0,0,1,9,0,0,18,0,0,9,0,0,9,0,0,1,0,0,13,0,0,1,0,0,10,0,0,1,0,0,1,0,0,1,0,0,2,0,0,8,0,0,14,0,0
2016010002130 ,-0.003805,51.600175,0,1,1,3,21.19,3,3,50,0,0,0,0,7,4,1,2,0,0,1,9,0,0,16,0,0,10,0,0,9,0,0,1,0,0,13,0,0,9,0,0,12,0,0,1,0,0,1,0,0,6,0,0,1,0,0,4,0,0,11,0,0
2016010002131 ,-0.077346,51.523975,0,1,1,6,2.20,3,3,20,3,2,6,0,4,4,1,2,0,0,1,11,0,0,4,0,0,10,0,0,1,0,0,6,0,0,13,0,0,9,0,0,12,0,0,5,0,0,1,0,0,6,0,0,1,0,0,8,0,0,1,0,0
2016010002132 ,-0.256447,51.43559,0,2,1,6,2.7,3,3,30,9,2,3,0,0,4,1,2,0,0,1,8,8,0,18,18,0,10,10,0,1,1,0,6,6,0,13,13,0,9,9,0,12,12,0,2,1,0,1,1,0,6,6,0,1,1,0,8,9,0,4,4,0
2016010002135 ,0.099721,51.578044,0,2,1,2,1.40,3,3,50,6,2,5,0,4,4,1,1,0,0,1,9,9,0,18,18,0,10,10,0,8,8,0,6,6,0,13,13,0,9,9,0,12,12,0,3,1,0,1,1,0,2,2,0,1,1,0,6,7,0,16,13,0
2016010002149 ,-0.346253,51.609906,0,1,1,6,8.30,3,3,40,3,4,6,0,0,1,1,1,0,0,1,9,0,0,7,0,0,10,0,0,1,0,0,6,0,0,13,0,0,9,0,0,12,0,0,1,0,0,1,0,0,3,0,0,2,0,0,8,0,0,8,0,0
2016010002157 ,-0.1295,51.524729,0,1,1,6,9.5,6,6,20,0,0,0,0,0,1,1,1,0,0,1,19,0,0,18,0,0,10,0,0,9,0,0,6,0,0,13,0,0,9,0,0,12,0,0,4,0,0,1,0,0,1,0,0,1,0,0,9,0,0,12,0,0
2016010002159 ,-0.467587,51.4978,0,2,1,6,8.45,6,6,30,3,4,6,0,0,1,1,1,0,0,1,9,9,0,14,18,0,10,10,0,1,1,0,6,6,0,13,13,0,9,9,0,12,12,0,1,1,0,1,1,0,3,3,0,2,2,0,6,6,0,15,8,0
2016010002165 ,-0.360681,51.510023,0,3,1,6,7.59,3,3,30,9,4,6,0,0,1,1,1,0,0,1,9,9,9,3,3,18,10,10,10,1,1,1,6,6,6,13,4,4,9,9,9,12,12,12,2,2,1,1,1,1,1,1,6,1,2,1,5,7,7,11,10,13
2016010002185 ,-0.152919,51.369795,0,2,1,6,7.30,3,6,30,3,4,6,0,0,1,1,2,0,0,1,3,9,0,18,9,0,10,10,0,6,6,0,5,6,0,13,13,0,9,9,0,12,12,0,1,4,0,1,1,0,6,6,0,1,1,0,7,11,0,29,18,0
2016010002189 ,-0.338501,51.474011,0,1,1,6,11.7,3,6,30,0,0,0,0,0,1,1,1,0,0,1,11,0,0,18,0,0,10,0,0,9,0,0,6,0,0,13,0,0,9,0,0,12,0,0,5,0,0,1,0,0,1,0,0,1,0,0,9,0,0,5,0,0
2016010002201 ,-0.23286,51.547105,0,2,1,6,11.53,3,6,30,9,4,6,0,0,1,1,1,0,0,1,9,3,0,6,14,0,10,10,0,1,8,0,6,5,0,13,13,0,9,9,0,12,12,0,3,1,0,1,1,0,6,6,0,1,1,0,6,6,0,10,8,0
2016010002211 ,-0.211786,51.558565,0,1,1,2,19.15,3,6,30,6,2,3,0,5,7,9,2,0,0,1,3,0,0,18,0,0,10,0,0,8,0,0,6,0,0,13,0,0,9,0,0,12,0,0,1,0,0,1,0,0,6,0,0,1,0,0,7,0,0,10,0,0
2016010002213 ,0.086321,51.578553,0,2,1,6,9.10,6,6,30,6,4,6,0,0,1,1,1,0,0,1,9,9,0,18,9,0,10,10,0,8,6,0,6,6,0,13,13,0,9,9,0,12,12,0,1,4,0,1,1,0,6,2,0,1,2,0,7,6,0,5,2,0
2016010002218 ,-0.249024,51.535567,0,1,1,6,11.30,4,6,20,0,0,0,0,4,1,1,1,0,0,1,11,0,0,5,0,0,10,0,0,9,0,0,6,0,0,13,0,0,9,0,0,12,0,0,5,0,0,1,0,0,1,0,0,1,0,0,7,0,0,4,0,0
2016010002232 ,-0.114866,51.34131,0,2,1,6,14.47,5,6,30,0,0,0,0,0,1,1,1,0,0,1,9,19,0,18,18,0,10,10,0,9,9,0,6,1,0,13,13,0,9,9,0,12,12,0,2,1,0,1,1,0,1,1,0,2,1,0,5,6,0,9,1,0
2016010002238 ,-0.359675,51.501916,0,2,1,6,15.59,3,6,30,0,0,0,0,0,4,1,1,0,0,1,9,10,0,18,18,0,10,10,0,9,9,0,6,6,0,13,13,0,9,9,0,12,12,0,1,1,0,1,1,0,3,3,0,2,1,0,8,7,0,6,9,0
2016010002240 ,-0.106144,51.531728,0,1,1,6,16.55,3,6,20,7,2,3,0,5,4,1,1,0,0,1,9,0,0,18,0,0,10,0,0,1,0,0,6,0,0,13,0,0,9,0,0,12,0,0,4,0,0,1,0,0,6,0,0,1,0,0,5,0,0,11,0,0
2016010002242 ,-0.010788,51.463422,0,1,1,6,16.50,3,6,20,0,0,0,0,0,4,1,1,0,0,1,11,0,0,14,0,0,2,0,0,9,0,0,6,0,0,13,0,0,9,0,0,12,0,0,1,0,0,1,0,0,1,0,0,1,0,0,7,0,0,2,0,0
2016010002243 ,-0.362826,51.518506,0,1,1,6,14.0,6,6,20,3,4,6,0,0,1,1,1,0,0,1,9,0,0,9,0,0,10,0,0,1,0,0,6,0,0,13,0,0,9,0,0,12,0,0,1,0,0,1,0,0,6,0,0,2,0,0,6,0,0,9,0,0
2016010002253 ,-0.326461,51.456754,0,2,1,6,14.45,3,3,40,3,4,6,0,0,1,1,1,0,0,1,3,9,0,13,6,0,10,10,0,1,1,0,2,6,0,13,13,0,9,9,0,12,12,0,4,3,0,1,1,0,6,6,0,1,2,0,7,8,0,7,11,0
2016010002255 ,0.110646,51.364982,0,2,1,6,17.18,3,6,40,3,4,6,0,8,4,1,1,0,0,1,9,9,0,18,5,0,10,10,0,8,5,0,6,6,0,13,7,0,7,9,0,12,12,0,4,1,0,1,1,0,6,6,0,1,1,0,8,10,0,17,5,0
2016010002260 ,0.235898,51.605924,0,1,1,6,15.30,6,6,30,0,0,0,0,0,1,1,1,0,0,1,9,0,0,18,0,0,10,0,0,9,0,0,6,0,0,13,0,0,9,0,0,12,0,0,1,0,0,1,0,0,6,0,0,1,0,0,6,0,0,9,0,0
2016010002261 ,0.072666,51.490934,0,3,2,6,19.5,3,3,30,0,0,0,0,0,4,4,1,0,0,1,19,9,9,4,3,3,10,10,10,9,9,9,6,6,6,13,13,13,9,9,9,12,12,12,1,2,2,1,1,1,1,6,6,1,1,1,5,8,6,1,4,4
2016010002262 ,0.148313,51.491281,0,1,1,6,17.17,4,6,30,0,0,0,0,0,4,1,1,0,0,1,9,0,0,18,0,0,10,0,0,9,0,0,6,0,0,13,0,0,9,0,0,12,0,0,4,0,0,1,0,0,6,0,0,1,0,0,8,0,0,18,0,0
2016010002265 ,-0.075466,51.548045,0,1,2,6,17.27,3,6,20,3,4,6,0,1,4,1,1,0,0,1,3,0,0,18,0,0,10,0,0,8,0,0,6,0,0,13,0,0,9,0,0,12,0,0,1,0,0,1,0,0,2,0,0,1,0,0,4,0,0,4,0,0
2016010002267 ,-0.076542,51.652377,0,2,1,6,18.55,3,6,30,3,2,5,0,5,4,1,1,0,0,1,9,3,0,9,9,0,10,10,0,6,1,0,6,6,0,13,13,0,9,9,0,12,12,0,4,3,0,1,1,0,6,6,0,1,1,0,7,9,0,5,4,0
2016010002271 ,-0.291303,51.511641,0,2,1,6,17.20,3,6,30,5,4,6,0,0,4,1,2,0,0,1,9,3,0,9,18,0,10,10,0,1,1,0,6,6,0,13,13,0,9,9,0,12,12,0,1,1,0,1,1,0,6,6,0,1,1,0,4,7,0,13,19,0
2016010002275 ,-0.414285,51.510131,0,2,1,6,20.0,5,6,30,3,4,6,0,4,4,1,1,0,0,1,9,3,0,9,18,0,10,10,0,5,5,0,6,6,0,13,13,0,9,9,0,12,12,0,4,1,0,1,1,0,6,6,0,1,1,0,8,6,0,15,13,0
2016010002276 ,-0.156307,51.514182,0,1,1,6,20.0,3,2,30,6,4,6,0,0,4,1,1,0,0,1,5,0,0,3,0,0,10,0,0,1,0,0,6,0,0,13,0,0,9,0,0,12,0,0,1,0,0,1,0,0,6,0,0,1,0,0,9,0,0,6,0,0
2016010002278 ,-0.152711,51.474828,0,1,1,6,17.10,3,6,30,9,4,6,0,8,4,1,1,0,0,1,9,0,0,14,0,0,10,0,0,2,0,0,6,0,0,13,0,0,9,0,0,12,0,0,1,0,0,1,0,0,1,0,0,2,0,0,7,0,0,13,0,0
2016010002280 ,0.04559,51.436372,0,2,1,6,18.20,3,6,30,0,0,0,0,0,4,1,1,0,0,1,4,9,0,14,6,0,10,10,0,9,9,0,6,6,0,13,13,0,9,9,0,12,12,0,1,3,0,1,1,0,6,6,0,1,1,0,7,8,0,12,1,0
2016010002281 ,0.111413,51.497077,0,1,1,6,16.47,6,6,30,0,0,0,0,0,4,1,2,0,0,1,9,0,0,18,0,0,10,0,0,9,0,0,6,0,0,13,0,0,1,0,0,12,0,0,1,0,0,1,0,0,6,0,0,1,0,0,5,0,0,6,0,0
2016010002282 ,-0.063469,51.385437,0,2,1,6,21.30,3,6,30,0,0,0,0,8,4,1,1,0,0,1,9,9,0,18,3,0,10,10,0,9,9,0,6,6,0,4,13,0,9,9,0,12,12,0,1,5,0,1,1,0,6,1,0,2,1,0,5,6,0,14,10,0
2016010002288 ,-0.176757,51.615579,0,2,1,6,18.45,3,6,30,3,4,6,0,0,4,1,1,0,0,1,3,9,0,18,9,0,10,10,0,8,6,0,6,6,0,13,13,0,9,9,0,12,12,0,3,1,0,1,1,0,2,6,0,2,2,0,7,6,0,1,11,0
2016010002289 ,-0.200838,51.517931,0,2,1,2,17.47,4,6,30,3,4,6,0,0,4,1,1,0,0,1,9,5,0,5,18,0,10,10,0,5,1,0,6,6,0,13,13,0,9,9,0,12,12,0,4,1,0,1,1,0,6,6,0,1,1,0,10,6,0,15,3,0
2016010002300 ,-0.392637,51.556057,0,2,1,6,23.30,5,6,30,1,4,6,0,0,4,1,1,0,0,1,9,4,0,9,18,0,10,10,0,8,8,0,6,1,0,13,13,0,9,9,0,12,12,0,4,1,0,1,1,0,6,2,0,1,1,0,9,5,0,13,9,0
2016010002308 ,-0.139901,51.386136,0,2,1,7,1.10,4,1,30,1,4,6,0,0,4,1,1,0,2,1,21,19,0,16,18,0,10,10,0,3,4,0,6,6,0,13,11,0,9,9,0,12,12,0,3,1,0,1,1,0,1,6,0,1,1,0,9,7,0,2,8,0
2016010002309 ,-0.250116,51.488282,0,2,1,5,20.36,3,6,30,3,4,3,0,1,4,1,1,0,0,1,9,9,0,18,3,0,10,10,0,1,1,0,6,6,0,13,13,0,9,9,0,12,12,0,2,1,0,1,1,0,2,6,0,1,1,0,10,9,0,14,13,0
2016010002313 ,-0.03186,51.525739,0,2,1,7,0.48,3,3,30,3,4,6,0,0,4,1,1,0,0,1,9,3,0,6,18,0,10,10,0,5,8,0,6,2,0,13,13,0,9,9,0,12,12,0,3,1,0,1,1,0,2,1,0,1,1,0,6,5,0,2,5,0
2016010002317 ,0.165278,51.435841,0,1,1,7,1.10,4,6,30,3,4,6,0,0,4,1,1,0,0,1,9,0,0,18,0,0,10,0,0,1,0,0,2,0,0,10,0,0,2,0,0,10,0,0,1,0,0,2,0,0,6,0,0,1,0,0,6,0,0,4,0,0
2016010002322 ,-0.079268,51.389114,0,1,1,6,8.45,5,6,30,3,3,6,0,0,1,1,1,0,0,1,9,0,0,18,0,0,10,0,0,1,0,0,6,0,0,13,0,0,9,0,0,12,0,0,4,0,0,1,0,0,3,0,0,2,0,0,6,0,0,6,0,0
2016010002355 ,-0.206673,51.42072,0,5,1,7,11.0,3,6,30,3,2,4,2,5,1,1,1,0,0,1,11,9,9,5,5,3,10,10,10,8,2,2,6,6,6,13,13,13,9,9,9,12,12,12,1,2,2,1,1,1,6,6,6,1,2,2,8,7,5,1,7,9
2016010002357 ,-0.154525,51.522607,0,2,1,7,12.14,3,3,30,0,0,0,2,4,1,1,1,0,0,1,8,3,0,18,18,0,10,2,0,9,9,0,6,6,0,13,13,0,9,9,0,12,12,0,4,3,0,2,1,0,1,6,0,1,1,0,8,4,0,13,5,0
2016010002358 ,-0.169275,51.471131,0,1,1,7,7.25,3,6,30,9,4,6,0,0,1,1,1,0,0,1,11,0,0,4,0,0,10,0,0,1,0,0,6,0,0,13,0,0,9,0,0,12,0,0,5,0,0,1,0,0,1,0,0,1,0,0,8,0,0,2,0,0
2016010002359 ,-0.070252,51.53492,0,2,1,7,10.5,4,6,30,6,2,5,0,5,1,1,1,0,0,1,3,9,0,13,9,0,10,10,0,8,6,0,6,6,0,13,13,0,9,9,0,12,12,0,1,3,0,1,1,0,6,6,0,1,1,0,5,6,0,1,1,0
2016010002362 ,-0.035893,51.448738,0,2,2,7,11.45,6,6,30,6,4,6,0,0,1,1,1,0,0,1,9,9,0,5,18,0,10,10,0,8,8,0,6,6,0,13,13,0,9,9,0,12,12,0,4,1,0,1,1,0,1,1,0,1,1,0,8,5,0,7,1,0
2016010002372 ,0.0056,51.544888,0,1,1,5,11.0,6,2,30,3,4,6,0,0,1,1,1,0,0,1,9,0,0,9,0,0,10,0,0,2,0,0,6,0,0,13,0,0,9,0,0,12,0,0,1,0,0,1,0,0,1,0,0,1,0,0,5,0,0,15,0,0
2016010002373 ,-0.173698,51.486577,0,2,1,7,16.30,5,3,30,3,4,6,0,0,4,1,1,4,0,1,8,3,0,9,14,0,10,10,0,6,1,0,6,5,0,13,13,0,9,9,0,12,12,0,1,1,0,1,1,0,1,1,0,1,1,0,6,6,0,6,9,0
2016010002375 ,-0.038819,51.565064,0,2,2,7,15.15,3,6,30,3,4,6,0,5,1,1,1,0,0,1,9,9,0,18,18,0,10,10,0,1,8,0,6,6,0,13,13,0,9,9,0,12,12,0,3,3,0,1,1,0,6,6,0,2,2,0,8,5,0,14,3,0
2016010002377 ,-0.112385,51.481919,0,2,1,6,23.46,3,3,30,6,2,3,0,5,4,1,1,0,0,1,5,9,0,18,7,0,10,10,0,8,8,0,1,6,0,13,13,0,9,9,0,12,12,0,5,5,0,1,1,0,6,6,0,1,1,0,8,7,0,17,2,0
2016010002387 ,0.069208,51.56087,0,1,1,7,17.35,3,6,30,0,0,0,0,4,4,2,2,0,0,1,11,0,0,18,0,0,10,0,0,9,0,0,6,0,0,13,0,0,9,0,0,12,0,0,1,0,0,1,0,0,6,0,0,1,0,0,9,0,0,5,0,0
2016010002388 ,-0.120927,51.386193,0,1,1,7,19.2,3,6,30,3,4,6,0,0,4,2,2,0,0,1,9,0,0,4,0,0,10,0,0,1,0,0,6,0,0,13,0,0,9,0,0,12,0,0,4,0,0,1,0,0,6,0,0,1,0,0,7,0,0,18,0,0
2016010002392 ,-0.186879,51.51376,0,2,1,7,19.0,4,2,30,6,2,6,0,5,4,8,2,4,2,1,8,8,0,18,3,0,10,10,0,8,8,0,1,6,0,13,13,0,1,9,0,9,12,0,4,1,0,1,1,0,1,1,0,1,1,0,8,5,0,3,6,0
2016010002393 ,-0.208042,51.587734,0,2,1,7,19.27,3,3,40,9,4,6,0,0,4,2,2,0,0,1,9,9,0,4,4,0,10,10,0,1,1,0,6,6,0,13,13,0,9,9,0,12,12,0,2,1,0,1,1,0,6,6,0,1,1,0,9,6,0,11,8,0
2016010002402 ,-0.356818,51.597285,0,2,1,7,6.10,5,6,30,9,4,6,0,0,1,1,1,0,0,1,11,9,0,18,9,0,10,10,0,8,6,0,6,6,0,13,13,0,9,9,0,12,12,0,1,1,0,1,1,0,6,1,0,1,1,0,7,6,0,8,7,0
2016010002403 ,-0.108006,51.601541,0,2,1,7,19.5,5,6,20,3,4,6,0,0,4,2,2,0,0,1,9,9,0,4,4,0,10,10,0,2,2,0,6,6,0,13,13,0,9,9,0,12,12,0,2,1,0,1,1,0,1,6,0,1,2,0,7,8,0,1,5,0