Accident_Index,Longitude,Latitude,SV,Number_of_Vehicles,Number_of_Casualties,Day_of_Week,Time,1st_Road_Class,Road_Type,Speed_limit,Junction_Detail,Junction_Control,2nd_Road_Class,Pedestrian_Crossing-Human_Control,Pedestrian_Crossing-Physical_Facilities,Light_Conditions,Weather_Conditions,Road_Surface_Conditions,Special_Conditions_at_Site,Carriageway_Hazards,Urban_or_Rural_Area,Vehicle1_Type,Vehicle2_Type,Vehicle3_Type,Vehicle1_Manoeuvre,Vehicle2_Manoeuvre,Vehicle3_Manoeuvre,Vehicle1_Location-Restricted_Lane,Vehicle2_Location-Restricted_Lane,Vehicle3_Location-Restricted_Lane,Junction1_Location,Junction2_Location,Junction3_Location,Skidding1_and_Overturning,Skidding2_and_Overturning,Skidding3_and_Overturning,Hit_Object_in_Carriageway1,Hit_Object_in_Carriageway2,Hit_Object_in_Carriageway3,Vehicle1_Leaving_Carriageway,Vehicle2_Leaving_Carriageway,Vehicle3_Leaving_Carriageway,Hit_Object_off_Carriageway1,Hit_Object_off_Carriageway2,Hit_Object_off_Carriageway3,1st_Point_of_Impact1,1st_Point_of_Impact2,1st_Point_of_Impact3,Was_Vehicle 1_Left_Hand_Drive?,Was_Vehicle2_Left_Hand_Drive?,Was_Vehicle 3_Left_Hand_Drive?,Journey_Purpose_of_Driver1,Journey_Purpose_of_Driver2,Journey_Purpose_of_Driver3,Sex_of_Driver1,Sex_of_Driver2,Sex_of_Driver3,Age_Band_of_Driver1,Age_Band_of_Driver2,Age_Band_of_Driver3,Age_of_Vehicle1,Age_of_Vehicle2,Age_of_Vehicle3
2016010004022 ,-0.189503,51.647339,0,1,1,3,17.22,3,6,30,0,0,0,0,4,4,1,1,0,0,1,9,0,0,17,0,0,10,0,0,9,0,0,6,0,0,13,0,0,9,0,0,12,0,0,1,0,0,1,0,0,6,0,0,2,0,0,8,0,0,3,0,0
2016010004027 ,-0.244094,51.465081,0,2,1,3,15.38,3,6,30,6,2,3,0,5,1,1,1,0,0,1,9,19,0,3,5,0,10,10,0,1,1,0,6,6,0,13,13,0,9,9,0,12,12,0,2,1,0,1,1,0,2,6,0,2,1,0,9,7,0,10,4,0
2016010004028 ,-0.125104,51.52295,0,1,1,3,18.10,4,6,20,6,4,6,0,1,4,1,1,0,0,1,9,0,0,9,0,0,10,0,0,6,0,0,6,0,0,13,0,0,9,0,0,12,0,0,1,0,0,1,0,0,2,0,0,1,0,0,7,0,0,18,0,0
2016010004030 ,0.102551,51.432846,0,1,1,2,17.8,5,6,30,6,2,3,0,4,1,1,1,0,0,1,9,0,0,18,0,0,10,0,0,1,0,0,6,0,0,13,0,0,9,0,0,12,0,0,4,0,0,1,0,0,6,0,0,2,0,0,10,0,0,4,0,0
2016010004031 ,0.032876,51.354127,0,1,1,2,15.0,3,6,30,3,2,4,0,0,1,1,1,4,0,2,9,0,0,16,0,0,10,0,0,5,0,0,6,0,0,10,0,0,1,0,0,2,0,0,1,0,0,1,0,0,6,0,0,1,0,0,11,0,0,9,0,0
2016010004033 ,-0.264173,51.39119,0,2,1,3,17.15,5,6,30,5,4,3,0,0,4,1,1,0,0,1,9,9,0,8,7,0,10,10,0,7,6,0,6,6,0,13,13,0,9,9,0,12,12,0,2,1,0,1,1,0,1,6,0,2,2,0,8,7,0,4,9,0
2016010004037 ,-0.126618,51.507147,0,1,1,3,16.59,4,3,30,0,0,0,0,0,4,1,1,0,0,1,5,0,0,18,0,0,10,0,0,9,0,0,6,0,0,13,0,0,9,0,0,12,0,0,1,0,0,1,0,0,2,0,0,1,0,0,6,0,0,11,0,0
2016010004038 ,-0.078762,51.442344,0,2,2,3,17.20,3,6,30,0,0,0,0,0,4,1,1,0,0,1,9,9,0,18,18,0,10,10,0,9,9,0,6,6,0,13,13,0,9,9,0,12,12,0,1,1,0,1,1,0,6,6,0,2,2,0,9,6,0,13,10,0
2016010004040 ,-0.119325,51.376185,0,1,1,3,17.28,3,3,30,3,2,6,0,0,4,1,1,0,0,1,9,0,0,9,0,0,10,0,0,1,0,0,6,0,0,13,0,0,9,0,0,12,0,0,1,0,0,1,0,0,6,0,0,2,0,0,6,0,0,3,0,0
2016010004046 ,-0.079535,51.663667,0,2,1,3,19.22,5,6,30,3,4,6,0,4,4,1,1,0,0,1,9,9,0,14,9,0,10,10,0,1,5,0,6,6,0,13,13,0,7,9,0,1,12,0,1,3,0,1,1,0,6,6,0,2,1,0,4,6,0,9,11,0
2016010004047 ,-0.130817,51.633291,0,1,1,3,20.40,3,6,30,0,0,0,0,4,4,1,1,0,0,1,9,0,0,1,0,0,10,0,0,9,0,0,6,0,0,13,0,0,9,0,0,12,0,0,1,0,0,1,0,0,6,0,0,1,0,0,10,0,0,1,0,0
2016010004048 ,0.232636,51.524689,0,1,4,3,19.49,5,6,60,0,0,0,0,0,6,1,4,0,0,2,9,0,0,16,0,0,10,0,0,9,0,0,2,0,0,10,0,0,9,0,0,12,0,0,1,0,0,1,0,0,6,0,0,1,0,0,4,0,0,10,0,0
2016010004056 ,-0.252345,51.486517,0,2,1,3,21.0,3,1,40,1,2,3,0,0,4,1,4,0,0,1,9,9,0,7,9,0,10,10,0,3,8,0,6,1,0,13,13,0,9,9,0,12,12,0,4,3,0,1,1,0,6,6,0,2,2,0,9,6,0,6,1,0
2016010004059 ,-0.005649,51.535008,0,2,2,3,21.0,3,3,30,7,4,5,0,0,4,1,4,0,0,1,8,9,0,18,9,0,10,10,0,8,8,0,1,1,0,13,13,0,9,9,0,12,12,0,1,2,0,1,1,0,1,6,0,1,2,0,7,7,0,5,5,0
2016010004063 ,-0.342844,51.540886,0,1,1,3,22.10,6,6,30,9,4,6,0,0,4,1,1,0,0,1,9,0,0,18,0,0,10,0,0,6,0,0,6,0,0,13,0,0,9,0,0,12,0,0,1,0,0,1,0,0,6,0,0,1,0,0,4,0,0,1,0,0
2016010004064 ,0.006108,51.546588,0,1,1,3,11.42,3,6,30,0,0,0,0,1,1,1,1,0,0,1,9,0,0,18,0,0,10,0,0,9,0,0,6,0,0,13,0,0,9,0,0,12,0,0,1,0,0,1,0,0,6,0,0,2,0,0,10,0,0,7,0,0
2016010004086 ,0.021967,51.536694,0,2,1,4,7.8,3,6,30,6,2,3,0,5,1,1,1,0,0,1,9,9,0,9,18,0,10,10,0,8,1,0,6,6,0,13,13,0,9,9,0,12,12,0,5,1,0,1,1,0,2,2,0,2,1,0,6,7,0,8,9,0
2016010004142 ,-0.014545,51.529404,0,3,1,4,9.31,3,6,30,0,0,0,0,0,1,1,1,0,0,1,19,9,8,18,18,18,10,10,10,9,9,9,6,6,6,13,13,13,9,9,9,12,12,12,2,1,1,1,1,1,1,6,1,1,2,1,5,9,8,8,7,10
2016010004153 ,-0.017325,51.448785,0,1,2,4,8.16,3,6,30,9,4,6,0,1,1,1,4,0,0,1,9,0,0,9,0,0,10,0,0,6,0,0,6,0,0,13,0,0,9,0,0,12,0,0,1,0,0,1,0,0,2,0,0,2,0,0,5,0,0,10,0,0
2016010004161 ,0.128566,51.463223,0,2,1,4,10.2,5,6,30,3,4,6,0,0,1,8,2,0,0,1,4,9,0,18,18,0,10,10,0,2,2,0,6,6,0,13,13,0,9,9,0,12,12,0,1,2,0,1,1,0,6,2,0,2,2,0,6,8,0,6,8,0
2016010004168 ,-0.202565,51.415441,0,1,1,4,9.38,4,7,30,3,1,6,0,0,1,1,1,4,0,1,9,0,0,5,0,0,10,0,0,1,0,0,6,0,0,13,0,0,9,0,0,12,0,0,1,0,0,1,0,0,6,0,0,1,0,0,9,0,0,16,0,0
2016010004178 ,-0.471878,51.559004,0,2,1,4,8.15,3,3,70,0,0,0,0,0,1,1,1,0,0,2,5,9,0,18,12,0,10,10,0,9,9,0,6,6,0,13,13,0,9,9,0,12,12,0,4,3,0,1,1,0,2,2,0,1,1,0,7,4,0,4,11,0
2016010004180 ,0.245494,51.536944,0,2,1,4,5.40,5,6,60,3,4,6,0,0,6,1,2,0,0,2,9,9,0,18,6,0,10,10,0,1,2,0,6,1,0,13,13,0,9,9,0,12,12,0,2,1,0,1,1,0,2,6,0,1,1,0,5,4,0,5,6,0
2016010004188 ,-0.029019,51.614809,0,1,1,4,10.38,3,3,30,3,4,6,0,1,1,1,1,0,0,1,19,0,0,18,0,0,10,0,0,1,0,0,6,0,0,13,0,0,9,0,0,12,0,0,1,0,0,1,0,0,1,0,0,1,0,0,11,0,0,10,0,0
2016010004197 ,-0.00369,51.579759,0,1,1,4,8.30,3,2,30,3,4,6,0,0,1,1,1,0,0,1,9,0,0,9,0,0,10,0,0,1,0,0,6,0,0,13,0,0,7,0,0,12,0,0,3,0,0,1,0,0,6,0,0,1,0,0,7,0,0,10,0,0
2016010004203 ,-0.481742,51.548701,0,2,1,4,12.20,3,6,30,6,4,4,0,8,1,1,1,0,0,1,9,4,0,7,8,0,10,10,0,1,1,0,6,6,0,13,13,0,9,9,0,12,12,0,4,4,0,1,1,0,6,1,0,1,1,0,11,6,0,14,2,0
2016010004206 ,-0.05074,51.606809,0,2,1,4,7.30,6,6,40,7,2,6,0,5,1,1,1,0,0,1,5,19,0,18,6,0,10,10,0,2,2,0,6,6,0,13,13,0,9,9,0,12,12,0,4,2,0,1,1,0,6,2,0,1,1,0,9,6,0,5,7,0
2016010004208 ,-0.379018,51.504972,0,1,1,4,12.40,3,6,30,2,4,5,0,1,1,1,1,0,0,1,9,0,0,18,0,0,10,0,0,6,0,0,6,0,0,13,0,0,9,0,0,12,0,0,1,0,0,1,0,0,6,0,0,1,0,0,7,0,0,5,0,0
2016010004213 ,-0.068394,51.469782,0,1,2,3,13.58,3,6,20,3,3,6,2,1,1,8,1,0,6,1,11,0,0,18,0,0,10,0,0,8,0,0,6,0,0,13,0,0,9,0,0,12,0,0,5,0,0,1,0,0,1,0,0,1,0,0,6,0,0,1,0,0
2016010004216 ,0.208556,51.581172,0,2,1,4,8.54,5,2,30,1,4,5,0,1,1,1,4,0,0,1,9,9,0,18,18,0,10,10,0,3,3,0,6,6,0,13,13,0,9,9,0,12,12,0,1,2,0,1,1,0,6,6,0,2,2,0,6,7,0,12,2,0
2016010004238 ,-0.144248,51.608684,0,2,1,3,7.15,3,3,40,0,0,0,0,0,4,8,4,5,0,1,19,9,0,18,18,0,10,10,0,9,9,0,6,1,0,13,7,0,9,9,0,12,12,0,1,4,0,1,1,0,1,2,0,1,1,0,7,8,0,2,12,0
2016010004266 ,-0.18697,51.413402,0,2,1,4,16.11,3,6,30,9,4,6,0,4,4,1,1,0,0,1,8,5,0,6,14,0,10,10,0,6,1,0,6,6,0,13,13,0,9,9,0,12,12,0,3,1,0,1,1,0,1,2,0,1,1,0,8,5,0,12,7,0
2016010004267 ,-0.103419,51.590316,0,1,4,4,14.10,3,6,30,6,2,3,0,1,1,1,1,0,0,1,11,0,0,3,0,0,10,0,0,1,0,0,6,0,0,13,0,0,9,0,0,12,0,0,5,0,0,1,0,0,1,0,0,2,0,0,9,0,0,6,0,0
2016010004275 ,-0.303733,51.456337,0,1,1,4,17.51,3,6,30,3,4,6,0,4,4,1,2,0,0,1,9,0,0,18,0,0,10,0,0,1,0,0,6,0,0,13,0,0,9,0,0,12,0,0,1,0,0,1,0,0,6,0,0,1,0,0,11,0,0,13,0,0
2016010004276 ,-0.095441,51.605025,0,1,1,4,14.36,5,6,30,9,4,6,0,0,1,2,2,0,2,1,9,0,0,9,0,0,9,0,0,6,0,0,1,0,0,11,0,0,9,0,0,12,0,0,4,0,0,1,0,0,6,0,0,2,0,0,8,0,0,16,0,0
2016010004277 ,-0.191939,51.360332,0,1,1,4,17.40,3,2,30,6,4,3,0,8,6,1,1,0,0,1,9,0,0,18,0,0,10,0,0,1,0,0,6,0,0,13,0,0,9,0,0,12,0,0,3,0,0,1,0,0,6,0,0,2,0,0,6,0,0,8,0,0
2016010004280 ,0.15081,51.489257,0,1,1,4,15.21,4,6,30,3,4,6,0,0,1,1,1,0,0,1,11,0,0,5,0,0,10,0,0,1,0,0,6,0,0,13,0,0,9,0,0,12,0,0,5,0,0,1,0,0,1,0,0,1,0,0,8,0,0,4,0,0
2016010004283 ,-0.019096,51.537484,0,1,2,4,19.40,6,3,30,8,4,6,0,0,4,1,4,0,0,1,9,0,0,5,0,0,10,0,0,2,0,0,1,0,0,13,0,0,1,0,0,2,0,0,1,0,0,1,0,0,2,0,0,1,0,0,5,0,0,1,0,0
2016010004288 ,-0.338401,51.445053,0,1,1,4,21.15,3,6,30,3,4,6,0,7,4,1,4,0,0,1,4,0,0,18,0,0,10,0,0,1,0,0,1,0,0,13,0,0,9,0,0,12,0,0,5,0,0,1,0,0,6,0,0,1,0,0,5,0,0,1,0,0
2016010004290 ,-0.294839,51.571312,0,1,1,4,18.42,5,6,20,0,0,0,0,4,4,1,1,0,0,1,9,0,0,18,0,0,10,0,0,9,0,0,6,0,0,13,0,0,9,0,0,12,0,0,1,0,0,1,0,0,2,0,0,1,0,0,7,0,0,2,0,0
2016010004291 ,0.104189,51.50602,0,1,2,4,21.0,6,6,30,0,0,0,0,0,4,1,1,1,0,1,9,0,0,18,0,0,10,0,0,9,0,0,6,0,0,7,0,0,9,0,0,12,0,0,4,0,0,1,0,0,6,0,0,1,0,0,5,0,0,7,0,0
2016010004293 ,-0.373167,51.43457,0,2,1,4,20.55,3,6,30,3,4,6,0,0,4,1,1,0,0,1,9,9,0,10,18,0,10,10,0,1,1,0,6,6,0,13,13,0,9,9,0,12,12,0,2,1,0,1,1,0,6,6,0,2,1,0,4,7,0,12,9,0
2016010004295 ,0.090564,51.475957,0,1,2,4,14.10,6,6,20,3,4,6,0,0,1,1,1,0,0,1,9,0,0,4,0,0,9,0,0,2,0,0,6,0,0,13,0,0,2,0,0,10,0,0,1,0,0,1,0,0,6,0,0,1,0,0,11,0,0,17,0,0
2016010004299 ,-0.095048,51.41752,0,2,1,4,15.0,6,6,30,0,0,0,0,0,1,1,2,0,0,1,9,3,0,5,18,0,10,10,0,9,9,0,6,1,0,13,13,0,9,9,0,12,12,0,1,5,0,1,1,0,6,6,0,1,1,0,8,5,0,8,2,0
2016010004306 ,0.230952,51.55215,0,1,1,4,22.42,5,6,30,0,0,0,0,0,4,1,1,0,0,1,9,0,0,18,0,0,10,0,0,9,0,0,1,0,0,7,0,0,8,0,0,10,0,0,1,0,0,1,0,0,6,0,0,1,0,0,6,0,0,8,0,0
2016010004309 ,-0.114683,51.394726,0,1,1,7,7.21,3,6,30,3,3,6,2,1,1,1,1,0,0,1,9,0,0,18,0,0,10,0,0,1,0,0,6,0,0,13,0,0,9,0,0,12,0,0,4,0,0,1,0,0,1,0,0,2,0,0,6,0,0,7,0,0
2016010004312 ,0.085298,51.594039,0,1,1,4,23.55,3,6,30,1,4,5,0,1,4,1,1,0,0,1,11,0,0,17,0,0,10,0,0,1,0,0,6,0,0,13,0,0,9,0,0,12,0,0,1,0,0,1,0,0,1,0,0,1,0,0,9,0,0,6,0,0
2016010004315 ,-0.154954,51.433496,0,2,1,4,22.20,3,6,30,3,4,6,0,0,4,1,2,0,0,1,9,9,0,4,4,0,10,10,0,2,2,0,6,6,0,13,13,0,9,9,0,12,12,0,2,1,0,1,1,0,2,6,0,1,2,0,7,10,0,12,1,0
2016010004316 ,-0.145834,51.420672,0,2,2,4,22.40,3,6,30,6,2,6,0,0,4,1,1,0,0,1,9,8,0,13,9,0,10,10,0,1,1,0,6,6,0,13,13,0,7,9,0,12,12,0,1,1,0,1,1,0,2,1,0,1,1,0,6,7,0,6,6,0
2016010004318 ,-0.134292,51.545039,0,3,3,5,4.30,3,6,30,0,0,0,0,0,4,1,4,4,0,1,8,8,19,18,18,18,10,10,10,9,9,9,6,6,6,13,13,13,9,9,9,12,12,12,1,2,2,1,1,1,1,1,1,1,1,1,9,6,8,2,3,1
2016010004322 ,-0.161548,51.423348,0,1,1,4,8.21,3,6,30,9,4,6,0,5,1,1,1,0,0,1,11,0,0,3,0,0,10,0,0,2,0,0,6,0,0,13,0,0,9,0,0,12,0,0,5,0,0,1,0,0,1,0,0,1,0,0,8,0,0,9,0,0
2016010004324 ,-0.301697,51.387064,0,2,3,4,9.20,3,6,30,1,4,6,0,4,1,1,4,0,0,1,9,9,0,18,18,0,10,10,0,1,1,0,1,6,0,13,13,0,9,9,0,12,12,0,2,2,0,1,1,0,6,6,0,2,2,0,6,8,0,5,4,0
2016010004374 ,-0.369689,51.608795,0,2,1,5,7.55,3,3,30,3,4,6,0,0,1,1,2,0,0,1,5,9,0,18,9,0,10,10,0,1,5,0,6,6,0,13,13,0,9,9,0,12,12,0,1,4,0,1,1,0,2,6,0,1,1,0,5,7,0,1,6,0
2016010004410 ,0.002154,51.495936,0,1,1,5,8.40,3,6,30,9,4,3,0,0,1,1,1,0,0,1,3,0,0,18,0,0,10,0,0,1,0,0,6,0,0,13,0,0,9,0,0,12,0,0,1,0,0,1,0,0,2,0,0,1,0,0,7,0,0,8,0,0
2016010004413 ,0.103926,51.534713,0,3,1,5,11.36,3,6,30,0,0,0,0,0,1,1,1,0,0,1,9,9,19,4,3,3,10,10,10,9,9,9,6,6,6,13,13,13,9,9,9,12,12,12,5,2,1,1,1,1,6,6,1,2,2,1,9,9,6,19,7,11
2016010004416 ,-0.173469,51.60033,0,2,1,5,7.45,3,3,30,3,4,6,0,0,1,1,4,0,0,1,2,9,0,18,6,0,10,10,0,1,1,0,1,6,0,13,13,0,9,9,0,12,12,0,5,5,0,1,2,0,6,6,0,1,1,0,6,8,0,8,6,0
2016010004423 ,0.064172,51.529304,0,1,1,5,11.15,6,3,20,9,4,6,0,0,1,1,1,0,0,1,11,0,0,18,0,0,10,0,0,2,0,0,6,0,0,13,0,0,9,0,0,12,0,0,5,0,0,1,0,0,1,0,0,1,0,0,7,0,0,6,0,0
2016010004440 ,-0.003608,51.561862,0,2,1,3,1.4,4,6,30,0,0,0,0,4,1,8,1,0,0,1,3,9,0,4,1,0,10,10,0,9,9,0,6,6,0,13,4,0,9,9,0,12,12,0,1,2,0,1,1,0,6,2,0,1,1,0,4,6,0,8,10,0
2016010004444 ,0.141278,51.58089,0,2,1,5,11.38,3,3,50,6,2,3,0,0,1,1,1,0,0,1,90,9,0,18,18,0,10,10,0,8,8,0,6,6,0,13,13,0,9,9,0,12,12,0,1,1,0,1,1,0,6,6,0,1,2,0,5,9,0,7,9,0
2016010004448 ,-0.087096,51.521797,0,2,1,4,18.28,3,6,30,3,4,6,0,1,4,1,1,0,0,1,8,5,0,12,4,0,10,10,0,2,2,0,6,5,0,13,13,0,9,9,0,12,12,0,5,5,0,1,1,0,1,6,0,1,1,0,7,8,0,7,6,0
2016010004457 ,-0.408639,51.448816,0,1,1,5,10.2,6,7,30,0,0,0,0,1,1,1,1,0,0,1,11,0,0,5,0,0,10,0,0,9,0,0,6,0,0,13,0,0,9,0,0,12,0,0,5,0,0,1,0,0,6,0,0,2,0,0,9,0,0,1,0,0
2016010004461 ,-0.082138,51.526572,0,1,1,5,12.18,3,3,20,3,2,6,0,5,1,1,1,0,0,1,11,0,0,5,0,0,10,0,0,8,0,0,6,0,0,13,0,0,9,0,0,12,0,0,5,0,0,1,0,0,1,0,0,2,0,0,8,0,0,5,0,0
2016010004480 ,-0.254973,51.54213,0,2,2,5,13.50,3,2,30,3,4,3,0,0,1,1,1,0,0,1,9,9,0,3,5,0,10,10,0,2,2,0,6,6,0,13,13,0,9,9,0,12,12,0,2,1,0,1,1,0,6,6,0,2,2,0,5,8,0,5,9,0
2016010004487 ,-0.213949,51.646905,0,1,1,5,16.1,6,6,30,0,0,0,0,0,1,1,1,0,0,1,9,0,0,5,0,0,10,0,0,9,0,0,6,0,0,13,0,0,9,0,0,12,0,0,4,0,0,1,0,0,6,0,0,1,0,0,8,0,0,11,0,0
2016010004488 ,-0.174949,51.649812,0,1,1,5,16.2,3,6,30,2,4,3,0,1,1,1,2,0,0,1,9,0,0,5,0,0,10,0,0,3,0,0,6,0,0,13,0,0,9,0,0,12,0,0,1,0,0,1,0,0,2,0,0,1,0,0,6,0,0,15,0,0
2016010004489 ,-0.17431,51.489284,0,1,2,5,17.0,6,6,30,3,4,6,0,0,4,1,1,0,0,1,19,0,0,4,0,0,10,0,0,2,0,0,6,0,0,13,0,0,9,0,0,12,0,0,3,0,0,1,0,0,1,0,0,1,0,0,11,0,0,1,0,0
2016010004490 ,-0.001355,51.54087,0,2,1,5,15.30,3,2,30,0,0,0,0,4,1,1,1,0,0,1,9,3,0,3,15,0,10,10,0,9,9,0,6,6,0,13,13,0,9,9,0,12,12,0,4,3,0,1,1,0,6,6,0,2,1,0,7,6,0,7,1,0
2016010004493 ,0.146454,51.525309,0,1,1,5,17.55,3,3,50,0,0,0,0,0,4,1,1,0,0,1,5,0,0,18,0,0,10,0,0,9,0,0,6,0,0,13,0,0,9,0,0,12,0,0,5,0,0,1,0,0,2,0,0,1,0,0,9,0,0,8,0,0
2016010004495 ,0.076622,51.54626,0,2,6,5,18.30,3,6,30,3,2,6,0,1,4,1,1,0,0,1,9,9,0,18,18,0,10,10,0,8,3,0,6,6,0,13,13,0,9,9,0,12,12,0,1,1,0,1,1,0,6,6,0,1,2,0,6,8,0,10,5,0
2016010004497 ,-0.158444,51.58265,0,2,3,5,15.39,3,6,30,3,4,6,0,0,1,8,2,0,0,1,19,11,0,6,18,0,10,10,0,2,2,0,6,6,0,13,13,0,9,9,0,12,12,0,3,4,0,1,1,0,6,1,0,1,1,0,9,8,0,2,6,0
2016010004498 ,-0.084631,51.484346,0,2,1,5,15.15,4,6,20,3,4,6,0,0,1,1,1,0,0,1,4,9,0,18,9,0,10,10,0,1,1,0,2,6,0,13,13,0,9,9,0,12,12,0,1,3,0,1,1,0,1,6,0,1,1,0,5,6,0,7,5,0
2016010004501 ,-0.240654,51.393537,0,2,1,5,18.34,5,6,30,3,4,6,0,1,4,8,2,0,0,1,9,9,0,18,18,0,10,10,0,1,1,0,6,6,0,13,13,0,1,9,0,12,12,0,1,1,0,1,1,0,2,6,0,1,1,0,4,9,0,4,11,0
2016010004503 ,-0.135497,51.462595,0,2,1,5,14.30,3,6,30,9,2,6,0,4,1,1,1,0,0,1,2,19,0,13,5,0,10,10,0,1,1,0,5,6,0,13,13,0,9,9,0,12,12,0,1,3,0,1,1,0,6,6,0,1,1,0,5,6,0,8,3,0
2016010004505 ,-0.14405,51.514349,0,1,1,5,19.20,5,2,30,3,4,5,0,0,4,1,1,0,0,1,8,0,0,9,0,0,10,0,0,1,0,0,6,0,0,13,0,0,9,0,0,12,0,0,1,0,0,1,0,0,6,0,0,1,0,0,9,0,0,4,0,0
2016010004510 ,-0.143997,51.590066,0,2,1,5,17.30,3,6,20,3,4,6,0,0,4,1,1,0,0,1,9,3,0,9,18,0,10,10,0,5,1,0,6,6,0,13,13,0,9,9,0,12,12,0,1,1,0,1,1,0,2,6,0,1,1,0,8,8,0,5,6,0
2016010004511 ,0.038904,51.366973,0,1,1,5,15.28,3,6,30,6,2,3,0,5,1,1,1,0,0,1,9,0,0,18,0,0,10,0,0,6,0,0,6,0,0,13,0,0,9,0,0,12,0,0,1,0,0,1,0,0,6,0,0,1,0,0,10,0,0,2,0,0
2016010004516 ,-0.063107,51.618254,0,1,1,5,17.50,3,6,30,3,4,6,0,4,4,1,2,0,0,1,11,0,0,18,0,0,2,0,0,1,0,0,6,0,0,13,0,0,9,0,0,12,0,0,1,0,0,1,0,0,1,0,0,1,0,0,7,0,0,3,0,0
2016010004518 ,0.208269,51.52461,0,2,3,5,18.55,6,6,30,6,4,6,0,0,1,1,1,0,0,1,9,9,0,18,18,0,10,10,0,1,6,0,6,6,0,13,13,0,9,9,0,12,12,0,1,3,0,1,1,0,6,1,0,2,1,0,10,6,0,6,5,0
2016010004519 ,-0.368704,51.547633,0,1,1,5,20.52,3,6,30,0,0,0,0,8,4,1,1,0,0,1,9,0,0,13,0,0,10,0,0,9,0,0,6,0,0,13,0,0,9,0,0,12,0,0,1,0,0,1,0,0,2,0,0,1,0,0,6,0,0,9,0,0
2016010004522 ,-0.108176,51.61827,0,2,1,5,18.55,3,6,30,3,4,6,0,0,4,1,2,0,0,1,2,9,0,18,3,0,10,6,0,1,2,0,1,6,0,13,13,0,9,9,0,12,12,0,5,5,0,1,1,0,6,6,0,1,1,0,8,6,0,5,1,0
2016010004524 ,-0.479355,51.481857,0,1,1,5,22.3,3,3,50,3,4,4,0,0,4,1,1,0,0,1,9,0,0,18,0,0,8,0,0,8,0,0,6,0,0,13,0,0,9,0,0,12,0,0,4,0,0,1,0,0,6,0,0,1,0,0,6,0,0,13,0,0
2016010004526 ,-0.202778,51.369671,0,2,1,5,22.5,6,6,30,3,4,6,0,0,4,8,2,0,0,1,9,2,0,9,14,0,10,10,0,6,1,0,6,6,0,13,13,0,9,9,0,12,12,0,3,1,0,1,1,0,2,1,0,1,1,0,6,6,0,7,2,0
2016010004528 ,-0.111503,51.496293,0,1,1,6,1.0,3,3,30,6,2,3,0,4,4,1,1,0,0,1,2,0,0,4,0,0,10,0,0,1,0,0,6,0,0,13,0,0,9,0,0,12,0,0,2,0,0,1,0,0,1,0,0,1,0,0,7,0,0,1,0,0
2016010004538 ,-0.380162,51.541767,0,1,1,6,0.50,3,3,30,0,0,0,0,0,4,1,1,0,0,1,9,0,0,18,0,0,10,0,0,9,0,0,6,0,0,10,0,0,6,0,0,6,0,0,1,0,0,1,0,0,6,0,0,1,0,0,6,0,0,2,0,0
2016010004543 ,-0.173586,51.482169,0,2,2,5,5.30,3,3,30,6,2,3,0,5,4,1,1,0,0,1,9,8,0,9,5,0,10,10,0,1,1,0,6,6,0,13,13,0,1,1,0,2,12,0,1,1,0,1,1,0,2,1,0,1,1,0,6,8,0,14,7,0
2016010004548 ,0.127103,51.555518,0,2,2,6,15.40,4,2,30,6,4,6,0,0,4,1,2,0,0,1,9,9,0,5,18,0,10,10,0,8,8,0,6,6,0,10,13,0,9,9,0,12,12,0,3,1,0,1,1,0,2,6,0,1,1,0,7,9,0,5,12,0
2016010004566 ,-0.372112,51.545073,0,2,1,6,8.2,3,6,30,3,4,6,0,0,1,1,2,0,0,1,9,3,0,9,14,0,10,10,0,7,1,0,6,1,0,13,13,0,9,9,0,12,12,0,4,5,0,1,1,0,3,6,0,1,2,0,7,6,0,8,4,0
2016010004639 ,-0.061065,51.642411,0,2,1,6,11.20,3,3,40,9,4,6,0,5,1,8,2,0,0,1,9,9,0,18,4,0,10,10,0,1,1,0,1,6,0,13,13,0,9,9,0,12,12,0,1,2,0,1,1,0,6,6,0,1,1,0,9,9,0,16,8,0
2016010004652 ,-0.196569,51.527488,0,2,1,6,11.25,4,6,30,3,4,4,0,1,1,1,1,0,6,1,10,9,0,18,10,0,10,10,0,1,1,0,6,6,0,11,11,0,9,9,0,12,12,0,1,2,0,1,1,0,1,6,0,1,2,0,7,5,0,9,9,0
2016010004655 ,-0.324072,51.533695,0,2,1,6,12.13,4,3,30,3,2,5,0,0,1,1,2,0,0,1,9,9,0,3,3,0,10,10,0,1,1,0,6,6,0,13,13,0,9,9,0,12,12,0,2,1,0,1,1,0,6,6,0,1,2,0,8,7,0,2,5,0
2016010004658 ,-0.204639,51.476264,0,2,1,6,11.35,3,6,30,7,4,6,0,0,1,1,4,0,0,1,9,2,0,3,18,0,10,10,0,1,1,0,6,1,0,13,13,0,9,9,0,12,12,0,2,1,0,1,1,0,6,1,0,1,1,0,10,5,0,8,1,0
2016010004665 ,-0.398018,51.558918,0,2,1,6,12.16,5,6,30,0,0,0,0,0,5,1,2,0,0,1,4,9,0,4,4,0,10,10,0,9,9,0,6,6,0,13,13,0,1,1,0,12,12,0,1,2,0,1,1,0,6,6,0,1,2,0,4,9,0,12,1,0