Accident_Index,Longitude,Latitude,SV,Number_of_Vehicles,Number_of_Casualties,Day_of_Week,Time,1st_Road_Class,Road_Type,Speed_limit,Junction_Detail,Junction_Control,2nd_Road_Class,Pedestrian_Crossing-Human_Control,Pedestrian_Crossing-Physical_Facilities,Light_Conditions,Weather_Conditions,Road_Surface_Conditions,Special_Conditions_at_Site,Carriageway_Hazards,Urban_or_Rural_Area,Vehicle1_Type,Vehicle2_Type,Vehicle3_Type,Vehicle1_Manoeuvre,Vehicle2_Manoeuvre,Vehicle3_Manoeuvre,Vehicle1_Location-Restricted_Lane,Vehicle2_Location-Restricted_Lane,Vehicle3_Location-Restricted_Lane,Junction1_Location,Junction2_Location,Junction3_Location,Skidding1_and_Overturning,Skidding2_and_Overturning,Skidding3_and_Overturning,Hit_Object_in_Carriageway1,Hit_Object_in_Carriageway2,Hit_Object_in_Carriageway3,Vehicle1_Leaving_Carriageway,Vehicle2_Leaving_Carriageway,Vehicle3_Leaving_Carriageway,Hit_Object_off_Carriageway1,Hit_Object_off_Carriageway2,Hit_Object_off_Carriageway3,1st_Point_of_Impact1,1st_Point_of_Impact2,1st_Point_of_Impact3,Was_Vehicle 1_Left_Hand_Drive?,Was_Vehicle2_Left_Hand_Drive?,Was_Vehicle 3_Left_Hand_Drive?,Journey_Purpose_of_Driver1,Journey_Purpose_of_Driver2,Journey_Purpose_of_Driver3,Sex_of_Driver1,Sex_of_Driver2,Sex_of_Driver3,Age_Band_of_Driver1,Age_Band_of_Driver2,Age_Band_of_Driver3,Age_of_Vehicle1,Age_of_Vehicle2,Age_of_Vehicle3
2016010004674 ,-0.070727,51.588434,0,2,1,6,12.25,3,3,30,3,2,4,0,0,1,1,1,0,0,1,19,11,0,5,5,0,10,10,0,8,8,0,6,6,0,13,13,0,9,9,0,12,12,0,2,1,0,1,1,0,1,1,0,1,1,0,9,5,0,11,4,0
2016010004685 ,-0.099523,51.368581,0,2,3,6,12.40,3,6,30,3,4,6,0,0,1,1,1,0,0,1,9,11,0,7,18,0,10,10,0,1,1,0,6,6,0,13,13,0,9,9,0,12,12,0,2,1,0,1,1,0,6,1,0,1,1,0,6,6,0,10,3,0
2016010004687 ,-0.11813,51.548737,0,1,1,6,8.49,3,6,20,9,4,6,0,4,1,1,2,0,0,1,3,0,0,13,0,0,10,0,0,8,0,0,2,0,0,13,0,0,9,0,0,12,0,0,1,0,0,1,0,0,2,0,0,2,0,0,6,0,0,7,0,0
2016010004708 ,-0.231711,51.546997,0,3,2,6,9.30,3,6,30,3,4,6,0,0,1,1,1,0,0,1,9,9,9,18,18,9,10,10,10,1,2,1,6,6,6,13,13,13,9,9,9,12,12,12,1,1,3,1,1,1,6,6,6,2,1,2,8,8,6,12,2,10
2016010004710 ,-0.30936,51.455969,0,1,1,6,13.20,3,6,30,3,4,6,0,4,1,1,2,0,0,1,11,0,0,5,0,0,10,0,0,1,0,0,6,0,0,13,0,0,9,0,0,12,0,0,5,0,0,1,0,0,1,0,0,1,0,0,8,0,0,13,0,0
2016010004714 ,-0.076405,51.518924,0,1,1,6,14.30,5,6,30,3,4,6,0,0,1,1,1,0,0,1,9,0,0,18,0,0,10,0,0,1,0,0,6,0,0,13,0,0,9,0,0,12,0,0,1,0,0,1,0,0,6,0,0,1,0,0,6,0,0,7,0,0
2016010004716 ,0.11352,51.576807,0,2,2,6,7.25,4,6,30,3,4,6,0,0,1,1,1,0,0,1,9,9,0,7,18,0,10,10,0,2,1,0,6,6,0,13,13,0,9,9,0,12,12,0,1,1,0,1,1,0,6,6,0,1,1,0,6,5,0,7,6,0
2016010004719 ,0.022191,51.535251,0,3,2,6,16.0,3,6,30,6,4,6,0,1,1,1,1,0,0,1,9,9,9,10,18,3,10,10,10,1,1,1,1,1,1,13,13,13,9,9,9,12,12,12,4,1,3,1,1,1,6,6,6,2,1,2,5,8,7,9,7,6
2016010004721 ,-0.229885,51.408123,0,2,1,6,18.11,4,6,30,8,4,6,0,0,4,2,2,0,0,1,5,9,0,14,5,0,10,10,0,6,6,0,6,6,0,13,13,0,9,9,0,12,12,0,1,1,0,1,1,0,1,6,0,1,1,0,5,10,0,4,13,0
2016010004722 ,-0.470667,51.509081,0,1,1,6,18.1,6,6,30,3,4,6,0,0,4,1,1,0,0,1,9,0,0,9,0,0,10,0,0,1,0,0,6,0,0,13,0,0,9,0,0,12,0,0,1,0,0,1,0,0,6,0,0,2,0,0,7,0,0,5,0,0
2016010004723 ,-0.182809,51.413158,0,1,1,6,13.0,6,6,30,3,4,6,0,0,1,1,1,0,0,1,9,0,0,5,0,0,10,0,0,2,0,0,6,0,0,13,0,0,9,0,0,12,0,0,4,0,0,1,0,0,6,0,0,2,0,0,6,0,0,10,0,0
2016010004726 ,-0.111423,51.606182,0,1,1,6,18.59,6,6,30,3,4,3,0,4,4,2,2,0,0,1,9,0,0,7,0,0,10,0,0,1,0,0,6,0,0,13,0,0,1,0,0,12,0,0,3,0,0,1,0,0,6,0,0,1,0,0,10,0,0,8,0,0
2016010004727 ,-0.148505,51.347423,0,2,1,6,17.50,5,6,40,0,0,0,0,0,4,1,2,0,0,1,9,9,0,16,18,0,10,10,0,9,9,0,6,1,0,13,13,0,9,7,0,12,12,0,1,2,0,1,1,0,2,2,0,2,1,0,7,6,0,3,18,0
2016010004728 ,-0.090772,51.540741,0,1,1,6,18.24,6,3,20,6,4,6,0,4,4,1,2,0,0,1,9,0,0,4,0,0,10,0,0,5,0,0,6,0,0,13,0,0,9,0,0,12,0,0,1,0,0,1,0,0,6,0,0,1,0,0,6,0,0,5,0,0
2016010004732 ,-0.386568,51.495185,0,1,1,6,14.30,6,6,20,3,4,6,0,0,1,1,1,0,0,1,9,0,0,18,0,0,10,0,0,1,0,0,6,0,0,13,0,0,9,0,0,12,0,0,1,0,0,1,0,0,6,0,0,2,0,0,8,0,0,17,0,0
2016010004738 ,0.13317,51.481665,0,1,1,6,15.45,3,3,30,3,4,6,0,0,1,1,1,0,0,1,9,0,0,18,0,0,10,0,0,1,0,0,6,0,0,13,0,0,9,0,0,12,0,0,1,0,0,1,0,0,6,0,0,1,0,0,6,0,0,1,0,0
2016010004739 ,-0.129119,51.439022,0,2,1,6,16.25,4,6,30,3,4,6,0,0,4,1,1,0,0,1,9,5,0,9,18,0,10,10,0,5,2,0,6,1,0,13,13,0,9,9,0,12,12,0,4,1,0,1,1,0,6,6,0,1,1,0,7,7,0,11,6,0
2016010004746 ,-0.081347,51.600209,0,2,3,6,20.40,3,6,30,0,0,0,0,0,4,2,2,0,0,1,9,19,0,16,1,0,10,10,0,9,9,0,6,6,0,13,13,0,9,9,0,12,12,0,1,2,0,1,1,0,6,6,0,1,1,0,5,6,0,12,13,0
2016010004747 ,-0.115549,51.352653,0,2,1,5,18.20,3,6,40,0,0,0,0,0,4,1,1,0,0,1,5,9,0,18,6,0,10,10,0,9,9,0,6,6,0,13,13,0,9,9,0,12,12,0,1,3,0,1,1,0,6,6,0,1,2,0,6,6,0,8,5,0
2016010004757 ,-0.128494,51.510594,0,2,1,6,20.56,3,6,30,3,4,6,0,1,4,1,1,0,0,1,5,8,0,14,6,0,10,10,0,8,8,0,6,6,0,13,13,0,7,9,0,10,12,0,4,3,0,1,1,0,2,1,0,1,1,0,6,6,0,11,6,0
2016010004762 ,0.191637,51.544527,0,2,3,6,22.13,3,6,30,3,4,6,0,0,4,1,2,0,0,1,9,9,0,18,18,0,10,10,0,1,6,0,6,6,0,13,13,0,9,9,0,12,12,0,3,1,0,1,1,0,2,2,0,1,2,0,8,6,0,13,12,0
2016010004765 ,-0.165856,51.520447,0,2,2,7,0.50,3,3,30,0,0,0,0,0,4,1,1,0,0,1,9,9,0,4,4,0,10,10,0,9,9,0,6,6,0,13,13,0,9,9,0,12,12,0,2,1,0,2,2,0,6,1,0,1,1,0,8,8,0,12,4,0
2016010004767 ,-0.187791,51.646773,0,2,1,7,0.1,3,3,30,3,4,3,0,0,4,1,2,0,0,1,9,9,0,9,18,0,10,10,0,6,6,0,1,6,0,13,13,0,9,9,0,12,12,0,4,1,0,1,1,0,6,6,0,2,1,0,5,5,0,5,2,0
2016010004770 ,-0.3893,51.601512,0,2,1,7,0.5,3,6,30,8,4,6,0,0,4,1,2,0,0,1,8,9,0,18,7,0,10,10,0,1,1,0,6,6,0,13,13,0,9,9,0,12,12,0,1,4,0,1,1,0,1,6,0,1,1,0,8,11,0,5,2,0
2016010004776 ,-0.424384,51.501454,0,3,2,7,4.2,3,6,30,3,2,3,0,4,4,1,2,0,0,1,8,19,9,3,3,18,10,10,10,1,1,1,6,6,6,13,13,13,9,9,9,12,12,12,2,2,1,1,1,1,1,1,6,1,1,1,6,8,6,8,1,10
2016010004780 ,0.00105,51.483905,0,4,1,7,3.50,3,6,30,3,1,3,0,5,4,1,1,0,0,1,9,9,8,4,18,4,10,10,10,1,1,1,6,6,6,13,13,13,9,1,9,12,12,12,2,1,2,1,1,1,6,6,1,2,1,1,6,7,6,10,11,3
2016010004784 ,0.023555,51.396826,0,2,1,6,14.20,3,6,30,0,0,0,0,0,1,1,1,0,0,1,4,4,0,18,18,0,10,10,0,9,9,0,5,5,0,13,13,0,9,9,0,12,12,0,2,1,0,1,1,0,6,6,0,1,1,0,7,8,0,1,1,0
2016010004833 ,-0.057215,51.516,0,2,1,5,19.50,6,3,20,3,4,6,0,0,4,8,1,0,0,1,9,2,0,9,18,0,10,10,0,8,8,0,6,6,0,13,13,0,9,9,0,12,12,0,1,1,0,1,1,0,6,6,0,1,1,0,7,5,0,10,3,0
2016010004853 ,-0.277402,51.540123,0,2,1,7,7.45,3,3,40,0,0,0,0,0,1,1,1,0,0,1,9,3,0,7,18,0,10,10,0,9,9,0,6,6,0,13,13,0,9,9,0,12,12,0,4,3,0,1,1,0,6,6,0,1,1,0,6,6,0,5,8,0
2016010004891 ,-0.11405,51.532305,0,1,1,7,8.0,6,6,20,9,4,6,0,0,1,1,2,0,0,1,4,0,0,4,0,0,10,0,0,1,0,0,1,0,0,13,0,0,9,0,0,12,0,0,5,0,0,1,0,0,1,0,0,2,0,0,8,0,0,2,0,0
2016010004897 ,-0.031436,51.472044,0,2,1,7,7.8,3,6,30,6,2,4,0,5,1,1,1,0,0,1,3,19,0,18,18,0,10,10,0,2,1,0,6,6,0,13,13,0,9,9,0,12,12,0,1,4,0,1,1,0,2,1,0,1,1,0,8,5,0,9,1,0
2016010004913 ,-0.122629,51.530554,0,1,1,7,11.0,3,3,30,6,2,3,0,4,1,1,1,0,0,1,11,0,0,5,0,0,10,0,0,1,0,0,6,0,0,13,0,0,9,0,0,12,0,0,5,0,0,1,0,0,1,0,0,1,0,0,7,0,0,5,0,0
2016010004914 ,-0.107699,51.435081,0,1,1,7,11.5,6,6,20,3,4,6,0,0,1,1,1,0,0,1,9,0,0,5,0,0,10,0,0,1,0,0,6,0,0,13,0,0,9,0,0,12,0,0,3,0,0,1,0,0,6,0,0,1,0,0,7,0,0,15,0,0
2016010004920 ,-0.295819,51.552802,0,1,1,7,12.45,6,2,30,3,4,3,0,0,1,1,1,0,0,1,9,0,0,5,0,0,10,0,0,1,0,0,6,0,0,13,0,0,9,0,0,12,0,0,1,0,0,1,0,0,6,0,0,2,0,0,7,0,0,2,0,0
2016010004923 ,-0.336954,51.512567,0,1,1,6,17.30,5,6,30,3,4,6,0,1,4,1,1,0,0,1,9,0,0,18,0,0,10,0,0,1,0,0,6,0,0,13,0,0,9,0,0,12,0,0,1,0,0,1,0,0,3,0,0,2,0,0,8,0,0,1,0,0
2016010004930 ,-0.268992,51.514731,0,2,2,6,18.59,3,6,30,3,4,6,0,0,4,1,1,0,0,1,9,9,0,5,4,0,10,10,0,2,2,0,6,6,0,13,13,0,9,9,0,12,12,0,1,2,0,1,1,0,6,6,0,2,1,0,4,8,0,15,11,0
2016010004931 ,0.239294,51.610356,0,1,1,6,8.9,6,6,20,0,0,0,0,0,1,1,1,0,0,1,9,0,0,18,0,0,10,0,0,9,0,0,6,0,0,13,0,0,9,0,0,12,0,0,1,0,0,1,0,0,3,0,0,2,0,0,4,0,0,2,0,0
2016010004938 ,-0.067234,51.527856,0,2,1,7,14.35,4,6,30,6,3,6,0,0,1,1,1,0,0,1,9,3,0,5,4,0,10,10,0,1,1,0,6,6,0,13,13,0,9,9,0,12,12,0,1,1,0,1,1,0,2,6,0,1,1,0,8,5,0,2,7,0
2016010004942 ,-0.000352,51.471608,0,2,2,7,14.30,3,6,30,6,4,6,0,0,1,1,1,0,0,1,9,9,0,10,18,0,10,10,0,1,1,0,6,6,0,13,13,0,9,9,0,12,12,0,1,1,0,1,1,0,6,6,0,2,1,0,7,6,0,5,7,0
2016010004945 ,-0.399283,51.527012,0,2,2,7,14.20,5,6,30,0,0,0,0,0,1,1,1,0,0,1,9,9,0,4,18,0,10,10,0,9,9,0,6,1,0,13,13,0,9,9,0,12,12,0,5,1,0,1,1,0,6,2,0,2,2,0,7,6,0,10,2,0
2016010004948 ,-0.164886,51.501547,0,2,1,6,21.6,3,6,30,3,4,6,0,0,4,1,1,0,0,1,8,8,0,9,18,0,10,10,0,8,8,0,6,6,0,13,13,0,9,9,0,12,12,0,4,1,0,1,1,0,1,1,0,1,1,0,6,8,0,2,9,0
2016010004949 ,-0.126141,51.508219,0,1,2,7,16.57,3,6,30,0,0,0,0,4,4,1,1,0,0,1,11,0,0,18,0,0,10,0,0,9,0,0,6,0,0,13,0,0,9,0,0,12,0,0,5,0,0,1,0,0,1,0,0,1,0,0,7,0,0,3,0,0
2016010004952 ,-0.375863,51.532895,0,3,3,7,16.58,4,3,30,6,2,6,0,5,4,1,1,0,0,1,9,9,9,18,3,3,10,10,10,1,1,1,6,6,6,13,13,13,9,9,9,12,12,12,1,2,2,1,1,1,6,6,6,1,2,2,11,9,5,15,8,13
2016010004953 ,0.023621,51.320114,0,1,1,7,13.30,6,6,40,3,4,6,0,0,1,1,1,0,0,1,9,0,0,17,0,0,10,0,0,2,0,0,6,0,0,10,0,0,9,0,0,12,0,0,4,0,0,1,0,0,6,0,0,2,0,0,5,0,0,2,0,0
2016010004957 ,-0.102383,51.538951,0,1,1,7,20.22,3,3,20,0,0,0,0,0,4,1,1,0,0,1,11,0,0,18,0,0,10,0,0,9,0,0,6,0,0,13,0,0,9,0,0,12,0,0,4,0,0,1,0,0,1,0,0,1,0,0,9,0,0,4,0,0
2016010004959 ,-0.079504,51.578866,0,2,1,7,20.0,4,6,30,3,4,6,0,0,4,1,1,0,0,1,19,3,0,9,18,0,10,10,0,2,1,0,6,6,0,13,13,0,9,9,0,12,12,0,1,1,0,1,1,0,6,6,0,1,2,0,5,5,0,2,2,0
2016010004963 ,-0.090543,51.473831,0,1,1,7,17.19,3,3,20,6,2,4,0,5,4,1,1,0,0,1,4,0,0,18,0,0,10,0,0,1,0,0,1,0,0,13,0,0,9,0,0,12,0,0,5,0,0,1,0,0,6,0,0,1,0,0,5,0,0,1,0,0
2016010004966 ,0.19155,51.527712,0,1,1,7,17.30,3,6,30,3,4,6,0,8,4,1,2,0,0,1,3,0,0,12,0,0,10,0,0,2,0,0,6,0,0,13,0,0,9,0,0,12,0,0,4,0,0,1,0,0,6,0,0,1,0,0,6,0,0,1,0,0
2016010004971 ,-0.440644,51.451404,0,2,1,7,21.6,6,6,20,3,4,5,0,0,4,1,1,0,0,1,9,4,0,9,18,0,10,10,0,6,1,0,6,1,0,13,13,0,9,9,0,12,12,0,3,1,0,1,1,0,6,6,0,2,1,0,8,6,0,10,18,0
2016010004972 ,-0.307516,51.39686,0,2,1,7,21.4,6,6,20,6,4,6,0,0,4,8,1,0,0,1,8,4,0,5,18,0,10,10,0,1,8,0,6,6,0,13,13,0,9,9,0,12,12,0,3,1,0,1,1,0,1,6,0,1,1,0,7,4,0,5,5,0
2016010004976 ,-0.10859,51.573583,0,2,1,7,21.31,6,6,30,3,4,6,0,0,4,1,1,0,0,1,3,8,0,18,10,0,10,10,0,1,2,0,1,6,0,13,13,0,9,9,0,12,12,0,5,5,0,1,1,0,1,6,0,1,1,0,8,8,0,1,8,0
2016010004977 ,-0.06481,51.462618,0,2,1,7,14.40,5,6,20,7,2,3,0,4,1,1,1,0,0,1,9,9,0,4,4,0,10,10,0,1,1,0,6,6,0,13,13,0,9,9,0,12,12,0,2,1,0,1,1,0,3,6,0,1,2,0,6,8,0,7,3,0
2016010004980 ,-0.058455,51.524114,0,2,1,7,23.25,4,6,30,9,4,6,0,0,4,1,1,0,0,1,9,9,0,18,18,0,10,10,0,6,1,0,6,6,0,13,13,0,9,9,0,12,12,0,1,3,0,1,1,0,6,6,0,1,1,0,6,6,0,6,2,0
2016010004983 ,-0.087788,51.529362,0,2,1,7,22.0,3,2,30,5,4,6,0,1,4,1,1,0,0,1,8,9,0,4,18,0,10,10,0,1,8,0,6,6,0,13,13,0,9,9,0,12,12,0,3,1,0,2,1,0,6,6,0,1,1,0,7,6,0,3,10,0
2016010004984 ,-0.057434,51.548108,0,2,1,1,1.0,3,6,30,3,4,6,0,0,4,1,1,0,0,1,8,3,0,6,18,0,10,10,0,6,1,0,6,1,0,13,13,0,9,9,0,12,12,0,1,1,0,1,1,0,6,6,0,1,1,0,8,5,0,14,7,0
2016010004985 ,-0.010644,51.426999,0,2,1,1,0.50,3,6,30,7,2,3,0,4,4,1,2,0,0,1,9,3,0,10,14,0,10,10,0,1,1,0,6,6,0,13,13,0,9,9,0,12,12,0,3,4,0,1,1,0,6,1,0,2,1,0,10,4,0,7,1,0
2016010004987 ,-0.011405,51.42935,0,2,1,5,13.58,5,6,30,3,4,6,0,0,1,1,1,0,0,1,9,3,0,7,18,0,10,10,0,1,1,0,6,6,0,13,13,0,9,9,0,12,12,0,4,1,0,1,1,0,6,2,0,2,1,0,10,6,0,1,7,0
2016010004989 ,0.052712,51.591825,0,2,3,1,1.15,5,6,30,3,4,6,0,0,4,8,2,0,0,1,9,9,0,17,9,0,10,10,0,6,6,0,6,6,0,13,13,0,9,9,0,12,12,0,1,1,0,1,1,0,6,6,0,1,1,0,6,5,0,2,17,0
2016010004996 ,-0.098441,51.557412,0,2,1,7,22.40,3,6,20,3,4,6,0,0,4,1,1,0,0,1,8,3,0,6,18,0,10,10,0,8,8,0,6,2,0,13,13,0,9,9,0,12,12,0,5,1,0,1,1,0,1,6,0,1,1,0,8,6,0,8,2,0
2016010004998 ,-0.128579,51.325433,0,1,2,1,1.40,4,6,30,0,0,0,0,0,4,1,1,0,0,1,9,0,0,16,0,0,10,0,0,9,0,0,1,0,0,6,0,0,9,0,0,12,0,0,1,0,0,1,0,0,6,0,0,2,0,0,5,0,0,6,0,0
2016010005003 ,-0.136793,51.568549,0,1,1,7,2.10,3,3,30,9,4,6,0,4,4,1,2,4,0,1,9,0,0,4,0,0,10,0,0,1,0,0,6,0,0,13,0,0,9,0,0,12,0,0,3,0,0,1,0,0,1,0,0,1,0,0,7,0,0,4,0,0
2016010005013 ,-0.10383,51.379083,0,1,1,1,6.5,3,6,30,6,4,5,0,4,4,1,4,0,0,1,9,0,0,18,0,0,10,0,0,8,0,0,6,0,0,13,0,0,9,0,0,12,0,0,1,0,0,1,0,0,6,0,0,1,0,0,4,0,0,7,0,0
2016010005015 ,-0.043308,51.611721,0,2,1,7,8.53,3,3,50,0,0,0,0,7,1,1,1,0,0,1,9,9,0,18,18,0,10,10,0,9,9,0,6,6,0,13,13,0,1,9,0,7,12,0,1,4,0,1,1,0,2,2,0,1,1,0,5,4,0,9,12,0
2016010005019 ,-0.501806,51.482326,0,2,1,1,7.45,1,3,70,0,0,0,0,0,1,1,2,0,0,2,9,9,0,12,18,0,10,10,0,9,9,0,1,1,0,13,13,0,5,5,0,6,6,0,3,4,0,1,1,0,6,6,0,1,2,0,8,5,0,2,11,0
2016010005022 ,0.124337,51.558086,0,2,1,1,8.45,5,3,30,6,4,6,0,0,1,1,2,0,0,1,9,9,0,18,9,0,10,10,0,8,6,0,6,6,0,13,13,0,9,4,0,12,12,0,1,1,0,1,1,0,6,6,0,2,2,0,7,9,0,9,11,0
2016010005024 ,-0.144089,51.339439,0,2,2,1,8.33,3,1,30,1,4,3,0,0,1,1,1,0,0,1,8,9,0,18,18,0,10,10,0,4,4,0,6,6,0,13,13,0,9,9,0,12,12,0,4,1,0,1,1,0,1,6,0,1,1,0,8,7,0,3,6,0
2016010005025 ,-0.141776,51.545427,0,2,1,6,20.31,3,6,20,6,4,6,0,0,4,1,2,0,0,1,9,9,0,4,3,0,10,10,0,1,1,0,6,6,0,13,13,0,9,9,0,12,12,0,1,2,0,1,1,0,6,6,0,2,2,0,6,5,0,5,4,0
2016010005026 ,-0.34312,51.57695,0,2,2,1,11.15,3,6,30,3,4,6,0,1,1,1,1,0,0,1,9,9,0,4,3,0,10,10,0,1,1,0,6,6,0,13,13,0,9,9,0,12,12,0,2,1,0,1,1,0,6,6,0,1,1,0,6,6,0,8,4,0
2016010005029 ,-0.16306,51.460961,0,2,1,1,13.15,3,2,30,9,4,6,0,5,1,1,1,0,0,1,9,3,0,11,7,0,10,10,0,6,6,0,6,6,0,13,13,0,9,9,0,12,12,0,1,1,0,1,1,0,6,1,0,1,1,0,6,6,0,6,6,0
2016010005030 ,-0.252049,51.415111,0,2,1,7,9.20,3,6,30,0,0,0,0,0,1,1,1,0,0,1,9,9,0,9,17,0,10,10,0,9,9,0,6,6,0,13,13,0,9,9,0,12,12,0,1,1,0,1,1,0,6,6,0,1,1,0,7,7,0,10,4,0
2016010005036 ,-0.496573,51.488194,0,2,3,1,13.30,1,3,70,5,4,6,0,0,1,1,1,0,0,2,9,8,0,12,12,0,10,10,0,1,1,0,6,6,0,13,13,0,9,9,0,12,12,0,2,1,0,1,1,0,6,1,0,2,1,0,6,7,0,14,4,0
2016010005037 ,-0.375431,51.565262,0,2,2,7,13.8,6,1,30,2,4,6,0,0,1,1,1,0,0,1,9,9,0,18,18,0,10,10,0,8,4,0,6,6,0,13,10,0,7,9,0,10,12,0,4,1,0,1,1,0,6,6,0,1,1,0,8,8,0,18,6,0
2016010005038 ,-0.208115,51.516154,0,1,1,1,13.25,4,6,30,0,0,0,0,5,1,1,1,0,0,1,11,0,0,4,0,0,10,0,0,9,0,0,6,0,0,13,0,0,9,0,0,12,0,0,5,0,0,1,0,0,1,0,0,1,0,0,8,0,0,4,0,0
2016010005042 ,-0.196474,51.518943,0,1,1,1,13.2,3,6,30,2,4,5,0,0,1,1,1,0,0,1,11,0,0,18,0,0,2,0,0,1,0,0,6,0,0,13,0,0,9,0,0,12,0,0,5,0,0,1,0,0,1,0,0,2,0,0,8,0,0,12,0,0
2016010005043 ,-0.042704,51.444265,0,2,2,7,9.12,4,3,20,3,4,6,0,8,1,1,1,0,2,1,9,9,0,18,18,0,10,10,0,1,1,0,6,6,0,13,13,0,9,9,0,12,12,0,1,1,0,1,1,0,6,6,0,2,1,0,8,6,0,10,13,0
2016010005044 ,0.152356,51.494534,0,2,2,1,16.15,5,3,30,3,4,6,0,0,4,1,1,0,0,1,9,9,0,9,17,0,10,10,0,8,1,0,6,6,0,13,13,0,9,9,0,12,12,0,3,1,0,1,1,0,1,6,0,1,1,0,6,6,0,15,10,0
2016010005047 ,-0.00181,51.444834,0,2,1,1,17.1,3,6,30,6,4,5,0,0,4,1,1,0,0,1,8,3,0,9,18,0,10,10,0,1,1,0,6,6,0,13,13,0,9,9,0,12,12,0,1,1,0,1,1,0,1,1,0,1,1,0,6,5,0,3,1,0
2016010005048 ,0.147613,51.559101,0,2,1,1,13.38,3,6,30,9,4,6,0,0,1,1,1,0,0,1,9,9,0,4,4,0,10,10,0,1,1,0,6,6,0,13,13,0,9,9,0,12,12,0,1,2,0,1,1,0,6,6,0,2,2,0,8,6,0,11,4,0
2016010005051 ,-0.021004,51.376993,0,1,1,1,16.43,3,3,30,9,4,6,0,4,4,1,1,0,0,1,9,0,0,18,0,0,10,0,0,1,0,0,6,0,0,13,0,0,1,0,0,12,0,0,1,0,0,1,0,0,2,0,0,1,0,0,9,0,0,12,0,0
2016010005052 ,-0.15897,51.394441,0,2,1,1,17.15,3,6,30,0,0,0,0,0,4,1,2,0,0,1,9,9,0,18,18,0,10,10,0,9,9,0,6,6,0,13,13,0,9,9,0,12,12,0,1,1,0,1,1,0,6,6,0,2,1,0,9,11,0,11,21,0
2016010005057 ,0.021107,51.517284,0,1,1,7,18.56,3,3,50,6,2,6,0,0,4,1,1,0,0,1,9,0,0,18,0,0,10,0,0,8,0,0,1,0,0,10,0,0,2,0,0,10,0,0,1,0,0,1,0,0,6,0,0,1,0,0,5,0,0,6,0,0
2016010005059 ,-0.109924,51.597076,0,1,1,1,21.4,3,6,30,6,2,5,0,4,4,1,1,0,0,1,9,0,0,5,0,0,10,0,0,1,0,0,6,0,0,13,0,0,9,0,0,12,0,0,1,0,0,1,0,0,6,0,0,1,0,0,9,0,0,7,0,0
2016010005060 ,0.151676,51.443376,0,1,1,1,15.3,3,3,30,0,0,0,0,0,1,8,1,0,0,1,9,0,0,18,0,0,10,0,0,9,0,0,6,0,0,13,0,0,6,0,0,2,0,0,1,0,0,2,0,0,6,0,0,2,0,0,11,0,0,14,0,0
2016010005065 ,0.119295,51.437131,0,2,2,1,21.21,5,6,30,3,4,6,0,0,4,1,1,0,0,1,9,9,0,5,18,0,10,10,0,2,1,0,6,6,0,13,13,0,9,9,0,12,12,0,4,1,0,1,1,0,6,6,0,2,1,0,4,6,0,8,1,0
2016010005066 ,-0.1932,51.601625,0,2,1,1,22.10,3,6,30,6,2,3,0,5,4,1,1,0,0,1,8,9,0,18,9,0,10,10,0,8,8,0,6,6,0,13,13,0,9,9,0,12,12,0,1,1,0,1,1,0,6,6,0,1,2,0,8,5,0,7,11,0
2016010005083 ,-0.138654,51.526493,0,2,1,7,19.0,3,6,30,6,2,3,0,5,4,1,1,0,0,1,8,3,0,11,15,0,10,10,0,1,1,0,6,1,0,13,13,0,9,9,0,12,12,0,2,1,0,1,1,0,6,1,0,1,1,0,7,6,0,2,2,0
2016010005114 ,-0.316193,51.489339,0,2,1,2,8.5,1,3,40,0,0,0,0,0,1,1,1,0,0,1,5,9,0,18,11,0,10,10,0,9,9,0,2,6,0,13,13,0,2,9,0,7,12,0,3,4,0,1,1,0,2,2,0,1,1,0,7,7,0,17,2,0
2016010005124 ,-0.009231,51.49586,0,2,1,2,8.45,3,6,20,0,0,0,1,0,1,1,1,0,0,1,9,9,0,5,18,0,8,10,0,9,9,0,6,6,0,13,13,0,9,9,0,12,12,0,1,4,0,1,1,0,6,4,0,1,1,0,6,7,0,8,5,0
2016010005130 ,-0.141509,51.544883,0,2,1,2,10.10,3,6,20,3,2,3,0,5,1,1,1,0,0,1,9,9,0,18,18,0,10,10,0,8,8,0,6,6,0,13,13,0,9,9,0,12,12,0,1,4,0,1,1,0,1,2,0,1,2,0,8,7,0,8,9,0
2016010005144 ,-0.13121,51.648314,0,2,2,2,9.35,3,6,30,3,4,5,0,8,1,1,1,0,0,1,9,9,0,18,9,0,10,10,0,8,6,0,6,6,0,13,13,0,9,9,0,12,12,0,1,1,0,1,1,0,6,6,0,2,2,0,4,4,0,9,4,0
2016010005146 ,-0.120295,51.517208,0,2,1,2,6.45,3,2,30,6,2,3,2,5,4,1,4,0,0,1,8,4,0,11,18,0,10,10,0,2,2,0,6,6,0,13,13,0,9,9,0,12,12,0,1,2,0,2,1,0,1,2,0,1,1,0,7,6,0,8,12,0
2016010005154 ,0.027108,51.330845,0,2,2,2,9.0,3,6,30,3,4,6,0,0,1,1,1,0,0,1,9,9,0,4,4,0,10,10,0,1,1,0,6,6,0,13,13,0,9,9,0,12,12,0,2,1,0,1,1,0,6,6,0,1,1,0,4,11,0,13,13,0