Accident_Index,Longitude,Latitude,SV,Number_of_Vehicles,Number_of_Casualties,Day_of_Week,Time,1st_Road_Class,Road_Type,Speed_limit,Junction_Detail,Junction_Control,2nd_Road_Class,Pedestrian_Crossing-Human_Control,Pedestrian_Crossing-Physical_Facilities,Light_Conditions,Weather_Conditions,Road_Surface_Conditions,Special_Conditions_at_Site,Carriageway_Hazards,Urban_or_Rural_Area,Vehicle1_Type,Vehicle2_Type,Vehicle3_Type,Vehicle1_Manoeuvre,Vehicle2_Manoeuvre,Vehicle3_Manoeuvre,Vehicle1_Location-Restricted_Lane,Vehicle2_Location-Restricted_Lane,Vehicle3_Location-Restricted_Lane,Junction1_Location,Junction2_Location,Junction3_Location,Skidding1_and_Overturning,Skidding2_and_Overturning,Skidding3_and_Overturning,Hit_Object_in_Carriageway1,Hit_Object_in_Carriageway2,Hit_Object_in_Carriageway3,Vehicle1_Leaving_Carriageway,Vehicle2_Leaving_Carriageway,Vehicle3_Leaving_Carriageway,Hit_Object_off_Carriageway1,Hit_Object_off_Carriageway2,Hit_Object_off_Carriageway3,1st_Point_of_Impact1,1st_Point_of_Impact2,1st_Point_of_Impact3,Was_Vehicle 1_Left_Hand_Drive?,Was_Vehicle2_Left_Hand_Drive?,Was_Vehicle 3_Left_Hand_Drive?,Journey_Purpose_of_Driver1,Journey_Purpose_of_Driver2,Journey_Purpose_of_Driver3,Sex_of_Driver1,Sex_of_Driver2,Sex_of_Driver3,Age_Band_of_Driver1,Age_Band_of_Driver2,Age_Band_of_Driver3,Age_of_Vehicle1,Age_of_Vehicle2,Age_of_Vehicle3
2016010005158 ,-0.183663,51.431517,0,2,1,2,11.55,5,1,30,2,4,5,0,0,1,1,1,0,0,1,9,8,0,18,9,0,10,10,0,4,3,0,6,6,0,13,13,0,9,9,0,12,12,0,1,1,0,1,1,0,1,1,0,1,1,0,5,8,0,14,7,0
2016010005166 ,0.167811,51.58337,0,4,4,1,12.58,3,3,50,0,0,0,0,0,1,1,1,0,0,1,9,9,9,3,3,18,10,10,10,9,9,9,6,6,6,13,4,13,9,9,9,12,12,12,3,2,2,1,1,1,6,6,6,1,1,2,6,7,8,14,7,3
2016010005173 ,-0.165811,51.589689,0,1,1,2,7.20,3,6,30,3,4,6,0,1,1,1,2,0,0,1,9,0,0,9,0,0,10,0,0,6,0,0,6,0,0,13,0,0,9,0,0,12,0,0,1,0,0,1,0,0,6,0,0,1,0,0,8,0,0,11,0,0
2016010005176 ,0.130131,51.48136,0,2,2,2,7.0,3,6,30,3,4,6,0,0,4,1,4,0,0,1,9,9,0,18,10,0,10,10,0,1,6,0,6,6,0,13,13,0,9,9,0,12,12,0,1,3,0,1,1,0,2,2,0,1,2,0,5,8,0,10,4,0
2016010005177 ,-0.435275,51.549439,0,2,1,2,10.0,3,3,70,5,4,5,0,0,1,1,1,4,2,1,9,9,0,3,18,0,10,10,0,1,1,0,6,6,0,13,13,0,9,9,0,12,12,0,1,2,0,2,2,0,6,6,0,1,2,0,11,8,0,9,14,0
2016010005182 ,0.04523,51.51201,0,2,1,2,13.41,3,6,30,3,4,6,0,1,1,1,2,0,0,1,9,11,0,14,3,0,10,10,0,1,1,0,6,6,0,13,13,0,9,9,0,12,12,0,1,2,0,1,1,0,2,1,0,1,1,0,11,7,0,2,6,0
2016010005189 ,-0.165669,51.446164,0,1,1,1,15.0,4,6,30,0,0,0,0,0,1,1,1,0,0,1,8,0,0,18,0,0,10,0,0,9,0,0,6,0,0,13,0,0,9,0,0,12,0,0,5,0,0,1,0,0,1,0,0,1,0,0,7,0,0,6,0,0
2016010005193 ,-0.182707,51.520799,0,1,1,2,12.25,6,1,30,1,3,6,0,0,1,1,2,0,0,1,3,0,0,4,0,0,10,0,0,4,0,0,1,0,0,13,0,0,9,0,0,12,0,0,5,0,0,1,0,0,6,0,0,2,0,0,6,0,0,7,0,0
2016010005198 ,-0.083504,51.397817,0,3,1,2,11.59,5,3,30,6,4,6,0,0,1,8,2,0,0,1,9,2,8,18,18,4,10,10,10,1,1,1,6,6,6,13,13,13,9,9,9,12,12,12,1,1,1,1,1,1,6,6,6,1,1,1,8,4,8,4,8,10
2016010005200 ,-0.183845,51.416052,0,1,1,2,13.5,3,6,30,3,4,6,0,4,1,1,1,0,0,1,11,0,0,5,0,0,2,0,0,1,0,0,6,0,0,13,0,0,9,0,0,12,0,0,5,0,0,1,0,0,1,0,0,1,0,0,6,0,0,7,0,0
2016010005202 ,-0.279647,51.610567,0,3,1,2,13.34,4,6,30,6,2,3,0,5,1,1,1,0,0,1,9,9,11,5,5,5,10,10,10,1,1,1,6,6,6,13,13,13,9,9,9,12,12,12,2,2,1,1,1,1,6,2,6,2,1,1,10,8,8,7,14,11
2016010005203 ,-0.452899,51.472069,0,4,1,1,11.20,6,2,30,7,2,6,0,0,1,1,2,0,0,1,11,19,9,9,3,3,10,10,10,8,8,8,6,6,6,13,13,13,9,9,9,12,12,12,1,2,2,1,1,1,1,1,2,1,1,2,9,6,8,6,4,5
2016010005204 ,-0.129226,51.323645,0,2,3,1,12.5,4,6,30,3,4,6,0,0,1,1,1,0,0,1,9,19,0,18,5,0,10,10,0,1,2,0,6,6,0,13,13,0,9,9,0,12,12,0,1,4,0,1,1,0,6,1,0,2,1,0,7,6,0,1,2,0
2016010005212 ,-0.152777,51.491015,0,1,1,2,16.10,5,7,30,3,4,6,0,1,4,1,1,0,0,1,9,0,0,14,0,0,10,0,0,2,0,0,6,0,0,13,0,0,9,0,0,12,0,0,1,0,0,1,0,0,6,0,0,2,0,0,8,0,0,8,0,0
2016010005218 ,-0.16047,51.421533,0,2,1,2,15.13,3,6,30,3,4,6,0,5,1,1,1,0,0,1,9,9,0,18,3,0,10,10,0,8,8,0,6,6,0,13,13,0,9,9,0,12,12,0,1,2,0,1,1,0,6,6,0,2,2,0,7,7,0,2,5,0
2016010005220 ,0.022408,51.598647,0,1,1,2,15.5,6,3,30,0,0,0,0,0,1,1,2,0,0,1,9,0,0,18,0,0,10,0,0,9,0,0,6,0,0,13,0,0,9,0,0,12,0,0,4,0,0,1,0,0,3,0,0,2,0,0,7,0,0,8,0,0
2016010005223 ,-0.114883,51.463254,0,1,4,2,17.14,3,6,30,9,2,4,0,0,4,1,1,0,0,1,11,0,0,18,0,0,10,0,0,1,0,0,6,0,0,13,0,0,9,0,0,12,0,0,5,0,0,1,0,0,1,0,0,1,0,0,8,0,0,6,0,0
2016010005226 ,-0.164985,51.405776,0,1,1,2,15.50,3,2,30,7,2,3,0,5,1,1,1,0,0,1,9,0,0,18,0,0,10,0,0,2,0,0,6,0,0,13,0,0,9,0,0,12,0,0,4,0,0,1,0,0,6,0,0,1,0,0,8,0,0,9,0,0
2016010005228 ,-0.378821,51.469899,0,1,2,6,18.25,3,6,30,0,0,0,0,0,4,1,1,0,0,1,5,0,0,18,0,0,10,0,0,9,0,0,2,0,0,13,0,0,9,0,0,12,0,0,4,0,0,1,0,0,6,0,0,1,0,0,7,0,0,10,0,0
2016010005231 ,-0.118808,51.563766,0,1,1,2,19.0,3,6,20,3,2,5,0,4,4,1,1,0,0,1,8,0,0,18,0,0,10,0,0,2,0,0,6,0,0,13,0,0,9,0,0,12,0,0,1,0,0,2,0,0,1,0,0,1,0,0,10,0,0,7,0,0
2016010005232 ,-0.115636,51.368032,0,2,1,2,17.59,5,3,30,9,4,3,0,0,4,8,2,0,0,1,9,9,0,16,11,0,10,10,0,1,1,0,6,6,0,13,13,0,9,9,0,12,12,0,2,1,0,1,1,0,6,6,0,1,1,0,8,7,0,5,8,0
2016010005233 ,-0.004811,51.508015,0,2,1,2,18.30,3,3,30,0,0,0,0,0,4,1,1,0,0,1,4,9,0,18,11,0,10,10,0,9,9,0,6,6,0,13,13,0,9,9,0,12,12,0,3,1,0,1,1,0,2,6,0,1,1,0,8,7,0,6,13,0
2016010005239 ,-0.21418,51.574788,0,2,1,2,19.1,3,3,50,5,4,6,0,0,4,1,2,0,0,1,4,9,0,12,18,0,10,10,0,7,7,0,6,6,0,13,13,0,9,9,0,12,12,0,4,4,0,1,1,0,6,6,0,1,1,0,8,7,0,2,15,0
2016010005243 ,-0.362599,51.56904,0,1,1,2,20.45,6,6,30,0,0,0,0,0,4,1,4,0,0,1,9,0,0,9,0,0,10,0,0,9,0,0,1,0,0,13,0,0,9,0,0,12,0,0,1,0,0,1,0,0,2,0,0,1,0,0,6,0,0,10,0,0
2016010005244 ,-0.061584,51.464004,0,2,1,2,18.53,3,6,30,3,4,6,0,0,4,1,1,0,0,1,9,4,0,9,13,0,10,10,0,5,1,0,6,6,0,13,13,0,9,9,0,12,12,0,3,4,0,1,1,0,6,6,0,1,1,0,6,8,0,11,7,0
2016010005245 ,0.074145,51.412399,0,2,3,2,6.3,3,6,30,6,2,3,0,4,4,1,4,0,0,1,9,9,0,18,9,0,10,10,0,8,1,0,6,6,0,13,13,0,9,9,0,12,12,0,1,1,0,1,1,0,1,1,0,1,2,0,7,7,0,4,9,0
2016010005246 ,-0.216645,51.441645,0,1,1,2,15.29,6,6,30,3,4,6,0,0,1,1,1,0,0,1,9,0,0,18,0,0,10,0,0,1,0,0,6,0,0,13,0,0,9,0,0,12,0,0,1,0,0,1,0,0,1,0,0,1,0,0,8,0,0,3,0,0
2016010005251 ,-0.312012,51.54791,0,2,3,2,22.56,3,3,30,3,2,3,0,1,4,1,1,0,0,1,9,9,0,18,9,0,10,10,0,8,8,0,1,6,0,13,13,0,1,9,0,1,12,0,3,1,0,1,1,0,6,6,0,1,1,0,6,6,0,11,9,0
2016010005252 ,-0.019654,51.564472,0,2,2,2,23.24,3,6,30,3,2,6,0,0,4,8,4,0,2,1,9,9,0,3,4,0,10,10,0,1,1,0,6,1,0,13,13,0,9,9,0,12,12,0,2,1,0,1,1,0,6,6,0,2,1,0,6,6,0,2,3,0
2016010005254 ,-0.093066,51.440959,0,2,2,2,22.50,3,6,20,6,2,3,0,5,4,1,1,0,0,1,9,9,0,18,18,0,10,10,0,8,8,0,6,6,0,7,13,0,9,9,0,12,12,0,4,1,0,1,1,0,6,6,0,2,1,0,5,7,0,2,10,0
2016010005265 ,-0.266559,51.506691,0,2,1,1,11.0,6,2,20,2,4,3,0,0,1,1,1,0,0,1,9,9,0,1,18,0,10,10,0,5,3,0,6,6,0,13,13,0,9,9,0,12,12,0,2,1,0,1,1,0,1,6,0,2,1,0,7,5,0,20,4,0
2016010005268 ,-0.155829,51.522448,0,2,2,3,6.30,3,3,30,3,2,5,0,5,1,1,1,0,0,1,9,20,0,4,18,0,10,10,0,8,8,0,6,6,0,13,13,0,9,9,0,12,12,0,2,1,0,1,1,0,1,6,0,1,1,0,8,7,0,6,7,0
2016010005273 ,-0.087316,51.616223,0,2,1,2,7.34,3,3,40,0,0,0,0,0,1,1,2,0,0,1,4,9,0,13,12,0,10,10,0,9,9,0,2,6,0,13,13,0,5,9,0,6,12,0,4,3,0,1,1,0,2,2,0,1,1,0,5,6,0,8,8,0
2016010005310 ,-0.120747,51.590235,0,2,1,3,8.53,6,6,20,8,4,6,0,0,1,1,2,0,0,1,9,9,0,18,8,0,10,10,0,1,1,0,6,6,0,13,13,0,9,9,0,12,12,0,1,1,0,1,1,0,3,3,0,2,2,0,7,6,0,9,5,0
2016010005331 ,-0.057999,51.49416,0,1,1,3,9.7,5,6,20,0,0,0,1,1,1,1,1,0,0,1,19,0,0,4,0,0,10,0,0,9,0,0,6,0,0,13,0,0,9,0,0,12,0,0,2,0,0,1,0,0,1,0,0,1,0,0,6,0,0,1,0,0
2016010005332 ,-0.153423,51.442914,0,1,1,3,9.30,3,3,30,0,0,0,0,0,1,1,1,0,0,1,11,0,0,5,0,0,2,0,0,9,0,0,6,0,0,13,0,0,9,0,0,12,0,0,5,0,0,1,0,0,1,0,0,2,0,0,8,0,0,1,0,0
2016010005334 ,-0.053691,51.514143,0,2,2,3,10.15,3,6,30,6,2,5,0,4,1,1,2,0,0,1,11,19,0,18,15,0,10,10,0,1,1,0,6,6,0,13,13,0,9,9,0,12,12,0,3,4,0,1,1,0,1,6,0,1,1,0,8,9,0,11,5,0
2016010005341 ,-0.243917,51.379648,0,1,1,3,10.50,3,6,30,0,0,0,2,8,1,1,1,0,0,1,5,0,0,14,0,0,10,0,0,9,0,0,6,0,0,13,0,0,9,0,0,12,0,0,4,0,0,1,0,0,6,0,0,1,0,0,6,0,0,9,0,0
2016010005345 ,-0.407419,51.48387,0,2,1,3,5.50,3,3,40,6,2,5,0,5,4,1,1,0,0,1,9,5,0,3,5,0,10,10,0,2,2,0,6,2,0,13,13,0,9,9,0,12,12,0,2,1,0,1,1,0,6,2,0,1,1,0,9,7,0,4,9,0
2016010005350 ,0.14825,51.53283,0,2,1,3,11.15,3,6,30,0,0,0,0,1,1,1,2,0,0,1,9,20,0,4,4,0,10,10,0,9,9,0,6,6,0,13,13,0,9,9,0,12,12,0,2,1,0,1,1,0,1,1,0,1,1,0,7,6,0,1,3,0
2016010005355 ,-0.429942,51.574457,0,2,1,3,9.5,6,6,30,6,4,6,0,0,1,1,1,0,0,1,9,9,0,18,18,0,9,10,0,8,8,0,1,6,0,13,13,0,7,9,0,10,12,0,1,1,0,1,1,0,2,1,0,2,2,0,4,9,0,1,10,0
2016010005363 ,-0.066255,51.411382,0,1,1,3,6.35,3,6,30,3,2,6,2,4,7,8,2,0,0,1,3,0,0,18,0,0,10,0,0,8,0,0,6,0,0,13,0,0,9,0,0,12,0,0,1,0,0,1,0,0,2,0,0,1,0,0,6,0,0,7,0,0
2016010005365 ,-0.070089,51.426194,0,2,1,3,10.30,3,6,30,9,2,3,0,5,1,1,1,0,0,1,9,19,0,4,5,0,10,10,0,1,1,0,6,6,0,13,13,0,9,9,0,12,12,0,1,2,0,1,1,0,6,6,0,1,1,0,6,7,0,9,6,0
2016010005374 ,-0.185637,51.483345,0,1,2,3,7.18,3,6,30,3,2,3,0,0,1,8,2,0,0,1,9,0,0,18,0,0,10,0,0,2,0,0,1,0,0,13,0,0,7,0,0,10,0,0,1,0,0,1,0,0,2,0,0,2,0,0,8,0,0,8,0,0
2016010005375 ,-0.135462,51.44227,0,1,1,2,12.30,5,6,30,3,3,6,0,0,1,1,1,0,2,1,9,0,0,4,0,0,10,0,0,2,0,0,6,0,0,13,0,0,9,0,0,12,0,0,2,0,0,1,0,0,6,0,0,1,0,0,11,0,0,22,0,0
2016010005378 ,-0.049899,51.683682,0,2,1,3,9.20,3,1,30,1,2,1,0,0,1,1,2,0,0,2,9,9,0,18,18,0,10,10,0,8,8,0,6,6,0,13,13,0,9,9,0,12,12,0,2,1,0,1,1,0,6,6,0,2,2,0,8,5,0,10,2,0
2016010005414 ,0.009504,51.473058,0,2,1,3,16.20,3,1,30,1,4,5,0,8,4,1,2,0,0,1,9,3,0,9,18,0,10,10,0,3,3,0,6,6,0,13,13,0,9,9,0,12,12,0,1,3,0,1,1,0,6,1,0,1,1,0,8,4,0,23,1,0
2016010005419 ,-0.064561,51.478711,0,2,1,3,16.50,5,6,20,3,4,6,0,0,4,1,2,0,0,1,9,3,0,9,4,0,10,10,0,2,1,0,6,2,0,13,13,0,9,9,0,12,12,0,1,5,0,1,1,0,6,6,0,1,1,0,9,5,0,18,2,0
2016010005421 ,-0.150078,51.34403,0,1,1,3,16.11,5,6,30,0,0,0,0,0,1,8,2,0,0,2,9,0,0,16,0,0,10,0,0,9,0,0,5,0,0,13,0,0,7,0,0,10,0,0,5,0,0,1,0,0,6,0,0,1,0,0,6,0,0,4,0,0
2016010005425 ,0.095081,51.546202,0,1,1,3,17.30,3,3,30,6,2,6,0,0,4,1,1,0,1,1,9,0,0,18,0,0,10,0,0,1,0,0,6,0,0,13,0,0,9,0,0,12,0,0,1,0,0,1,0,0,2,0,0,1,0,0,8,0,0,4,0,0
2016010005428 ,-0.055248,51.541866,0,2,1,3,18.11,3,6,20,3,4,6,0,0,4,1,1,0,0,1,11,4,0,16,7,0,2,2,0,5,1,0,6,5,0,13,13,0,9,1,0,12,12,0,3,3,0,1,1,0,6,2,0,1,1,0,5,6,0,13,3,0
2016010005431 ,-0.193096,51.400278,0,1,1,3,17.45,6,6,30,3,4,6,0,0,4,1,1,0,0,1,9,0,0,9,0,0,10,0,0,5,0,0,6,0,0,13,0,0,9,0,0,12,0,0,1,0,0,1,0,0,6,0,0,2,0,0,7,0,0,8,0,0
2016010005438 ,-0.091837,51.560093,0,2,1,3,19.15,3,6,20,3,4,5,0,0,4,1,1,0,0,1,9,3,0,10,18,0,10,10,0,6,1,0,6,6,0,13,13,0,9,9,0,12,12,0,5,4,0,1,1,0,6,6,0,1,1,0,7,6,0,12,8,0
2016010005440 ,0.040639,51.593025,0,2,1,3,17.45,3,3,50,0,0,0,0,0,4,1,1,0,0,1,5,9,0,18,18,0,10,10,0,9,9,0,5,6,0,13,13,0,9,9,0,12,12,0,4,3,0,1,1,0,1,6,0,1,1,0,6,6,0,2,14,0
2016010005442 ,0.157654,51.545697,0,1,1,3,16.40,6,6,30,3,4,6,0,0,4,1,2,0,0,1,9,0,0,5,0,0,10,0,0,2,0,0,6,0,0,13,0,0,9,0,0,12,0,0,1,0,0,1,0,0,6,0,0,2,0,0,6,0,0,5,0,0
2016010005445 ,-0.125067,51.436079,0,2,2,3,14.30,5,6,30,0,0,0,0,1,1,1,1,0,0,1,9,9,0,3,18,0,10,10,0,9,9,0,6,6,0,13,13,0,9,9,0,12,12,0,2,1,0,1,1,0,6,1,0,2,1,0,7,8,0,9,4,0
2016010005446 ,-0.166875,51.473521,0,1,1,3,2.30,6,6,30,0,0,0,0,0,4,9,1,0,0,1,9,0,0,17,0,0,10,0,0,9,0,0,6,0,0,13,0,0,9,0,0,12,0,0,1,0,0,1,0,0,6,0,0,1,0,0,6,0,0,8,0,0
2016010005448 ,0.04197,51.548667,0,2,1,2,15.45,3,6,30,3,4,5,0,0,4,1,2,0,3,1,9,9,0,4,4,0,10,10,0,2,1,0,6,6,0,13,13,0,9,9,0,12,12,0,2,1,0,1,1,0,6,6,0,2,2,0,6,7,0,2,9,0
2016010005455 ,-0.239705,51.418253,0,1,1,4,0.5,5,6,30,3,4,6,0,0,4,2,2,0,0,1,9,0,0,16,0,0,10,0,0,2,0,0,1,0,0,10,0,0,9,0,0,12,0,0,1,0,0,1,0,0,6,0,0,1,0,0,6,0,0,15,0,0
2016010005472 ,-0.305118,51.562649,0,2,1,4,6.45,3,2,30,6,2,5,0,5,4,1,2,0,0,1,9,10,0,4,3,0,10,10,0,1,1,0,6,6,0,13,13,0,9,9,0,12,12,0,1,2,0,1,1,0,6,6,0,1,1,0,9,5,0,9,12,0
2016010005495 ,-0.007858,51.576862,0,2,2,4,8.41,4,6,30,3,4,6,0,5,1,1,1,0,0,1,3,9,0,18,10,0,10,10,0,1,1,0,6,6,0,13,13,0,9,9,0,12,12,0,1,3,0,1,1,0,6,6,0,1,1,0,4,9,0,13,10,0
2016010005496 ,-0.303269,51.461096,0,1,1,4,9.0,3,2,30,9,2,3,2,4,1,1,2,0,0,1,9,0,0,17,0,0,10,0,0,8,0,0,6,0,0,13,0,0,9,0,0,12,0,0,1,0,0,1,0,0,2,0,0,2,0,0,8,0,0,12,0,0
2016010005500 ,-0.138658,51.526403,0,2,1,4,8.53,3,6,30,6,2,3,0,0,1,8,1,0,0,1,9,3,0,6,18,0,10,10,0,1,1,0,6,6,0,13,13,0,9,9,0,12,12,0,1,1,0,1,1,0,6,2,0,1,1,0,7,6,0,2,4,0
2016010005530 ,-0.03247,51.441306,0,1,1,4,9.0,6,6,20,3,3,6,0,0,1,1,2,0,0,1,9,0,0,1,0,0,10,0,0,1,0,0,6,0,0,13,0,0,9,0,0,12,0,0,2,0,0,1,0,0,3,0,0,1,0,0,8,0,0,11,0,0
2016010005542 ,-0.296272,51.486624,0,2,1,4,8.29,3,6,30,9,4,6,0,0,1,1,1,0,0,1,9,5,0,9,18,0,10,10,0,6,1,0,6,6,0,13,13,0,9,9,0,12,12,0,4,1,0,1,1,0,6,6,0,1,1,0,8,7,0,1,14,0
2016010005549 ,-0.0576,51.632192,0,2,1,4,8.13,6,6,20,3,4,6,0,0,1,8,2,0,0,1,9,9,0,18,16,0,6,9,0,2,2,0,6,6,0,13,13,0,9,9,0,12,12,0,3,3,0,1,1,0,2,6,0,1,1,0,4,5,0,13,8,0
2016010005559 ,-0.238005,51.499791,0,1,1,4,11.30,3,6,30,1,4,4,0,1,1,1,1,0,0,1,9,0,0,5,0,0,10,0,0,4,0,0,6,0,0,13,0,0,9,0,0,12,0,0,1,0,0,1,0,0,6,0,0,2,0,0,6,0,0,8,0,0
2016010005567 ,0.009241,51.493297,0,2,1,4,12.17,3,1,30,1,4,5,0,0,1,1,2,0,0,1,19,8,0,16,7,0,10,10,0,8,3,0,1,6,0,13,13,0,9,9,0,12,12,0,1,4,0,1,1,0,1,6,0,1,1,0,6,8,0,5,1,0
2016010005574 ,-0.052074,51.477695,0,1,2,3,17.5,3,6,30,8,4,6,0,0,4,1,2,0,0,1,2,0,0,18,0,0,2,0,0,1,0,0,6,0,0,13,0,0,9,0,0,12,0,0,1,0,0,1,0,0,2,0,0,1,0,0,6,0,0,1,0,0
2016010005592 ,0.166745,51.463782,0,2,1,3,17.57,5,6,30,7,4,6,0,0,4,1,2,0,0,1,9,9,0,18,18,0,10,10,0,8,1,0,6,6,0,13,13,0,9,9,0,12,12,0,4,1,0,1,1,0,1,6,0,2,2,0,9,5,0,15,12,0
2016010005603 ,-0.056284,51.52093,0,2,1,4,14.50,3,6,20,3,4,6,0,0,1,1,1,0,0,1,2,9,0,18,5,0,10,10,0,8,6,0,6,6,0,13,13,0,9,9,0,12,12,0,1,1,0,1,1,0,6,6,0,1,1,0,7,4,0,1,1,0
2016010005610 ,-0.060173,51.473513,0,2,1,4,14.35,3,6,30,3,4,6,0,0,1,1,2,0,0,1,19,9,0,18,9,0,10,10,0,8,6,0,6,6,0,13,13,0,9,9,0,12,12,0,1,3,0,1,1,0,1,6,0,1,1,0,7,8,0,13,10,0
2016010005628 ,-0.164371,51.553786,0,1,1,4,16.45,4,2,30,0,0,0,0,0,4,1,2,0,0,1,5,0,0,18,0,0,10,0,0,9,0,0,6,0,0,10,0,0,9,0,0,12,0,0,3,0,0,1,0,0,2,0,0,1,0,0,9,0,0,49,0,0
2016010005629 ,-0.064232,51.615575,0,1,1,4,16.45,3,6,30,3,4,6,0,0,4,1,2,0,0,1,9,0,0,18,0,0,10,0,0,1,0,0,6,0,0,13,0,0,9,0,0,12,0,0,1,0,0,1,0,0,6,0,0,1,0,0,8,0,0,13,0,0
2016010005633 ,-0.017662,51.510751,0,2,1,4,17.50,3,3,30,6,4,6,2,0,4,1,2,0,0,1,9,4,0,18,18,0,10,10,0,6,1,0,6,6,0,13,13,0,9,9,0,12,12,0,1,1,0,1,1,0,2,2,0,1,1,0,9,7,0,6,12,0
2016010005634 ,-0.137456,51.485198,0,3,1,4,17.11,3,3,30,3,2,3,0,0,4,1,1,0,2,1,19,9,8,3,18,3,10,10,10,2,1,1,6,1,6,13,10,13,9,1,9,12,12,12,2,1,2,1,1,1,1,6,1,1,1,1,8,9,7,15,9,3
2016010005635 ,-0.189359,51.647337,0,2,1,4,14.15,3,6,30,3,4,6,0,5,1,1,2,0,0,1,9,9,0,4,18,0,10,10,0,1,1,0,6,6,0,13,13,0,9,9,0,12,12,0,2,1,0,1,1,0,6,6,0,1,1,0,6,6,0,4,6,0
2016010005637 ,-0.163167,51.408086,0,2,1,4,16.10,3,6,30,3,4,6,0,0,7,1,2,0,0,1,3,9,0,18,7,0,2,10,0,1,5,0,6,6,0,13,13,0,9,9,0,12,12,0,4,5,0,1,1,0,6,6,0,1,1,0,8,7,0,7,12,0
2016010005641 ,-0.278295,51.558481,0,2,1,4,19.32,5,6,20,0,0,0,0,0,4,1,1,0,0,1,9,9,0,3,3,0,10,10,0,9,9,0,6,6,0,13,13,0,9,9,0,12,12,0,2,1,0,1,1,0,6,6,0,2,2,0,10,6,0,15,11,0
2016010005642 ,-0.00783,51.511484,0,2,1,4,17.49,3,3,30,0,0,0,0,0,4,1,2,0,0,1,4,9,0,13,18,0,10,10,0,9,9,0,1,6,0,13,13,0,9,9,0,12,12,0,1,3,0,1,1,0,2,2,0,1,2,0,8,9,0,8,9,0
2016010005643 ,-0.204366,51.420864,0,1,1,4,20.3,5,6,20,3,4,5,0,0,4,1,1,0,0,1,10,0,0,6,0,0,10,0,0,5,0,0,6,0,0,13,0,0,9,0,0,12,0,0,2,0,0,1,0,0,1,0,0,1,0,0,7,0,0,3,0,0
2016010005645 ,0.138203,51.478426,0,2,1,4,16.49,5,6,30,3,4,6,0,0,4,1,2,0,0,1,9,9,0,9,18,0,10,10,0,1,1,0,6,6,0,13,13,0,9,9,0,12,12,0,1,1,0,1,1,0,6,6,0,1,1,0,10,8,0,16,12,0
2016010005648 ,-0.197679,51.389737,0,1,1,4,15.43,4,6,30,0,0,0,0,0,4,8,2,0,0,1,11,0,0,5,0,0,10,0,0,9,0,0,6,0,0,13,0,0,9,0,0,12,0,0,5,0,0,1,0,0,6,0,0,2,0,0,8,0,0,14,0,0
2016010005649 ,0.017153,51.486506,0,2,1,4,19.0,3,1,30,1,2,3,0,5,4,1,1,0,0,1,11,9,0,17,13,0,10,10,0,4,4,0,6,6,0,13,13,0,9,9,0,12,12,0,3,4,0,1,1,0,1,6,0,2,1,0,6,7,0,1,10,0
2016010005651 ,-0.290228,51.578799,0,1,1,4,20.5,5,6,30,3,4,6,0,0,4,1,1,0,0,1,9,0,0,9,0,0,10,0,0,8,0,0,6,0,0,13,0,0,9,0,0,12,0,0,1,0,0,1,0,0,6,0,0,1,0,0,10,0,0,8,0,0
2016010005653 ,-0.206337,51.517386,0,2,2,4,17.25,5,6,30,6,4,6,2,4,4,1,1,0,0,1,4,9,0,18,5,0,10,10,0,8,8,0,6,6,0,13,13,0,9,9,0,12,12,0,1,3,0,1,1,0,1,6,0,1,2,0,5,7,0,4,13,0
2016010005654 ,0.023482,51.57084,0,1,1,4,16.52,3,6,30,9,4,6,0,0,5,1,1,0,0,1,9,0,0,9,0,0,10,0,0,5,0,0,6,0,0,13,0,0,9,0,0,12,0,0,1,0,0,1,0,0,6,0,0,1,0,0,10,0,0,10,0,0
2016010005655 ,-0.205689,51.471514,0,2,1,4,18.8,3,3,30,3,4,6,0,0,4,1,2,0,0,1,5,9,0,13,10,0,10,10,0,1,2,0,6,6,0,13,13,0,9,9,0,12,12,0,1,1,0,1,1,0,2,6,0,1,1,0,6,7,0,6,5,0
2016010005658 ,-0.177159,51.565856,0,1,1,4,17.40,4,6,20,0,0,0,0,1,4,1,1,0,0,1,9,0,0,18,0,0,10,0,0,9,0,0,6,0,0,13,0,0,9,0,0,12,0,0,1,0,0,1,0,0,6,0,0,2,0,0,10,0,0,9,0,0
2016010005663 ,-0.234698,51.510802,0,1,1,4,21.5,5,6,30,3,4,6,0,0,4,1,2,0,0,1,3,0,0,7,0,0,10,0,0,2,0,0,1,0,0,13,0,0,9,0,0,12,0,0,5,0,0,1,0,0,6,0,0,1,0,0,4,0,0,3,0,0
2016010005666 ,0.083471,51.48148,0,2,2,4,21.0,6,3,30,6,4,6,0,0,4,1,1,0,0,1,9,9,0,18,18,0,10,10,0,1,1,0,6,6,0,13,13,0,9,9,0,12,12,0,1,4,0,1,1,0,6,6,0,1,1,0,9,4,0,3,9,0
2016010005671 ,-0.156097,51.519395,0,1,1,4,21.38,3,2,30,6,2,6,0,4,4,1,1,0,0,1,9,0,0,5,0,0,10,0,0,8,0,0,6,0,0,13,0,0,9,0,0,12,0,0,1,0,0,1,0,0,2,0,0,1,0,0,10,0,0,12,0,0