Accident_Index,Longitude,Latitude,SV,Number_of_Vehicles,Number_of_Casualties,Day_of_Week,Time,1st_Road_Class,Road_Type,Speed_limit,Junction_Detail,Junction_Control,2nd_Road_Class,Pedestrian_Crossing-Human_Control,Pedestrian_Crossing-Physical_Facilities,Light_Conditions,Weather_Conditions,Road_Surface_Conditions,Special_Conditions_at_Site,Carriageway_Hazards,Urban_or_Rural_Area,Vehicle1_Type,Vehicle2_Type,Vehicle3_Type,Vehicle1_Manoeuvre,Vehicle2_Manoeuvre,Vehicle3_Manoeuvre,Vehicle1_Location-Restricted_Lane,Vehicle2_Location-Restricted_Lane,Vehicle3_Location-Restricted_Lane,Junction1_Location,Junction2_Location,Junction3_Location,Skidding1_and_Overturning,Skidding2_and_Overturning,Skidding3_and_Overturning,Hit_Object_in_Carriageway1,Hit_Object_in_Carriageway2,Hit_Object_in_Carriageway3,Vehicle1_Leaving_Carriageway,Vehicle2_Leaving_Carriageway,Vehicle3_Leaving_Carriageway,Hit_Object_off_Carriageway1,Hit_Object_off_Carriageway2,Hit_Object_off_Carriageway3,1st_Point_of_Impact1,1st_Point_of_Impact2,1st_Point_of_Impact3,Was_Vehicle 1_Left_Hand_Drive?,Was_Vehicle2_Left_Hand_Drive?,Was_Vehicle 3_Left_Hand_Drive?,Journey_Purpose_of_Driver1,Journey_Purpose_of_Driver2,Journey_Purpose_of_Driver3,Sex_of_Driver1,Sex_of_Driver2,Sex_of_Driver3,Age_Band_of_Driver1,Age_Band_of_Driver2,Age_Band_of_Driver3,Age_of_Vehicle1,Age_of_Vehicle2,Age_of_Vehicle3
2016010006271 ,-0.341288,51.508312,0,1,1,1,0.26,3,6,30,0,0,0,0,0,4,1,2,0,0,1,9,0,0,18,0,0,10,0,0,9,0,0,6,0,0,13,0,0,9,0,0,12,0,0,1,0,0,1,0,0,6,0,0,1,0,0,9,0,0,17,0,0
2016010006272 ,0.231768,51.598269,0,2,1,7,22.48,3,3,50,6,2,5,0,0,4,1,2,0,0,1,9,11,0,18,18,0,10,10,0,8,8,0,6,6,0,13,13,0,9,1,0,12,1,0,1,4,0,1,1,0,6,1,0,1,1,0,6,9,0,10,3,0
2016010006279 ,0.026163,51.524031,0,2,3,7,0.30,3,6,30,0,0,0,0,0,4,8,1,0,0,1,9,9,0,13,18,0,10,10,0,9,9,0,6,1,0,13,13,0,9,9,0,12,12,0,4,3,0,1,1,0,6,6,0,1,1,0,8,6,0,7,9,0
2016010006283 ,-0.036613,51.475549,0,3,2,1,1.30,3,6,20,9,2,3,0,0,4,1,2,0,0,1,8,8,9,3,3,16,10,10,10,1,1,2,6,6,6,13,13,4,9,9,9,12,12,12,1,4,1,1,1,1,1,1,6,1,1,1,7,7,5,11,4,1
2016010006288 ,0.083447,51.528333,0,2,3,1,9.45,3,3,50,5,4,5,0,0,1,1,2,2,0,1,9,9,0,4,3,0,10,10,0,1,1,0,6,6,0,13,13,0,9,9,0,12,12,0,1,2,0,1,1,0,6,6,0,2,2,0,9,9,0,14,1,0
2016010006290 ,-0.214592,51.34665,0,2,1,1,9.21,5,1,30,2,4,5,0,0,1,1,1,0,0,1,9,9,0,18,18,0,10,10,0,4,3,0,6,6,0,13,13,0,9,9,0,12,12,0,1,4,0,1,1,0,6,6,0,1,1,0,11,8,0,11,10,0
2016010006291 ,-0.08497,51.541546,0,1,1,1,11.25,4,2,20,1,4,6,0,1,1,1,1,0,0,1,9,0,0,5,0,0,10,0,0,3,0,0,6,0,0,13,0,0,9,0,0,12,0,0,1,0,0,1,0,0,2,0,0,2,0,0,7,0,0,8,0,0
2016010006301 ,-0.03423,51.64799,0,2,1,1,11.30,5,6,30,3,4,6,0,0,1,1,1,0,0,1,9,9,0,9,13,0,10,10,0,5,8,0,6,6,0,13,13,0,9,9,0,12,12,0,3,1,0,1,1,0,6,6,0,1,1,0,8,4,0,9,8,0
2016010006303 ,-0.366359,51.564776,0,2,1,1,13.0,3,3,30,6,2,6,0,5,1,1,1,0,0,1,9,5,0,12,4,0,10,10,0,1,1,0,6,6,0,13,13,0,9,9,0,12,12,0,3,3,0,1,1,0,6,6,0,2,1,0,6,9,0,2,12,0
2016010006305 ,-0.262209,51.522544,0,2,1,1,12.35,3,6,30,3,2,6,0,4,1,1,2,0,0,1,3,19,0,16,3,0,10,10,0,1,1,0,2,6,0,13,13,0,9,9,0,12,12,0,1,2,0,1,1,0,6,1,0,1,1,0,5,6,0,1,13,0
2016010006310 ,-0.070468,51.485463,0,2,1,1,13.35,3,6,30,9,4,6,0,0,1,1,1,0,0,1,9,4,0,7,18,0,10,6,0,5,8,0,6,2,0,13,13,0,9,9,0,12,12,0,1,1,0,1,1,0,6,2,0,1,2,0,6,7,0,14,6,0
2016010006312 ,0.040167,51.598609,0,3,4,1,14.45,3,6,30,3,4,6,0,0,1,1,1,0,0,1,9,9,9,18,3,3,10,10,10,1,1,1,6,6,6,13,13,13,9,9,9,12,12,12,1,2,2,1,1,1,6,6,6,1,1,1,5,4,7,16,5,11
2016010006318 ,0.063242,51.521496,0,2,2,1,16.8,3,3,50,0,0,0,0,0,4,1,1,0,0,1,9,9,0,4,4,0,10,10,0,9,9,0,6,6,0,13,13,0,9,9,0,12,12,0,1,2,0,1,1,0,6,6,0,2,2,0,6,5,0,1,1,0
2016010006324 ,-0.168793,51.40044,0,2,1,1,19.45,3,6,30,3,4,6,0,0,4,1,2,0,0,1,3,9,0,14,9,0,10,10,0,1,1,0,1,6,0,13,13,0,9,9,0,12,12,0,1,1,0,1,1,0,1,6,0,1,1,0,4,5,0,3,9,0
2016010006325 ,-0.257619,51.552151,0,4,2,1,18.50,3,3,40,0,0,0,0,0,4,1,2,0,0,1,8,19,9,18,18,18,10,10,10,9,9,9,6,6,6,13,13,13,9,9,9,12,12,12,2,2,2,1,1,1,6,2,6,1,1,2,7,5,8,3,1,5
2016010006333 ,-0.405072,51.485097,0,1,1,1,17.50,5,6,30,0,0,0,0,0,4,1,1,0,0,1,11,0,0,5,0,0,10,0,0,9,0,0,6,0,0,13,0,0,9,0,0,12,0,0,5,0,0,1,0,0,1,0,0,1,0,0,7,0,0,7,0,0
2016010006336 ,-0.354879,51.475051,0,2,1,1,16.47,6,6,30,0,0,0,0,0,4,1,2,0,0,1,4,9,0,4,1,0,10,10,0,9,9,0,1,6,0,13,13,0,9,9,0,12,12,0,1,3,0,1,1,0,1,6,0,1,1,0,4,6,0,3,11,0
2016010006338 ,-0.25218,51.607464,0,2,1,1,18.10,5,6,30,3,4,6,0,8,4,1,2,0,0,1,3,9,0,18,18,0,10,10,0,8,8,0,6,6,0,13,13,0,9,9,0,12,12,0,1,2,0,1,1,0,6,6,0,1,2,0,5,8,0,3,14,0
2016010006342 ,-0.036366,51.53157,0,1,1,1,17.54,4,6,20,3,4,6,2,1,4,1,1,0,0,1,9,0,0,18,0,0,10,0,0,2,0,0,6,0,0,13,0,0,9,0,0,12,0,0,1,0,0,1,0,0,6,0,0,1,0,0,7,0,0,14,0,0
2016010006343 ,-0.174878,51.568788,0,2,1,1,16.20,4,6,20,9,4,6,0,1,4,1,2,0,0,1,9,9,0,18,4,0,10,10,0,2,2,0,6,6,0,13,13,0,9,9,0,12,12,0,1,2,0,1,1,0,6,6,0,2,2,0,6,10,0,1,11,0
2016010006347 ,-0.10759,51.517723,0,2,3,1,17.10,3,2,20,7,2,3,0,5,4,1,1,3,0,1,9,9,0,9,5,0,10,10,0,8,8,0,6,6,0,13,13,0,9,9,0,12,12,0,1,3,0,1,1,0,6,6,0,1,1,0,5,10,0,6,7,0
2016010006354 ,-0.197189,51.559241,0,2,3,1,19.45,3,6,30,3,2,3,0,0,4,1,2,0,0,1,9,9,0,9,18,0,10,10,0,6,8,0,6,6,0,13,13,0,1,1,0,12,12,0,1,1,0,1,1,0,6,6,0,1,1,0,6,8,0,9,3,0
2016010006362 ,0.060134,51.554825,0,1,1,1,23.55,3,6,30,9,4,6,0,0,4,1,2,0,0,1,9,0,0,18,0,0,10,0,0,8,0,0,6,0,0,13,0,0,9,0,0,12,0,0,1,0,0,1,0,0,6,0,0,1,0,0,7,0,0,9,0,0
2016010006371 ,-0.26873,51.601414,0,2,1,2,6.26,3,3,30,5,4,6,0,0,4,1,2,0,0,1,9,9,0,4,9,0,10,10,0,1,6,0,6,6,0,13,13,0,9,9,0,12,12,0,1,3,0,1,1,0,1,1,0,1,1,0,8,6,0,13,12,0
2016010006392 ,-0.018055,51.465164,0,1,1,2,7.45,3,6,30,9,4,6,0,0,1,1,2,0,0,1,11,0,0,5,0,0,10,0,0,1,0,0,6,0,0,13,0,0,9,0,0,12,0,0,5,0,0,1,0,0,6,0,0,1,0,0,6,0,0,13,0,0
2016010006404 ,-0.071927,51.583958,0,2,1,2,7.45,3,3,30,6,2,3,0,5,1,1,1,0,0,1,3,20,0,5,5,0,10,10,0,1,1,0,5,6,0,13,13,0,9,9,0,12,12,0,3,4,0,1,1,0,2,1,0,2,1,0,6,9,0,8,9,0
2016010006406 ,0.048092,51.492265,0,1,1,2,9.0,3,3,30,0,0,0,0,4,1,8,1,0,0,1,9,0,0,18,0,0,10,0,0,9,0,0,6,0,0,13,0,0,9,0,0,12,0,0,1,0,0,1,0,0,6,0,0,1,0,0,8,0,0,13,0,0
2016010006439 ,-0.444838,51.522769,0,2,1,2,8.30,4,6,30,3,4,6,0,0,1,1,2,0,0,1,9,2,0,9,14,0,10,10,0,8,1,0,6,6,0,13,13,0,9,9,0,12,12,0,3,1,0,1,1,0,6,6,0,2,1,0,7,4,0,10,4,0
2016010006444 ,0.000135,51.581403,0,2,1,2,9.0,3,6,30,3,4,4,0,4,1,8,1,0,0,1,9,5,0,9,9,0,10,10,0,8,8,0,6,6,0,13,13,0,9,9,0,12,12,0,3,4,0,1,1,0,3,2,0,2,1,0,6,7,0,14,6,0
2016010006450 ,-0.039471,51.570021,0,2,1,2,10.20,6,6,20,3,4,6,0,0,1,1,2,0,0,1,2,9,0,4,9,0,10,10,0,1,5,0,1,6,0,13,13,0,9,9,0,12,12,0,1,1,0,1,1,0,2,2,0,1,1,0,7,8,0,13,5,0
2016010006462 ,-0.028785,51.396549,0,2,1,2,11.20,5,6,30,6,2,5,0,0,1,1,2,0,0,1,19,9,0,18,18,0,10,10,0,8,8,0,6,6,0,13,13,0,9,9,0,12,12,0,4,1,0,1,1,0,1,6,0,1,2,0,6,8,0,9,3,0
2016010006471 ,-0.40678,51.498069,0,3,1,1,7.40,5,6,30,6,2,6,0,5,1,1,2,0,0,1,8,9,9,18,18,10,10,10,10,1,6,1,6,6,6,13,13,13,9,9,9,12,12,12,4,1,1,1,1,1,1,6,6,1,1,1,8,9,10,7,10,14
2016010006472 ,-0.40591,51.498237,0,1,1,2,12.50,5,2,30,8,4,6,0,0,1,1,1,0,0,1,9,0,0,5,0,0,8,0,0,6,0,0,6,0,0,13,0,0,9,0,0,12,0,0,1,0,0,1,0,0,6,0,0,2,0,0,8,0,0,7,0,0
2016010006477 ,0.017804,51.419677,0,1,1,2,8.42,3,6,30,3,4,6,0,0,1,1,1,0,0,1,9,0,0,7,0,0,10,0,0,8,0,0,1,0,0,13,0,0,9,0,0,12,0,0,1,0,0,1,0,0,3,0,0,2,0,0,8,0,0,16,0,0
2016010006499 ,0.046212,51.530698,0,1,1,1,13.3,6,2,30,0,0,0,0,0,1,1,1,0,0,1,19,0,0,4,0,0,10,0,0,9,0,0,6,0,0,13,0,0,9,0,0,12,0,0,4,0,0,1,0,0,1,0,0,1,0,0,8,0,0,1,0,0
2016010006500 ,-0.20433,51.575717,0,1,2,2,14.50,3,6,30,3,4,6,0,0,1,2,2,0,0,1,3,0,0,16,0,0,10,0,0,8,0,0,6,0,0,13,0,0,9,0,0,12,0,0,1,0,0,1,0,0,6,0,0,1,0,0,4,0,0,4,0,0
2016010006506 ,-0.128278,51.434962,0,1,1,2,17.0,3,3,30,3,2,5,0,0,4,1,1,0,0,1,5,0,0,18,0,0,10,0,0,2,0,0,6,0,0,13,0,0,9,0,0,12,0,0,1,0,0,1,0,0,2,0,0,1,0,0,6,0,0,7,0,0
2016010006508 ,-0.113931,51.521242,0,2,1,2,18.5,3,6,20,3,4,6,0,0,4,1,1,0,0,1,3,8,0,13,9,0,10,10,0,1,6,0,1,6,0,13,13,0,9,9,0,12,12,0,1,1,0,1,1,0,1,1,0,1,1,0,5,7,0,2,3,0
2016010006509 ,-0.141079,51.410255,0,1,1,2,16.40,4,6,30,5,4,6,0,1,4,1,2,0,0,1,3,0,0,4,0,0,10,0,0,2,0,0,6,0,0,13,0,0,9,0,0,12,0,0,1,0,0,1,0,0,6,0,0,1,0,0,6,0,0,4,0,0
2016010006510 ,-0.118767,51.512327,0,1,1,2,18.10,3,2,30,9,4,6,0,0,4,2,2,0,0,1,8,0,0,5,0,0,10,0,0,1,0,0,6,0,0,13,0,0,9,0,0,12,0,0,1,0,0,1,0,0,1,0,0,1,0,0,8,0,0,12,0,0
2016010006514 ,0.071422,51.555615,0,1,1,2,17.33,3,6,30,3,4,6,0,0,4,1,2,0,0,1,9,0,0,9,0,0,10,0,0,6,0,0,6,0,0,13,0,0,9,0,0,12,0,0,1,0,0,1,0,0,2,0,0,1,0,0,7,0,0,8,0,0
2016010006516 ,0.010126,51.565764,0,2,1,2,15.24,3,3,30,0,0,0,0,1,1,2,2,0,0,1,9,9,0,4,4,0,10,10,0,9,9,0,6,1,0,13,13,0,9,9,0,12,12,0,2,1,0,1,1,0,6,3,0,1,1,0,7,6,0,6,12,0
2016010006517 ,-0.199942,51.58815,0,2,1,2,13.40,3,6,30,9,4,6,0,0,1,1,2,0,0,1,3,9,0,18,5,0,10,10,0,2,2,0,6,6,0,13,13,0,9,9,0,12,12,0,1,3,0,1,1,0,6,6,0,1,2,0,5,8,0,1,7,0
2016010006518 ,-0.221519,51.545764,0,1,1,1,12.28,5,3,30,6,2,5,0,5,1,1,1,0,0,1,9,0,0,18,0,0,10,0,0,8,0,0,6,0,0,13,0,0,9,0,0,12,0,0,1,0,0,1,0,0,6,0,0,1,0,0,7,0,0,5,0,0
2016010006519 ,-0.114163,51.553979,0,2,1,1,19.40,3,3,30,3,4,6,0,0,4,2,2,0,0,1,11,9,0,18,7,0,2,2,0,1,1,0,6,6,0,13,13,0,9,9,0,12,12,0,1,4,0,1,1,0,1,6,0,1,2,0,8,4,0,4,10,0
2016010006526 ,-0.139533,51.515536,0,1,1,2,20.35,3,6,20,3,4,5,0,4,4,1,2,0,0,1,11,0,0,5,0,0,10,0,0,1,0,0,6,0,0,13,0,0,9,0,0,12,0,0,5,0,0,1,0,0,1,0,0,1,0,0,10,0,0,3,0,0
2016010006531 ,-0.038126,51.453721,0,2,1,2,22.0,4,6,20,2,4,4,0,0,1,1,1,0,0,1,9,4,0,18,13,0,10,10,0,4,4,0,6,6,0,13,13,0,9,9,0,12,12,0,1,2,0,1,1,0,6,1,0,1,1,0,5,5,0,9,3,0
2016010006550 ,0.083388,51.577526,0,2,1,1,14.0,5,6,30,3,4,6,0,0,1,1,1,4,0,1,9,9,0,4,4,0,10,10,0,1,1,0,6,6,0,13,4,0,9,9,0,12,12,0,2,1,0,1,1,0,6,6,0,1,1,0,6,6,0,13,9,0
2016010006588 ,-0.484757,51.544783,0,1,1,7,15.7,6,6,30,0,0,0,0,0,1,1,1,0,0,1,9,0,0,18,0,0,10,0,0,9,0,0,6,0,0,13,0,0,9,0,0,12,0,0,1,0,0,1,0,0,6,0,0,2,0,0,6,0,0,11,0,0
2016010006594 ,-0.116722,51.502492,0,2,1,6,8.50,3,3,30,3,2,6,0,5,1,1,1,0,0,1,9,4,0,11,4,0,10,10,0,1,1,0,6,5,0,13,13,0,9,9,0,12,12,0,1,2,0,1,1,0,6,6,0,1,2,0,8,8,0,4,3,0
2016010006601 ,-0.339234,51.489488,0,2,1,3,8.30,4,6,30,2,4,6,0,0,1,1,2,4,2,1,3,19,0,14,14,0,10,10,0,1,1,0,6,6,0,13,13,0,9,9,0,12,12,0,4,3,0,1,1,0,4,6,0,1,1,0,6,8,0,5,14,0
2016010006612 ,0.078224,51.457921,0,1,1,3,9.37,3,7,30,3,4,6,0,0,1,1,2,0,0,1,9,0,0,14,0,0,10,0,0,1,0,0,6,0,0,13,0,0,9,0,0,12,0,0,4,0,0,1,0,0,6,0,0,1,0,0,9,0,0,19,0,0
2016010006614 ,-0.333141,51.451183,0,1,2,3,9.13,4,6,30,9,4,6,0,1,1,2,2,0,0,1,3,0,0,4,0,0,10,0,0,1,0,0,1,0,0,13,0,0,9,0,0,12,0,0,1,0,0,1,0,0,2,0,0,1,0,0,6,0,0,7,0,0
2016010006623 ,-0.390124,51.525089,0,2,1,3,9.25,6,6,30,3,4,6,0,0,1,1,2,0,0,1,9,9,0,4,3,0,10,10,0,1,1,0,6,6,0,13,13,0,9,9,0,12,12,0,1,2,0,1,1,0,6,6,0,2,2,0,6,6,0,7,9,0
2016010006662 ,-0.211631,51.385814,0,1,1,3,11.54,3,6,30,6,2,4,0,4,1,2,2,0,0,1,11,0,0,7,0,0,10,0,0,5,0,0,6,0,0,13,0,0,9,0,0,12,0,0,2,0,0,1,0,0,6,0,0,1,0,0,10,0,0,7,0,0
2016010006664 ,-0.063471,51.473837,0,1,1,2,18.55,3,3,30,3,4,6,0,0,4,2,2,0,0,1,11,0,0,3,0,0,2,0,0,2,0,0,6,0,0,13,0,0,9,0,0,12,0,0,5,0,0,1,0,0,1,0,0,1,0,0,5,0,0,8,0,0
2016010006671 ,-0.25502,51.514524,0,2,1,3,8.5,3,3,40,0,0,0,0,0,1,2,2,0,0,1,9,5,0,9,18,0,10,10,0,9,9,0,6,1,0,13,13,0,9,9,0,12,12,0,5,5,0,1,1,0,4,2,0,2,1,0,7,5,0,2,6,0
2016010006691 ,-0.055155,51.47298,0,1,1,3,7.20,3,6,30,3,4,6,0,0,1,2,2,0,0,1,9,0,0,9,0,0,10,0,0,6,0,0,6,0,0,13,0,0,9,0,0,12,0,0,1,0,0,1,0,0,2,0,0,2,0,0,6,0,0,14,0,0
2016010006693 ,-0.052831,51.419344,0,1,1,2,20.23,3,6,30,0,0,0,0,0,4,1,1,0,0,1,11,0,0,18,0,0,10,0,0,9,0,0,6,0,0,13,0,0,9,0,0,12,0,0,5,0,0,1,0,0,1,0,0,1,0,0,7,0,0,2,0,0
2016010006715 ,-0.236776,51.464432,0,1,1,2,17.0,3,6,30,3,4,6,0,0,4,2,2,0,0,1,19,0,0,7,0,0,10,0,0,2,0,0,6,0,0,13,0,0,9,0,0,12,0,0,1,0,0,1,0,0,1,0,0,1,0,0,8,0,0,8,0,0
2016010006745 ,-0.23934,51.506286,0,1,1,3,15.50,3,3,30,9,4,6,0,8,4,1,2,0,0,1,9,0,0,9,0,0,10,0,0,6,0,0,6,0,0,13,0,0,9,0,0,12,0,0,1,0,0,1,0,0,2,0,0,1,0,0,6,0,0,1,0,0
2016010006748 ,-0.163157,51.354488,0,2,2,3,17.28,5,6,30,3,4,6,0,0,4,2,2,0,0,1,9,9,0,4,4,0,10,10,0,1,1,0,6,6,0,13,13,0,9,9,0,12,12,0,1,2,0,1,1,0,6,6,0,2,1,0,7,7,0,15,7,0
2016010006749 ,-0.137258,51.51478,0,2,1,3,18.0,5,6,30,6,4,5,0,0,4,1,2,0,0,1,3,9,0,18,18,0,10,10,0,8,8,0,6,6,0,13,13,0,9,9,0,12,12,0,1,1,0,1,1,0,6,6,0,2,1,0,8,5,0,10,1,0
2016010006752 ,-0.288237,51.624091,0,3,1,3,16.10,3,6,50,1,4,3,0,0,1,1,2,0,0,2,9,9,9,18,18,18,10,10,10,1,3,3,5,6,6,13,13,13,9,9,1,12,12,12,1,1,1,1,1,1,6,1,6,2,1,2,6,7,11,10,13,12
2016010006755 ,-0.246138,51.498114,0,2,1,3,17.45,4,6,20,6,4,6,0,1,1,1,2,0,0,1,3,9,0,14,10,0,10,10,0,2,1,0,6,6,0,4,13,0,9,9,0,12,12,0,3,4,0,1,1,0,6,6,0,1,1,0,7,6,0,1,16,0
2016010006756 ,0.153596,51.481112,0,2,1,3,17.13,5,6,30,3,4,6,0,0,1,1,2,0,0,1,5,9,0,4,3,0,10,10,0,1,1,0,6,6,0,13,13,0,9,9,0,12,12,0,1,3,0,1,1,0,1,6,0,1,1,0,8,7,0,5,14,0
2016010006757 ,-0.078206,51.595931,0,2,1,3,15.15,5,2,20,0,0,0,0,0,4,1,1,0,0,1,9,9,0,18,5,0,10,10,0,9,9,0,6,6,0,13,13,0,9,9,0,12,12,0,1,4,0,1,1,0,6,6,0,2,1,0,7,6,0,11,10,0
2016010006760 ,-0.100017,51.491881,0,1,1,3,18.50,4,2,20,3,4,6,0,0,4,1,2,0,0,1,9,0,0,1,0,0,10,0,0,1,0,0,6,0,0,13,0,0,9,0,0,12,0,0,2,0,0,1,0,0,6,0,0,1,0,0,11,0,0,1,0,0
2016010006762 ,-0.333383,51.503793,0,1,2,3,18.35,3,6,30,9,4,6,0,1,4,2,2,0,0,1,9,0,0,18,0,0,10,0,0,1,0,0,6,0,0,13,0,0,9,0,0,12,0,0,5,0,0,1,0,0,6,0,0,1,0,0,7,0,0,3,0,0
2016010006766 ,-0.062029,51.514641,0,2,1,3,16.20,3,6,30,6,2,4,0,4,4,2,2,0,2,1,4,9,0,18,18,0,2,10,0,8,8,0,6,6,0,11,11,0,9,9,0,12,12,0,1,1,0,1,1,0,6,6,0,1,1,0,6,5,0,2,1,0
2016010006767 ,-0.124397,51.60675,0,2,2,3,16.0,3,6,30,6,2,4,0,5,1,1,2,0,0,1,9,9,0,9,18,0,10,10,0,8,2,0,1,6,0,13,13,0,9,9,0,12,12,0,4,1,0,1,1,0,2,6,0,1,2,0,5,11,0,4,14,0
2016010006770 ,-0.307563,51.586154,0,3,1,3,22.25,3,6,30,3,4,6,0,0,4,1,2,0,0,1,19,9,9,18,10,18,10,10,10,1,1,1,6,6,6,13,13,13,9,9,9,12,12,12,3,1,2,1,1,1,6,6,6,1,1,1,7,8,9,4,5,11
2016010006779 ,-0.234575,51.495333,0,3,1,4,1.58,4,3,30,3,4,6,0,0,4,1,2,0,0,1,9,19,9,13,18,4,10,10,10,1,1,1,6,6,6,13,13,13,9,9,9,12,12,12,1,1,3,1,1,1,1,1,1,1,1,1,6,8,7,6,11,6
2016010006780 ,0.165877,51.582147,0,2,1,3,13.40,3,3,50,6,2,6,0,0,1,1,1,0,0,1,9,9,0,4,18,0,10,10,0,1,1,0,6,1,0,13,13,0,9,9,0,12,12,0,2,1,0,1,1,0,2,6,0,1,2,0,7,10,0,2,15,0
2016010006782 ,-0.372492,51.477815,0,2,1,7,4.20,3,3,40,6,2,3,0,5,4,1,2,0,0,1,8,9,0,18,18,0,10,10,0,8,8,0,6,6,0,13,13,0,9,9,0,12,12,0,4,3,0,1,1,0,1,2,0,1,2,0,9,6,0,5,17,0
2016010006798 ,-0.427076,51.523702,0,1,1,3,15.0,3,3,40,0,0,0,0,0,1,2,2,0,0,1,11,0,0,5,0,0,10,0,0,9,0,0,6,0,0,13,0,0,9,0,0,12,0,0,5,0,0,1,0,0,1,0,0,1,0,0,9,0,0,6,0,0
2016010006811 ,-0.060677,51.624419,0,1,1,4,7.50,3,1,30,1,4,6,0,1,1,1,2,0,6,1,9,0,0,5,0,0,10,0,0,1,0,0,6,0,0,13,0,0,9,0,0,12,0,0,1,0,0,1,0,0,6,0,0,1,0,0,11,0,0,6,0,0
2016010006837 ,0.12171,51.57603,0,1,1,4,9.0,6,6,20,3,4,6,0,0,1,1,1,0,0,1,21,0,0,18,0,0,10,0,0,1,0,0,1,0,0,7,0,0,9,0,0,12,0,0,1,0,0,1,0,0,6,0,0,1,0,0,7,0,0,7,0,0
2016010006866 ,-0.405163,51.474217,0,2,1,4,15.35,3,3,40,0,0,0,0,0,1,1,2,0,0,1,4,9,0,18,18,0,9,10,0,9,9,0,6,6,0,13,13,0,9,9,0,12,12,0,1,2,0,1,1,0,2,2,0,1,1,0,6,4,0,4,5,0
2016010006879 ,0.060248,51.576495,0,2,1,4,7.18,3,3,40,6,2,4,0,0,1,1,2,0,0,1,5,9,0,4,18,0,10,10,0,1,1,0,6,6,0,13,13,0,9,9,0,12,12,0,2,1,0,1,1,0,6,2,0,1,1,0,5,7,0,4,13,0
2016010006880 ,0.164833,51.581447,0,2,1,4,20.36,3,3,50,3,2,5,0,0,4,1,2,0,0,1,11,9,0,4,4,0,10,10,0,1,1,0,6,6,0,13,13,0,9,9,0,12,12,0,1,2,0,1,1,0,1,6,0,1,1,0,8,9,0,5,14,0
2016010006891 ,-0.231217,51.585748,0,2,1,4,8.9,3,3,40,6,2,3,0,5,1,1,2,0,0,1,9,9,0,4,4,0,10,10,0,1,1,0,6,6,0,13,13,0,9,9,0,12,12,0,1,2,0,1,1,0,1,3,0,1,1,0,7,8,0,11,15,0
2016010006897 ,-0.151186,51.455559,0,2,1,4,8.15,3,6,30,9,2,6,0,5,1,1,1,0,0,1,4,9,0,18,5,0,10,10,0,1,6,0,6,6,0,13,13,0,9,9,0,12,12,0,4,1,0,1,2,0,6,2,0,2,1,0,6,6,0,6,6,0
2016010006909 ,-0.034774,51.655463,0,2,2,4,9.21,6,6,30,6,4,6,0,0,1,1,1,0,0,1,9,9,0,9,18,0,9,10,0,8,8,0,6,6,0,13,13,0,9,9,0,12,12,0,1,4,0,1,1,0,6,6,0,2,2,0,7,5,0,9,14,0
2016010006943 ,-0.06109,51.377124,0,1,1,4,13.6,3,6,30,3,4,6,0,0,1,1,1,0,0,1,9,0,0,9,0,0,10,0,0,2,0,0,6,0,0,13,0,0,9,0,0,12,0,0,1,0,0,1,0,0,6,0,0,1,0,0,9,0,0,8,0,0
2016010006949 ,-0.157717,51.522118,0,1,1,4,15.30,3,3,30,6,2,3,0,5,1,1,2,0,0,1,8,0,0,18,0,0,2,0,0,1,0,0,6,0,0,13,0,0,9,0,0,12,0,0,1,0,0,1,0,0,1,0,0,1,0,0,9,0,0,9,0,0
2016010006955 ,-0.394257,51.460849,0,2,1,4,16.2,3,6,30,0,0,0,0,0,1,1,2,0,0,1,9,9,0,4,18,0,10,10,0,9,9,0,6,2,0,13,13,0,9,9,0,12,12,0,2,1,0,1,1,0,6,6,0,2,1,0,7,5,0,3,13,0
2016010006956 ,0.040621,51.457233,0,2,1,4,16.7,3,3,50,5,4,3,0,0,4,1,1,4,0,1,4,19,0,18,18,0,10,10,0,8,8,0,6,6,0,13,13,0,9,9,0,12,12,0,3,2,0,1,1,0,2,2,0,1,1,0,7,6,0,3,2,0
2016010006958 ,0.052792,51.532741,0,2,1,4,17.20,3,6,30,3,4,6,0,0,4,1,1,0,0,1,5,9,0,18,9,0,10,10,0,1,5,0,6,6,0,13,13,0,9,9,0,12,12,0,1,3,0,1,1,0,2,6,0,1,1,0,6,9,0,1,6,0
2016010006960 ,0.090984,51.532336,0,2,1,4,15.13,5,6,30,3,4,6,0,0,1,1,1,0,0,1,9,9,0,5,3,0,10,10,0,1,1,0,6,6,0,13,13,0,9,9,0,12,12,0,1,2,0,1,1,0,6,6,0,1,1,0,7,6,0,10,11,0
2016010006965 ,0.042627,51.457018,0,1,1,4,16.29,3,3,30,5,2,3,0,5,4,1,2,0,0,1,4,0,0,15,0,0,10,0,0,8,0,0,6,0,0,13,0,0,9,0,0,12,0,0,1,0,0,1,0,0,2,0,0,1,0,0,8,0,0,16,0,0
2016010006967 ,-0.113348,51.653784,0,1,1,4,16.9,3,6,30,3,4,6,0,0,4,1,2,0,0,1,11,0,0,4,0,0,2,0,0,3,0,0,6,0,0,13,0,0,9,0,0,12,0,0,5,0,0,1,0,0,1,0,0,1,0,0,7,0,0,5,0,0