Accident_Index,Longitude,Latitude,SV,Number_of_Vehicles,Number_of_Casualties,Day_of_Week,Time,1st_Road_Class,Road_Type,Speed_limit,Junction_Detail,Junction_Control,2nd_Road_Class,Pedestrian_Crossing-Human_Control,Pedestrian_Crossing-Physical_Facilities,Light_Conditions,Weather_Conditions,Road_Surface_Conditions,Special_Conditions_at_Site,Carriageway_Hazards,Urban_or_Rural_Area,Vehicle1_Type,Vehicle2_Type,Vehicle3_Type,Vehicle1_Manoeuvre,Vehicle2_Manoeuvre,Vehicle3_Manoeuvre,Vehicle1_Location-Restricted_Lane,Vehicle2_Location-Restricted_Lane,Vehicle3_Location-Restricted_Lane,Junction1_Location,Junction2_Location,Junction3_Location,Skidding1_and_Overturning,Skidding2_and_Overturning,Skidding3_and_Overturning,Hit_Object_in_Carriageway1,Hit_Object_in_Carriageway2,Hit_Object_in_Carriageway3,Vehicle1_Leaving_Carriageway,Vehicle2_Leaving_Carriageway,Vehicle3_Leaving_Carriageway,Hit_Object_off_Carriageway1,Hit_Object_off_Carriageway2,Hit_Object_off_Carriageway3,1st_Point_of_Impact1,1st_Point_of_Impact2,1st_Point_of_Impact3,Was_Vehicle 1_Left_Hand_Drive?,Was_Vehicle2_Left_Hand_Drive?,Was_Vehicle 3_Left_Hand_Drive?,Journey_Purpose_of_Driver1,Journey_Purpose_of_Driver2,Journey_Purpose_of_Driver3,Sex_of_Driver1,Sex_of_Driver2,Sex_of_Driver3,Age_Band_of_Driver1,Age_Band_of_Driver2,Age_Band_of_Driver3,Age_of_Vehicle1,Age_of_Vehicle2,Age_of_Vehicle3
2016010006968 ,-0.287622,51.413747,0,2,1,4,18.45,3,1,30,1,4,5,0,1,4,1,1,0,0,1,9,9,0,5,5,0,10,10,0,3,4,0,6,6,0,13,13,0,9,9,0,12,12,0,1,1,0,1,1,0,6,6,0,1,2,0,7,10,0,6,3,0
2016010006969 ,-0.304776,51.412648,0,1,1,4,18.15,3,2,30,3,2,6,0,4,4,1,1,0,0,1,19,0,0,16,0,0,10,0,0,1,0,0,6,0,0,13,0,0,7,0,0,1,0,0,1,0,0,1,0,0,2,0,0,1,0,0,7,0,0,3,0,0
2016010006972 ,-0.165683,51.524761,0,2,1,4,19.30,5,6,30,6,4,6,0,8,4,1,1,0,0,1,4,9,0,18,5,0,10,10,0,1,1,0,6,6,0,13,13,0,9,9,0,12,12,0,1,1,0,1,1,0,1,6,0,1,2,0,6,5,0,1,8,0
2016010006975 ,-0.177257,51.469546,0,2,1,4,20.33,4,6,30,8,4,6,0,0,4,3,1,0,0,1,8,21,0,3,9,0,10,10,0,8,1,0,6,6,0,13,13,0,9,9,0,12,12,0,3,3,0,1,1,0,6,6,0,1,1,0,7,6,0,4,3,0
2016010006976 ,-0.147051,51.490116,0,1,1,2,17.36,4,6,30,0,0,0,0,4,4,1,1,0,2,1,2,0,0,5,0,0,10,0,0,9,0,0,6,0,0,11,0,0,9,0,0,12,0,0,1,0,0,1,0,0,2,0,0,2,0,0,7,0,0,9,0,0
2016010006977 ,-0.106336,51.440185,0,1,1,4,16.42,3,6,30,9,2,3,0,5,4,1,1,0,0,1,8,0,0,17,0,0,10,0,0,2,0,0,6,0,0,13,0,0,9,0,0,12,0,0,1,0,0,1,0,0,1,0,0,1,0,0,7,0,0,4,0,0
2016010006982 ,-0.20145,51.414525,0,3,1,3,14.0,3,6,30,3,4,6,0,0,1,2,2,0,0,1,9,9,9,4,3,4,10,10,10,1,1,1,6,6,6,13,13,13,9,9,9,12,12,12,2,2,1,1,1,1,6,6,1,1,1,1,6,4,6,8,6,11
2016010006987 ,-0.174821,51.494508,0,1,1,3,17.4,3,6,30,7,4,3,0,0,4,1,1,0,6,1,19,0,0,9,0,0,10,0,0,8,0,0,6,0,0,13,0,0,9,0,0,12,0,0,1,0,0,1,0,0,1,0,0,1,0,0,9,0,0,3,0,0
2016010006991 ,-0.109578,51.612358,0,2,1,4,22.31,3,3,40,6,2,3,2,4,4,1,1,0,0,1,9,9,0,9,5,0,10,10,0,8,8,0,6,6,0,13,13,0,9,9,0,12,12,0,4,1,0,1,1,0,6,6,0,2,1,0,5,4,0,9,11,0
2016010006996 ,-0.149238,51.500132,0,1,1,4,23.42,3,3,30,0,0,0,0,4,4,1,1,0,0,1,11,0,0,4,0,0,10,0,0,9,0,0,6,0,0,13,0,0,9,0,0,12,0,0,1,0,0,1,0,0,1,0,0,1,0,0,6,0,0,2,0,0
2016010006998 ,-0.491149,51.46924,0,2,1,5,5.15,6,6,30,3,2,6,0,0,4,1,2,0,0,1,3,9,0,18,9,0,10,10,0,8,5,0,5,6,0,13,13,0,9,9,0,12,12,0,1,4,0,1,1,0,2,6,0,1,2,0,5,7,0,3,1,0
2016010007001 ,-0.369427,51.487034,0,1,1,4,11.14,6,6,30,0,0,0,0,0,1,1,1,0,0,1,19,0,0,9,0,0,8,0,0,9,0,0,6,0,0,13,0,0,9,0,0,12,0,0,1,0,0,1,0,0,2,0,0,1,0,0,7,0,0,10,0,0
2016010007002 ,-0.26492,51.606664,0,2,1,4,7.20,5,6,30,6,4,6,0,0,1,1,2,0,0,1,9,9,0,18,8,0,9,9,0,8,7,0,6,6,0,13,13,0,9,1,0,12,10,0,1,3,0,1,1,0,2,2,0,1,1,0,6,7,0,9,15,0
2016010007013 ,-0.177867,51.519285,0,1,1,4,13.45,3,6,30,7,4,3,0,1,1,1,1,0,0,1,8,0,0,18,0,0,10,0,0,2,0,0,6,0,0,13,0,0,9,0,0,12,0,0,4,0,0,1,0,0,1,0,0,1,0,0,6,0,0,4,0,0
2016010007016 ,-0.334355,51.508753,0,1,1,5,7.45,3,1,30,1,4,5,0,4,1,1,2,0,0,1,9,0,0,7,0,0,10,0,0,1,0,0,6,0,0,13,0,0,9,0,0,12,0,0,1,0,0,1,0,0,3,0,0,2,0,0,7,0,0,11,0,0
2016010007039 ,-0.034635,51.524886,0,2,1,4,12.55,3,6,30,6,2,3,0,4,1,1,1,0,0,1,9,9,0,7,7,0,10,10,0,8,8,0,6,6,0,13,13,0,9,9,0,12,12,0,2,1,0,2,2,0,6,6,0,1,1,0,8,7,0,11,9,0
2016010007062 ,-0.057463,51.479673,0,2,1,5,9.19,3,6,30,3,4,6,0,0,1,8,2,0,0,1,3,9,0,18,9,0,2,10,0,1,5,0,6,6,0,13,13,0,9,9,0,12,12,0,1,4,0,1,1,0,6,6,0,1,1,0,6,7,0,10,9,0
2016010007066 ,-0.251528,51.492799,0,1,2,5,10.45,3,6,30,6,2,3,0,5,1,1,1,0,0,1,11,0,0,18,0,0,10,0,0,8,0,0,6,0,0,13,0,0,9,0,0,12,0,0,5,0,0,1,0,0,1,0,0,1,0,0,7,0,0,6,0,0
2016010007075 ,0.083021,51.493718,0,1,1,4,15.39,6,6,30,0,0,0,0,0,1,1,1,0,0,1,9,0,0,4,0,0,10,0,0,9,0,0,6,0,0,13,0,0,9,0,0,12,0,0,5,0,0,1,0,0,6,0,0,1,0,0,6,0,0,4,0,0
2016010007112 ,-0.124439,51.4233,0,2,2,5,11.20,3,3,20,3,4,6,0,0,1,1,1,0,0,1,19,19,0,10,18,0,10,10,0,1,1,0,6,1,0,13,13,0,9,9,0,12,12,0,2,1,0,1,1,0,1,1,0,1,1,0,9,5,0,2,2,0
2016010007130 ,-0.18537,51.613284,0,1,2,5,11.1,5,6,30,6,4,5,0,0,1,1,1,0,0,1,9,0,0,4,0,0,10,0,0,1,0,0,6,0,0,7,0,0,9,0,0,12,0,0,1,0,0,1,0,0,6,0,0,1,0,0,11,0,0,7,0,0
2016010007141 ,-0.087942,51.525677,0,2,1,5,13.49,3,1,20,1,2,3,0,5,1,1,2,0,0,1,19,11,0,16,17,0,10,10,0,3,3,0,6,6,0,13,13,0,9,9,0,12,12,0,2,1,0,1,1,0,1,1,0,1,1,0,9,8,0,7,11,0
2016010007145 ,-0.236732,51.540238,0,2,1,5,16.25,6,1,30,2,4,6,0,0,4,1,1,0,0,1,9,9,0,18,17,0,10,10,0,4,3,0,6,6,0,13,13,0,9,9,0,12,12,0,1,4,0,1,1,0,6,6,0,2,1,0,7,6,0,12,5,0
2016010007149 ,-0.265772,51.584285,0,1,1,5,15.46,5,6,30,6,2,3,0,5,4,1,1,0,0,1,9,0,0,18,0,0,10,0,0,5,0,0,6,0,0,13,0,0,9,0,0,12,0,0,1,0,0,1,0,0,6,0,0,1,0,0,9,0,0,12,0,0
2016010007150 ,-0.120336,51.558215,0,2,1,5,17.25,3,3,30,3,2,5,2,4,4,1,1,0,0,1,9,5,0,9,18,0,10,10,0,1,1,0,6,1,0,13,13,0,9,4,0,12,12,0,3,3,0,1,1,0,6,6,0,1,1,0,8,6,0,13,13,0
2016010007151 ,0.147813,51.541921,0,2,1,5,17.52,3,6,30,0,0,0,0,0,4,1,1,0,0,1,9,8,0,5,1,0,7,6,0,9,9,0,6,6,0,13,13,0,9,9,0,12,12,0,1,2,0,1,1,0,6,1,0,2,1,0,5,7,0,3,3,0
2016010007152 ,-0.111445,51.532533,0,1,1,4,18.6,5,6,20,6,4,6,0,1,4,1,1,0,0,1,9,0,0,18,0,0,10,0,0,1,0,0,6,0,0,13,0,0,9,0,0,12,0,0,1,0,0,1,0,0,6,0,0,1,0,0,11,0,0,11,0,0
2016010007158 ,-0.104403,51.507689,0,1,1,5,6.10,3,3,20,0,0,0,0,0,4,1,1,0,0,1,3,0,0,18,0,0,10,0,0,9,0,0,6,0,0,13,0,0,9,0,0,12,0,0,1,0,0,1,0,0,6,0,0,1,0,0,5,0,0,16,0,0
2016010007161 ,0.134687,51.566531,0,2,1,5,0.3,5,3,30,0,0,0,0,0,4,1,1,0,0,1,9,9,0,18,18,0,10,10,0,9,9,0,6,6,0,10,13,0,1,9,0,10,12,0,3,3,0,1,1,0,6,6,0,1,1,0,6,6,0,4,8,0
2016010007162 ,0.11042,51.463101,0,1,1,5,18.9,6,2,30,9,4,6,0,0,4,1,1,0,0,1,9,0,0,9,0,0,10,0,0,2,0,0,6,0,0,13,0,0,9,0,0,12,0,0,4,0,0,1,0,0,1,0,0,1,0,0,6,0,0,12,0,0
2016010007163 ,-0.369611,51.413208,0,3,6,5,18.30,3,6,30,0,0,0,0,0,4,1,2,0,0,1,9,9,9,5,4,4,10,10,10,9,9,9,6,6,6,13,13,13,1,9,9,10,12,12,1,2,2,1,1,1,6,6,6,1,2,1,9,5,11,1,13,5
2016010007164 ,-0.286077,51.528021,0,2,1,5,20.27,3,3,40,6,2,6,0,4,4,1,2,0,0,1,9,9,0,18,5,0,10,10,0,8,8,0,6,6,0,13,13,0,9,9,0,12,12,0,3,1,0,1,1,0,6,6,0,2,1,0,7,11,0,13,14,0
2016010007166 ,0.187479,51.575091,0,2,1,4,19.50,5,3,30,6,2,5,0,5,4,1,2,0,0,1,8,9,0,18,18,0,10,10,0,8,8,0,6,6,0,13,13,0,9,9,0,12,12,0,1,2,0,1,1,0,6,6,0,2,2,0,6,11,0,5,2,0
2016010007168 ,-0.106047,51.620844,0,1,1,5,20.57,3,6,30,3,4,6,0,0,4,1,1,0,0,1,9,0,0,7,0,0,10,0,0,5,0,0,6,0,0,13,0,0,9,0,0,12,0,0,1,0,0,1,0,0,2,0,0,1,0,0,9,0,0,12,0,0
2016010007176 ,-0.105833,51.466256,0,1,1,5,19.8,6,6,30,9,4,6,0,0,4,1,1,4,0,1,9,0,0,5,0,0,10,0,0,1,0,0,6,0,0,13,0,0,9,0,0,12,0,0,1,0,0,1,0,0,6,0,0,1,0,0,8,0,0,10,0,0
2016010007180 ,-0.109911,51.524325,0,2,1,5,22.29,3,6,30,3,4,6,0,1,4,1,1,0,0,1,9,3,0,10,13,0,10,10,0,6,1,0,6,6,0,13,13,0,9,9,0,12,12,0,3,1,0,1,1,0,1,1,0,1,1,0,7,4,0,1,3,0
2016010007184 ,-0.12592,51.411722,0,2,1,4,21.30,6,6,20,3,4,6,0,0,4,8,1,0,0,1,9,3,0,9,18,0,10,10,0,1,1,0,6,6,0,13,13,0,9,9,0,12,12,0,1,1,0,1,1,0,6,6,0,1,1,0,8,6,0,8,9,0
2016010007185 ,-0.203637,51.574987,0,1,1,5,23.14,6,6,30,3,4,3,0,0,4,1,2,0,0,1,9,0,0,18,0,0,10,0,0,2,0,0,6,0,0,13,0,0,9,0,0,12,0,0,1,0,0,1,0,0,6,0,0,2,0,0,4,0,0,13,0,0
2016010007186 ,-0.170549,51.478884,0,2,1,6,0.16,3,6,30,3,4,5,0,4,4,1,1,0,0,1,3,8,0,18,9,0,10,10,0,8,8,0,6,6,0,13,13,0,9,9,0,12,12,0,4,4,0,1,2,0,2,1,0,1,1,0,8,8,0,9,6,0
2016010007188 ,-0.158779,51.495786,0,2,1,6,3.10,3,6,30,0,0,0,0,0,4,1,1,0,0,1,9,8,0,13,18,0,10,10,0,9,9,0,1,6,0,13,13,0,9,9,0,12,12,0,1,1,0,1,1,0,6,1,0,1,1,0,6,7,0,2,8,0
2016010007191 ,-0.08777,51.533228,0,1,1,5,9.35,6,6,20,3,4,3,0,0,1,1,2,0,2,1,19,0,0,5,0,0,10,0,0,2,0,0,6,0,0,13,0,0,9,0,0,12,0,0,1,0,0,1,0,0,6,0,0,1,0,0,6,0,0,15,0,0
2016010007219 ,-0.228959,51.398577,0,2,1,6,6.42,4,6,30,3,4,6,0,0,4,1,2,0,0,1,3,9,0,18,9,0,10,10,0,1,1,0,2,6,0,13,13,0,9,9,0,12,12,0,1,4,0,1,1,0,2,2,0,1,2,0,6,7,0,2,9,0
2016010007255 ,-0.047885,51.646419,0,1,1,6,10.38,6,6,30,0,0,0,0,0,1,1,1,0,0,1,9,0,0,1,0,0,10,0,0,9,0,0,6,0,0,13,0,0,9,0,0,12,0,0,2,0,0,1,0,0,6,0,0,1,0,0,8,0,0,17,0,0
2016010007262 ,-0.252608,51.48715,0,2,5,6,10.30,3,1,40,1,2,3,0,0,1,1,1,0,0,1,9,10,0,12,18,0,10,10,0,8,8,0,6,6,0,13,13,0,9,9,0,12,12,0,2,1,0,1,1,0,6,3,0,1,2,0,7,7,0,12,4,0
2016010007280 ,-0.350971,51.551432,0,1,1,6,6.59,6,1,30,1,4,6,0,0,1,1,1,0,0,1,8,0,0,9,0,0,10,0,0,8,0,0,6,0,0,13,0,0,9,0,0,12,0,0,1,0,0,1,0,0,1,0,0,1,0,0,8,0,0,9,0,0
2016010007289 ,-0.187694,51.369619,0,1,1,6,12.10,5,6,30,2,4,5,0,0,1,1,1,0,0,1,11,0,0,4,0,0,10,0,0,1,0,0,6,0,0,13,0,0,9,0,0,12,0,0,5,0,0,1,0,0,1,0,0,1,0,0,10,0,0,2,0,0
2016010007293 ,-0.22788,51.511958,0,1,1,6,8.15,6,6,30,0,0,0,0,1,1,1,1,0,0,1,9,0,0,18,0,0,10,0,0,9,0,0,6,0,0,13,0,0,9,0,0,12,0,0,4,0,0,1,0,0,1,0,0,1,0,0,7,0,0,6,0,0
2016010007308 ,-0.315387,51.417387,0,2,1,6,12.0,3,6,30,0,0,0,0,5,1,1,1,0,0,1,4,9,0,18,5,0,10,10,0,9,9,0,2,6,0,10,13,0,7,9,0,10,12,0,1,1,0,1,1,0,6,6,0,1,2,0,4,8,0,2,9,0
2016010007312 ,0.093844,51.604048,0,1,1,5,16.43,5,6,30,0,0,0,0,4,4,1,1,0,0,1,9,0,0,18,0,0,10,0,0,9,0,0,6,0,0,13,0,0,9,0,0,12,0,0,3,0,0,2,0,0,6,0,0,1,0,0,6,0,0,5,0,0
2016010007320 ,-0.012279,51.574779,0,1,1,6,9.30,3,3,30,0,0,0,0,5,1,1,1,0,2,1,9,0,0,15,0,0,10,0,0,9,0,0,6,0,0,13,0,0,9,0,0,12,0,0,5,0,0,1,0,0,6,0,0,1,0,0,10,0,0,17,0,0
2016010007332 ,-0.378924,51.556318,0,1,1,6,12.43,5,6,30,3,4,6,0,0,1,1,1,0,0,1,9,0,0,18,0,0,10,0,0,1,0,0,6,0,0,13,0,0,9,0,0,12,0,0,1,0,0,1,0,0,6,0,0,1,0,0,5,0,0,12,0,0
2016010007334 ,-0.031603,51.65523,0,1,1,6,17.24,5,6,30,3,3,6,0,0,4,1,1,0,0,1,9,0,0,18,0,0,10,0,0,1,0,0,6,0,0,13,0,0,9,0,0,12,0,0,1,0,0,1,0,0,2,0,0,1,0,0,10,0,0,12,0,0
2016010007335 ,-0.171171,51.492113,0,2,1,6,14.29,3,6,30,3,4,6,0,5,4,1,1,0,0,1,9,3,0,9,14,0,10,10,0,1,1,0,6,6,0,13,13,0,9,9,0,12,12,0,1,1,0,1,1,0,6,6,0,1,1,0,7,6,0,8,9,0
2016010007336 ,-0.102516,51.539223,0,1,1,6,15.50,3,6,20,8,4,3,0,0,4,1,1,0,0,1,9,0,0,1,0,0,5,0,0,6,0,0,6,0,0,13,0,0,9,0,0,12,0,0,2,0,0,1,0,0,6,0,0,1,0,0,7,0,0,10,0,0
2016010007340 ,-0.102468,51.491831,0,1,1,6,17.6,3,3,20,3,4,5,0,0,4,1,1,0,0,1,11,0,0,5,0,0,2,0,0,1,0,0,6,0,0,13,0,0,9,0,0,12,0,0,5,0,0,1,0,0,1,0,0,1,0,0,8,0,0,1,0,0
2016010007343 ,-0.08191,51.525129,0,2,1,6,16.36,3,6,20,3,4,6,0,4,4,1,1,0,0,1,19,2,0,18,3,0,10,10,0,1,1,0,6,6,0,13,13,0,9,9,0,12,12,0,1,2,0,1,1,0,1,2,0,1,1,0,10,7,0,11,7,0
2016010007344 ,-0.142417,51.522596,0,1,1,6,17.30,5,2,30,3,4,6,0,0,4,1,1,0,0,1,8,0,0,17,0,0,10,0,0,1,0,0,6,0,0,13,0,0,9,0,0,12,0,0,5,0,0,1,0,0,1,0,0,1,0,0,7,0,0,3,0,0
2016010007348 ,-0.187743,51.524654,0,2,1,6,18.36,6,2,30,9,4,6,0,0,4,1,1,0,0,1,9,3,0,4,13,0,10,10,0,2,2,0,6,6,0,13,13,0,9,9,0,12,12,0,3,1,0,1,1,0,6,6,0,1,1,0,6,7,0,10,1,0
2016010007351 ,-0.125315,51.408925,0,2,1,6,17.48,5,6,20,3,4,6,0,0,5,1,1,0,0,1,9,9,0,18,5,0,10,10,0,1,8,0,6,6,0,13,13,0,9,9,0,12,12,0,4,3,0,1,1,0,6,6,0,1,1,0,8,5,0,8,2,0
2016010007352 ,-0.103647,51.546705,0,1,1,6,17.47,6,6,20,0,0,0,0,0,4,1,1,0,0,1,8,0,0,16,0,0,10,0,0,9,0,0,6,0,0,13,0,0,9,0,0,12,0,0,1,0,0,1,0,0,1,0,0,1,0,0,7,0,0,3,0,0
2016010007353 ,-0.28745,51.487574,0,1,1,6,16.30,3,6,30,0,0,0,0,0,4,1,1,0,0,1,11,0,0,4,0,0,10,0,0,9,0,0,6,0,0,13,0,0,9,0,0,12,0,0,5,0,0,1,0,0,1,0,0,2,0,0,6,0,0,7,0,0
2016010007358 ,-0.150312,51.590975,0,3,1,6,18.15,3,7,20,9,4,6,0,0,4,1,1,0,0,1,3,9,9,18,18,3,10,10,10,2,1,2,6,6,6,13,13,13,9,9,9,12,12,12,3,4,2,1,1,1,2,2,6,1,2,1,5,6,7,2,8,3
2016010007360 ,-0.007234,51.577931,0,1,1,6,13.55,3,3,30,7,4,5,0,0,1,1,1,0,0,1,11,0,0,4,0,0,10,0,0,8,0,0,6,0,0,13,0,0,9,0,0,12,0,0,5,0,0,1,0,0,6,0,0,1,0,0,7,0,0,13,0,0
2016010007363 ,-0.013758,51.511045,0,1,1,6,19.2,3,3,30,3,2,5,0,5,4,1,1,0,0,1,11,0,0,5,0,0,10,0,0,6,0,0,6,0,0,13,0,0,1,0,0,12,0,0,5,0,0,1,0,0,1,0,0,1,0,0,5,0,0,2,0,0
2016010007365 ,0.008401,51.395468,0,2,1,6,18.0,4,6,30,3,4,6,0,0,4,1,1,0,0,1,9,5,0,5,18,0,10,10,0,6,1,0,6,6,0,13,13,0,9,9,0,12,12,0,1,4,0,1,1,0,6,6,0,2,1,0,9,8,0,3,7,0
2016010007366 ,-0.366739,51.469552,0,2,1,5,15.25,3,3,30,3,2,6,0,1,1,1,1,0,0,1,9,9,0,18,18,0,10,10,0,2,2,0,6,6,0,13,13,0,9,9,0,12,12,0,1,2,0,1,1,0,6,6,0,1,1,0,7,8,0,12,18,0
2016010007368 ,-0.060572,51.531972,0,2,1,6,13.40,3,6,20,3,4,6,0,4,1,1,1,0,0,1,9,3,0,18,18,0,10,10,0,1,1,0,6,6,0,13,13,0,9,9,0,12,12,0,4,2,0,1,1,0,6,1,0,1,1,0,7,7,0,9,1,0
2016010007369 ,-0.092438,51.535373,0,2,1,6,18.26,6,6,20,6,4,6,0,0,4,1,1,0,0,1,3,19,0,18,18,0,10,10,0,8,8,0,6,6,0,13,13,0,9,9,0,12,12,0,2,1,0,1,1,0,6,1,0,1,1,0,5,8,0,7,7,0
2016010007371 ,-0.104438,51.555441,0,2,1,6,19.45,5,3,20,3,4,6,0,0,4,8,1,0,0,1,3,9,0,18,18,0,10,10,0,2,2,0,6,6,0,13,13,0,9,9,0,12,12,0,1,1,0,1,1,0,6,6,0,1,2,0,5,11,0,9,9,0
2016010007372 ,-0.402753,51.588477,0,3,1,6,17.6,4,6,20,3,4,6,0,0,4,1,1,0,0,1,19,9,9,18,18,18,10,10,10,8,2,2,6,6,6,13,13,13,9,9,9,12,12,12,1,3,3,1,1,1,2,6,6,1,2,2,5,11,7,1,11,2
2016010007373 ,-0.3651,51.442911,0,1,1,6,19.22,4,3,30,1,2,3,0,5,4,1,1,0,0,1,19,0,0,5,0,0,10,0,0,1,0,0,6,0,0,13,0,0,9,0,0,12,0,0,1,0,0,1,0,0,2,0,0,1,0,0,6,0,0,6,0,0
2016010007376 ,-0.061569,51.532259,0,1,1,6,20.25,5,6,30,6,4,6,0,0,4,1,1,0,0,1,9,0,0,18,0,0,10,0,0,5,0,0,6,0,0,13,0,0,9,0,0,12,0,0,1,0,0,1,0,0,6,0,0,1,0,0,6,0,0,1,0,0
2016010007380 ,-0.213802,51.532877,0,1,1,6,14.59,4,6,30,9,4,6,0,0,1,1,1,0,0,1,9,0,0,18,0,0,10,0,0,1,0,0,6,0,0,13,0,0,9,0,0,12,0,0,3,0,0,1,0,0,6,0,0,2,0,0,6,0,0,4,0,0
2016010007381 ,-0.146402,51.307011,0,3,1,6,14.7,3,3,40,3,4,6,2,1,1,1,1,0,0,1,9,9,19,3,12,3,10,10,10,1,1,1,6,6,6,13,13,13,9,9,9,12,12,12,2,1,3,1,1,1,6,6,6,1,1,1,9,10,7,10,15,2
2016010007385 ,-0.17332,51.449161,0,1,1,6,16.38,3,6,30,0,0,0,0,0,4,1,1,0,0,1,5,0,0,8,0,0,9,0,0,9,0,0,1,0,0,13,0,0,9,0,0,12,0,0,5,0,0,1,0,0,6,0,0,1,0,0,6,0,0,16,0,0
2016010007387 ,-0.247042,51.557119,0,2,1,6,18.45,3,6,30,0,0,0,0,0,4,1,1,0,0,1,9,9,0,5,3,0,10,10,0,9,9,0,6,6,0,13,13,0,9,9,0,12,12,0,1,2,0,1,1,0,6,6,0,1,1,0,5,8,0,11,1,0
2016010007393 ,-0.031675,51.51998,0,2,2,6,21.25,3,6,20,9,4,6,0,0,4,1,1,0,0,1,9,9,0,18,10,0,10,10,0,1,1,0,6,6,0,4,13,0,9,9,0,12,12,0,1,1,0,1,1,0,6,6,0,1,1,0,6,5,0,6,10,0
2016010007394 ,0.100529,51.426407,0,2,1,6,19.45,3,6,30,6,2,3,0,5,4,1,1,0,0,1,9,9,0,9,18,0,10,10,0,8,8,0,6,6,0,13,13,0,9,9,0,12,12,0,4,1,0,1,1,0,6,6,0,1,1,0,4,8,0,3,12,0
2016010007399 ,-0.291022,51.619186,0,2,1,6,22.45,5,6,30,0,0,0,0,0,4,1,1,0,0,1,3,9,0,18,5,0,10,10,0,9,9,0,6,6,0,13,13,0,9,9,0,12,12,0,1,1,0,1,1,0,1,6,0,1,2,0,4,8,0,1,2,0
2016010007402 ,0.225239,51.506034,0,2,1,7,3.40,3,6,40,3,4,4,0,0,4,7,2,0,0,2,9,9,0,18,18,0,10,10,0,8,8,0,6,6,0,13,13,0,9,2,0,12,7,0,1,1,0,1,1,0,6,6,0,2,1,0,7,6,0,15,9,0
2016010007412 ,-0.144911,51.507348,0,1,1,7,7.0,5,2,30,3,3,6,0,0,4,1,1,0,0,1,9,0,0,1,0,0,10,0,0,2,0,0,6,0,0,13,0,0,9,0,0,12,0,0,2,0,0,1,0,0,2,0,0,1,0,0,6,0,0,9,0,0
2016010007441 ,-0.027656,51.589607,0,1,1,7,8.15,3,6,30,9,4,6,0,0,1,1,2,0,0,1,9,0,0,9,0,0,10,0,0,1,0,0,6,0,0,13,0,0,3,0,0,12,0,0,1,0,0,1,0,0,6,0,0,2,0,0,5,0,0,11,0,0
2016010007456 ,-0.289551,51.40829,0,2,1,7,10.4,6,6,30,9,4,6,0,0,1,7,2,0,0,1,9,5,0,4,16,0,10,10,0,1,2,0,6,6,0,13,13,0,9,9,0,12,12,0,1,3,0,1,1,0,6,6,0,1,1,0,5,8,0,11,13,0
2016010007475 ,-0.215316,51.590003,0,1,2,6,16.10,3,6,30,0,0,0,0,0,1,1,1,0,0,1,11,0,0,3,0,0,10,0,0,9,0,0,6,0,0,13,0,0,9,0,0,12,0,0,5,0,0,1,0,0,1,0,0,1,0,0,8,0,0,8,0,0
2016010007479 ,0.078686,51.480755,0,2,2,7,11.55,5,6,30,3,4,6,0,0,1,7,2,0,0,1,9,9,0,18,18,0,10,10,0,8,6,0,6,6,0,13,7,0,9,9,0,12,12,0,3,1,0,1,1,0,6,6,0,1,2,0,8,9,0,13,9,0
2016010007483 ,-0.25362,51.558656,0,2,1,7,11.40,3,3,40,5,4,3,0,0,1,7,1,0,0,1,9,19,0,8,7,0,10,10,0,7,7,0,6,6,0,13,13,0,9,9,0,12,12,0,2,1,0,1,1,0,6,1,0,2,1,0,6,6,0,9,12,0
2016010007484 ,-0.220248,51.467419,0,1,2,7,12.55,4,6,30,0,0,0,0,4,1,1,1,0,0,1,3,0,0,14,0,0,10,0,0,9,0,0,6,0,0,13,0,0,9,0,0,12,0,0,1,0,0,1,0,0,6,0,0,1,0,0,6,0,0,4,0,0
2016010007485 ,-0.261932,51.582789,0,1,1,7,12.51,3,3,30,3,2,4,0,5,1,7,2,0,0,1,9,0,0,5,0,0,10,0,0,2,0,0,6,0,0,13,0,0,9,0,0,12,0,0,1,0,0,1,0,0,6,0,0,1,0,0,6,0,0,1,0,0
2016010007486 ,-0.197254,51.41518,0,2,1,7,13.0,3,6,30,0,0,0,0,1,1,1,2,0,0,1,2,9,0,13,8,0,10,9,0,9,9,0,6,6,0,13,13,0,9,9,0,12,12,0,5,5,0,1,1,0,1,2,0,1,1,0,4,8,0,3,2,0
2016010007487 ,-0.375845,51.565807,0,1,1,7,11.10,6,6,30,6,4,6,0,0,6,7,2,0,0,1,9,0,0,18,0,0,9,0,0,1,0,0,6,0,0,10,0,0,7,0,0,4,0,0,1,0,0,1,0,0,6,0,0,1,0,0,8,0,0,12,0,0
2016010007490 ,-0.126211,51.499497,0,1,1,7,13.3,3,3,20,0,0,0,0,1,1,1,1,0,0,1,11,0,0,18,0,0,10,0,0,9,0,0,6,0,0,13,0,0,9,0,0,12,0,0,5,0,0,1,0,0,1,0,0,1,0,0,8,0,0,1,0,0
2016010007493 ,-0.426191,51.453189,0,2,3,7,15.0,4,6,30,3,4,6,0,0,1,1,1,0,0,1,9,9,0,9,18,0,10,10,0,2,1,0,6,6,0,13,13,0,9,9,0,12,12,0,1,4,0,1,1,0,6,6,0,2,1,0,5,5,0,13,9,0