Accident_Index,Longitude,Latitude,SV,Number_of_Vehicles,Number_of_Casualties,Day_of_Week,Time,1st_Road_Class,Road_Type,Speed_limit,Junction_Detail,Junction_Control,2nd_Road_Class,Pedestrian_Crossing-Human_Control,Pedestrian_Crossing-Physical_Facilities,Light_Conditions,Weather_Conditions,Road_Surface_Conditions,Special_Conditions_at_Site,Carriageway_Hazards,Urban_or_Rural_Area,Vehicle1_Type,Vehicle2_Type,Vehicle3_Type,Vehicle1_Manoeuvre,Vehicle2_Manoeuvre,Vehicle3_Manoeuvre,Vehicle1_Location-Restricted_Lane,Vehicle2_Location-Restricted_Lane,Vehicle3_Location-Restricted_Lane,Junction1_Location,Junction2_Location,Junction3_Location,Skidding1_and_Overturning,Skidding2_and_Overturning,Skidding3_and_Overturning,Hit_Object_in_Carriageway1,Hit_Object_in_Carriageway2,Hit_Object_in_Carriageway3,Vehicle1_Leaving_Carriageway,Vehicle2_Leaving_Carriageway,Vehicle3_Leaving_Carriageway,Hit_Object_off_Carriageway1,Hit_Object_off_Carriageway2,Hit_Object_off_Carriageway3,1st_Point_of_Impact1,1st_Point_of_Impact2,1st_Point_of_Impact3,Was_Vehicle 1_Left_Hand_Drive?,Was_Vehicle2_Left_Hand_Drive?,Was_Vehicle 3_Left_Hand_Drive?,Journey_Purpose_of_Driver1,Journey_Purpose_of_Driver2,Journey_Purpose_of_Driver3,Sex_of_Driver1,Sex_of_Driver2,Sex_of_Driver3,Age_Band_of_Driver1,Age_Band_of_Driver2,Age_Band_of_Driver3,Age_of_Vehicle1,Age_of_Vehicle2,Age_of_Vehicle3
2016010007503 ,-0.151788,51.486953,0,1,2,7,17.9,3,3,30,3,2,4,0,4,4,1,1,0,0,1,11,0,0,5,0,0,10,0,0,1,0,0,6,0,0,13,0,0,9,0,0,12,0,0,5,0,0,1,0,0,1,0,0,1,0,0,8,0,0,2,0,0
2016010007507 ,0.183124,51.61672,0,2,2,7,15.40,4,6,30,3,4,6,0,0,4,7,2,0,0,1,9,3,0,4,18,0,10,10,0,1,1,0,6,1,0,13,13,0,9,9,0,12,12,0,2,1,0,1,1,0,6,6,0,2,2,0,9,4,0,4,1,0
2016010007509 ,0.103622,51.446766,0,1,1,7,16.20,5,6,30,3,4,6,0,4,4,1,2,0,0,1,9,0,0,18,0,0,10,0,0,1,0,0,6,0,0,13,0,0,9,0,0,12,0,0,1,0,0,1,0,0,6,0,0,2,0,0,11,0,0,4,0,0
2016010007515 ,-0.103556,51.590498,0,2,1,7,15.20,3,3,20,6,2,3,0,4,1,7,1,0,0,1,9,11,0,4,4,0,10,10,0,1,1,0,6,6,0,13,13,0,9,9,0,12,12,0,5,5,0,1,1,0,6,1,0,1,1,0,6,8,0,10,9,0
2016010007517 ,-0.185518,51.613196,0,1,3,7,14.55,5,6,30,6,4,5,0,0,1,7,2,0,0,1,9,0,0,18,0,0,10,0,0,1,0,0,6,0,0,7,0,0,9,0,0,12,0,0,1,0,0,1,0,0,6,0,0,1,0,0,8,0,0,4,0,0
2016010007518 ,-0.154017,51.513787,0,1,1,7,16.0,3,6,30,6,2,5,0,0,4,1,1,0,0,1,11,0,0,3,0,0,10,0,0,2,0,0,6,0,0,13,0,0,9,0,0,12,0,0,5,0,0,1,0,0,6,0,0,1,0,0,6,0,0,4,0,0
2016010007523 ,-0.11199,51.334429,0,1,1,7,16.15,3,6,30,3,2,3,0,4,4,7,1,0,0,1,9,0,0,18,0,0,10,0,0,2,0,0,6,0,0,13,0,0,9,0,0,12,0,0,1,0,0,1,0,0,6,0,0,2,0,0,10,0,0,5,0,0
2016010007526 ,-0.291923,51.510481,0,2,1,6,20.12,3,6,30,0,0,0,0,0,4,1,2,0,0,1,3,9,0,18,18,0,10,10,0,9,9,0,1,6,0,13,13,0,9,9,0,12,12,0,2,5,0,1,1,0,6,1,0,1,2,0,5,6,0,17,15,0
2016010007527 ,0.005496,51.552354,0,2,1,7,21.15,3,6,30,6,2,5,0,0,4,1,1,0,0,1,9,9,0,18,12,0,10,10,0,1,6,0,6,6,0,13,13,0,9,9,0,12,12,0,1,3,0,1,1,0,6,6,0,1,1,0,7,7,0,13,11,0
2016010007529 ,0.064194,51.360684,0,1,1,7,2.20,3,6,40,0,0,0,1,4,4,1,1,0,0,1,9,0,0,5,0,0,10,0,0,9,0,0,6,0,0,13,0,0,1,0,0,10,0,0,1,0,0,1,0,0,6,0,0,1,0,0,7,0,0,7,0,0
2016010007532 ,-0.092551,51.484386,0,3,1,1,0.9,6,6,20,3,4,6,0,0,4,1,1,0,0,1,9,9,8,18,6,18,10,10,10,1,1,1,6,6,6,13,13,13,9,9,9,12,12,12,3,1,2,1,1,1,6,1,1,1,1,1,7,7,8,10,2,3
2016010007535 ,-0.27529,51.508259,0,1,1,1,2.21,3,6,30,0,0,0,0,4,4,1,1,0,0,1,8,0,0,18,0,0,10,0,0,9,0,0,6,0,0,13,0,0,9,0,0,12,0,0,1,0,0,1,0,0,1,0,0,1,0,0,5,0,0,7,0,0
2016010007539 ,-0.293801,51.491084,0,2,4,7,22.30,3,3,40,5,4,1,0,0,4,1,2,0,2,1,9,8,0,18,18,0,10,10,0,1,1,0,6,1,0,13,11,0,9,9,0,12,12,0,2,1,0,1,1,0,6,1,0,2,1,0,7,7,0,11,1,0
2016010007541 ,-0.111381,51.387658,0,2,1,7,21.53,3,6,30,3,4,6,0,0,4,1,1,0,0,1,9,5,0,9,13,0,10,10,0,5,1,0,6,6,0,13,13,0,9,9,0,12,12,0,3,1,0,1,1,0,6,6,0,1,1,0,5,9,0,5,9,0
2016010007542 ,-0.241596,51.533747,0,1,3,7,22.22,3,3,30,9,1,3,0,5,4,1,1,0,0,1,11,0,0,18,0,0,10,0,0,6,0,0,6,0,0,13,0,0,9,0,0,12,0,0,5,0,0,1,0,0,1,0,0,1,0,0,6,0,0,6,0,0
2016010007543 ,-0.027926,51.513353,0,1,1,1,2.25,3,6,30,3,4,6,0,4,4,1,1,0,0,1,3,0,0,18,0,0,10,0,0,2,0,0,6,0,0,7,0,0,9,0,0,12,0,0,1,0,0,1,0,0,1,0,0,1,0,0,6,0,0,1,0,0
2016010007548 ,0.064129,51.429482,0,2,1,7,23.37,4,6,30,3,4,6,0,4,4,7,2,0,0,1,9,3,0,9,18,0,10,10,0,1,1,0,6,6,0,13,13,0,9,9,0,12,12,0,1,1,0,1,1,0,6,6,0,2,1,0,4,4,0,10,5,0
2016010007549 ,-0.396907,51.533095,0,2,2,1,2.0,4,3,30,3,2,5,0,5,4,1,1,0,0,1,9,9,0,4,18,0,10,10,0,1,2,0,6,6,0,13,13,0,9,9,0,12,12,0,1,1,0,1,1,0,6,6,0,1,1,0,7,5,0,5,14,0
2016010007563 ,-0.013343,51.45762,0,2,1,1,7.10,3,3,30,6,2,5,0,5,1,1,1,0,0,1,8,19,0,4,4,0,10,10,0,1,1,0,6,6,0,13,13,0,9,9,0,12,12,0,2,1,0,1,1,0,1,6,0,1,1,0,8,6,0,5,3,0
2016010007565 ,0.005402,51.494442,0,2,1,7,21.30,3,3,30,0,0,0,0,7,4,7,1,0,0,1,9,9,0,4,4,0,10,10,0,9,9,0,6,6,0,13,13,0,9,9,0,12,12,0,2,1,0,1,1,0,6,6,0,1,1,0,6,7,0,1,2,0
2016010007569 ,-0.024574,51.444231,0,1,2,1,13.53,3,3,20,0,0,0,0,1,1,1,1,0,0,1,11,0,0,4,0,0,10,0,0,9,0,0,6,0,0,13,0,0,9,0,0,12,0,0,5,0,0,1,0,0,6,0,0,1,0,0,7,0,0,1,0,0
2016010007570 ,-0.115738,51.512368,0,1,1,1,13.0,3,6,30,3,4,6,0,0,1,1,1,0,0,1,8,0,0,7,0,0,10,0,0,1,0,0,6,0,0,13,0,0,9,0,0,12,0,0,4,0,0,1,0,0,1,0,0,1,0,0,9,0,0,6,0,0
2016010007573 ,0.065997,51.566412,0,1,1,7,10.32,3,3,30,3,4,6,0,0,1,1,1,0,0,1,9,0,0,7,0,0,9,0,0,6,0,0,6,0,0,13,0,0,9,0,0,12,0,0,1,0,0,1,0,0,6,0,0,1,0,0,4,0,0,4,0,0
2016010007581 ,-0.262564,51.58136,0,2,1,4,9.16,4,6,30,3,4,6,0,0,1,1,1,0,0,1,9,9,0,18,18,0,10,10,0,8,8,0,6,6,0,13,13,0,9,9,0,12,12,0,2,1,0,1,1,0,2,2,0,2,1,0,6,7,0,7,10,0
2016010007586 ,-0.181844,51.52798,0,2,1,1,19.20,3,6,30,8,4,5,0,0,4,1,1,0,0,1,3,9,0,18,9,0,10,10,0,1,1,0,6,6,0,13,13,0,9,9,0,12,12,0,1,1,0,1,1,0,1,6,0,1,2,0,5,9,0,7,16,0
2016010007588 ,0.007179,51.557811,0,2,1,1,18.25,4,6,30,9,4,3,0,0,4,1,1,0,0,1,9,9,0,18,18,0,10,10,0,5,1,0,6,6,0,13,13,0,9,9,0,12,12,0,1,1,0,1,1,0,6,6,0,1,1,0,7,6,0,6,13,0
2016010007592 ,-0.379299,51.47674,0,2,2,1,19.25,6,6,30,7,2,3,0,0,4,1,1,0,0,1,9,3,0,3,18,0,10,10,0,1,1,0,6,2,0,13,13,0,9,9,0,12,12,0,2,1,0,1,1,0,6,1,0,1,1,0,8,5,0,8,6,0
2016010007594 ,-0.185193,51.501773,0,2,1,1,19.50,3,6,30,9,4,6,0,0,4,1,1,0,0,1,3,8,0,18,11,0,10,10,0,1,1,0,6,6,0,13,13,0,9,9,0,12,12,0,3,5,0,1,1,0,6,1,0,1,1,0,6,7,0,1,5,0
2016010007601 ,-0.016211,51.43132,0,2,1,1,16.30,3,6,30,3,4,6,0,0,4,1,1,0,0,1,9,9,0,18,4,0,10,10,0,1,2,0,6,6,0,13,13,0,9,9,0,12,12,0,1,2,0,1,1,0,6,6,0,1,2,0,11,6,0,3,3,0
2016010007602 ,0.04754,51.550639,0,1,1,1,21.42,3,6,30,6,2,3,0,5,4,1,1,0,0,1,9,0,0,9,0,0,10,0,0,8,0,0,6,0,0,13,0,0,9,0,0,12,0,0,4,0,0,1,0,0,6,0,0,1,0,0,11,0,0,5,0,0
2016010007603 ,-0.151799,51.547204,0,1,1,1,19.36,4,3,20,6,4,6,0,1,4,1,1,0,6,1,2,0,0,4,0,0,10,0,0,2,0,0,6,0,0,13,0,0,9,0,0,12,0,0,5,0,0,1,0,0,1,0,0,1,0,0,7,0,0,2,0,0
2016010007608 ,-0.100352,51.584242,0,1,1,1,21.0,3,6,30,3,4,6,0,0,4,1,1,0,0,1,11,0,0,5,0,0,2,0,0,1,0,0,6,0,0,13,0,0,9,0,0,12,0,0,5,0,0,1,0,0,1,0,0,1,0,0,7,0,0,3,0,0
2016010007613 ,-0.117533,51.360328,0,1,1,2,1.43,3,6,30,3,2,6,0,4,4,1,2,0,0,1,9,0,0,18,0,0,9,0,0,2,0,0,6,0,0,13,0,0,1,0,0,12,0,0,1,0,0,1,0,0,6,0,0,2,0,0,6,0,0,13,0,0
2016010007617 ,-0.050119,51.4425,0,2,1,2,2.21,6,6,20,3,4,6,0,0,4,1,1,0,2,1,9,9,0,18,18,0,10,9,0,1,1,0,6,6,0,11,8,0,9,7,0,12,12,0,1,1,0,1,1,0,6,1,0,1,1,0,4,7,0,7,1,0
2016010007635 ,-0.161483,51.403473,0,2,1,2,7.41,3,6,30,8,4,6,2,4,4,1,1,0,0,1,9,4,0,9,18,0,2,2,0,8,8,0,6,6,0,13,13,0,9,9,0,12,12,0,1,1,0,1,1,0,2,6,0,2,1,0,8,5,0,13,4,0
2016010007648 ,-0.091387,51.491561,0,1,1,2,7.34,5,6,30,3,4,6,0,0,1,1,1,0,0,1,9,0,0,18,0,0,10,0,0,1,0,0,6,0,0,13,0,0,9,0,0,12,0,0,1,0,0,1,0,0,1,0,0,1,0,0,9,0,0,6,0,0
2016010007667 ,-0.126008,51.500932,0,1,1,2,8.45,3,2,30,6,2,3,0,5,1,1,1,0,0,1,3,0,0,18,0,0,10,0,0,6,0,0,6,0,0,13,0,0,9,0,0,12,0,0,5,0,0,1,0,0,6,0,0,1,0,0,6,0,0,1,0,0
2016010007685 ,-0.140707,51.369781,0,2,2,2,8.39,3,6,30,6,4,5,0,5,1,1,1,0,0,1,9,9,0,18,3,0,10,9,0,8,1,0,6,1,0,13,13,0,9,2,0,12,10,0,1,4,0,1,1,0,3,2,0,2,1,0,7,5,0,17,12,0
2016010007690 ,-0.075363,51.550471,0,2,1,2,11.0,3,3,20,6,2,5,2,5,1,1,2,0,0,1,9,8,0,10,18,0,10,10,0,8,8,0,6,6,0,13,13,0,9,9,0,12,12,0,1,1,0,1,1,0,6,1,0,2,1,0,5,5,0,6,6,0
2016010007701 ,0.19368,51.461033,0,2,1,2,7.24,6,6,30,3,4,6,0,0,1,1,1,0,0,1,9,5,0,12,18,0,10,10,0,4,4,0,6,6,0,13,13,0,9,9,0,12,12,0,1,1,0,1,1,0,2,2,0,1,1,0,8,9,0,5,17,0
2016010007711 ,-0.174406,51.522918,0,1,2,2,13.20,3,3,30,0,0,0,0,0,1,1,1,0,0,1,4,0,0,18,0,0,10,0,0,9,0,0,6,0,0,13,0,0,9,0,0,12,0,0,1,0,0,1,0,0,6,0,0,1,0,0,7,0,0,9,0,0
2016010007735 ,-0.167,51.4273,0,1,1,1,21.6,3,6,30,7,4,6,0,0,4,1,2,0,0,1,8,0,0,7,0,0,10,0,0,5,0,0,6,0,0,13,0,0,7,0,0,12,0,0,1,0,0,1,0,0,1,0,0,1,0,0,5,0,0,5,0,0
2016010007750 ,-0.1875,51.385443,0,1,1,2,13.0,3,6,30,9,4,6,0,0,1,2,2,0,0,1,11,0,0,18,0,0,10,0,0,6,0,0,6,0,0,13,0,0,9,0,0,12,0,0,5,0,0,1,0,0,1,0,0,1,0,0,8,0,0,11,0,0
2016010007771 ,0.130611,51.504014,0,2,3,2,14.20,3,3,50,0,0,0,0,0,1,1,2,0,2,2,9,9,0,4,4,0,10,10,0,9,9,0,6,6,0,13,13,0,9,9,0,12,12,0,2,1,0,2,1,0,6,6,0,1,1,0,5,6,0,3,15,0
2016010007779 ,-0.008202,51.585501,0,1,1,1,21.25,5,6,20,6,4,5,0,1,4,1,1,0,0,1,9,0,0,18,0,0,10,0,0,1,0,0,6,0,0,13,0,0,9,0,0,12,0,0,1,0,0,1,0,0,6,0,0,1,0,0,8,0,0,12,0,0
2016010007782 ,-0.118023,51.547836,0,2,3,2,16.45,3,6,20,3,4,5,0,0,4,1,1,0,0,1,9,11,0,3,18,0,10,10,0,1,1,0,6,6,0,13,4,0,9,9,0,12,12,0,3,4,0,1,1,0,1,1,0,1,1,0,6,6,0,2,6,0
2016010007784 ,-0.270216,51.51286,0,1,1,4,8.50,3,3,30,3,4,6,2,4,1,1,1,0,1,1,3,0,0,5,0,0,10,0,0,1,0,0,5,0,0,13,0,0,9,0,0,12,0,0,1,0,0,1,0,0,2,0,0,1,0,0,7,0,0,6,0,0
2016010007785 ,-0.30087,51.514028,0,1,1,2,17.38,3,6,30,3,4,6,0,5,4,1,1,0,0,1,11,0,0,4,0,0,2,0,0,8,0,0,6,0,0,13,0,0,9,0,0,12,0,0,5,0,0,1,0,0,1,0,0,1,0,0,8,0,0,4,0,0
2016010007795 ,-0.20318,51.407087,0,1,1,2,19.4,6,6,30,3,4,6,0,0,7,1,1,0,0,1,9,0,0,9,0,0,10,0,0,8,0,0,6,0,0,13,0,0,9,0,0,12,0,0,1,0,0,1,0,0,6,0,0,2,0,0,9,0,0,7,0,0
2016010007797 ,-0.143068,51.506599,0,1,1,2,17.11,3,3,30,0,0,0,0,5,4,1,1,0,0,1,5,0,0,18,0,0,10,0,0,9,0,0,6,0,0,13,0,0,9,0,0,12,0,0,1,0,0,1,0,0,2,0,0,1,0,0,6,0,0,2,0,0
2016010007798 ,-0.139399,51.511757,0,1,1,2,18.47,5,3,30,3,2,5,0,4,4,2,2,0,0,1,11,0,0,4,0,0,10,0,0,1,0,0,6,0,0,13,0,0,9,0,0,12,0,0,5,0,0,1,0,0,1,0,0,1,0,0,6,0,0,3,0,0
2016010007802 ,-0.241547,51.538782,0,1,1,2,15.20,6,6,20,9,4,6,0,0,1,1,1,0,0,1,9,0,0,18,0,0,10,0,0,1,0,0,6,0,0,13,0,0,9,0,0,12,0,0,1,0,0,1,0,0,6,0,0,1,0,0,5,0,0,3,0,0
2016010007808 ,0.101307,51.437095,0,1,1,2,15.45,6,6,30,3,4,6,0,0,5,1,1,0,0,1,9,0,0,18,0,0,10,0,0,5,0,0,6,0,0,13,0,0,9,0,0,12,0,0,1,0,0,1,0,0,3,0,0,2,0,0,6,0,0,10,0,0
2016010007810 ,-0.396903,51.533185,0,2,1,2,22.5,4,6,30,3,2,5,0,1,4,1,1,0,0,1,9,9,0,9,4,0,10,10,0,1,1,0,6,6,0,13,13,0,9,9,0,12,12,0,4,1,0,1,1,0,6,6,0,1,2,0,4,6,0,6,8,0
2016010007815 ,-0.095807,51.371578,0,2,1,3,22.15,3,1,30,1,4,5,0,0,4,1,1,0,0,1,9,9,0,16,18,0,10,10,0,1,3,0,6,6,0,13,13,0,9,9,0,12,12,0,1,2,0,1,1,0,6,6,0,2,2,0,6,6,0,5,10,0
2016010007820 ,-0.061821,51.621291,0,2,1,2,11.28,3,6,30,3,4,6,0,0,1,1,1,0,0,1,8,4,0,3,15,0,10,10,0,1,1,0,6,6,0,13,13,0,9,9,0,12,12,0,4,1,0,1,1,0,1,6,0,1,1,0,8,5,0,2,1,0
2016010007923 ,-0.017168,51.465689,0,2,1,2,17.40,6,6,20,3,2,6,0,0,4,1,1,0,0,1,9,11,0,18,9,0,10,10,0,8,1,0,6,6,0,13,13,0,9,9,0,12,12,0,2,3,0,1,1,0,2,1,0,2,1,0,6,5,0,12,4,0
2016010007926 ,-0.065489,51.47378,0,2,1,3,11.10,3,3,20,3,2,3,0,4,5,1,1,0,0,1,9,4,0,11,18,0,10,2,0,1,1,0,6,6,0,13,13,0,9,9,0,12,12,0,4,1,0,1,1,0,6,6,0,1,1,0,7,6,0,14,1,0
2016010007927 ,0.102374,51.485369,0,2,1,7,1.0,3,1,30,1,4,3,0,5,4,1,1,0,0,1,9,8,0,18,5,0,10,10,0,4,4,0,6,6,0,13,13,0,9,9,0,12,12,0,4,3,0,1,1,0,6,1,0,1,1,0,6,7,0,8,2,0
2016010007929 ,-0.075654,51.611896,0,2,2,3,9.54,5,6,30,0,0,0,0,0,1,1,1,0,0,1,9,9,0,9,18,0,8,9,0,9,9,0,6,6,0,13,13,0,1,1,0,4,10,0,1,4,0,1,1,0,6,6,0,1,2,0,10,8,0,5,13,0
2016010007946 ,-0.362678,51.470394,0,1,1,2,20.45,6,6,20,0,0,0,0,0,4,1,1,0,0,1,11,0,0,5,0,0,10,0,0,9,0,0,1,0,0,13,0,0,9,0,0,12,0,0,1,0,0,1,0,0,1,0,0,1,0,0,7,0,0,7,0,0
2016010007949 ,-0.072699,51.473539,0,1,1,2,16.48,3,6,20,3,4,6,0,5,4,1,1,0,0,1,4,0,0,13,0,0,10,0,0,1,0,0,6,0,0,13,0,0,9,0,0,12,0,0,3,0,0,1,0,0,6,0,0,1,0,0,6,0,0,6,0,0
2016010007969 ,-0.203877,51.561592,0,2,1,3,13.0,3,3,40,6,2,3,0,7,1,1,1,0,0,1,9,9,0,4,18,0,10,10,0,1,1,0,6,6,0,13,13,0,9,9,0,12,12,0,2,1,0,1,1,0,6,6,0,2,1,0,5,5,0,9,3,0
2016010007971 ,-0.403899,51.477437,0,2,1,2,10.56,3,3,40,1,4,3,0,4,1,1,2,0,0,1,9,9,0,18,18,0,10,10,0,4,4,0,6,6,0,13,13,0,9,9,0,12,12,0,1,2,0,1,1,0,6,6,0,1,2,0,7,6,0,5,9,0
2016010008004 ,-0.18182,51.517728,0,2,1,3,14.55,3,6,30,0,0,0,0,0,1,1,1,0,0,1,11,3,0,5,14,0,10,10,0,9,9,0,6,6,0,13,4,0,9,9,0,12,12,0,4,4,0,1,1,0,1,6,0,1,2,0,5,7,0,3,3,0
2016010008015 ,0.139383,51.558982,0,2,1,3,15.55,5,6,30,6,4,6,0,0,4,1,1,0,0,1,9,9,0,18,18,0,10,10,0,1,1,0,6,6,0,13,13,0,9,9,0,12,12,0,3,1,0,1,1,0,6,6,0,1,1,0,5,5,0,1,1,0
2016010008021 ,-0.12991,51.430222,0,1,1,3,19.5,3,3,30,9,4,6,0,0,4,1,1,0,0,1,5,0,0,3,0,0,10,0,0,1,0,0,2,0,0,13,0,0,9,0,0,12,0,0,5,0,0,1,0,0,2,0,0,1,0,0,7,0,0,12,0,0
2016010008028 ,-0.271116,51.530948,0,2,1,3,17.24,5,1,30,1,4,6,0,0,4,1,1,0,0,1,9,9,0,5,18,0,10,10,0,8,8,0,6,6,0,13,13,0,9,9,0,12,12,0,3,1,0,1,1,0,6,6,0,2,1,0,9,7,0,3,6,0
2016010008029 ,-0.098639,51.500762,0,2,1,3,18.25,3,6,20,7,2,5,0,5,4,1,1,0,0,1,19,3,0,9,18,0,10,10,0,8,8,0,6,6,0,13,13,0,9,9,0,12,12,0,1,1,0,1,1,0,1,6,0,1,1,0,7,7,0,5,3,0
2016010008031 ,-0.168211,51.530016,0,2,1,3,19.13,3,6,30,3,4,3,0,0,4,1,1,0,0,1,19,3,0,10,10,0,10,10,0,1,1,0,6,6,0,13,13,0,9,9,0,12,12,0,3,2,0,1,1,0,1,1,0,1,1,0,6,6,0,9,4,0
2016010008039 ,-0.049552,51.560387,0,1,2,3,18.36,3,6,30,0,0,0,0,0,4,1,1,0,0,1,3,0,0,18,0,0,10,0,0,9,0,0,6,0,0,13,0,0,9,0,0,12,0,0,1,0,0,1,0,0,6,0,0,1,0,0,6,0,0,12,0,0
2016010008045 ,-0.061486,51.568138,0,2,1,3,23.58,3,6,20,3,4,6,0,1,4,1,1,0,0,1,3,9,0,18,6,0,10,10,0,1,1,0,6,6,0,13,13,0,9,9,0,12,12,0,1,1,0,1,1,0,1,6,0,1,1,0,4,6,0,2,5,0
2016010008053 ,-0.288923,51.467452,0,2,1,3,23.59,3,3,30,1,4,4,0,0,4,1,1,0,0,1,9,9,0,3,18,0,10,10,0,1,1,0,6,6,0,13,13,0,9,9,0,12,12,0,5,1,0,1,1,0,6,6,0,1,2,0,6,6,0,14,5,0
2016010008056 ,0.062735,51.558106,0,2,2,4,0.15,3,3,50,0,0,0,0,0,4,1,1,0,0,1,9,19,0,4,18,0,10,10,0,9,9,0,6,6,0,13,13,0,9,9,0,12,12,0,5,1,0,1,1,0,6,6,0,1,1,0,4,7,0,12,6,0
2016010008057 ,-0.262178,51.409686,0,1,1,4,2.30,5,6,30,0,0,0,0,0,4,2,2,0,0,1,9,0,0,18,0,0,10,0,0,9,0,0,6,0,0,13,0,0,1,0,0,4,0,0,1,0,0,1,0,0,6,0,0,1,0,0,6,0,0,11,0,0
2016010008059 ,-0.064312,51.542376,0,2,1,2,21.35,5,6,30,6,4,6,0,1,4,1,1,0,0,1,9,9,0,18,8,0,10,10,0,8,1,0,6,6,0,13,13,0,9,9,0,12,12,0,4,1,0,2,1,0,6,2,0,1,1,0,7,7,0,4,2,0
2016010008061 ,-0.068067,51.412761,0,2,1,2,15.30,3,6,30,3,4,6,0,0,1,2,2,0,0,1,9,19,0,7,7,0,10,10,0,1,1,0,6,6,0,13,13,0,9,9,0,12,12,0,3,4,0,1,1,0,2,2,0,2,1,0,9,7,0,8,10,0
2016010008064 ,-0.422941,51.451437,0,1,1,5,21.15,4,6,30,3,4,6,0,0,7,9,1,0,0,1,8,0,0,9,0,0,10,0,0,5,0,0,6,0,0,13,0,0,9,0,0,12,0,0,2,0,0,1,0,0,1,0,0,1,0,0,9,0,0,6,0,0
2016010008083 ,-0.135778,51.519253,0,1,2,4,3.5,4,2,20,6,2,6,0,5,4,8,2,0,0,1,9,0,0,18,0,0,10,0,0,1,0,0,5,0,0,7,0,0,9,0,0,12,0,0,1,0,0,1,0,0,6,0,0,1,0,0,4,0,0,9,0,0
2016010008093 ,-0.378299,51.4359,0,1,1,3,8.30,3,6,30,1,4,3,0,1,1,1,1,0,0,1,9,0,0,18,0,0,10,0,0,1,0,0,6,0,0,13,0,0,9,0,0,12,0,0,1,0,0,1,0,0,6,0,0,2,0,0,7,0,0,7,0,0
2016010008104 ,-0.433124,51.452473,0,2,1,4,8.15,3,6,30,3,4,6,0,0,1,2,2,0,0,1,9,9,0,9,18,0,10,10,0,8,1,0,6,6,0,13,13,0,9,9,0,12,12,0,4,4,0,1,1,0,6,6,0,1,2,0,6,7,0,8,3,0
2016010008119 ,-0.080833,51.492468,0,2,1,4,6.5,6,6,20,0,0,0,0,0,4,2,2,0,0,1,3,19,0,3,3,0,10,10,0,9,9,0,6,6,0,13,13,0,9,9,0,12,12,0,1,2,0,1,1,0,2,1,0,1,1,0,6,9,0,2,2,0
2016010008136 ,-0.094211,51.479107,0,2,1,4,6.23,3,6,20,0,0,0,0,0,4,2,2,0,0,1,9,9,0,18,3,0,10,10,0,9,9,0,6,6,0,13,13,0,9,9,0,12,12,0,1,2,0,1,1,0,6,1,0,1,1,0,4,8,0,6,7,0
2016010008163 ,-0.118355,51.452339,0,1,1,4,10.47,6,6,30,0,0,0,0,0,1,1,2,0,6,1,9,0,0,17,0,0,10,0,0,9,0,0,6,0,0,13,0,0,1,0,0,10,0,0,1,0,0,1,0,0,1,0,0,1,0,0,6,0,0,4,0,0
2016010008165 ,-0.181546,51.528245,0,2,1,4,11.45,3,6,30,6,2,5,0,4,1,1,2,0,0,1,9,9,0,18,18,0,10,10,0,8,8,0,6,6,0,13,13,0,9,9,0,12,12,0,3,1,0,1,1,0,6,6,0,2,1,0,8,6,0,8,7,0
2016010008172 ,0.099931,51.46356,0,1,1,3,9.20,3,6,30,3,2,5,0,5,1,1,1,0,0,1,11,0,0,5,0,0,10,0,0,2,0,0,6,0,0,13,0,0,9,0,0,12,0,0,5,0,0,1,0,0,1,0,0,1,0,0,7,0,0,7,0,0
2016010008174 ,-0.201326,51.633493,0,2,1,4,12.40,3,6,30,6,4,5,0,0,1,1,2,0,0,1,9,9,0,9,18,0,10,10,0,8,1,0,6,6,0,13,13,0,9,9,0,12,12,0,3,1,0,1,1,0,6,6,0,1,1,0,7,8,0,7,13,0
2016010008175 ,-0.069313,51.546865,0,2,1,4,12.38,3,6,20,0,0,0,0,5,1,1,2,6,0,1,9,3,0,18,13,0,10,10,0,9,9,0,6,2,0,13,13,0,9,9,0,12,12,0,5,3,0,2,1,0,6,2,0,1,1,0,7,6,0,6,3,0
2016010008178 ,-0.364002,51.529943,0,1,1,4,11.57,4,6,40,3,4,6,0,0,1,2,2,0,0,1,9,0,0,18,0,0,10,0,0,8,0,0,6,0,0,10,0,0,7,0,0,2,0,0,1,0,0,1,0,0,6,0,0,1,0,0,11,0,0,20,0,0
2016010008180 ,-0.066887,51.362291,0,1,1,4,6.45,3,6,30,0,0,0,0,0,6,2,2,0,0,1,9,0,0,18,0,0,10,0,0,9,0,0,1,0,0,13,0,0,9,0,0,12,0,0,1,0,0,1,0,0,2,0,0,1,0,0,7,0,0,14,0,0
2016010008182 ,-0.008965,51.587852,0,1,1,4,8.26,6,6,30,0,0,0,0,0,1,1,2,0,0,1,9,0,0,8,0,0,10,0,0,9,0,0,6,0,0,13,0,0,9,0,0,12,0,0,1,0,0,1,0,0,3,0,0,1,0,0,6,0,0,10,0,0
2016010008186 ,0.01317,51.418948,0,2,4,4,11.30,6,6,30,0,0,0,0,0,1,1,2,0,0,1,9,9,0,18,6,0,10,10,0,9,9,0,6,6,0,13,13,0,9,9,0,12,12,0,1,1,0,1,1,0,6,6,0,2,1,0,5,4,0,9,9,0