Accident_Index,Longitude,Latitude,SV,Number_of_Vehicles,Number_of_Casualties,Day_of_Week,Time,1st_Road_Class,Road_Type,Speed_limit,Junction_Detail,Junction_Control,2nd_Road_Class,Pedestrian_Crossing-Human_Control,Pedestrian_Crossing-Physical_Facilities,Light_Conditions,Weather_Conditions,Road_Surface_Conditions,Special_Conditions_at_Site,Carriageway_Hazards,Urban_or_Rural_Area,Vehicle1_Type,Vehicle2_Type,Vehicle3_Type,Vehicle1_Manoeuvre,Vehicle2_Manoeuvre,Vehicle3_Manoeuvre,Vehicle1_Location-Restricted_Lane,Vehicle2_Location-Restricted_Lane,Vehicle3_Location-Restricted_Lane,Junction1_Location,Junction2_Location,Junction3_Location,Skidding1_and_Overturning,Skidding2_and_Overturning,Skidding3_and_Overturning,Hit_Object_in_Carriageway1,Hit_Object_in_Carriageway2,Hit_Object_in_Carriageway3,Vehicle1_Leaving_Carriageway,Vehicle2_Leaving_Carriageway,Vehicle3_Leaving_Carriageway,Hit_Object_off_Carriageway1,Hit_Object_off_Carriageway2,Hit_Object_off_Carriageway3,1st_Point_of_Impact1,1st_Point_of_Impact2,1st_Point_of_Impact3,Was_Vehicle 1_Left_Hand_Drive?,Was_Vehicle2_Left_Hand_Drive?,Was_Vehicle 3_Left_Hand_Drive?,Journey_Purpose_of_Driver1,Journey_Purpose_of_Driver2,Journey_Purpose_of_Driver3,Sex_of_Driver1,Sex_of_Driver2,Sex_of_Driver3,Age_Band_of_Driver1,Age_Band_of_Driver2,Age_Band_of_Driver3,Age_of_Vehicle1,Age_of_Vehicle2,Age_of_Vehicle3
2016010008721 ,-0.126329,51.500128,0,1,1,7,22.42,3,1,30,1,2,3,0,0,4,1,1,0,0,1,11,0,0,5,0,0,10,0,0,1,0,0,6,0,0,13,0,0,9,0,0,12,0,0,5,0,0,1,0,0,1,0,0,1,0,0,6,0,0,2,0,0
2016010008722 ,-0.085643,51.607923,0,1,1,7,19.7,3,6,30,9,3,6,0,0,4,1,1,0,0,1,4,0,0,7,0,0,10,0,0,2,0,0,6,0,0,13,0,0,9,0,0,12,0,0,4,0,0,1,0,0,6,0,0,1,0,0,7,0,0,9,0,0
2016010008728 ,-0.244386,51.554921,0,2,1,1,0.25,3,6,30,3,4,6,0,0,4,1,1,0,2,1,8,3,0,10,4,0,10,10,0,1,1,0,6,6,0,13,11,0,9,9,0,12,12,0,2,1,0,1,1,0,1,1,0,1,1,0,8,5,0,4,5,0
2016010008731 ,-0.191177,51.357802,0,2,1,6,21.10,6,6,30,3,4,4,0,4,4,1,2,0,0,1,9,9,0,18,9,0,10,10,0,1,1,0,6,6,0,13,13,0,9,9,0,12,12,0,1,1,0,1,1,0,6,6,0,1,1,0,6,6,0,4,11,0
2016010008736 ,-0.221682,51.58965,0,2,2,7,23.50,3,3,30,6,2,3,0,4,4,1,1,0,0,1,9,9,0,18,9,0,10,10,0,1,1,0,1,6,0,13,13,0,9,9,0,12,12,0,1,1,0,1,1,0,6,6,0,1,2,0,7,6,0,1,13,0
2016010008740 ,-0.120966,51.33961,0,2,1,7,22.24,3,6,30,3,4,6,0,0,4,1,1,0,0,1,19,9,0,18,10,0,10,10,0,1,6,0,6,6,0,13,13,0,7,9,0,2,12,0,1,1,0,1,1,0,1,6,0,1,1,0,8,5,0,2,8,0
2016010008742 ,0.016024,51.571868,0,2,1,1,0.17,3,1,40,1,2,3,0,0,4,1,1,0,2,1,9,9,0,5,16,0,10,10,0,3,4,0,6,6,0,11,11,0,9,7,0,12,2,0,4,1,0,1,1,0,1,6,0,1,1,0,8,5,0,5,11,0
2016010008743 ,-0.148487,51.603895,0,2,1,1,4.30,4,6,30,0,0,0,0,0,4,1,2,0,0,1,9,8,0,18,18,0,10,10,0,9,9,0,6,6,0,13,13,0,9,9,0,12,12,0,1,1,0,1,1,0,6,1,0,2,1,0,5,8,0,1,2,0
2016010008755 ,-0.443198,51.532819,0,2,1,1,11.41,6,6,30,9,4,6,0,0,1,1,1,0,0,1,9,3,0,1,18,0,10,10,0,6,8,0,6,6,0,13,13,0,9,9,0,12,12,0,4,1,0,1,1,0,6,6,0,2,1,0,7,4,0,9,8,0
2016010008756 ,0.032061,51.517274,0,2,2,1,13.8,3,6,30,7,4,3,0,8,1,8,1,0,0,1,9,8,0,3,5,0,10,10,0,1,1,0,6,6,0,13,13,0,9,9,0,12,12,0,2,1,0,1,1,0,6,1,0,2,2,0,7,8,0,3,5,0
2016010008758 ,-0.021706,51.470622,0,2,1,1,12.30,3,6,20,3,4,6,0,0,1,1,1,0,0,1,9,9,0,9,13,0,10,10,0,5,8,0,6,6,0,13,13,0,9,9,0,12,12,0,3,4,0,1,1,0,6,6,0,1,1,0,9,6,0,13,4,0
2016010008759 ,-0.01701,51.449409,0,1,1,7,16.15,3,6,30,0,0,0,0,8,4,1,1,0,0,1,9,0,0,18,0,0,10,0,0,9,0,0,6,0,0,13,0,0,9,0,0,12,0,0,1,0,0,1,0,0,2,0,0,1,0,0,5,0,0,8,0,0
2016010008764 ,-0.107083,51.43606,0,1,1,1,15.54,6,6,30,3,4,6,0,0,1,1,2,0,0,1,9,0,0,3,0,0,10,0,0,1,0,0,6,0,0,13,0,0,1,0,0,10,0,0,1,0,0,1,0,0,6,0,0,2,0,0,9,0,0,21,0,0
2016010008765 ,0.046085,51.49248,0,2,1,3,11.50,3,3,30,1,4,6,0,4,1,2,2,0,0,1,9,9,0,4,18,0,10,10,0,2,2,0,6,6,0,13,13,0,9,9,0,12,12,0,2,1,0,1,1,0,6,6,0,2,1,0,6,6,0,4,5,0
2016010008766 ,-0.164466,51.522763,0,1,1,1,19.4,6,6,30,3,4,6,0,1,4,1,1,0,0,1,9,0,0,5,0,0,10,0,0,8,0,0,6,0,0,13,0,0,9,0,0,12,0,0,1,0,0,1,0,0,6,0,0,2,0,0,11,0,0,4,0,0
2016010008770 ,-0.02605,51.520066,0,1,1,1,20.57,5,6,20,0,0,0,0,0,4,1,1,0,0,1,9,0,0,18,0,0,9,0,0,9,0,0,1,0,0,10,0,0,1,0,0,10,0,0,1,0,0,1,0,0,6,0,0,1,0,0,4,0,0,2,0,0
2016010008771 ,-0.067788,51.443243,0,1,1,1,19.0,3,6,30,3,2,3,0,0,4,1,1,0,0,1,9,0,0,18,0,0,10,0,0,8,0,0,6,0,0,7,0,0,9,0,0,12,0,0,1,0,0,1,0,0,6,0,0,1,0,0,11,0,0,9,0,0
2016010008772 ,-0.334643,51.508757,0,2,1,1,0.40,3,6,30,1,4,5,0,1,4,1,1,0,0,1,9,9,0,18,5,0,10,10,0,3,3,0,6,6,0,13,13,0,9,9,0,12,12,0,3,1,0,1,1,0,6,6,0,1,1,0,6,7,0,13,2,0
2016010008778 ,-0.180967,51.488489,0,2,2,5,16.30,5,6,30,6,4,6,0,0,4,1,2,0,0,1,9,19,0,18,18,0,10,10,0,1,2,0,6,6,0,13,13,0,9,9,0,12,12,0,1,3,0,1,1,0,1,1,0,1,1,0,7,6,0,7,1,0
2016010008784 ,-0.003907,51.459438,0,1,1,6,12.45,3,6,30,3,4,6,0,0,1,1,1,0,0,1,9,0,0,1,0,0,10,0,0,8,0,0,6,0,0,13,0,0,9,0,0,12,0,0,2,0,0,1,0,0,1,0,0,1,0,0,7,0,0,4,0,0
2016010008787 ,0.022029,51.365466,0,2,1,5,16.32,6,6,40,3,4,6,0,0,6,1,1,0,0,2,9,9,0,7,9,0,10,10,0,5,1,0,6,6,0,13,13,0,9,9,0,12,12,0,3,3,0,1,1,0,6,6,0,2,1,0,8,8,0,11,15,0
2016010008798 ,-0.390829,51.525548,0,2,1,1,21.30,3,1,40,1,4,5,0,0,4,1,1,0,0,1,9,9,0,3,3,0,10,10,0,4,4,0,6,6,0,13,13,0,9,9,0,12,12,0,1,3,0,1,1,0,6,2,0,1,1,0,6,8,0,12,12,0
2016010008806 ,-0.034528,51.67785,0,1,2,1,12.17,3,7,30,9,4,6,0,0,1,1,1,0,0,1,9,0,0,18,0,0,8,0,0,1,0,0,6,0,0,13,0,0,9,0,0,12,0,0,1,0,0,1,0,0,6,0,0,1,0,0,7,0,0,12,0,0
2016010008808 ,-0.29887,51.374164,0,1,1,2,14.10,3,3,50,3,4,6,0,0,1,1,1,0,0,1,9,0,0,7,0,0,10,0,0,5,0,0,1,0,0,10,0,0,1,0,0,1,0,0,1,0,0,1,0,0,6,0,0,1,0,0,6,0,0,13,0,0
2016010008813 ,-0.26818,51.600687,0,1,1,2,15.5,3,6,30,9,2,3,0,0,4,1,1,0,0,1,8,0,0,18,0,0,10,0,0,1,0,0,6,0,0,13,0,0,9,0,0,12,0,0,3,0,0,2,0,0,2,0,0,1,0,0,7,0,0,6,0,0
2016010008814 ,-0.165348,51.403893,0,1,1,2,18.13,3,6,30,9,4,6,0,0,4,1,1,0,0,1,9,0,0,18,0,0,10,0,0,2,0,0,6,0,0,13,0,0,9,0,0,12,0,0,4,0,0,1,0,0,6,0,0,1,0,0,8,0,0,8,0,0
2016010008815 ,-0.366548,51.466851,0,1,1,2,19.29,3,6,30,9,4,6,2,4,4,1,1,0,0,1,11,0,0,4,0,0,10,0,0,2,0,0,6,0,0,13,0,0,9,0,0,12,0,0,5,0,0,1,0,0,1,0,0,1,0,0,7,0,0,6,0,0
2016010008816 ,-0.213708,51.531617,0,1,1,1,5.41,4,6,30,3,4,6,0,0,4,1,1,0,0,1,8,0,0,18,0,0,10,0,0,2,0,0,6,0,0,13,0,0,9,0,0,12,0,0,1,0,0,1,0,0,1,0,0,1,0,0,7,0,0,8,0,0
2016010008817 ,-0.108992,51.595172,0,1,1,2,21.30,3,6,20,0,0,0,0,5,4,1,1,0,0,1,11,0,0,18,0,0,10,0,0,9,0,0,6,0,0,13,0,0,9,0,0,12,0,0,5,0,0,1,0,0,1,0,0,1,0,0,7,0,0,5,0,0
2016010008821 ,-0.173419,51.522364,0,1,1,2,23.5,3,6,30,0,0,0,0,4,4,1,1,0,0,1,9,0,0,6,0,0,10,0,0,9,0,0,6,0,0,13,0,0,9,0,0,12,0,0,1,0,0,1,0,0,6,0,0,1,0,0,7,0,0,11,0,0
2016010008822 ,-0.067242,51.57192,0,1,2,2,19.52,3,6,20,3,4,6,0,0,4,1,1,0,0,1,9,0,0,9,0,0,10,0,0,1,0,0,6,0,0,13,0,0,9,0,0,12,0,0,1,0,0,1,0,0,1,0,0,1,0,0,5,0,0,6,0,0
2016010008827 ,-0.341514,51.482237,0,3,3,3,0.20,3,3,40,3,4,6,0,0,4,1,1,0,0,1,9,8,9,18,7,18,10,10,10,1,8,1,6,6,6,13,13,13,9,9,9,12,12,12,1,2,2,1,1,1,6,6,6,2,1,2,8,8,7,4,6,7
2016010008830 ,-0.087824,51.473427,0,1,1,3,1.0,3,6,30,3,4,6,0,0,5,1,1,1,0,1,11,0,0,18,0,0,10,0,0,2,0,0,6,0,0,13,0,0,9,0,0,12,0,0,5,0,0,1,0,0,1,0,0,1,0,0,8,0,0,5,0,0
2016010008832 ,0.12846,51.581483,0,1,2,3,2.39,3,3,50,0,0,0,0,0,4,1,1,0,0,1,9,0,0,18,0,0,10,0,0,9,0,0,1,0,0,10,0,0,2,0,0,1,0,0,1,0,0,1,0,0,6,0,0,1,0,0,4,0,0,10,0,0
2016010008835 ,-0.071139,51.633224,0,2,4,3,1.13,3,6,30,3,4,6,0,0,4,8,4,0,0,1,9,9,0,3,18,0,10,10,0,6,1,0,6,6,0,13,13,0,9,9,0,12,12,0,1,1,0,1,1,0,6,6,0,1,1,0,6,8,0,5,12,0
2016010008837 ,-0.175042,51.543072,0,2,1,6,13.30,3,6,40,7,4,5,0,0,1,1,1,0,0,1,9,19,0,18,18,0,10,10,0,8,8,0,6,6,0,13,13,0,9,9,0,12,12,0,3,4,0,1,1,0,6,1,0,1,1,0,7,7,0,12,3,0
2016010008840 ,-0.163469,51.515284,0,1,1,3,7.0,3,6,30,0,0,0,0,4,1,1,1,0,0,1,5,0,0,18,0,0,10,0,0,9,0,0,6,0,0,13,0,0,9,0,0,12,0,0,1,0,0,1,0,0,2,0,0,1,0,0,6,0,0,9,0,0
2016010008842 ,-0.306528,51.51303,0,1,1,3,7.50,3,6,30,3,2,4,0,5,1,1,2,0,0,1,9,0,0,18,0,0,9,0,0,2,0,0,6,0,0,10,0,0,3,0,0,10,0,0,1,0,0,1,0,0,6,0,0,1,0,0,4,0,0,4,0,0
2016010008845 ,-0.03193,51.590937,0,2,1,3,6.0,5,6,30,3,4,6,0,1,4,1,1,0,0,1,19,9,0,18,9,0,10,10,0,8,8,0,6,6,0,13,13,0,9,9,0,12,12,0,3,1,0,1,1,0,1,6,0,1,2,0,6,5,0,1,13,0
2016010008847 ,-0.153738,51.609733,0,2,1,3,9.30,4,6,30,1,4,6,0,0,1,1,1,0,0,1,9,9,0,18,18,0,10,10,0,4,4,0,6,6,0,13,13,0,9,9,0,12,12,0,1,2,0,1,1,0,6,6,0,1,2,0,6,7,0,12,9,0
2016010008850 ,-0.076425,51.614157,0,2,1,3,12.10,3,6,30,5,3,3,0,0,1,1,1,0,0,1,9,19,0,3,1,0,10,10,0,1,1,0,6,6,0,13,13,0,9,9,0,12,12,0,1,2,0,1,1,0,6,1,0,1,1,0,8,6,0,5,12,0
2016010008851 ,-0.317833,51.601229,0,1,1,2,14.5,5,1,30,1,4,5,0,8,1,1,1,0,0,1,9,0,0,7,0,0,10,0,0,4,0,0,6,0,0,13,0,0,9,0,0,12,0,0,1,0,0,1,0,0,6,0,0,2,0,0,7,0,0,11,0,0
2016010008854 ,-0.195924,51.540158,0,1,1,3,13.4,3,6,20,0,0,0,0,5,1,1,1,0,0,1,9,0,0,4,0,0,10,0,0,9,0,0,6,0,0,8,0,0,9,0,0,12,0,0,4,0,0,1,0,0,6,0,0,1,0,0,8,0,0,6,0,0
2016010008855 ,-0.400897,51.555001,0,2,1,3,12.20,5,6,30,0,0,0,0,0,1,1,1,0,0,1,9,3,0,5,13,0,10,10,0,9,9,0,6,6,0,13,13,0,9,9,0,12,12,0,1,4,0,1,1,0,6,6,0,1,1,0,8,9,0,3,1,0
2016010008860 ,-0.067689,51.479662,0,2,3,3,13.48,4,6,20,6,2,6,0,5,1,1,1,0,0,1,8,9,0,18,4,0,10,10,0,8,8,0,6,6,0,13,13,0,9,9,0,12,12,0,1,3,0,1,1,0,6,6,0,1,2,0,8,7,0,1,5,0
2016010008868 ,-0.006485,51.406874,0,3,1,3,16.0,3,3,30,6,4,6,0,0,1,1,1,0,0,1,9,9,9,18,18,3,10,10,10,1,1,1,6,6,6,13,13,13,9,9,9,12,12,12,1,1,1,1,1,1,6,6,6,2,1,1,8,5,10,7,2,1
2016010008869 ,0.179798,51.45068,0,1,1,3,16.45,3,2,30,3,2,3,0,4,4,1,2,0,0,1,9,0,0,18,0,0,10,0,0,1,0,0,6,0,0,13,0,0,9,0,0,12,0,0,1,0,0,1,0,0,1,0,0,1,0,0,7,0,0,14,0,0
2016010008872 ,-0.27009,51.401979,0,3,2,3,16.25,3,6,30,3,4,6,0,0,1,1,1,0,0,1,9,9,9,18,18,18,10,10,10,1,1,1,6,6,6,13,13,13,9,9,9,12,12,12,1,5,2,1,1,1,6,6,6,1,1,2,5,8,8,3,12,1
2016010008875 ,-0.068542,51.531025,0,1,1,3,18.4,3,6,20,5,4,6,0,1,4,1,1,0,0,1,8,0,0,18,0,0,10,0,0,2,0,0,6,0,0,13,0,0,9,0,0,12,0,0,1,0,0,1,0,0,2,0,0,1,0,0,8,0,0,2,0,0
2016010008876 ,0.054533,51.53298,0,2,2,2,23.24,3,6,30,6,2,3,0,5,4,1,1,0,0,1,9,9,0,18,9,0,10,10,0,8,8,0,6,6,0,10,13,0,9,9,0,12,12,0,3,3,0,1,1,0,6,6,0,1,1,0,5,8,0,1,6,0
2016010008880 ,-0.383948,51.512234,0,1,1,3,16.35,6,6,30,3,4,3,0,0,6,1,1,0,0,1,9,0,0,9,0,0,10,0,0,6,0,0,6,0,0,13,0,0,9,0,0,12,0,0,1,0,0,1,0,0,6,0,0,1,0,0,7,0,0,7,0,0
2016010008884 ,-0.045998,51.626424,0,2,2,3,19.36,4,3,30,0,0,0,0,4,4,8,2,0,0,1,8,9,0,5,4,0,10,10,0,9,9,0,6,1,0,13,13,0,9,9,0,12,12,0,2,1,0,1,1,0,6,6,0,1,1,0,7,4,0,8,13,0
2016010008886 ,-0.086541,51.53159,0,1,1,4,0.25,3,3,20,3,4,6,0,0,4,7,4,0,0,1,8,0,0,7,0,0,10,0,0,1,0,0,6,0,0,13,0,0,9,0,0,12,0,0,1,0,0,1,0,0,1,0,0,1,0,0,8,0,0,5,0,0
2016010008891 ,-0.197989,51.509794,0,2,1,3,23.26,4,6,30,3,4,6,0,1,7,8,2,0,0,1,4,8,0,18,18,0,10,10,0,8,8,0,1,6,0,13,13,0,9,9,0,12,12,0,1,2,0,1,1,0,1,6,0,1,1,0,5,4,0,9,4,0
2016010008892 ,-0.186915,51.494696,0,1,1,3,5.55,3,3,30,9,4,6,0,0,4,1,1,0,0,1,21,0,0,18,0,0,10,0,0,1,0,0,6,0,0,13,0,0,9,0,0,12,0,0,4,0,0,1,0,0,1,0,0,1,0,0,6,0,0,1,0,0
2016010008947 ,-0.070529,51.4021,0,1,1,4,10.15,3,6,30,9,4,6,0,0,1,1,4,0,0,1,11,0,0,5,0,0,10,0,0,1,0,0,6,0,0,13,0,0,9,0,0,12,0,0,5,0,0,1,0,0,1,0,0,1,0,0,7,0,0,11,0,0
2016010008957 ,-0.081534,51.650571,0,1,1,4,11.12,3,2,30,3,2,6,0,4,1,1,1,0,0,1,11,0,0,4,0,0,10,0,0,2,0,0,6,0,0,13,0,0,9,0,0,12,0,0,5,0,0,1,0,0,6,0,0,1,0,0,8,0,0,8,0,0
2016010008963 ,-0.153873,51.513784,0,1,1,4,12.33,3,2,20,6,2,5,0,4,1,1,1,0,0,1,11,0,0,5,0,0,10,0,0,1,0,0,6,0,0,13,0,0,9,0,0,12,0,0,5,0,0,1,0,0,1,0,0,1,0,0,8,0,0,3,0,0
2016010008964 ,0.032114,51.479593,0,2,1,3,13.20,4,6,30,3,4,4,0,0,1,1,1,0,0,1,9,9,0,9,18,0,10,10,0,8,8,0,6,6,0,13,13,0,9,9,0,12,12,0,4,1,0,1,1,0,6,6,0,1,2,0,7,5,0,4,10,0
2016010008967 ,-0.456579,51.520856,0,1,1,3,14.30,6,6,30,0,0,0,0,0,1,1,1,0,0,1,9,0,0,18,0,0,10,0,0,9,0,0,6,0,0,13,0,0,9,0,0,12,0,0,1,0,0,1,0,0,6,0,0,1,0,0,9,0,0,14,0,0
2016010008970 ,-0.109748,51.611731,0,2,1,4,12.50,3,6,30,6,2,3,0,5,1,1,4,0,0,1,9,9,0,18,18,0,10,10,0,8,1,0,6,6,0,13,13,0,9,9,0,12,12,0,2,1,0,1,1,0,6,6,0,1,2,0,7,9,0,6,10,0
2016010008981 ,-0.085685,51.606934,0,2,1,4,14.0,3,3,40,3,4,6,0,5,1,8,2,0,0,1,19,5,0,7,18,0,2,2,0,1,1,0,6,6,0,13,13,0,9,9,0,12,12,0,4,3,0,1,1,0,6,6,0,1,1,0,7,6,0,11,13,0
2016010008982 ,-0.098534,51.593205,0,3,3,4,14.18,3,6,20,6,4,6,0,4,1,1,2,0,2,1,9,19,9,4,4,18,10,10,10,8,1,8,6,6,6,4,11,11,3,9,9,12,12,12,1,3,1,1,1,1,6,6,6,1,1,2,11,6,5,18,4,9
2016010008983 ,-0.120539,51.437715,0,2,2,4,13.30,6,1,30,2,4,6,0,0,1,1,1,0,0,1,9,9,0,18,18,0,10,10,0,4,3,0,6,6,0,13,13,0,9,9,0,12,12,0,3,4,0,1,1,0,6,6,0,1,2,0,7,7,0,4,7,0
2016010008986 ,-0.173988,51.522552,0,2,1,4,16.35,3,6,30,3,4,6,0,0,4,1,1,0,0,1,4,9,0,18,9,0,2,10,0,8,8,0,6,6,0,13,13,0,9,9,0,12,12,0,3,1,0,1,1,0,6,6,0,1,1,0,4,4,0,2,14,0
2016010008989 ,-0.275848,51.615547,0,1,1,4,13.0,3,1,30,1,4,5,0,8,1,7,2,0,0,1,8,0,0,18,0,0,10,0,0,3,0,0,6,0,0,13,0,0,9,0,0,12,0,0,1,0,0,1,0,0,6,0,0,1,0,0,9,0,0,14,0,0
2016010008990 ,0.045123,51.528918,0,1,1,4,16.30,4,2,30,3,4,6,0,0,4,8,2,0,0,1,9,0,0,9,0,0,10,0,0,8,0,0,6,0,0,13,0,0,9,0,0,12,0,0,4,0,0,1,0,0,6,0,0,1,0,0,7,0,0,14,0,0
2016010008995 ,-0.216564,51.510168,0,1,1,4,18.2,5,3,30,3,4,6,0,0,4,1,1,0,0,1,11,0,0,16,0,0,10,0,0,1,0,0,6,0,0,13,0,0,9,0,0,12,0,0,1,0,0,1,0,0,1,0,0,1,0,0,6,0,0,1,0,0
2016010008996 ,-0.081342,51.624309,0,2,3,4,17.46,3,3,40,3,4,6,0,0,4,1,2,0,0,1,9,8,0,7,18,0,10,10,0,6,1,0,6,6,0,13,13,0,9,9,0,12,12,0,1,1,0,1,1,0,6,6,0,1,1,0,6,7,0,11,3,0
2016010008998 ,-0.397439,51.497402,0,2,3,4,19.38,5,6,30,3,4,5,0,0,4,1,2,0,0,1,9,9,0,17,16,0,10,10,0,2,1,0,1,6,0,13,13,0,9,9,0,12,12,0,1,1,0,1,1,0,2,2,0,2,1,0,9,6,0,7,5,0
2016010008999 ,-0.219522,51.545194,0,1,1,4,19.35,5,6,20,3,4,6,0,0,4,1,1,0,0,1,11,0,0,18,0,0,2,0,0,1,0,0,6,0,0,13,0,0,9,0,0,12,0,0,5,0,0,1,0,0,1,0,0,1,0,0,7,0,0,7,0,0
2016010009000 ,-0.275139,51.535144,0,3,1,4,18.8,5,6,30,3,2,6,0,0,4,8,2,0,0,1,9,9,9,18,18,18,10,10,10,1,1,1,6,6,6,13,13,13,9,9,9,12,12,12,3,3,3,1,1,1,6,2,1,1,1,2,9,7,6,9,19,5
2016010009006 ,-0.416685,51.578055,0,2,2,4,20.15,4,1,30,1,4,4,0,0,4,1,4,0,0,1,9,9,0,18,18,0,10,10,0,4,4,0,6,6,0,13,13,0,9,9,0,12,12,0,1,1,0,1,1,0,6,6,0,2,1,0,8,5,0,10,6,0
2016010009010 ,-0.122158,51.471914,0,1,1,4,17.10,3,6,30,0,0,0,0,4,4,1,1,0,0,1,8,0,0,18,0,0,10,0,0,9,0,0,6,0,0,13,0,0,9,0,0,12,0,0,1,0,0,1,0,0,1,0,0,1,0,0,7,0,0,4,0,0
2016010009012 ,-0.062029,51.514641,0,2,1,3,18.30,3,6,30,6,2,4,0,5,4,1,1,0,0,1,9,9,0,18,18,0,10,10,0,8,8,0,6,6,0,13,13,0,9,9,0,12,12,0,4,3,0,1,1,0,1,6,0,1,1,0,5,5,0,10,18,0
2016010009013 ,-0.432503,51.478992,0,2,1,4,18.44,6,6,40,7,2,6,0,0,4,1,1,0,0,1,9,9,0,9,9,0,10,10,0,1,1,0,6,6,0,13,13,0,9,9,0,12,12,0,4,3,0,1,1,0,6,2,0,2,1,0,5,5,0,3,3,0
2016010009016 ,-0.057556,51.440196,0,2,2,4,21.0,3,6,30,3,4,6,0,0,4,1,2,0,0,1,9,9,0,16,17,0,10,10,0,2,1,0,6,6,0,10,13,0,1,9,0,12,12,0,1,1,0,1,1,0,6,6,0,2,1,0,6,5,0,11,6,0
2016010009021 ,-0.100137,51.49593,0,3,4,4,22.0,3,6,30,7,2,3,0,5,4,7,2,0,0,1,9,8,9,16,3,3,10,10,10,1,1,1,6,6,6,13,13,13,9,9,9,12,12,12,4,4,1,1,1,1,6,1,6,1,1,1,7,6,6,8,1,16
2016010009023 ,-0.266566,51.506512,0,1,1,4,23.5,3,1,30,2,4,6,0,0,4,1,4,0,0,1,9,0,0,9,0,0,10,0,0,8,0,0,6,0,0,13,0,0,9,0,0,12,0,0,3,0,0,1,0,0,2,0,0,1,0,0,6,0,0,9,0,0
2016010009025 ,-0.384395,51.507744,0,2,1,3,20.15,6,6,30,3,4,6,0,0,4,1,1,0,0,1,9,9,0,18,9,0,10,10,0,8,8,0,6,6,0,13,13,0,9,9,0,12,12,0,4,4,0,1,1,0,6,6,0,1,1,0,6,6,0,5,15,0
2016010009047 ,-0.363124,51.478044,0,1,1,5,9.15,4,6,30,2,4,3,0,8,1,8,4,0,0,1,9,0,0,9,0,0,10,0,0,4,0,0,6,0,0,7,0,0,9,0,0,12,0,0,1,0,0,1,0,0,2,0,0,1,0,0,6,0,0,18,0,0
2016010009062 ,-0.115021,51.536727,0,1,1,5,8.20,5,6,20,0,0,0,0,0,1,1,4,0,0,1,2,0,0,18,0,0,10,0,0,9,0,0,1,0,0,13,0,0,9,0,0,12,0,0,5,0,0,1,0,0,6,0,0,2,0,0,8,0,0,3,0,0
2016010009068 ,-0.201508,51.544829,0,1,1,5,7.5,3,6,30,3,4,6,0,4,7,1,4,0,0,1,9,0,0,18,0,0,10,0,0,2,0,0,6,0,0,13,0,0,9,0,0,12,0,0,1,0,0,1,0,0,2,0,0,1,0,0,4,0,0,12,0,0
2016010009080 ,-0.224192,51.573412,0,2,2,4,14.30,6,6,30,0,0,0,0,0,1,1,1,0,0,1,9,9,0,4,18,0,10,10,0,9,9,0,6,6,0,13,13,0,9,9,0,12,12,0,2,1,0,1,1,0,6,6,0,1,1,0,6,9,0,7,9,0
2016010009128 ,-0.152086,51.508091,0,1,2,5,13.45,6,6,30,6,4,6,0,0,1,1,1,0,0,1,19,0,0,18,0,0,10,0,0,2,0,0,6,0,0,13,0,0,9,0,0,12,0,0,3,0,0,1,0,0,1,0,0,1,0,0,9,0,0,2,0,0
2016010009146 ,-0.240453,51.626892,0,1,1,5,16.20,4,6,30,0,0,0,0,0,4,1,4,0,0,1,9,0,0,18,0,0,10,0,0,9,0,0,2,0,0,13,0,0,9,0,0,12,0,0,1,0,0,1,0,0,6,0,0,2,0,0,6,0,0,9,0,0
2016010009147 ,-0.288107,51.412316,0,2,1,5,15.10,3,6,30,3,4,6,0,0,1,1,1,0,0,1,9,11,0,4,18,0,10,10,0,1,1,0,6,6,0,13,4,0,9,9,0,12,12,0,3,4,0,1,1,0,6,1,0,1,1,0,7,7,0,7,10,0
2016010009150 ,-0.178731,51.414444,0,2,1,5,16.50,3,3,30,6,2,3,0,4,4,1,2,0,0,1,9,9,0,9,9,0,10,10,0,8,8,0,6,6,0,13,13,0,9,9,0,12,12,0,2,1,0,1,1,0,6,6,0,1,1,0,8,6,0,4,14,0
2016010009151 ,-0.224689,51.508763,0,1,1,5,17.42,3,6,30,3,4,6,0,0,4,1,1,0,0,1,11,0,0,5,0,0,2,0,0,1,0,0,6,0,0,13,0,0,9,0,0,12,0,0,5,0,0,1,0,0,1,0,0,1,0,0,8,0,0,9,0,0
2016010009152 ,-0.082054,51.525132,0,2,1,5,19.7,3,3,30,9,4,6,2,5,4,1,2,0,0,1,19,3,0,9,18,0,10,10,0,6,1,0,6,5,0,13,13,0,9,9,0,12,12,0,1,1,0,1,1,0,1,6,0,1,1,0,5,4,0,4,3,0
2016010009153 ,-0.386099,51.512534,0,2,1,5,18.0,3,6,20,3,4,6,0,0,4,1,1,0,0,1,9,3,0,9,15,0,2,2,0,1,8,0,6,6,0,13,13,0,9,1,0,12,12,0,1,1,0,1,1,0,2,6,0,1,1,0,9,4,0,14,15,0
2016010009155 ,-0.17703,51.511359,0,2,1,5,19.12,3,3,30,9,2,6,0,5,4,1,1,0,0,1,11,9,0,18,4,0,10,10,0,1,1,0,6,6,0,13,13,0,9,9,0,12,12,0,1,2,0,1,1,0,1,6,0,1,1,0,8,6,0,6,9,0