Accident_Index,Longitude,Latitude,SV,Number_of_Vehicles,Number_of_Casualties,Day_of_Week,Time,1st_Road_Class,Road_Type,Speed_limit,Junction_Detail,Junction_Control,2nd_Road_Class,Pedestrian_Crossing-Human_Control,Pedestrian_Crossing-Physical_Facilities,Light_Conditions,Weather_Conditions,Road_Surface_Conditions,Special_Conditions_at_Site,Carriageway_Hazards,Urban_or_Rural_Area,Vehicle1_Type,Vehicle2_Type,Vehicle3_Type,Vehicle1_Manoeuvre,Vehicle2_Manoeuvre,Vehicle3_Manoeuvre,Vehicle1_Location-Restricted_Lane,Vehicle2_Location-Restricted_Lane,Vehicle3_Location-Restricted_Lane,Junction1_Location,Junction2_Location,Junction3_Location,Skidding1_and_Overturning,Skidding2_and_Overturning,Skidding3_and_Overturning,Hit_Object_in_Carriageway1,Hit_Object_in_Carriageway2,Hit_Object_in_Carriageway3,Vehicle1_Leaving_Carriageway,Vehicle2_Leaving_Carriageway,Vehicle3_Leaving_Carriageway,Hit_Object_off_Carriageway1,Hit_Object_off_Carriageway2,Hit_Object_off_Carriageway3,1st_Point_of_Impact1,1st_Point_of_Impact2,1st_Point_of_Impact3,Was_Vehicle 1_Left_Hand_Drive?,Was_Vehicle2_Left_Hand_Drive?,Was_Vehicle 3_Left_Hand_Drive?,Journey_Purpose_of_Driver1,Journey_Purpose_of_Driver2,Journey_Purpose_of_Driver3,Sex_of_Driver1,Sex_of_Driver2,Sex_of_Driver3,Age_Band_of_Driver1,Age_Band_of_Driver2,Age_Band_of_Driver3,Age_of_Vehicle1,Age_of_Vehicle2,Age_of_Vehicle3
2016010009156 ,0.012793,51.397281,0,3,4,5,16.20,4,6,30,3,4,6,0,0,4,1,2,0,0,1,9,9,9,18,14,18,10,10,10,1,8,8,6,6,6,13,4,13,9,9,7,12,12,10,3,4,1,1,1,1,6,6,6,2,1,1,5,7,11,10,6,12
2016010009158 ,0.037588,51.453778,0,3,2,5,15.10,3,3,30,9,4,6,0,0,1,1,2,0,0,1,9,9,19,3,18,18,10,10,10,1,1,1,6,6,6,13,13,13,9,9,9,12,12,12,2,1,2,1,1,1,6,6,6,2,1,1,5,7,7,5,17,10
2016010009159 ,-0.404463,51.428256,0,1,1,5,18.45,3,7,50,0,0,0,0,0,4,7,4,0,0,1,9,0,0,18,0,0,10,0,0,9,0,0,5,0,0,10,0,0,9,0,0,12,0,0,1,0,0,1,0,0,6,0,0,1,0,0,5,0,0,14,0,0
2016010009160 ,-0.135497,51.462595,0,2,1,5,20.33,3,6,30,3,3,6,0,0,4,1,1,0,0,1,9,9,0,4,4,0,10,10,0,8,8,0,6,6,0,13,13,0,9,9,0,12,12,0,2,1,0,1,1,0,6,2,0,1,2,0,10,6,0,7,3,0
2016010009162 ,-0.101135,51.492708,0,2,1,5,17.45,3,6,20,6,2,3,0,5,4,1,1,0,0,1,2,9,0,18,9,0,10,10,0,8,5,0,6,6,0,13,13,0,9,9,0,12,12,0,1,1,0,1,1,0,1,6,0,1,1,0,6,5,0,2,13,0
2016010009208 ,-0.169998,51.478246,0,3,1,6,11.6,4,6,30,9,2,3,0,0,1,8,2,0,0,1,9,9,9,3,18,18,10,10,10,1,1,1,6,6,6,13,13,13,9,9,9,12,12,12,2,2,1,1,1,1,6,6,6,2,1,1,9,8,6,3,13,1
2016010009212 ,-0.064236,51.625647,0,2,1,6,11.55,4,6,30,6,4,5,0,8,1,1,1,0,0,1,9,9,0,9,18,0,10,10,0,6,8,0,6,6,0,13,13,0,9,9,0,12,12,0,3,4,0,1,1,0,6,6,0,1,2,0,11,9,0,18,8,0
2016010009215 ,-0.102042,51.599107,0,1,1,6,10.0,3,3,30,3,4,6,0,0,1,1,1,0,0,1,9,0,0,1,0,0,6,0,0,5,0,0,6,0,0,13,0,0,9,0,0,12,0,0,2,0,0,1,0,0,1,0,0,1,0,0,6,0,0,12,0,0
2016010009222 ,-0.160699,51.501751,0,2,1,5,20.8,3,6,30,7,2,3,0,4,4,1,2,4,0,1,9,11,0,5,5,0,10,10,0,6,6,0,6,6,0,13,13,0,9,9,0,12,12,0,4,3,0,1,1,0,6,1,0,1,1,0,7,7,0,3,3,0
2016010009244 ,-0.029479,51.57417,0,2,1,6,16.19,6,2,30,0,0,0,0,0,4,1,2,0,0,1,19,3,0,1,3,0,10,10,0,9,9,0,6,6,0,13,13,0,9,9,0,12,12,0,2,1,0,1,1,0,1,1,0,1,1,0,5,6,0,1,12,0
2016010009246 ,-0.258747,51.492367,0,1,1,6,17.16,3,6,30,3,4,6,0,1,4,7,2,0,0,1,9,0,0,18,0,0,10,0,0,2,0,0,6,0,0,13,0,0,9,0,0,12,0,0,1,0,0,1,0,0,6,0,0,1,0,0,10,0,0,5,0,0
2016010009247 ,-0.167159,51.488004,0,1,1,6,16.8,3,6,30,3,4,6,2,4,4,1,2,0,0,1,9,0,0,4,0,0,10,0,0,1,0,0,6,0,0,13,0,0,9,0,0,12,0,0,2,0,0,1,0,0,6,0,0,2,0,0,9,0,0,11,0,0
2016010009250 ,-0.018136,51.579464,0,1,1,6,14.36,3,6,30,0,0,0,0,1,1,1,1,0,0,1,11,0,0,4,0,0,10,0,0,9,0,0,6,0,0,13,0,0,9,0,0,12,0,0,5,0,0,1,0,0,1,0,0,1,0,0,8,0,0,6,0,0
2016010009251 ,-0.102186,51.599109,0,1,1,6,17.39,3,6,20,3,4,6,0,0,4,7,2,0,0,1,9,0,0,18,0,0,10,0,0,1,0,0,6,0,0,13,0,0,9,0,0,12,0,0,1,0,0,1,0,0,6,0,0,1,0,0,6,0,0,1,0,0
2016010009252 ,-0.277594,51.508293,0,1,1,6,14.5,3,6,30,9,4,6,0,5,1,7,2,0,0,1,11,0,0,5,0,0,10,0,0,1,0,0,6,0,0,13,0,0,9,0,0,12,0,0,5,0,0,1,0,0,6,0,0,1,0,0,9,0,0,6,0,0
2016010009253 ,-0.176773,51.499754,0,1,2,6,17.35,6,6,30,0,0,0,0,8,4,1,1,0,0,1,3,0,0,18,0,0,10,0,0,9,0,0,6,0,0,13,0,0,9,0,0,12,0,0,1,0,0,1,0,0,6,0,0,1,0,0,7,0,0,6,0,0
2016010009255 ,-0.184396,51.431168,0,2,1,6,19.15,4,1,30,1,4,4,0,0,4,7,2,0,0,1,19,4,0,9,9,0,10,10,0,4,4,0,6,6,0,13,13,0,9,9,0,12,12,0,5,2,0,1,1,0,1,6,0,1,1,0,5,5,0,1,6,0
2016010009256 ,-0.040202,51.522821,0,1,1,5,18.15,3,3,30,3,2,5,0,5,4,1,1,0,6,1,8,0,0,18,0,0,10,0,0,1,0,0,6,0,0,13,0,0,9,0,0,12,0,0,1,0,0,2,0,0,1,0,0,1,0,0,7,0,0,4,0,0
2016010009260 ,-0.224661,51.509482,0,3,2,6,18.40,3,3,30,3,2,6,0,0,4,7,2,0,0,1,9,9,9,18,3,3,10,10,10,1,1,1,6,6,6,13,4,13,9,9,9,12,12,12,1,2,2,1,1,1,6,6,6,1,1,1,6,5,8,13,7,2
2016010009261 ,-0.074082,51.495415,0,1,1,6,16.31,5,6,20,0,0,0,0,0,4,8,2,0,2,1,9,0,0,6,0,0,10,0,0,9,0,0,6,0,0,11,0,0,9,0,0,12,0,0,1,0,0,1,0,0,6,0,0,2,0,0,9,0,0,15,0,0
2016010009262 ,-0.106427,51.597829,0,1,3,6,16.32,6,6,20,9,4,3,0,0,4,2,1,0,0,1,8,0,0,9,0,0,10,0,0,5,0,0,6,0,0,13,0,0,9,0,0,12,0,0,1,0,0,1,0,0,1,0,0,1,0,0,9,0,0,1,0,0
2016010009263 ,-0.281297,51.406011,0,3,1,6,19.30,3,6,30,0,0,0,0,0,4,7,2,0,0,1,9,9,9,3,3,4,10,10,10,9,9,9,6,6,1,13,13,4,9,9,9,12,12,12,2,2,1,1,1,1,6,6,6,1,2,1,5,6,6,3,10,9
2016010009264 ,-0.245257,51.53605,0,1,1,6,19.15,3,6,30,6,2,3,0,0,4,7,2,0,0,1,11,0,0,3,0,0,10,0,0,8,0,0,6,0,0,13,0,0,9,0,0,12,0,0,5,0,0,1,0,0,1,0,0,1,0,0,6,0,0,7,0,0
2016010009265 ,0.08539,51.368762,0,3,2,6,20.15,5,6,30,3,4,6,0,0,4,7,2,0,0,1,9,9,9,18,10,8,10,10,10,8,5,6,6,6,6,13,13,13,9,9,9,12,12,12,4,4,1,1,1,1,6,6,6,2,1,1,6,4,7,9,15,13
2016010009267 ,-0.216544,51.554951,0,1,1,6,19.50,3,6,30,3,4,6,0,0,4,7,2,0,0,1,9,0,0,7,0,0,10,0,0,1,0,0,6,0,0,13,0,0,9,0,0,12,0,0,1,0,0,1,0,0,6,0,0,1,0,0,8,0,0,5,0,0
2016010009268 ,0.022184,51.593615,0,2,1,6,15.23,6,6,30,3,4,3,0,0,1,7,2,0,0,1,2,19,0,8,9,0,10,10,0,1,1,0,6,6,0,13,13,0,9,9,0,12,12,0,1,1,0,1,1,0,6,6,0,1,1,0,5,10,0,11,3,0
2016010009270 ,0.020775,51.548855,0,1,1,6,20.0,5,6,30,3,4,6,0,0,4,1,1,0,2,1,3,0,0,18,0,0,10,0,0,1,0,0,6,0,0,11,0,0,9,0,0,12,0,0,1,0,0,1,0,0,6,0,0,1,0,0,7,0,0,3,0,0
2016010009272 ,0.051838,51.537164,0,1,1,6,19.44,3,6,30,7,2,6,0,5,4,7,1,0,2,1,9,0,0,5,0,0,10,0,0,2,0,0,6,0,0,11,0,0,9,0,0,12,0,0,1,0,0,1,0,0,6,0,0,1,0,0,8,0,0,7,0,0
2016010009275 ,-0.053222,51.558919,0,2,1,6,20.30,3,6,20,9,4,6,0,4,4,7,1,0,0,1,3,9,0,18,4,0,10,10,0,1,1,0,2,6,0,13,13,0,9,9,0,12,12,0,1,2,0,1,1,0,1,2,0,1,1,0,6,6,0,1,12,0
2016010009281 ,-0.019775,51.638035,0,2,1,6,15.49,3,6,40,0,0,0,0,0,4,7,2,0,0,2,9,4,0,6,18,0,10,10,0,9,9,0,6,6,0,13,13,0,9,9,0,12,12,0,4,1,0,1,1,0,6,6,0,1,1,0,7,6,0,1,9,0
2016010009288 ,0.09084,51.463093,0,1,1,6,22.45,3,6,30,3,4,6,0,0,4,1,2,0,0,1,9,0,0,18,0,0,9,0,0,2,0,0,6,0,0,7,0,0,1,0,0,12,0,0,1,0,0,1,0,0,6,0,0,2,0,0,10,0,0,18,0,0
2016010009289 ,-0.099982,51.496197,0,1,1,6,21.27,3,6,20,7,4,6,0,0,4,7,2,0,0,1,9,0,0,5,0,0,9,0,0,3,0,0,6,0,0,10,0,0,1,0,0,10,0,0,1,0,0,1,0,0,6,0,0,1,0,0,8,0,0,3,0,0
2016010009290 ,-0.406385,51.517667,0,2,2,6,18.54,3,6,40,6,2,5,0,5,4,7,2,0,0,1,9,9,0,11,18,0,10,10,0,1,1,0,6,6,0,13,13,0,9,9,0,12,12,0,1,1,0,1,1,0,6,6,0,1,2,0,8,7,0,14,7,0
2016010009291 ,0.006761,51.56798,0,2,2,6,19.59,3,6,30,6,2,5,0,5,4,1,2,0,0,1,8,9,0,18,9,0,10,10,0,8,1,0,6,6,0,13,13,0,9,9,0,12,12,0,1,4,0,1,1,0,6,6,0,1,1,0,7,7,0,8,15,0
2016010009293 ,-0.132526,51.507151,0,2,1,4,21.28,3,6,30,6,4,3,0,4,4,1,1,0,0,1,9,4,0,13,18,0,10,10,0,1,1,0,6,6,0,13,13,0,9,9,0,12,12,0,4,3,0,1,1,0,6,1,0,1,1,0,6,7,0,8,7,0
2016010009295 ,-0.075401,51.549573,0,2,2,7,2.40,3,6,20,6,4,3,0,0,4,1,1,0,0,1,9,9,0,3,18,0,10,10,0,1,1,0,6,6,0,13,13,0,9,9,0,12,12,0,2,1,0,1,1,0,1,6,0,1,1,0,9,9,0,2,14,0
2016010009296 ,-0.129771,51.507557,0,1,1,7,5.4,3,3,30,0,0,0,0,0,4,1,1,0,0,1,11,0,0,4,0,0,10,0,0,9,0,0,6,0,0,13,0,0,9,0,0,12,0,0,3,0,0,1,0,0,1,0,0,1,0,0,7,0,0,2,0,0
2016010009298 ,-0.1855,51.483163,0,1,1,7,4.20,3,6,30,6,2,3,0,5,4,1,1,0,0,1,3,0,0,4,0,0,10,0,0,2,0,0,1,0,0,13,0,0,1,0,0,12,0,0,5,0,0,1,0,0,6,0,0,1,0,0,5,0,0,1,0,0
2016010009300 ,-0.194484,51.36136,0,2,1,6,14.0,4,6,30,9,4,3,0,0,1,1,2,0,0,1,11,9,0,7,7,0,10,10,0,5,1,0,6,6,0,13,13,0,9,9,0,12,12,0,1,2,0,1,1,0,1,6,0,1,1,0,5,10,0,8,2,0
2016010009302 ,-0.054319,51.539962,0,2,1,7,7.47,3,6,20,3,4,6,0,4,1,1,1,0,0,1,19,8,0,18,18,0,10,10,0,1,1,0,6,6,0,13,13,0,9,9,0,12,12,0,1,2,0,1,1,0,1,1,0,1,1,0,7,7,0,4,7,0
2016010009304 ,-0.034987,51.543507,0,2,1,7,11.50,3,2,20,3,4,4,0,1,1,1,2,0,0,1,9,9,0,4,18,0,10,10,0,1,1,0,1,6,0,13,13,0,9,9,0,12,12,0,2,1,0,1,1,0,1,6,0,2,1,0,6,8,0,14,11,0
2016010009305 ,-0.124878,51.486346,0,2,1,7,11.0,3,6,20,7,2,3,2,4,1,1,2,0,0,1,9,20,0,4,4,0,10,10,0,7,7,0,1,6,0,13,13,0,9,9,0,12,12,0,1,2,0,1,1,0,6,1,0,1,1,0,7,6,0,13,1,0
2016010009306 ,-0.09313,51.473963,0,1,2,7,12.13,3,6,20,6,2,3,0,4,1,1,1,0,0,1,9,0,0,5,0,0,10,0,0,1,0,0,6,0,0,13,0,0,9,0,0,12,0,0,4,0,0,1,0,0,2,0,0,1,0,0,6,0,0,12,0,0
2016010009307 ,0.120168,51.434237,0,2,1,7,11.45,5,1,30,2,4,5,0,0,1,1,2,0,0,1,9,9,0,18,9,0,10,10,0,4,8,0,6,6,0,13,13,0,9,9,0,12,12,0,1,1,0,1,1,0,6,6,0,2,1,0,9,5,0,11,2,0
2016010009308 ,-0.009451,51.517267,0,2,1,7,11.40,3,3,40,0,0,0,0,0,1,1,1,0,0,1,9,90,0,18,11,0,10,10,0,9,9,0,5,6,0,10,13,0,1,9,0,12,12,0,4,4,0,1,1,0,6,1,0,2,1,0,7,6,0,13,2,0
2016010009312 ,-0.05948,51.625389,0,2,1,7,10.15,3,3,30,9,4,6,2,5,1,1,2,0,0,1,9,9,0,18,18,0,10,10,0,3,3,0,6,6,0,13,13,0,9,9,0,12,12,0,1,2,0,1,1,0,1,6,0,1,2,0,6,7,0,3,1,0
2016010009316 ,-0.198442,51.480036,0,2,1,7,15.23,3,6,30,3,4,6,0,4,1,1,1,0,0,1,9,3,0,10,13,0,10,10,0,1,1,0,6,6,0,13,13,0,9,9,0,12,12,0,3,1,0,1,1,0,6,1,0,1,1,0,8,7,0,23,4,0
2016010009319 ,-0.121459,51.604455,0,1,1,7,17.45,3,6,30,3,4,6,0,0,5,1,2,0,0,1,9,0,0,18,0,0,10,0,0,2,0,0,6,0,0,13,0,0,9,0,0,12,0,0,2,0,0,1,0,0,6,0,0,1,0,0,6,0,0,4,0,0
2016010009322 ,-0.253772,51.543371,0,2,1,6,13.15,3,6,30,9,4,6,0,0,1,1,2,0,0,1,9,3,0,7,18,0,10,2,0,1,1,0,6,6,0,13,13,0,9,9,0,12,12,0,2,1,0,1,1,0,6,6,0,2,1,0,6,6,0,2,6,0
2016010009323 ,-0.137136,51.369275,0,2,1,7,16.40,3,6,30,3,4,6,2,4,4,8,2,0,0,1,9,4,0,3,13,0,10,10,0,1,1,0,6,1,0,13,13,0,9,9,0,12,12,0,1,1,0,1,1,0,6,6,0,2,1,0,6,6,0,11,3,0
2016010009325 ,-0.17439,51.498098,0,2,1,7,18.20,5,3,20,6,4,5,0,0,4,1,1,0,0,1,3,9,0,4,4,0,10,10,0,1,1,0,1,6,0,13,13,0,9,9,0,12,12,0,1,2,0,1,1,0,6,6,0,1,1,0,6,8,0,7,6,0
2016010009326 ,-0.321423,51.515583,0,2,1,7,21.0,4,6,30,0,0,0,0,1,4,1,1,0,0,1,2,9,0,18,6,0,10,10,0,9,9,0,6,6,0,13,13,0,9,9,0,12,12,0,1,3,0,1,1,0,1,6,0,1,1,0,5,10,0,11,12,0
2016010009330 ,0.033249,51.514826,0,1,1,7,16.30,6,6,30,3,4,6,0,0,4,1,2,0,0,1,9,0,0,5,0,0,10,0,0,2,0,0,6,0,0,13,0,0,9,0,0,12,0,0,1,0,0,1,0,0,6,0,0,2,0,0,6,0,0,11,0,0
2016010009341 ,0.044897,51.549606,0,1,1,7,22.30,6,6,30,9,4,3,0,0,4,1,1,0,0,1,9,0,0,8,0,0,10,0,0,1,0,0,6,0,0,13,0,0,9,0,0,12,0,0,1,0,0,1,0,0,1,0,0,2,0,0,8,0,0,7,0,0
2016010009345 ,-0.098938,51.500497,0,2,1,7,22.32,3,6,20,6,2,5,0,5,4,1,2,0,0,1,9,3,0,5,18,0,10,10,0,8,8,0,6,1,0,13,13,0,9,9,0,12,12,0,1,1,0,1,1,0,6,1,0,1,1,0,6,6,0,3,3,0
2016010009349 ,-0.190208,51.535213,0,1,1,7,21.45,6,6,30,3,4,3,0,8,4,1,1,0,0,1,9,0,0,7,0,0,10,0,0,2,0,0,6,0,0,13,0,0,9,0,0,12,0,0,4,0,0,1,0,0,2,0,0,1,0,0,6,0,0,16,0,0
2016010009716 ,-0.055029,51.546989,0,2,1,6,1.20,3,6,30,3,2,3,0,4,4,1,2,0,0,1,9,9,0,6,14,0,10,10,0,2,1,0,6,6,0,13,13,0,9,9,0,12,12,0,1,1,0,1,1,0,6,6,0,2,1,0,7,6,0,2,16,0
2016010009730 ,-0.006007,51.368285,0,2,1,7,0.38,3,6,30,1,4,5,0,0,4,1,1,0,0,2,8,9,0,3,18,0,10,10,0,4,4,0,6,6,0,13,13,0,9,9,0,12,12,0,2,1,0,1,1,0,1,6,0,1,1,0,9,6,0,7,13,0
2016010009759 ,-0.401377,51.458968,0,2,1,5,11.42,3,6,30,0,0,0,0,0,1,1,2,7,2,1,20,20,0,18,4,0,10,10,0,9,9,0,1,6,0,13,13,0,9,9,0,12,12,0,1,2,0,1,1,0,1,1,0,1,1,0,6,7,0,5,6,0
2016010011249 ,-0.09736,51.365308,0,2,1,2,18.20,4,6,30,3,4,6,0,0,7,8,1,0,0,1,9,9,0,18,18,0,10,10,0,8,8,0,1,1,0,13,13,0,9,9,0,12,12,0,3,1,0,1,1,0,6,6,0,2,1,0,5,4,0,12,16,0
2016010011387 ,-0.291819,51.532511,0,3,1,7,12.25,3,3,30,0,0,0,0,0,1,1,1,0,0,1,19,9,9,18,18,18,10,10,10,9,9,9,6,6,6,13,13,13,9,9,9,12,12,12,1,2,2,1,1,1,1,6,6,1,1,1,6,9,8,1,10,17
2016010011503 ,-0.225189,51.37343,0,2,1,7,15.9,3,6,30,6,2,6,0,5,1,1,1,0,0,1,9,9,0,9,18,0,10,10,0,8,8,0,6,6,0,13,13,0,9,9,0,12,12,0,4,1,0,1,1,0,6,6,0,2,1,0,6,6,0,11,12,0
2016010011950 ,-0.087837,51.411107,0,2,1,3,17.50,3,6,30,3,4,3,0,0,1,9,1,0,0,1,5,9,0,8,5,0,10,10,0,1,1,0,6,6,0,13,13,0,9,9,0,12,12,0,5,5,0,1,1,0,6,2,0,1,2,0,6,7,0,8,8,0
2016010011966 ,-0.033411,51.516502,0,1,1,4,16.3,5,6,30,0,0,0,0,0,1,1,1,0,0,1,9,0,0,17,0,0,10,0,0,9,0,0,6,0,0,13,0,0,9,0,0,12,0,0,1,0,0,1,0,0,2,0,0,1,0,0,9,0,0,16,0,0
2016010011987 ,-0.145487,51.358167,0,2,2,4,8.45,6,7,30,3,4,4,0,0,1,1,4,0,0,1,9,9,0,17,1,0,10,10,0,8,8,0,6,6,0,13,13,0,9,9,0,12,12,0,1,2,0,1,1,0,6,6,0,1,2,0,4,4,0,2,1,0
2016010011992 ,-0.05697,51.531913,0,2,1,2,19.45,3,6,30,3,4,6,0,0,1,1,1,0,0,1,3,9,0,4,18,0,10,10,0,2,2,0,6,6,0,13,13,0,9,9,0,12,12,0,2,1,0,1,1,0,6,6,0,1,1,0,5,5,0,12,8,0
2016010012002 ,-0.033349,51.414162,0,2,1,2,15.17,6,6,30,3,4,6,0,0,1,1,1,0,0,1,9,9,0,5,4,0,10,10,0,1,6,0,6,6,0,13,13,0,9,9,0,12,12,0,1,2,0,1,1,0,6,6,0,1,1,0,6,7,0,12,6,0
2016010012117 ,-0.066983,51.513373,0,1,1,3,13.10,5,6,30,0,0,0,0,1,1,1,1,0,0,1,19,0,0,1,0,0,10,0,0,9,0,0,6,0,0,13,0,0,9,0,0,12,0,0,2,0,0,1,0,0,1,0,0,1,0,0,7,0,0,2,0,0
2016010012121 ,-0.023239,51.5184,0,2,1,4,20.35,4,6,30,6,2,5,0,5,4,1,1,1,0,1,9,3,0,18,18,0,10,10,0,8,8,0,6,6,0,13,13,0,9,9,0,12,12,0,3,1,0,1,1,0,6,6,0,1,1,0,5,5,0,11,8,0
2016010012129 ,-0.025974,51.498482,0,1,1,6,16.57,3,6,20,0,0,0,0,0,1,1,1,0,0,1,8,0,0,6,0,0,9,0,0,9,0,0,6,0,0,10,0,0,1,0,0,10,0,0,1,0,0,1,0,0,6,0,0,1,0,0,7,0,0,6,0,0
2016010012295 ,-0.072986,51.398364,0,1,1,7,13.0,3,6,30,3,4,6,0,0,1,1,1,0,0,1,19,0,0,1,0,0,10,0,0,1,0,0,6,0,0,13,0,0,9,0,0,12,0,0,2,0,0,1,0,0,6,0,0,1,0,0,7,0,0,11,0,0
2016010012372 ,-0.01217,51.511108,0,1,1,3,14.30,3,6,30,0,0,0,0,0,1,1,1,0,0,1,11,0,0,18,0,0,10,0,0,9,0,0,6,0,0,13,0,0,9,0,0,12,0,0,1,0,0,1,0,0,1,0,0,1,0,0,5,0,0,1,0,0
2016010012380 ,-0.040494,51.522736,0,1,1,1,13.45,3,6,30,0,0,0,0,0,1,1,1,0,0,1,3,0,0,18,0,0,10,0,0,9,0,0,6,0,0,13,0,0,9,0,0,12,0,0,1,0,0,1,0,0,6,0,0,1,0,0,5,0,0,1,0,0
2016010012381 ,-0.12776,51.528478,0,1,1,4,15.8,3,6,30,3,2,5,0,5,1,1,1,0,0,1,19,0,0,3,0,0,10,0,0,1,0,0,6,0,0,13,0,0,9,0,0,12,0,0,2,0,0,1,0,0,1,0,0,1,0,0,8,0,0,1,0,0
2016010012390 ,-0.045315,51.531359,0,1,1,7,21.24,4,6,20,3,4,6,0,0,4,2,2,0,0,1,9,0,0,18,0,0,9,0,0,1,0,0,1,0,0,10,0,0,7,0,0,10,0,0,1,0,0,1,0,0,6,0,0,1,0,0,6,0,0,15,0,0
2016010012406 ,-0.182415,51.549841,0,1,1,7,10.15,3,3,40,3,4,6,0,5,1,1,1,0,0,1,9,0,0,18,0,0,2,0,0,1,0,0,6,0,0,13,0,0,9,0,0,12,0,0,3,0,0,1,0,0,6,0,0,1,0,0,6,0,0,4,0,0
2016010012416 ,-0.016677,51.506868,0,1,1,4,18.0,6,6,20,0,0,0,0,1,1,1,1,0,0,1,8,0,0,18,0,0,10,0,0,9,0,0,6,0,0,13,0,0,9,0,0,12,0,0,4,0,0,1,0,0,1,0,0,1,0,0,7,0,0,11,0,0
2016010012424 ,-0.098568,51.523242,0,2,1,4,21.11,3,6,30,6,4,3,0,0,4,1,1,0,0,1,8,9,0,15,3,0,10,10,0,1,1,0,6,6,0,13,13,0,9,9,0,12,12,0,1,2,0,1,1,0,6,6,0,1,2,0,10,7,0,1,6,0
2016010012461 ,-0.066638,51.514717,0,2,1,3,7.6,3,6,30,3,4,5,0,0,1,1,1,0,0,1,19,5,0,9,18,0,10,10,0,8,8,0,6,6,0,13,13,0,9,9,0,12,12,0,1,1,0,1,1,0,6,6,0,1,1,0,6,7,0,12,16,0
2016010012480 ,-0.170361,51.555499,0,1,1,6,13.0,6,6,30,3,4,6,0,0,1,9,1,0,0,1,19,0,0,6,0,0,10,0,0,8,0,0,6,0,0,13,0,0,9,0,0,12,0,0,4,0,0,1,0,0,6,0,0,1,0,0,8,0,0,10,0,0
2016010012481 ,-0.073873,51.517444,0,1,1,1,10.50,3,6,30,3,4,6,0,0,1,1,1,0,0,1,9,0,0,18,0,0,10,0,0,2,0,0,6,0,0,13,0,0,9,0,0,12,0,0,4,0,0,1,0,0,6,0,0,1,0,0,8,0,0,8,0,0
2016010012485 ,-0.215446,51.461321,0,1,1,6,15.40,6,2,30,0,0,0,0,0,1,1,1,0,0,1,8,0,0,18,0,0,10,0,0,9,0,0,6,0,0,13,0,0,9,0,0,12,0,0,1,0,0,1,0,0,1,0,0,2,0,0,8,0,0,5,0,0
2016010012497 ,-0.122392,51.532799,0,1,1,5,13.30,3,2,30,3,4,6,0,0,1,1,1,0,0,1,9,0,0,9,0,0,10,0,0,2,0,0,6,0,0,13,0,0,9,0,0,12,0,0,1,0,0,1,0,0,6,0,0,1,0,0,7,0,0,6,0,0
2016010012513 ,-0.135521,51.525544,0,2,1,7,17.15,3,6,30,0,0,0,0,5,1,1,2,0,0,1,9,9,0,4,18,0,10,10,0,9,9,0,6,6,0,13,13,0,9,9,0,12,12,0,2,1,0,1,1,0,6,6,0,1,1,0,7,6,0,15,2,0
2016010012577 ,-0.158585,51.629143,0,1,1,1,15.30,4,6,30,3,4,6,0,0,1,1,1,0,0,1,11,0,0,4,0,0,10,0,0,1,0,0,6,0,0,13,0,0,9,0,0,12,0,0,5,0,0,1,0,0,1,0,0,1,0,0,9,0,0,1,0,0
2016010012657 ,-0.016354,51.510999,0,2,1,6,15.32,3,6,30,3,4,6,0,4,1,1,1,0,0,1,9,9,0,5,5,0,10,10,0,1,1,0,6,6,0,13,13,0,9,9,0,12,12,0,2,1,0,1,1,0,6,6,0,2,1,0,7,4,0,1,15,0
2016010012660 ,-0.093718,51.404548,0,1,1,4,19.4,6,6,30,3,4,6,0,0,1,1,1,0,0,1,9,0,0,18,0,0,10,0,0,1,0,0,6,0,0,13,0,0,9,0,0,12,0,0,4,0,0,1,0,0,6,0,0,2,0,0,9,0,0,11,0,0
2016010012663 ,-0.121055,51.530259,0,2,1,6,11.45,3,2,30,3,2,3,0,5,1,9,1,0,0,1,3,21,0,3,5,0,10,10,0,1,1,0,6,6,0,13,13,0,9,9,0,12,12,0,2,1,0,1,1,0,2,1,0,1,1,0,7,6,0,2,3,0
2016010012666 ,-0.097452,51.373493,0,1,1,4,16.15,6,6,30,0,0,0,0,5,1,1,1,0,0,1,11,0,0,4,0,0,10,0,0,9,0,0,6,0,0,13,0,0,9,0,0,12,0,0,5,0,0,1,0,0,1,0,0,1,0,0,7,0,0,1,0,0
2016010012680 ,-0.110446,51.385934,0,2,1,6,20.25,3,6,30,3,4,6,0,0,1,1,1,0,0,1,2,9,0,18,9,0,10,10,0,8,8,0,6,6,0,13,13,0,9,9,0,12,12,0,1,4,0,1,1,0,6,6,0,1,1,0,4,6,0,15,9,0
2016010012688 ,-0.17701,51.47215,0,2,1,7,19.24,4,6,30,0,0,0,0,4,1,2,2,0,0,1,4,4,0,18,18,0,10,10,0,9,9,0,6,6,0,13,13,0,9,9,0,12,12,0,4,5,0,1,1,0,1,1,0,1,1,0,5,6,0,9,3,0
2016010012704 ,-0.066912,51.426501,0,2,1,5,8.19,3,6,30,3,4,6,0,0,1,1,1,0,0,1,9,5,0,9,13,0,10,10,0,5,1,0,6,6,0,13,13,0,9,9,0,12,12,0,3,1,0,1,1,0,6,6,0,1,1,0,8,6,0,8,12,0