Accident_Index,Longitude,Latitude,SV,Number_of_Vehicles,Number_of_Casualties,Day_of_Week,Time,1st_Road_Class,Road_Type,Speed_limit,Junction_Detail,Junction_Control,2nd_Road_Class,Pedestrian_Crossing-Human_Control,Pedestrian_Crossing-Physical_Facilities,Light_Conditions,Weather_Conditions,Road_Surface_Conditions,Special_Conditions_at_Site,Carriageway_Hazards,Urban_or_Rural_Area,Vehicle1_Type,Vehicle2_Type,Vehicle3_Type,Vehicle1_Manoeuvre,Vehicle2_Manoeuvre,Vehicle3_Manoeuvre,Vehicle1_Location-Restricted_Lane,Vehicle2_Location-Restricted_Lane,Vehicle3_Location-Restricted_Lane,Junction1_Location,Junction2_Location,Junction3_Location,Skidding1_and_Overturning,Skidding2_and_Overturning,Skidding3_and_Overturning,Hit_Object_in_Carriageway1,Hit_Object_in_Carriageway2,Hit_Object_in_Carriageway3,Vehicle1_Leaving_Carriageway,Vehicle2_Leaving_Carriageway,Vehicle3_Leaving_Carriageway,Hit_Object_off_Carriageway1,Hit_Object_off_Carriageway2,Hit_Object_off_Carriageway3,1st_Point_of_Impact1,1st_Point_of_Impact2,1st_Point_of_Impact3,Was_Vehicle 1_Left_Hand_Drive?,Was_Vehicle2_Left_Hand_Drive?,Was_Vehicle 3_Left_Hand_Drive?,Journey_Purpose_of_Driver1,Journey_Purpose_of_Driver2,Journey_Purpose_of_Driver3,Sex_of_Driver1,Sex_of_Driver2,Sex_of_Driver3,Age_Band_of_Driver1,Age_Band_of_Driver2,Age_Band_of_Driver3,Age_of_Vehicle1,Age_of_Vehicle2,Age_of_Vehicle3
2016010017025 ,0.011876,51.59559,0,2,1,1,17.46,3,1,30,1,2,3,0,0,1,9,1,0,0,1,9,9,0,17,4,0,10,10,0,8,8,0,6,6,0,13,13,0,9,9,0,12,12,0,1,1,0,1,1,0,6,6,0,2,1,0,7,7,0,14,15,0
2016010017027 ,-0.042607,51.510451,0,2,1,4,8.15,3,6,30,3,2,6,0,0,1,1,1,0,0,1,9,9,0,18,18,0,10,10,0,8,8,0,6,6,0,13,13,0,9,9,0,12,12,0,1,1,0,1,1,0,6,6,0,2,1,0,6,6,0,12,3,0
2016010017029 ,0.027728,51.51708,0,2,1,6,14.52,3,3,50,0,0,0,0,0,1,1,1,0,0,1,9,9,0,18,11,0,10,10,0,9,9,0,6,6,0,13,13,0,9,9,0,12,12,0,3,4,0,1,1,0,2,6,0,1,1,0,7,4,0,9,2,0
2016010017050 ,-0.1956,51.365874,0,1,1,1,15.35,4,2,30,3,2,5,0,5,1,1,1,0,0,1,8,0,0,9,0,0,10,0,0,8,0,0,6,0,0,13,0,0,9,0,0,12,0,0,1,0,0,1,0,0,1,0,0,1,0,0,7,0,0,9,0,0
2016010017051 ,0.017839,51.528132,0,1,1,4,8.32,5,6,30,3,4,6,0,0,1,1,1,0,0,1,9,0,0,18,0,0,9,0,0,2,0,0,6,0,0,10,0,0,1,0,0,2,0,0,1,0,0,1,0,0,6,0,0,1,0,0,6,0,0,9,0,0
2016010017054 ,-0.365065,51.480139,0,1,1,6,15.0,3,6,30,0,0,0,0,0,1,1,1,0,0,1,11,0,0,5,0,0,10,0,0,9,0,0,6,0,0,13,0,0,9,0,0,12,0,0,5,0,0,1,0,0,1,0,0,1,0,0,8,0,0,14,0,0
2016010017068 ,-0.277727,51.4895,0,2,2,3,16.22,3,3,60,5,4,3,0,0,1,1,1,0,0,1,9,8,0,18,18,0,10,10,0,8,6,0,6,6,0,13,13,0,9,9,0,12,12,0,4,3,0,1,1,0,6,1,0,2,1,0,6,7,0,8,1,0
2016010017071 ,-0.314689,51.553524,0,2,3,5,15.34,3,6,30,0,0,0,0,0,1,9,1,0,0,1,9,9,0,18,4,0,10,10,0,9,9,0,6,6,0,13,13,0,9,9,0,12,12,0,1,2,0,1,1,0,6,6,0,2,1,0,7,7,0,10,13,0
2016010017095 ,-0.158673,51.366019,0,1,1,5,13.45,3,6,30,3,4,3,0,4,1,1,1,0,0,1,11,0,0,18,0,0,10,0,0,8,0,0,6,0,0,13,0,0,9,0,0,12,0,0,3,0,0,1,0,0,1,0,0,1,0,0,7,0,0,4,0,0
2016010017117 ,-0.077683,51.522812,0,1,1,4,20.46,3,6,30,6,2,3,0,5,4,1,1,0,0,1,11,0,0,5,0,0,10,0,0,8,0,0,6,0,0,13,0,0,9,0,0,12,0,0,5,0,0,1,0,0,1,0,0,1,0,0,9,0,0,1,0,0
2016010017119 ,-0.29464,51.572748,0,2,1,4,14.43,5,6,30,3,4,6,0,0,1,1,1,0,0,1,5,9,0,13,9,0,10,10,0,1,1,0,6,6,0,13,13,0,9,9,0,12,12,0,4,3,0,1,1,0,1,6,0,1,2,0,8,8,0,3,4,0
2016010017126 ,0.028466,51.546653,0,2,2,7,11.29,3,6,30,3,4,6,0,0,1,1,1,0,0,1,9,9,0,3,18,0,10,10,0,2,2,0,6,6,0,13,13,0,9,9,0,12,12,0,2,1,0,1,1,0,6,6,0,1,1,0,6,6,0,5,10,0
2016010017132 ,-0.030411,51.545948,0,2,1,4,15.34,6,6,20,3,4,3,0,0,1,1,1,0,0,1,9,3,0,9,10,0,10,10,0,8,1,0,6,6,0,13,13,0,9,9,0,12,12,0,1,1,0,1,1,0,6,6,0,1,1,0,7,7,0,3,5,0
2016010017137 ,-0.400537,51.445918,0,1,1,1,22.25,3,6,30,6,2,4,0,5,1,2,2,0,0,1,9,0,0,5,0,0,10,0,0,1,0,0,6,0,0,13,0,0,9,0,0,12,0,0,1,0,0,1,0,0,6,0,0,1,0,0,6,0,0,3,0,0
2016010017142 ,-0.074889,51.520698,0,2,1,2,7.40,3,3,30,3,4,6,0,0,1,1,1,0,0,1,9,4,0,9,18,0,10,10,0,8,8,0,6,6,0,13,13,0,9,9,0,12,12,0,3,1,0,1,1,0,1,2,0,1,1,0,6,6,0,2,8,0
2016010017143 ,-0.30883,51.489773,0,2,1,3,16.5,3,3,40,3,2,4,0,0,1,1,1,0,0,1,9,3,0,18,12,0,10,10,0,1,1,0,6,6,0,13,13,0,9,9,0,12,12,0,4,2,0,1,1,0,6,2,0,1,1,0,8,5,0,5,1,0
2016010017152 ,-0.06983,51.544895,0,2,2,1,9.9,4,6,30,0,0,0,0,0,1,1,1,0,0,1,9,9,0,18,18,0,10,10,0,9,9,0,1,6,0,13,13,0,9,9,0,12,12,0,1,1,0,1,1,0,6,6,0,1,1,0,8,9,0,12,8,0
2016010017165 ,0.15184,51.462168,0,2,1,2,16.8,5,6,30,0,0,0,0,0,1,1,1,0,0,1,9,9,0,18,18,0,10,10,0,9,9,0,6,6,0,13,13,0,9,9,0,12,12,0,3,3,0,1,1,0,6,6,0,2,1,0,6,7,0,15,9,0
2016010017196 ,0.056171,51.527736,0,1,1,4,17.18,3,6,30,3,4,4,0,1,1,1,1,0,0,1,19,0,0,9,0,0,10,0,0,5,0,0,6,0,0,13,0,0,9,0,0,12,0,0,1,0,0,1,0,0,1,0,0,1,0,0,6,0,0,1,0,0
2016010017299 ,-0.241316,51.548491,0,1,1,1,16.53,3,6,30,3,4,6,0,0,1,1,1,0,0,1,11,0,0,3,0,0,10,0,0,1,0,0,6,0,0,13,0,0,9,0,0,12,0,0,4,0,0,1,0,0,1,0,0,1,0,0,8,0,0,12,0,0
2016010017301 ,-0.000417,51.539236,0,1,1,3,15.55,3,3,30,3,2,3,0,0,1,1,1,0,0,1,9,0,0,18,0,0,10,0,0,2,0,0,6,0,0,13,0,0,9,0,0,12,0,0,4,0,0,1,0,0,6,0,0,1,0,0,4,0,0,11,0,0
2016010017306 ,-0.199139,51.542725,0,1,2,5,12.40,3,6,30,0,0,0,0,0,1,1,1,0,0,1,2,0,0,14,0,0,10,0,0,9,0,0,6,0,0,13,0,0,9,0,0,12,0,0,1,0,0,1,0,0,6,0,0,1,0,0,7,0,0,4,0,0
2016010017308 ,-0.372496,51.477725,0,2,1,7,15.20,3,3,40,6,2,3,0,0,1,9,1,0,0,1,9,9,0,3,4,0,10,10,0,1,1,0,6,6,0,13,13,0,9,9,0,12,12,0,2,1,0,1,1,0,6,6,0,2,1,0,9,6,0,11,14,0
2016010017315 ,-0.268361,51.485765,0,1,1,6,16.33,5,6,30,0,0,0,0,0,1,1,1,0,0,1,9,0,0,18,0,0,10,0,0,9,0,0,6,0,0,13,0,0,9,0,0,12,0,0,3,0,0,1,0,0,6,0,0,2,0,0,8,0,0,3,0,0
2016010017317 ,0.039713,51.530451,0,1,1,2,6.20,3,6,30,3,4,6,0,0,1,2,2,0,0,1,3,0,0,14,0,0,10,0,0,1,0,0,6,0,0,13,0,0,9,0,0,12,0,0,4,0,0,1,0,0,6,0,0,1,0,0,8,0,0,7,0,0
2016010017321 ,0.162779,51.474288,0,3,1,4,8.25,6,6,30,6,4,3,0,0,1,1,1,0,0,1,9,9,9,3,4,4,10,10,10,8,8,8,6,6,6,13,13,13,9,9,9,12,12,12,2,2,1,1,1,1,6,6,6,2,2,1,6,7,8,3,12,3
2016010017330 ,0.023974,51.526677,0,2,1,4,18.45,4,6,30,3,4,6,0,1,1,1,1,0,0,1,4,9,0,18,3,0,10,10,0,1,1,0,6,6,0,13,13,0,9,9,0,12,12,0,1,2,0,1,1,0,6,6,0,1,1,0,6,8,0,9,6,0
2016010017331 ,-0.403899,51.477437,0,2,2,3,22.10,3,6,30,1,4,3,0,0,4,1,1,0,0,1,9,9,0,4,18,0,10,10,0,1,1,0,6,6,0,13,13,0,9,9,0,12,12,0,2,1,0,1,1,0,6,6,0,2,1,0,8,6,0,5,15,0
2016010017336 ,-0.262823,51.487482,0,3,2,6,11.15,3,2,50,0,0,0,0,0,1,1,1,0,0,1,8,19,19,4,4,18,10,10,10,9,9,9,6,6,6,13,13,13,9,9,9,12,12,12,2,2,1,1,1,1,1,6,1,1,1,1,7,8,9,3,10,3
2016010017344 ,0.085853,51.558867,0,1,2,5,19.35,3,6,30,0,0,0,0,0,1,1,1,0,0,1,9,0,0,18,0,0,9,0,0,9,0,0,6,0,0,10,0,0,1,0,0,10,0,0,1,0,0,1,0,0,6,0,0,2,0,0,7,0,0,4,0,0
2016010017351 ,0.097149,51.46253,0,1,1,5,16.14,5,6,30,3,4,6,0,0,1,1,1,0,0,1,4,0,0,4,0,0,10,0,0,8,0,0,6,0,0,10,0,0,9,0,0,12,0,0,4,0,0,1,0,0,6,0,0,1,0,0,4,0,0,9,0,0
2016010017356 ,0.023915,51.518854,0,2,1,3,16.24,5,6,30,0,0,0,0,0,1,1,1,0,0,1,19,3,0,1,18,0,10,10,0,9,9,0,6,6,0,13,13,0,9,9,0,12,12,0,2,1,0,1,1,0,1,6,0,1,1,0,6,6,0,4,4,0
2016010017357 ,-0.403304,51.449103,0,2,1,1,20.45,3,6,30,0,0,0,0,0,7,1,1,0,0,1,9,9,0,4,18,0,10,10,0,9,9,0,6,6,0,13,13,0,9,9,0,12,12,0,2,1,0,1,1,0,2,6,0,1,2,0,6,9,0,7,9,0
2016010017360 ,-0.064189,51.514676,0,2,1,6,13.17,3,6,30,3,4,6,0,0,1,2,2,0,0,1,9,9,0,18,18,0,10,10,0,1,8,0,6,6,0,13,13,0,9,9,0,12,12,0,1,1,0,1,1,0,6,6,0,1,2,0,6,5,0,11,6,0
2016010017361 ,-0.330308,51.465711,0,2,1,3,9.11,3,6,30,3,4,6,0,0,1,1,1,0,0,1,3,9,0,14,9,0,10,10,0,1,6,0,6,6,0,13,13,0,9,9,0,12,12,0,1,3,0,1,1,0,2,6,0,1,2,0,5,4,0,1,12,0
2016010017364 ,0.1436,51.455305,0,2,2,5,20.40,3,1,30,1,4,5,0,4,4,1,1,0,0,1,9,9,0,18,7,0,10,10,0,8,8,0,6,6,0,13,13,0,9,9,0,12,12,0,4,3,0,1,1,0,6,6,0,2,2,0,5,8,0,13,8,0
2016010017383 ,0.038576,51.527593,0,2,1,3,21.45,5,6,30,3,4,6,0,0,4,1,1,0,0,1,9,9,0,18,9,0,10,10,0,8,8,0,6,6,0,13,13,0,9,9,0,12,12,0,4,1,0,1,1,0,6,6,0,1,1,0,6,9,0,1,11,0
2016010017410 ,0.05516,51.553293,0,2,1,4,19.40,3,6,30,3,4,6,0,0,1,1,1,0,0,1,9,3,0,9,18,0,10,10,0,8,8,0,6,6,0,13,13,0,9,9,0,12,12,0,4,1,0,1,1,0,6,6,0,1,1,0,8,7,0,13,5,0
2016010017417 ,0.119109,51.504582,0,2,2,4,13.57,6,6,30,0,0,0,0,0,1,1,1,0,0,1,9,9,0,18,18,0,10,10,0,9,9,0,6,6,0,13,13,0,9,9,0,12,12,0,3,3,0,1,1,0,6,6,0,2,2,0,11,8,0,14,14,0
2016010017443 ,0.09382,51.468435,0,2,1,4,8.30,5,6,30,0,0,0,0,0,1,1,1,0,0,1,9,9,0,18,18,0,10,10,0,9,9,0,6,6,0,13,13,0,9,9,0,12,12,0,3,3,0,1,1,0,6,6,0,1,2,0,7,5,0,12,8,0
2016010017445 ,0.024703,51.549596,0,2,1,6,7.0,5,6,30,3,2,3,0,5,1,1,1,0,0,1,9,9,0,7,3,0,10,10,0,2,1,0,6,6,0,13,13,0,9,9,0,12,12,0,3,3,0,1,1,0,6,6,0,1,2,0,5,7,0,3,10,0
2016010017456 ,0.089788,51.46527,0,1,1,6,18.27,3,6,30,0,0,0,0,8,1,1,1,0,0,1,9,0,0,18,0,0,10,0,0,9,0,0,6,0,0,7,0,0,9,0,0,12,0,0,1,0,0,1,0,0,6,0,0,2,0,0,6,0,0,9,0,0
2016010017565 ,0.182982,51.463121,0,2,1,5,8.34,3,1,30,1,2,3,0,0,1,1,1,0,0,1,19,9,0,5,3,0,10,10,0,8,8,0,6,6,0,13,13,0,9,9,0,12,12,0,1,2,0,1,1,0,1,6,0,1,1,0,6,10,0,7,2,0
2016010017567 ,-0.272356,51.49059,0,2,1,4,13.18,3,6,30,6,4,6,0,0,1,8,1,0,0,1,11,19,0,18,18,0,10,10,0,8,8,0,6,6,0,13,13,0,9,9,0,12,12,0,4,1,0,1,2,0,1,1,0,1,1,0,6,6,0,9,8,0
2016010017573 ,0.079399,51.45844,0,1,1,4,17.25,3,6,30,3,4,5,0,0,1,1,1,0,0,1,9,0,0,17,0,0,10,0,0,8,0,0,6,0,0,10,0,0,1,0,0,7,0,0,1,0,0,1,0,0,6,0,0,2,0,0,9,0,0,6,0,0
2016010017593 ,0.010576,51.40901,0,2,1,1,16.8,3,6,30,0,0,0,0,0,1,1,1,0,0,1,9,4,0,6,15,0,10,10,0,9,9,0,6,6,0,13,13,0,9,9,0,12,12,0,2,1,0,1,1,0,6,6,0,1,1,0,4,6,0,2,6,0
2016010017609 ,-0.345141,51.473565,0,1,1,2,12.2,3,6,30,6,4,6,0,1,1,1,1,0,7,1,9,0,0,18,0,0,10,0,0,2,0,0,6,0,0,12,0,0,9,0,0,12,0,0,1,0,0,1,0,0,6,0,0,1,0,0,7,0,0,5,0,0
2016010017634 ,-0.309115,51.489867,0,2,2,5,11.15,3,3,40,6,2,4,0,0,1,1,1,0,0,1,9,8,0,9,18,0,10,10,0,8,8,0,6,6,0,13,13,0,9,9,0,12,12,0,3,1,0,1,1,0,1,1,0,1,1,0,9,6,0,1,4,0
2016010017653 ,-0.074096,51.559983,0,1,1,5,19.10,3,2,30,0,0,0,0,4,1,1,1,0,0,1,9,0,0,18,0,0,10,0,0,9,0,0,6,0,0,13,0,0,9,0,0,12,0,0,1,0,0,1,0,0,6,0,0,1,0,0,6,0,0,8,0,0
2016010017666 ,-0.032372,51.406772,0,1,1,2,9.49,3,1,30,1,4,3,0,1,1,4,1,0,0,1,11,0,0,4,0,0,10,0,0,8,0,0,6,0,0,13,0,0,9,0,0,12,0,0,5,0,0,1,0,0,1,0,0,1,0,0,7,0,0,1,0,0
2016010017674 ,-0.057207,51.536503,0,1,1,6,16.30,3,6,20,3,4,6,0,0,1,1,1,0,0,1,9,0,0,18,0,0,10,0,0,2,0,0,6,0,0,13,0,0,9,0,0,12,0,0,1,0,0,1,0,0,6,0,0,2,0,0,10,0,0,2,0,0
2016010017680 ,0.03163,51.309723,0,1,2,4,12.0,6,6,30,3,4,6,0,0,1,1,1,0,0,1,9,0,0,18,0,0,10,0,0,8,0,0,6,0,0,10,0,0,9,0,0,12,0,0,1,0,0,1,0,0,6,0,0,1,0,0,11,0,0,15,0,0
2016010017683 ,-0.085326,51.526174,0,2,1,4,9.34,3,6,30,3,4,3,0,0,1,1,1,0,0,1,3,8,0,18,6,0,10,10,0,1,2,0,6,6,0,13,13,0,9,9,0,12,12,0,3,1,0,1,1,0,6,1,0,1,1,0,7,7,0,5,6,0
2016010017691 ,-0.028901,51.377126,0,2,1,3,21.6,3,6,30,6,2,3,0,5,4,1,1,0,0,1,9,9,0,18,9,0,10,10,0,8,8,0,6,6,0,13,13,0,9,9,0,12,12,0,1,1,0,1,1,0,6,6,0,1,2,0,8,4,0,19,6,0
2016010017696 ,-0.394619,51.475152,0,1,1,4,16.5,3,3,40,9,2,3,0,4,1,1,1,0,0,1,21,0,0,5,0,0,10,0,0,1,0,0,6,0,0,13,0,0,9,0,0,12,0,0,3,0,0,1,0,0,1,0,0,1,0,0,6,0,0,4,0,0
2016010017711 ,-0.083857,51.537121,0,1,1,1,0.31,6,6,20,0,0,0,0,0,1,1,1,0,0,1,8,0,0,5,0,0,10,0,0,9,0,0,6,0,0,13,0,0,9,0,0,12,0,0,3,0,0,1,0,0,1,0,0,1,0,0,7,0,0,4,0,0
2016010017871 ,-0.183013,51.494995,0,1,1,1,18.16,4,6,30,5,2,3,0,5,1,1,1,0,0,1,9,0,0,5,0,0,10,0,0,1,0,0,6,0,0,13,0,0,9,0,0,12,0,0,4,0,0,1,0,0,6,0,0,1,0,0,8,0,0,9,0,0
2016010017872 ,-0.358258,51.469163,0,2,1,4,8.41,3,6,30,3,4,6,0,0,1,1,1,0,0,1,3,9,0,14,9,0,10,10,0,1,6,0,6,6,0,13,13,0,9,9,0,12,12,0,1,2,0,1,1,0,6,6,0,1,1,0,8,8,0,4,5,0
2016010017873 ,-0.400665,51.471098,0,1,1,3,15.10,6,6,20,3,3,6,0,0,1,1,1,0,0,1,9,0,0,17,0,0,10,0,0,2,0,0,6,0,0,13,0,0,9,0,0,12,0,0,3,0,0,1,0,0,6,0,0,1,0,0,4,0,0,14,0,0
2016010017878 ,-0.184907,51.483604,0,2,2,1,16.50,6,6,30,3,4,3,0,0,1,1,1,0,0,1,9,9,0,18,9,0,10,10,0,8,8,0,6,6,0,13,13,0,9,9,0,12,12,0,1,3,0,1,1,0,6,6,0,2,1,0,8,7,0,11,1,0
2016010017879 ,-0.402646,51.492707,0,2,1,6,17.30,6,6,30,2,4,6,0,8,1,1,1,0,0,1,3,9,0,14,9,0,10,10,0,7,5,0,6,6,0,13,13,0,9,9,0,12,12,0,1,3,0,1,1,0,6,6,0,1,1,0,7,8,0,9,1,0
2016010017894 ,-0.319215,51.49334,0,2,2,6,15.37,3,3,30,3,4,6,0,0,1,1,1,0,0,1,9,8,0,3,4,0,10,10,0,1,1,0,6,6,0,13,13,0,9,9,0,12,12,0,2,1,0,1,1,0,6,1,0,1,2,0,7,8,0,7,11,0
2016010017898 ,-0.304676,51.49304,0,1,3,5,18.17,4,6,30,3,3,6,0,0,4,1,1,0,0,1,11,0,0,18,0,0,10,0,0,8,0,0,6,0,0,13,0,0,9,0,0,12,0,0,5,0,0,1,0,0,1,0,0,1,0,0,9,0,0,7,0,0
2016010017901 ,-0.415343,51.463025,0,2,1,3,10.50,3,6,30,9,2,3,0,5,1,1,1,0,0,1,9,9,0,16,18,0,10,10,0,2,1,0,6,6,0,7,13,0,9,9,0,12,12,0,3,2,0,1,1,0,6,1,0,2,2,0,5,6,0,4,5,0
2016010017902 ,-0.206481,51.517388,0,2,1,2,9.39,5,6,30,6,4,6,0,0,1,1,1,0,0,1,9,5,0,18,18,0,10,10,0,8,8,0,6,6,0,13,13,0,9,9,0,12,12,0,1,3,0,1,1,0,6,6,0,1,1,0,7,8,0,4,13,0
2016010017953 ,-0.265779,51.584105,0,2,2,5,14.20,3,6,30,6,2,5,0,5,1,1,1,0,0,1,9,9,0,18,9,0,10,10,0,8,8,0,6,6,0,13,13,0,9,9,0,12,12,0,4,1,0,1,1,0,6,6,0,1,2,0,5,5,0,14,10,0
2016010017962 ,-0.362679,51.462301,0,1,1,7,19.20,4,6,30,3,4,6,0,0,1,1,1,0,0,1,19,0,0,5,0,0,10,0,0,2,0,0,6,0,0,13,0,0,9,0,0,12,0,0,1,0,0,1,0,0,1,0,0,1,0,0,8,0,0,3,0,0
2016010017967 ,-0.198897,51.541552,0,2,1,6,9.40,3,6,30,0,0,0,0,0,1,9,1,0,0,1,9,9,0,13,18,0,10,10,0,9,9,0,6,6,0,13,13,0,9,9,0,12,12,0,4,3,0,1,1,0,6,6,0,1,1,0,8,8,0,2,4,0
2016010017970 ,-0.25362,51.558656,0,2,1,3,9.45,3,2,30,5,4,3,0,0,1,1,1,0,0,1,9,9,0,8,5,0,10,10,0,1,1,0,6,6,0,13,13,0,9,9,0,12,12,0,2,1,0,1,1,0,6,6,0,1,1,0,6,9,0,2,9,0
2016010017976 ,-0.359135,51.468816,0,1,1,7,11.15,3,6,30,3,4,6,0,4,1,1,1,0,0,1,9,0,0,9,0,0,10,0,0,5,0,0,6,0,0,13,0,0,9,0,0,12,0,0,3,0,0,1,0,0,6,0,0,1,0,0,10,0,0,9,0,0
2016010017979 ,-0.255971,51.561299,0,2,1,5,1.9,3,1,30,1,4,3,0,0,4,1,1,0,0,1,9,9,0,7,9,0,10,10,0,8,8,0,6,6,0,13,13,0,9,9,0,12,12,0,3,1,0,1,1,0,6,6,0,1,1,0,5,6,0,9,14,0
2016010018009 ,-0.319722,51.56178,0,2,1,3,20.33,3,6,30,3,2,3,0,5,4,1,1,0,0,1,9,9,0,9,9,0,10,10,0,8,8,0,6,6,0,7,13,0,9,9,0,12,12,0,2,1,0,1,1,0,6,6,0,2,2,0,6,6,0,12,11,0
2016010018015 ,0.022048,51.532016,0,2,5,1,13.0,3,6,30,3,4,6,0,0,1,1,1,0,0,1,9,9,0,18,18,0,10,10,0,1,1,0,6,6,0,13,13,0,9,9,0,12,12,0,2,1,0,1,1,0,6,6,0,1,2,0,8,5,0,8,8,0
2016010018016 ,-0.048285,51.411264,0,1,1,2,17.15,3,6,30,6,2,3,0,5,1,1,1,0,0,1,9,0,0,5,0,0,10,0,0,8,0,0,6,0,0,13,0,0,9,0,0,12,0,0,3,0,0,1,0,0,6,0,0,1,0,0,10,0,0,24,0,0
2016010018019 ,-0.287863,51.553406,0,1,3,2,16.10,3,6,30,0,0,0,0,0,1,1,1,0,0,1,9,0,0,18,0,0,10,0,0,9,0,0,6,0,0,13,0,0,9,0,0,12,0,0,1,0,0,1,0,0,6,0,0,1,0,0,6,0,0,9,0,0
2016010018023 ,-0.366081,51.467834,0,1,1,1,16.38,6,3,20,0,0,0,0,1,1,1,1,0,0,1,11,0,0,18,0,0,10,0,0,9,0,0,6,0,0,13,0,0,9,0,0,12,0,0,4,0,0,1,0,0,1,0,0,1,0,0,6,0,0,11,0,0
2016010018068 ,0.058321,51.521043,0,2,2,5,12.45,3,6,30,3,4,3,0,0,1,1,1,0,0,1,9,9,0,4,18,0,10,10,0,1,1,0,6,6,0,13,13,0,9,9,0,12,12,0,2,1,0,1,1,0,6,2,0,1,2,0,5,9,0,4,7,0
2016010018078 ,0.057438,51.523846,0,1,1,6,8.10,3,6,30,6,4,6,0,1,1,2,2,0,0,1,8,0,0,18,0,0,10,0,0,1,0,0,6,0,0,13,0,0,9,0,0,12,0,0,1,0,0,1,0,0,1,0,0,1,0,0,9,0,0,6,0,0
2016010018091 ,-0.002092,51.537196,0,1,1,2,12.45,6,6,20,3,4,6,0,0,1,1,1,0,0,1,21,0,0,18,0,0,10,0,0,2,0,0,6,0,0,13,0,0,9,0,0,12,0,0,1,0,0,1,0,0,1,0,0,1,0,0,8,0,0,11,0,0
2016010018114 ,0.050031,51.53225,0,2,2,6,14.18,3,6,30,3,4,6,0,4,1,1,1,0,0,1,9,9,0,5,5,0,10,10,0,8,8,0,6,6,0,13,13,0,9,9,0,12,12,0,2,1,0,1,1,0,6,6,0,1,1,0,8,6,0,6,10,0
2016010018180 ,-0.009812,51.429592,0,4,2,4,17.57,5,6,30,0,0,0,0,5,1,1,1,0,0,1,9,9,9,18,18,18,10,10,10,9,9,9,6,6,6,13,13,13,9,9,9,12,12,12,5,1,1,1,1,1,6,6,6,1,2,1,6,7,6,6,2,7
2016010018188 ,-0.371561,51.483737,0,1,1,6,19.50,3,6,30,0,0,0,0,1,1,1,1,0,0,1,9,0,0,18,0,0,10,0,0,9,0,0,6,0,0,13,0,0,9,0,0,12,0,0,1,0,0,1,0,0,6,0,0,1,0,0,5,0,0,1,0,0
2016010018200 ,0.158629,51.490102,0,3,2,3,18.15,3,6,30,0,0,0,0,1,1,1,1,0,0,1,9,9,9,18,3,3,10,10,10,9,9,9,6,6,6,13,13,13,9,9,9,12,12,12,1,2,2,1,1,1,6,6,6,1,1,1,7,7,6,8,15,13
2016010018204 ,-0.233825,51.53336,0,2,1,5,7.45,5,6,30,2,4,5,0,0,1,1,1,0,0,1,9,2,0,9,9,0,10,10,0,8,8,0,6,6,0,13,13,0,9,9,0,12,12,0,1,1,0,1,1,0,6,6,0,1,1,0,5,4,0,10,16,0
2016010018213 ,-0.118216,51.54667,0,2,1,6,19.20,3,6,30,6,2,3,0,5,4,1,1,0,0,1,3,19,0,15,7,0,10,10,0,1,1,0,6,6,0,13,13,0,9,9,0,12,12,0,3,4,0,1,1,0,1,1,0,1,1,0,6,9,0,17,2,0
2016010018214 ,-0.352707,51.431407,0,2,1,6,10.50,3,6,30,3,4,6,0,0,1,1,1,0,0,1,9,3,0,9,13,0,10,10,0,1,8,0,6,6,0,13,13,0,9,9,0,12,12,0,4,1,0,1,1,0,6,6,0,2,1,0,7,7,0,12,1,0
2016010018218 ,0.060765,51.53368,0,1,1,2,17.50,3,6,30,6,4,6,0,1,1,1,1,0,0,1,9,0,0,18,0,0,10,0,0,2,0,0,6,0,0,13,0,0,9,0,0,12,0,0,4,0,0,1,0,0,6,0,0,2,0,0,9,0,0,8,0,0
2016010018220 ,-0.31429,51.552619,0,2,1,5,5.41,5,6,30,1,4,3,0,0,1,1,1,0,0,1,3,3,0,9,4,0,10,10,0,8,8,0,6,6,0,13,13,0,9,9,0,12,12,0,1,1,0,1,1,0,6,6,0,1,1,0,5,7,0,7,9,0
2016010018223 ,0.179654,51.450683,0,1,2,7,18.24,3,6,30,3,2,3,0,5,1,1,1,0,0,1,9,0,0,5,0,0,10,0,0,8,0,0,6,0,0,13,0,0,9,0,0,12,0,0,1,0,0,1,0,0,6,0,0,1,0,0,5,0,0,10,0,0
2016010018229 ,-0.166726,51.426936,0,1,1,7,9.55,3,6,30,3,4,6,0,0,1,9,1,0,0,1,4,0,0,14,0,0,10,0,0,1,0,0,6,0,0,13,0,0,9,0,0,12,0,0,1,0,0,1,0,0,1,0,0,1,0,0,6,0,0,4,0,0
2016010018241 ,-0.372809,51.456777,0,1,1,4,19.25,3,6,30,6,2,4,0,5,1,1,1,0,0,1,11,0,0,4,0,0,10,0,0,1,0,0,6,0,0,13,0,0,9,0,0,12,0,0,5,0,0,1,0,0,1,0,0,1,0,0,8,0,0,6,0,0
2016010018242 ,0.058247,51.525811,0,1,1,2,14.15,6,6,30,0,0,0,0,0,1,1,1,0,0,1,9,0,0,18,0,0,10,0,0,9,0,0,6,0,0,13,0,0,9,0,0,12,0,0,1,0,0,1,0,0,2,0,0,2,0,0,7,0,0,2,0,0