Accident_Index,Longitude,Latitude,SV,Number_of_Vehicles,Number_of_Casualties,Day_of_Week,Time,1st_Road_Class,Road_Type,Speed_limit,Junction_Detail,Junction_Control,2nd_Road_Class,Pedestrian_Crossing-Human_Control,Pedestrian_Crossing-Physical_Facilities,Light_Conditions,Weather_Conditions,Road_Surface_Conditions,Special_Conditions_at_Site,Carriageway_Hazards,Urban_or_Rural_Area,Vehicle1_Type,Vehicle2_Type,Vehicle3_Type,Vehicle1_Manoeuvre,Vehicle2_Manoeuvre,Vehicle3_Manoeuvre,Vehicle1_Location-Restricted_Lane,Vehicle2_Location-Restricted_Lane,Vehicle3_Location-Restricted_Lane,Junction1_Location,Junction2_Location,Junction3_Location,Skidding1_and_Overturning,Skidding2_and_Overturning,Skidding3_and_Overturning,Hit_Object_in_Carriageway1,Hit_Object_in_Carriageway2,Hit_Object_in_Carriageway3,Vehicle1_Leaving_Carriageway,Vehicle2_Leaving_Carriageway,Vehicle3_Leaving_Carriageway,Hit_Object_off_Carriageway1,Hit_Object_off_Carriageway2,Hit_Object_off_Carriageway3,1st_Point_of_Impact1,1st_Point_of_Impact2,1st_Point_of_Impact3,Was_Vehicle 1_Left_Hand_Drive?,Was_Vehicle2_Left_Hand_Drive?,Was_Vehicle 3_Left_Hand_Drive?,Journey_Purpose_of_Driver1,Journey_Purpose_of_Driver2,Journey_Purpose_of_Driver3,Sex_of_Driver1,Sex_of_Driver2,Sex_of_Driver3,Age_Band_of_Driver1,Age_Band_of_Driver2,Age_Band_of_Driver3,Age_of_Vehicle1,Age_of_Vehicle2,Age_of_Vehicle3
2016010018248 ,-0.111506,51.551958,0,2,1,7,22.8,3,6,30,3,4,6,0,0,4,1,1,0,0,1,9,2,0,9,15,0,10,2,0,5,8,0,6,6,0,13,13,0,9,1,0,12,10,0,1,3,0,1,1,0,6,1,0,1,1,0,7,5,0,13,1,0
2016010018260 ,-0.110313,51.368216,0,1,1,4,8.30,3,6,30,0,0,0,0,0,1,1,1,0,0,1,5,0,0,4,0,0,10,0,0,9,0,0,6,0,0,13,0,0,9,0,0,12,0,0,3,0,0,1,0,0,6,0,0,1,0,0,6,0,0,3,0,0
2016010018310 ,-0.112911,51.55288,0,3,2,7,13.50,3,3,30,0,0,0,0,0,1,4,1,0,0,1,9,9,9,3,5,5,10,10,10,9,9,9,6,6,6,13,13,13,9,9,9,12,12,12,2,1,1,1,1,1,6,6,6,2,1,1,5,7,5,9,15,8
2016010018316 ,-0.134322,51.565452,0,2,5,3,1.5,3,6,30,9,2,3,0,5,4,1,1,4,0,1,9,8,0,18,18,0,10,10,0,8,8,0,6,6,0,13,13,0,9,9,0,12,12,0,1,4,0,1,1,0,6,1,0,1,1,0,6,9,0,5,5,0
2016010018420 ,-0.175489,51.43085,0,1,1,7,18.15,3,6,30,0,0,0,0,0,1,2,2,0,0,1,9,0,0,16,0,0,10,0,0,9,0,0,6,0,0,13,0,0,1,0,0,10,0,0,4,0,0,1,0,0,6,0,0,1,0,0,4,0,0,10,0,0
2016010018424 ,-0.158442,51.461249,0,1,1,5,23.0,3,6,30,3,4,6,0,0,4,1,1,0,0,1,9,0,0,16,0,0,10,0,0,1,0,0,6,0,0,13,0,0,9,0,0,12,0,0,1,0,0,1,0,0,6,0,0,2,0,0,7,0,0,6,0,0
2016010018428 ,-0.22799,51.468256,0,1,1,4,8.30,4,3,30,3,4,6,0,0,1,1,1,0,0,1,9,0,0,16,0,0,10,0,0,1,0,0,6,0,0,13,0,0,9,0,0,12,0,0,1,0,0,1,0,0,6,0,0,2,0,0,6,0,0,2,0,0
2016010018432 ,-0.104273,51.535115,0,2,1,2,15.17,3,3,20,3,2,6,0,0,1,1,1,0,0,1,8,5,0,9,15,0,10,10,0,5,8,0,6,6,0,13,13,0,9,9,0,12,12,0,4,1,0,1,1,0,6,6,0,1,1,0,7,6,0,4,5,0
2016010018437 ,0.128253,51.570875,0,2,2,6,9.16,6,6,30,6,4,6,0,0,1,1,1,0,0,1,9,9,0,7,18,0,10,10,0,8,8,0,6,6,0,13,13,0,9,9,0,12,12,0,3,1,0,1,1,0,6,6,0,1,1,0,4,9,0,9,13,0
2016010018449 ,0.075151,51.593139,0,2,1,6,15.45,6,6,30,0,0,0,0,0,1,1,1,0,0,1,9,9,0,16,17,0,10,10,0,9,9,0,6,6,0,13,13,0,9,9,0,12,12,0,1,1,0,1,1,0,3,3,0,1,1,0,6,4,0,7,4,0
2016010018456 ,0.000936,51.405578,0,2,1,1,16.15,5,6,30,3,4,6,0,0,1,1,1,0,0,1,9,9,0,18,7,0,10,10,0,8,8,0,6,6,0,13,13,0,9,9,0,12,12,0,1,3,0,1,1,0,6,6,0,1,1,0,8,8,0,10,18,0
2016010018457 ,0.079395,51.363293,0,1,1,3,12.4,5,6,20,0,0,0,0,0,1,1,1,0,0,1,9,0,0,18,0,0,10,0,0,9,0,0,6,0,0,13,0,0,9,0,0,12,0,0,1,0,0,1,0,0,6,0,0,1,0,0,9,0,0,15,0,0
2016010018460 ,-0.198874,51.447129,0,1,1,4,17.22,3,6,30,3,4,6,0,0,1,1,1,0,0,1,11,0,0,5,0,0,10,0,0,1,0,0,6,0,0,13,0,0,9,0,0,12,0,0,5,0,0,1,0,0,1,0,0,1,0,0,7,0,0,4,0,0
2016010018472 ,0.069387,51.577504,0,2,1,4,11.10,3,6,30,3,4,6,0,4,1,1,1,0,0,1,9,9,0,18,9,0,10,10,0,8,8,0,6,6,0,13,13,0,9,9,0,12,12,0,1,4,0,1,1,0,6,6,0,1,1,0,6,6,0,2,9,0
2016010018477 ,-0.102999,51.541479,0,1,1,5,19.30,3,6,30,3,4,6,0,1,4,1,1,0,0,1,9,0,0,18,0,0,10,0,0,1,0,0,6,0,0,13,0,0,9,0,0,12,0,0,1,0,0,1,0,0,1,0,0,1,0,0,8,0,0,11,0,0
2016010018478 ,-0.05123,51.413022,0,1,1,2,16.17,3,6,30,0,0,0,0,8,1,1,1,0,0,1,9,0,0,12,0,0,10,0,0,9,0,0,6,0,0,7,0,0,9,0,0,12,0,0,3,0,0,1,0,0,6,0,0,2,0,0,10,0,0,20,0,0
2016010018484 ,-0.15283,51.443355,0,1,1,6,21.20,3,6,30,6,2,5,0,5,4,9,2,0,0,1,3,0,0,18,0,0,10,0,0,8,0,0,6,0,0,13,0,0,9,0,0,12,0,0,3,0,0,1,0,0,6,0,0,1,0,0,5,0,0,5,0,0
2016010018503 ,0.088758,51.360698,0,1,1,5,17.30,6,6,30,0,0,0,0,0,1,1,1,0,0,1,9,0,0,18,0,0,10,0,0,9,0,0,6,0,0,13,0,0,9,0,0,12,0,0,4,0,0,1,0,0,6,0,0,2,0,0,8,0,0,1,0,0
2016010018504 ,-0.186774,51.436511,0,3,1,6,11.30,3,6,30,3,4,3,0,0,1,1,1,0,0,1,9,9,19,4,4,4,10,10,10,1,1,1,6,6,6,13,13,13,9,9,9,12,12,12,2,2,1,1,1,1,1,1,1,2,2,1,9,10,5,3,8,2
2016010018511 ,-0.240098,51.643523,0,2,3,4,16.30,3,6,30,3,4,6,0,0,1,1,1,0,0,1,9,9,0,18,18,0,10,10,0,2,2,0,6,6,0,13,13,0,9,9,0,12,12,0,2,1,0,1,1,0,6,6,0,1,2,0,6,7,0,5,3,0
2016010018523 ,-0.087068,51.546526,0,2,1,5,19.45,3,6,30,6,2,3,0,5,1,1,1,0,0,1,9,5,0,9,18,0,10,10,0,8,8,0,6,6,0,13,13,0,9,9,0,12,12,0,1,1,0,1,1,0,6,6,0,1,1,0,6,6,0,11,8,0
2016010018530 ,-0.026704,51.481587,0,1,1,3,8.20,3,2,30,3,4,3,0,0,1,1,1,0,0,1,9,0,0,18,0,0,10,0,0,1,0,0,6,0,0,13,0,0,9,0,0,12,0,0,1,0,0,1,0,0,6,0,0,2,0,0,7,0,0,1,0,0
2016010018542 ,-0.116584,51.537292,0,1,1,6,7.29,3,6,20,0,0,0,0,5,1,1,1,0,0,1,3,0,0,18,0,0,10,0,0,9,0,0,6,0,0,13,0,0,9,0,0,12,0,0,1,0,0,1,0,0,2,0,0,1,0,0,5,0,0,4,0,0
2016010018545 ,-0.100876,51.537038,0,1,1,7,12.22,3,6,30,3,4,5,0,4,1,9,1,0,0,1,11,0,0,18,0,0,10,0,0,1,0,0,6,0,0,13,0,0,9,0,0,12,0,0,5,0,0,1,0,0,1,0,0,2,0,0,6,0,0,1,0,0
2016010018548 ,-0.159739,51.464776,0,2,1,2,8.0,3,3,30,3,4,6,0,4,1,1,1,0,0,1,9,2,0,9,13,0,10,10,0,5,1,0,6,6,0,13,13,0,9,9,0,12,12,0,3,1,0,1,1,0,2,1,0,1,1,0,7,6,0,2,1,0
2016010018552 ,-0.185574,51.593684,0,2,1,1,19.22,3,3,40,0,0,0,0,0,4,1,1,0,0,1,9,9,0,4,18,0,10,10,0,9,9,0,6,6,0,13,13,0,9,9,0,12,12,0,2,1,0,1,1,0,6,6,0,2,1,0,6,10,0,2,6,0
2016010018565 ,-0.110297,51.528917,0,1,2,5,20.25,5,6,20,6,4,6,0,0,4,1,1,0,0,1,9,0,0,7,0,0,10,0,0,8,0,0,6,0,0,7,0,0,7,0,0,4,0,0,1,0,0,1,0,0,6,0,0,1,0,0,6,0,0,2,0,0
2016010018569 ,0.115709,51.499608,0,1,1,2,15.6,3,3,50,0,0,0,0,0,1,1,1,6,0,1,5,0,0,18,0,0,10,0,0,9,0,0,1,0,0,10,0,0,2,0,0,6,0,0,3,0,0,1,0,0,6,0,0,1,0,0,8,0,0,14,0,0
2016010018571 ,0.027872,51.575441,0,2,1,5,18.14,5,6,30,6,2,5,0,5,1,1,1,0,0,1,9,9,0,18,18,0,10,10,0,8,8,0,6,6,0,13,13,0,9,9,0,12,12,0,1,3,0,1,1,0,1,6,0,1,2,0,5,6,0,3,13,0
2016010018575 ,-0.037542,51.43042,0,1,1,6,18.11,3,6,30,3,2,4,0,5,1,1,1,0,0,1,9,0,0,18,0,0,10,0,0,8,0,0,6,0,0,13,0,0,9,0,0,12,0,0,1,0,0,1,0,0,2,0,0,1,0,0,6,0,0,3,0,0
2016010018577 ,0.180975,51.466306,0,2,1,4,20.40,3,3,40,3,4,6,0,4,4,1,1,0,0,1,9,9,0,4,18,0,10,10,0,8,8,0,6,6,0,13,13,0,9,9,0,12,12,0,2,1,0,1,1,0,6,6,0,1,1,0,6,8,0,9,15,0
2016010018588 ,-0.119637,51.557664,0,2,3,6,22.12,3,2,30,6,2,3,0,5,4,1,1,0,0,1,9,11,0,7,5,0,10,10,0,1,1,0,6,6,0,13,13,0,9,9,0,12,12,0,2,1,0,1,1,0,2,1,0,1,1,0,7,9,0,11,5,0
2016010018594 ,0.014967,51.472875,0,1,1,3,7.41,4,6,20,3,4,4,0,0,1,1,1,0,0,1,11,0,0,18,0,0,10,0,0,8,0,0,6,0,0,13,0,0,9,0,0,12,0,0,5,0,0,1,0,0,1,0,0,1,0,0,6,0,0,10,0,0
2016010018682 ,0.074908,51.549798,0,1,1,6,21.20,3,6,30,3,4,6,0,4,4,2,2,0,0,1,9,0,0,18,0,0,10,0,0,2,0,0,6,0,0,13,0,0,9,0,0,12,0,0,1,0,0,1,0,0,6,0,0,1,0,0,4,0,0,10,0,0
2016010018683 ,0.042614,51.575905,0,2,1,4,11.20,3,3,30,1,2,3,0,0,1,1,1,0,0,1,9,9,0,3,18,0,10,10,0,1,1,0,6,6,0,13,13,0,9,9,0,12,12,0,2,1,0,1,1,0,2,6,0,2,1,0,6,5,0,13,5,0
2016010018684 ,-0.272731,51.61775,0,3,1,2,13.57,3,6,30,2,4,6,0,0,1,1,1,0,0,1,9,9,9,18,3,3,10,10,10,1,1,1,6,6,6,13,13,13,9,9,9,12,12,12,1,2,2,1,1,1,6,6,6,2,2,1,8,6,10,14,7,4
2016010018700 ,-0.115898,51.529457,0,2,1,6,18.10,3,6,30,3,2,3,0,5,1,1,1,0,0,1,3,9,0,18,18,0,10,10,0,1,1,0,6,6,0,13,13,0,9,9,0,12,12,0,3,4,0,1,1,0,1,6,0,1,1,0,7,8,0,2,1,0
2016010018703 ,-0.197362,51.438023,0,2,2,1,15.10,3,6,30,3,2,6,0,4,1,1,1,0,0,1,9,9,0,3,18,0,10,10,0,1,1,0,6,6,0,13,13,0,9,9,0,12,12,0,2,1,0,1,1,0,6,6,0,1,1,0,6,6,0,11,14,0
2016010018704 ,-0.162142,51.354742,0,2,2,2,19.9,5,6,30,6,4,6,0,0,1,1,1,0,0,1,9,9,0,9,18,0,10,10,0,8,8,0,6,6,0,13,13,0,9,9,0,12,12,0,3,1,0,1,1,0,6,6,0,1,1,0,7,7,0,1,11,0
2016010018713 ,-0.020174,51.43948,0,2,1,6,22.0,3,6,30,3,4,5,0,0,1,2,2,0,0,1,11,3,0,7,18,0,10,10,0,8,8,0,6,6,0,13,13,0,9,9,0,12,12,0,1,1,0,1,1,0,1,6,0,1,1,0,7,5,0,10,3,0
2016010018725 ,-0.176793,51.61468,0,1,1,2,14.15,3,2,30,3,4,6,0,0,1,1,1,0,0,1,8,0,0,18,0,0,10,0,0,1,0,0,6,0,0,13,0,0,9,0,0,12,0,0,1,0,0,1,0,0,1,0,0,1,0,0,6,0,0,21,0,0
2016010018727 ,-0.165602,51.501648,0,2,1,3,18.28,3,6,30,3,4,6,0,1,1,1,1,0,0,1,9,5,0,9,18,0,10,10,0,8,8,0,6,6,0,13,13,0,9,9,0,12,12,0,1,1,0,1,1,0,2,2,0,2,1,0,6,8,0,5,9,0
2016010018728 ,0.123467,51.458819,0,3,4,4,14.45,3,6,30,0,0,0,0,0,1,1,1,0,0,1,9,9,9,18,4,18,10,10,10,9,9,9,6,6,6,13,13,13,9,9,9,12,12,12,1,3,3,1,1,1,6,6,6,1,1,1,7,8,6,5,15,2
2016010018737 ,0.07265,51.554065,0,2,1,6,15.0,3,6,30,3,4,6,0,0,1,2,2,0,0,1,9,3,0,5,18,0,10,10,0,2,2,0,6,6,0,13,13,0,9,9,0,12,12,0,3,4,0,1,1,0,6,6,0,1,2,0,7,6,0,3,1,0
2016010018740 ,-0.094013,51.528744,0,2,1,2,9.30,3,6,30,5,4,6,0,1,1,2,2,0,0,1,8,3,0,9,18,0,10,2,0,5,8,0,6,6,0,13,13,0,9,9,0,12,12,0,4,1,0,1,1,0,1,2,0,1,1,0,8,6,0,5,1,0
2016010018741 ,-0.182891,51.40021,0,2,1,7,14.30,3,3,30,0,0,0,0,0,1,2,2,0,0,1,9,9,0,17,16,0,10,10,0,9,9,0,6,6,0,10,13,0,1,9,0,9,12,0,3,3,0,1,1,0,6,6,0,2,1,0,8,9,0,9,13,0
2016010018742 ,-0.184514,51.652838,0,3,4,5,18.1,6,6,30,6,4,6,0,0,1,1,1,0,0,1,19,9,9,9,18,18,10,10,10,8,8,8,6,6,6,13,13,13,9,9,9,12,12,12,1,1,3,1,1,1,6,6,6,1,2,2,7,7,9,13,1,11
2016010018758 ,0.007429,51.445486,0,2,1,6,17.0,3,6,30,3,4,6,0,8,1,1,1,0,0,1,3,9,0,9,18,0,10,10,0,8,8,0,2,6,0,13,13,0,9,9,0,12,12,0,1,1,0,1,1,0,6,1,0,1,1,0,4,9,0,8,3,0
2016010018762 ,-0.2049,51.341106,0,1,1,6,16.0,6,6,30,3,4,6,0,0,1,1,1,0,0,1,9,0,0,18,0,0,10,0,0,8,0,0,6,0,0,10,0,0,1,0,0,4,0,0,1,0,0,1,0,0,6,0,0,1,0,0,10,0,0,3,0,0
2016010018764 ,-0.163616,51.407643,0,1,1,1,15.15,3,6,30,0,0,0,0,0,1,1,1,0,0,1,11,0,0,18,0,0,10,0,0,9,0,0,6,0,0,13,0,0,9,0,0,12,0,0,5,0,0,1,0,0,1,0,0,1,0,0,7,0,0,10,0,0
2016010018767 ,-0.117574,51.53425,0,1,1,1,3.38,3,6,20,3,4,6,0,1,4,1,1,0,0,1,11,0,0,4,0,0,10,0,0,1,0,0,6,0,0,13,0,0,9,0,0,12,0,0,5,0,0,1,0,0,1,0,0,1,0,0,9,0,0,6,0,0
2016010018772 ,-0.164446,51.404868,0,2,5,4,17.0,3,6,30,3,2,5,0,5,1,1,1,0,0,1,11,9,0,5,3,0,10,10,0,1,1,0,6,6,0,13,13,0,9,9,0,12,12,0,1,2,0,1,1,0,1,6,0,1,2,0,9,9,0,1,9,0
2016010018800 ,0.066004,51.576124,0,1,1,5,13.48,3,3,30,1,2,3,0,5,1,1,1,0,0,1,9,0,0,1,0,0,10,0,0,1,0,0,6,0,0,13,0,0,9,0,0,12,0,0,2,0,0,1,0,0,2,0,0,2,0,0,6,0,0,10,0,0
2016010018824 ,-0.193586,51.526363,0,2,3,4,18.52,5,6,30,6,2,5,0,5,1,1,1,0,0,1,9,9,0,18,9,0,10,10,0,8,8,0,6,6,0,13,13,0,9,9,0,12,12,0,1,4,0,1,1,0,6,6,0,2,2,0,7,4,0,16,3,0
2016010018828 ,-0.100783,51.54621,0,2,1,5,20.39,3,6,20,3,4,6,0,0,7,1,1,0,0,1,3,19,0,4,6,0,10,10,0,2,2,0,6,6,0,13,13,0,9,9,0,12,12,0,5,5,0,1,1,0,1,1,0,1,1,0,6,9,0,1,1,0
2016010018851 ,-0.173848,51.52246,0,2,2,7,15.37,3,6,30,3,4,6,0,0,1,1,1,0,0,1,9,9,0,18,12,0,10,10,0,8,1,0,6,6,0,13,13,0,9,9,0,12,12,0,4,3,0,1,1,0,6,6,0,1,1,0,4,8,0,4,8,0
2016010018862 ,-0.277895,51.404702,0,2,2,7,18.0,3,6,30,3,4,6,0,0,1,1,1,0,0,1,9,9,0,9,18,0,10,10,0,8,8,0,6,1,0,13,13,0,9,9,0,12,12,0,1,4,0,1,1,0,2,1,0,1,1,0,10,5,0,20,14,0
2016010018944 ,-0.138269,51.405085,0,2,2,2,8.48,4,3,30,3,4,6,0,0,1,1,1,0,0,1,19,9,0,18,18,0,10,10,0,1,2,0,6,6,0,13,13,0,9,9,0,12,12,0,3,3,0,1,1,0,1,6,0,1,1,0,7,5,0,9,12,0
2016010018969 ,-0.215603,51.424094,0,1,1,6,16.35,3,1,30,1,4,5,0,0,1,1,1,0,0,1,9,0,0,18,0,0,10,0,0,8,0,0,6,0,0,13,0,0,9,0,0,12,0,0,1,0,0,1,0,0,6,0,0,1,0,0,5,0,0,8,0,0
2016010018976 ,-0.00425,51.444966,0,2,1,2,8.26,3,6,30,0,0,0,0,0,1,1,1,0,0,1,9,4,0,1,18,0,10,10,0,9,9,0,6,6,0,13,13,0,9,9,0,12,12,0,2,1,0,1,1,0,6,6,0,1,1,0,6,4,0,14,4,0
2016010018986 ,-0.237646,51.404463,0,2,1,3,17.29,3,3,40,0,0,0,0,0,1,1,1,0,0,1,9,9,0,18,11,0,10,10,0,9,9,0,6,6,0,7,13,0,1,9,0,10,12,0,3,4,0,1,1,0,6,6,0,2,1,0,7,7,0,7,10,0
2016010018987 ,0.063511,51.562499,0,1,1,5,20.20,6,6,30,0,0,0,0,0,1,1,1,0,0,1,9,0,0,18,0,0,10,0,0,9,0,0,6,0,0,13,0,0,9,0,0,12,0,0,1,0,0,1,0,0,6,0,0,1,0,0,8,0,0,2,0,0
2016010018993 ,-0.191524,51.403671,0,2,2,7,13.45,3,6,30,3,4,3,0,4,1,1,1,0,0,1,20,11,0,14,5,0,10,10,0,1,1,0,6,6,0,13,13,0,9,9,0,12,12,0,4,4,0,1,1,0,1,1,0,1,1,0,6,6,0,3,14,0
2016010018994 ,0.083727,51.566009,0,2,1,6,14.22,5,6,30,3,4,6,0,0,1,1,1,0,0,1,9,9,0,9,14,0,10,10,0,8,8,0,6,6,0,13,13,0,9,9,0,12,12,0,4,1,0,1,1,0,6,6,0,2,1,0,6,10,0,4,5,0
2016010018995 ,-0.298133,51.39016,0,1,1,5,10.46,3,6,30,3,4,6,0,4,1,1,2,0,0,1,9,0,0,9,0,0,10,0,0,8,0,0,6,0,0,13,0,0,9,0,0,12,0,0,1,0,0,1,0,0,2,0,0,1,0,0,8,0,0,4,0,0
2016010019000 ,-0.143357,51.619911,0,2,1,5,15.25,5,6,30,3,4,6,0,8,1,1,1,0,0,1,9,4,0,9,13,0,10,10,0,8,8,0,6,6,0,13,13,0,9,9,0,12,12,0,3,1,0,1,1,0,6,6,0,1,1,0,5,5,0,1,19,0
2016010019007 ,0.097036,51.563613,0,2,1,5,8.10,3,3,30,0,0,0,0,4,1,1,1,0,0,1,9,19,0,18,1,0,10,10,0,9,9,0,6,6,0,13,13,0,9,9,0,12,12,0,1,2,0,1,1,0,2,1,0,2,1,0,6,8,0,5,12,0
2016010019025 ,-0.114435,51.474128,0,1,1,6,16.0,6,6,20,3,4,6,0,0,1,1,1,0,0,1,9,0,0,18,0,0,10,0,0,1,0,0,6,0,0,13,0,0,9,0,0,12,0,0,1,0,0,1,0,0,6,0,0,2,0,0,7,0,0,13,0,0
2016010019030 ,-0.204802,51.413407,0,2,1,1,15.30,3,6,30,3,4,6,0,4,1,1,1,0,0,1,9,9,0,3,4,0,10,10,0,1,1,0,6,6,0,13,13,0,9,9,0,12,12,0,2,1,0,1,1,0,6,6,0,1,1,0,6,11,0,15,7,0
2016010019037 ,-0.16922,51.400536,0,2,1,7,11.35,3,6,30,3,4,6,0,0,1,9,1,0,0,1,9,5,0,9,18,0,10,10,0,5,1,0,6,6,0,13,13,0,9,9,0,12,12,0,1,2,0,1,1,0,6,6,0,1,1,0,5,10,0,6,16,0
2016010019091 ,0.119336,51.568428,0,3,3,5,20.42,3,6,30,3,4,6,0,4,1,1,1,0,0,1,9,9,9,18,18,9,10,10,10,8,8,8,6,6,6,13,13,13,9,9,9,12,12,12,1,1,3,1,1,1,6,6,6,1,2,2,11,7,8,9,11,9
2016010019107 ,0.096837,51.578095,0,1,1,4,17.27,6,6,30,0,0,0,0,0,1,1,1,0,0,1,9,0,0,18,0,0,9,0,0,9,0,0,6,0,0,10,0,0,1,0,0,10,0,0,1,0,0,1,0,0,6,0,0,2,0,0,8,0,0,6,0,0
2016010019184 ,0.118767,51.581029,0,2,1,6,8.44,5,6,30,3,4,6,0,0,1,2,2,0,0,1,9,3,0,9,18,0,10,10,0,8,8,0,6,6,0,13,13,0,9,9,0,12,12,0,3,1,0,1,1,0,3,6,0,2,1,0,7,6,0,1,2,0
2016010019208 ,-0.037888,51.402188,0,2,2,6,7.10,3,6,30,6,4,6,0,4,1,1,1,0,0,1,9,9,0,5,18,0,10,10,0,8,8,0,6,6,0,13,13,0,9,9,0,12,12,0,3,4,0,1,1,0,6,6,0,2,1,0,8,8,0,1,12,0
2016010019216 ,-0.13134,51.426917,0,1,2,4,15.35,3,3,30,6,2,5,0,5,1,1,1,0,0,1,9,0,0,18,0,0,10,0,0,1,0,0,6,0,0,13,0,0,9,0,0,12,0,0,4,0,0,1,0,0,6,0,0,2,0,0,7,0,0,8,0,0
2016010019222 ,0.093093,51.370693,0,2,1,3,9.20,6,6,30,0,0,0,0,0,1,1,1,0,0,1,9,9,0,3,18,0,10,10,0,9,9,0,6,6,0,13,13,0,9,9,0,12,12,0,2,1,0,1,1,0,6,6,0,1,2,0,7,6,0,1,1,0
2016010019224 ,-0.114086,51.46513,0,1,1,3,22.56,3,6,30,3,4,5,0,0,1,1,1,0,0,1,9,0,0,18,0,0,10,0,0,1,0,0,6,0,0,13,0,0,9,0,0,12,0,0,3,0,0,1,0,0,6,0,0,1,0,0,6,0,0,4,0,0
2016010019230 ,-0.157428,51.511412,0,1,2,7,8.16,3,3,30,3,4,6,0,0,1,1,1,0,2,1,9,0,0,18,0,0,10,0,0,8,0,0,6,0,0,11,0,0,9,0,0,12,0,0,5,0,0,1,0,0,6,0,0,1,0,0,10,0,0,8,0,0
2016010019231 ,0.126621,51.610114,0,1,1,2,11.0,6,6,30,3,2,3,0,5,1,1,1,0,0,1,9,0,0,18,0,0,10,0,0,1,0,0,6,0,0,13,0,0,9,0,0,12,0,0,4,0,0,1,0,0,6,0,0,2,0,0,10,0,0,2,0,0
2016010019244 ,0.021045,51.597231,0,2,1,6,17.40,3,6,30,0,0,0,0,0,1,1,1,0,0,1,3,9,0,18,4,0,10,10,0,9,9,0,6,6,0,13,13,0,9,9,0,12,12,0,1,2,0,1,1,0,6,6,0,1,2,0,4,4,0,3,10,0
2016010019249 ,-0.122619,51.450159,0,2,1,5,20.45,3,6,30,3,4,6,0,0,4,1,1,0,0,1,9,5,0,7,15,0,10,10,0,8,8,0,6,6,0,13,13,0,9,9,0,12,12,0,4,1,0,1,1,0,6,6,0,1,1,0,6,6,0,7,11,0
2016010019254 ,-0.144576,51.519123,0,2,2,7,20.51,3,6,30,6,4,6,0,0,4,2,2,0,0,1,9,5,0,9,18,0,10,10,0,8,8,0,6,6,0,13,13,0,9,9,0,12,12,0,4,1,0,1,1,0,6,6,0,1,1,0,9,4,0,6,1,0
2016010019266 ,-0.11592,51.462551,0,1,1,7,13.0,6,6,30,3,4,6,0,0,1,2,2,0,0,1,9,0,0,9,0,0,10,0,0,2,0,0,6,0,0,13,0,0,9,0,0,12,0,0,4,0,0,1,0,0,1,0,0,1,0,0,7,0,0,4,0,0
2016010019267 ,-0.143236,51.452825,0,3,1,5,12.15,3,6,30,3,4,6,0,0,1,1,1,0,0,1,9,9,9,3,3,18,10,10,10,1,1,1,6,6,6,13,13,13,9,9,9,12,12,12,5,2,1,1,1,1,6,6,6,2,2,1,8,8,7,1,4,9
2016010019269 ,0.00025,51.426094,0,1,1,6,8.35,6,6,30,3,4,6,0,0,1,1,1,0,0,1,9,0,0,4,0,0,10,0,0,8,0,0,6,0,0,13,0,0,9,0,0,12,0,0,4,0,0,1,0,0,6,0,0,2,0,0,6,0,0,17,0,0
2016010019271 ,-0.192917,51.521407,0,1,5,4,13.7,3,6,30,3,4,6,0,0,1,1,1,0,0,1,11,0,0,4,0,0,10,0,0,8,0,0,6,0,0,13,0,0,9,0,0,12,0,0,5,0,0,1,0,0,1,0,0,1,0,0,8,0,0,3,0,0
2016010019278 ,0.041981,51.387693,0,1,1,2,15.30,6,6,30,0,0,0,0,0,1,1,1,0,0,1,9,0,0,16,0,0,10,0,0,9,0,0,6,0,0,10,0,0,1,0,0,10,0,0,1,0,0,1,0,0,1,0,0,1,0,0,4,0,0,10,0,0
2016010019287 ,0.046516,51.41846,0,2,2,7,19.15,5,6,30,3,4,6,0,0,1,2,2,0,0,1,9,9,0,4,18,0,10,10,0,8,8,0,6,6,0,13,13,0,9,9,0,12,12,0,2,1,0,1,1,0,6,6,0,2,2,0,7,6,0,8,3,0
2016010019309 ,-0.165211,51.522145,0,2,1,4,10.30,4,6,30,3,4,6,0,0,1,1,1,0,0,1,5,9,0,18,7,0,10,10,0,8,8,0,6,6,0,13,13,0,9,9,0,12,12,0,1,4,0,1,1,0,6,6,0,1,1,0,6,8,0,2,11,0
2016010019313 ,-0.189001,51.361995,0,1,1,6,12.45,6,6,30,3,2,3,0,5,1,1,1,0,0,1,9,0,0,18,0,0,10,0,0,8,0,0,6,0,0,13,0,0,9,0,0,12,0,0,4,0,0,1,0,0,6,0,0,2,0,0,8,0,0,6,0,0
2016010019327 ,0.054576,51.585138,0,1,1,3,8.20,3,3,40,0,0,0,0,4,1,1,1,0,0,1,9,0,0,18,0,0,10,0,0,9,0,0,6,0,0,13,0,0,9,0,0,12,0,0,1,0,0,1,0,0,6,0,0,1,0,0,7,0,0,14,0,0
2016010019338 ,-0.063579,51.406662,0,3,2,7,10.20,3,6,30,3,4,6,0,4,1,1,1,0,0,1,11,9,9,3,15,18,10,10,10,8,8,8,6,6,6,13,13,13,9,9,9,12,12,12,3,1,1,1,1,1,1,1,6,1,1,1,6,6,7,2,12,7