Accident_Index,Longitude,Latitude,SV,Number_of_Vehicles,Number_of_Casualties,Day_of_Week,Time,1st_Road_Class,Road_Type,Speed_limit,Junction_Detail,Junction_Control,2nd_Road_Class,Pedestrian_Crossing-Human_Control,Pedestrian_Crossing-Physical_Facilities,Light_Conditions,Weather_Conditions,Road_Surface_Conditions,Special_Conditions_at_Site,Carriageway_Hazards,Urban_or_Rural_Area,Vehicle1_Type,Vehicle2_Type,Vehicle3_Type,Vehicle1_Manoeuvre,Vehicle2_Manoeuvre,Vehicle3_Manoeuvre,Vehicle1_Location-Restricted_Lane,Vehicle2_Location-Restricted_Lane,Vehicle3_Location-Restricted_Lane,Junction1_Location,Junction2_Location,Junction3_Location,Skidding1_and_Overturning,Skidding2_and_Overturning,Skidding3_and_Overturning,Hit_Object_in_Carriageway1,Hit_Object_in_Carriageway2,Hit_Object_in_Carriageway3,Vehicle1_Leaving_Carriageway,Vehicle2_Leaving_Carriageway,Vehicle3_Leaving_Carriageway,Hit_Object_off_Carriageway1,Hit_Object_off_Carriageway2,Hit_Object_off_Carriageway3,1st_Point_of_Impact1,1st_Point_of_Impact2,1st_Point_of_Impact3,Was_Vehicle 1_Left_Hand_Drive?,Was_Vehicle2_Left_Hand_Drive?,Was_Vehicle 3_Left_Hand_Drive?,Journey_Purpose_of_Driver1,Journey_Purpose_of_Driver2,Journey_Purpose_of_Driver3,Sex_of_Driver1,Sex_of_Driver2,Sex_of_Driver3,Age_Band_of_Driver1,Age_Band_of_Driver2,Age_Band_of_Driver3,Age_of_Vehicle1,Age_of_Vehicle2,Age_of_Vehicle3
2016010019420 ,-0.138102,51.487006,0,2,2,2,15.55,6,6,30,3,4,6,0,0,1,1,1,0,0,1,8,9,0,18,7,0,10,10,0,8,8,0,6,6,0,13,13,0,9,9,0,12,12,0,1,1,0,1,1,0,1,6,0,1,1,0,9,6,0,12,15,0
2016010019421 ,0.216585,51.594869,0,2,2,4,9.20,6,6,30,3,4,6,0,0,1,1,1,0,0,1,9,9,0,18,9,0,10,10,0,8,8,0,6,6,0,13,13,0,9,9,0,12,12,0,1,3,0,1,1,0,6,6,0,2,2,0,7,6,0,4,10,0
2016010019424 ,0.225705,51.524461,0,2,1,5,7.40,5,6,30,6,4,5,0,0,1,1,1,0,0,1,19,9,0,9,18,0,10,10,0,8,8,0,6,6,0,13,13,0,9,9,0,12,12,0,3,1,0,1,1,0,2,2,0,1,2,0,6,7,0,2,12,0
2016010019425 ,-0.192866,51.511784,0,2,1,5,16.57,6,6,30,3,4,6,0,0,1,1,1,0,0,1,3,9,0,18,9,0,10,10,0,8,8,0,6,6,0,13,13,0,9,9,0,12,12,0,1,3,0,1,1,0,2,1,0,1,1,0,6,8,0,9,5,0
2016010019427 ,0.22034,51.556398,0,2,3,6,17.20,3,6,30,3,4,5,0,0,1,1,1,0,0,1,9,9,0,7,18,0,10,10,0,8,8,0,6,6,0,13,13,0,9,9,0,12,12,0,3,1,0,1,1,0,6,6,0,1,1,0,7,6,0,11,14,0
2016010019428 ,-0.19615,51.468759,0,1,1,5,17.59,6,6,30,3,4,6,0,0,1,1,1,0,0,1,9,0,0,18,0,0,10,0,0,1,0,0,6,0,0,13,0,0,9,0,0,12,0,0,4,0,0,1,0,0,6,0,0,1,0,0,7,0,0,2,0,0
2016010019429 ,-0.182029,51.516113,0,2,1,3,20.17,5,6,30,6,4,6,0,0,1,1,1,0,0,1,8,5,0,9,18,0,10,10,0,8,8,0,6,6,0,13,13,0,9,9,0,12,12,0,1,1,0,1,1,0,1,6,0,1,1,0,8,6,0,7,11,0
2016010019431 ,-0.236116,51.500212,0,2,1,6,13.53,6,6,30,3,4,3,0,0,1,1,1,0,0,1,9,8,0,9,15,0,10,2,0,5,1,0,6,6,0,13,13,0,9,9,0,12,12,0,4,1,0,1,1,0,6,1,0,2,1,0,8,8,0,7,1,0
2016010019437 ,-0.211014,51.471595,0,2,1,6,20.50,3,6,30,2,4,3,0,1,4,1,2,0,0,1,9,8,0,7,7,0,10,10,0,2,2,0,6,6,0,13,13,0,1,9,0,12,12,0,2,1,0,1,1,0,6,1,0,2,1,0,6,5,0,8,3,0
2016010019438 ,-0.246141,51.498025,0,1,1,1,16.5,4,6,20,3,4,6,0,1,1,1,1,0,0,1,9,0,0,18,0,0,10,0,0,2,0,0,6,0,0,13,0,0,9,0,0,12,0,0,1,0,0,1,0,0,6,0,0,2,0,0,7,0,0,8,0,0
2016010019442 ,-0.234385,51.492812,0,1,1,2,8.40,3,2,30,3,4,3,0,1,1,1,1,0,0,1,9,0,0,9,0,0,10,0,0,2,0,0,6,0,0,13,0,0,9,0,0,12,0,0,1,0,0,1,0,0,6,0,0,1,0,0,10,0,0,4,0,0
2016010019444 ,-0.142525,51.516393,0,1,2,4,18.15,3,6,30,6,2,3,0,5,1,1,1,0,0,1,3,0,0,7,0,0,10,0,0,8,0,0,6,0,0,13,0,0,9,0,0,12,0,0,1,0,0,1,0,0,2,0,0,1,0,0,6,0,0,20,0,0
2016010019445 ,-0.20748,51.491954,0,2,1,6,18.15,6,6,30,6,4,4,0,0,1,1,1,0,0,1,9,4,0,18,18,0,10,10,0,1,8,0,6,6,0,13,13,0,9,9,0,12,12,0,1,1,0,1,1,0,6,6,0,1,1,0,7,6,0,13,10,0
2016010019447 ,-0.223007,51.489043,0,2,1,5,11.45,3,6,30,3,4,6,0,0,1,1,2,0,0,1,9,9,0,3,18,0,10,10,0,1,1,0,6,6,0,13,13,0,9,9,0,12,12,0,2,1,0,1,1,0,6,6,0,1,1,0,9,9,0,2,10,0
2016010019449 ,-0.159613,51.514414,0,2,2,4,5.50,3,6,30,6,2,3,0,5,1,1,1,0,0,1,19,8,0,9,18,0,10,10,0,8,8,0,6,6,0,13,13,0,9,9,0,12,12,0,1,1,0,1,1,0,1,1,0,1,1,0,8,10,0,4,2,0
2016010019450 ,-0.2295,51.492469,0,2,1,5,19.5,3,2,30,3,4,6,0,0,1,1,1,0,0,1,8,3,0,3,15,0,10,10,0,2,2,0,6,6,0,13,13,0,9,9,0,12,12,0,4,1,0,1,1,0,1,6,0,1,2,0,8,7,0,4,6,0
2016010019515 ,-0.192389,51.389026,0,2,1,6,17.45,6,3,20,0,0,0,0,0,1,1,1,0,0,1,9,3,0,9,13,0,10,10,0,9,9,0,6,6,0,13,13,0,9,9,0,12,12,0,3,1,0,1,1,0,6,6,0,1,1,0,6,5,0,17,2,0
2016010019516 ,-0.205651,51.410093,0,2,1,7,13.45,6,6,30,3,4,6,0,0,1,1,1,0,0,1,9,5,0,9,18,0,10,10,0,6,1,0,6,6,0,13,13,0,9,9,0,12,12,0,4,1,0,1,1,0,6,6,0,1,1,0,7,8,0,12,19,0
2016010019520 ,-0.272821,51.607769,0,2,1,1,17.32,3,6,30,8,4,6,0,1,1,1,1,0,0,1,9,9,0,18,9,0,10,10,0,8,8,0,6,6,0,13,13,0,9,9,0,12,12,0,3,1,0,1,1,0,6,6,0,2,1,0,8,8,0,9,10,0
2016010019525 ,-0.123571,51.553231,0,3,2,5,14.10,3,2,30,6,2,3,0,5,1,1,1,2,0,1,9,8,19,18,18,18,10,10,10,8,8,8,6,6,6,13,13,13,9,9,9,12,12,12,3,1,3,1,1,1,6,6,6,2,1,1,6,7,8,11,2,1
2016010019530 ,-0.137896,51.633313,0,2,1,7,12.35,6,6,30,3,4,6,0,0,1,1,1,0,0,1,9,9,0,18,9,0,10,10,0,8,8,0,6,6,0,13,13,0,9,9,0,12,12,0,3,1,0,1,1,0,6,6,0,1,1,0,7,10,0,2,11,0
2016010019532 ,-0.222982,51.385897,0,1,1,4,10.9,6,6,30,0,0,0,0,0,1,1,1,0,2,1,9,0,0,5,0,0,10,0,0,9,0,0,1,0,0,11,0,0,3,0,0,10,0,0,1,0,0,1,0,0,6,0,0,1,0,0,11,0,0,4,0,0
2016010019534 ,0.035603,51.577285,0,3,1,4,16.15,3,3,40,3,4,6,0,0,1,1,1,0,0,1,9,9,9,4,18,18,10,10,10,1,1,1,6,6,6,13,13,13,9,9,9,12,12,12,2,1,1,1,1,1,6,6,6,2,1,1,6,6,6,1,10,2
2016010019538 ,-0.174833,51.627509,0,2,1,5,14.30,3,6,30,3,4,4,0,0,1,1,1,0,0,1,9,17,0,13,9,0,10,10,0,8,8,0,6,6,0,13,13,0,9,9,0,12,12,0,4,1,0,1,1,0,6,1,0,2,1,0,8,4,0,12,2,0
2016010019545 ,0.075677,51.389079,0,1,1,6,9.31,6,6,30,3,4,6,0,0,1,1,1,0,0,1,9,0,0,18,0,0,10,0,0,8,0,0,6,0,0,13,0,0,9,0,0,12,0,0,3,0,0,1,0,0,6,0,0,1,0,0,10,0,0,12,0,0
2016010019552 ,-0.158909,51.392371,0,3,2,4,7.0,3,6,30,0,0,0,0,4,1,1,1,0,0,1,9,9,9,3,5,5,10,10,10,9,9,9,6,6,6,13,13,13,9,9,9,12,12,12,2,2,1,1,1,1,1,1,1,1,1,1,8,7,6,5,7,11
2016010019557 ,-0.238647,51.576507,0,2,1,3,17.30,3,3,30,3,4,6,0,0,1,1,1,0,0,1,9,9,0,18,18,0,10,10,0,8,8,0,6,6,0,13,13,0,9,9,0,12,12,0,2,1,0,1,1,0,6,6,0,1,1,0,9,8,0,2,8,0
2016010019558 ,0.060244,51.576406,0,2,4,6,0.5,3,3,30,6,2,4,0,5,4,1,1,0,0,1,9,9,0,18,18,0,10,10,0,8,8,0,6,6,0,13,13,0,9,9,0,12,12,0,1,3,0,1,1,0,6,6,0,1,1,0,7,8,0,13,3,0
2016010019559 ,-0.115064,51.560109,0,2,1,3,19.53,3,6,30,6,2,3,0,5,4,1,2,0,0,1,9,3,0,9,18,0,10,10,0,8,8,0,6,6,0,13,13,0,9,9,0,12,12,0,4,1,0,1,1,0,1,6,0,1,2,0,7,4,0,3,5,0
2016010019561 ,-0.167158,51.394569,0,2,2,3,13.7,6,3,30,0,0,0,0,0,1,1,1,0,0,1,9,9,0,18,7,0,10,10,0,9,9,0,6,6,0,13,13,0,9,9,0,12,12,0,1,3,0,1,1,0,6,6,0,1,1,0,6,5,0,6,13,0
2016010019576 ,-0.110657,51.443582,0,3,2,4,8.30,3,6,30,3,4,6,0,0,1,1,1,0,0,1,9,9,9,3,3,18,10,10,10,1,1,1,6,6,6,13,13,13,9,9,9,12,12,12,2,2,1,1,1,1,6,6,6,2,1,2,6,6,8,3,1,13
2016010019577 ,-0.276813,51.612954,0,2,1,5,14.30,3,6,30,3,4,6,0,4,1,1,1,0,0,1,9,9,0,3,18,0,10,10,0,2,2,0,6,6,0,13,13,0,9,9,0,12,12,0,2,1,0,1,1,0,6,6,0,1,1,0,6,8,0,9,10,0
2016010019583 ,-0.236881,51.401934,0,1,1,5,21.14,4,6,30,3,4,6,0,0,4,1,1,0,0,1,11,0,0,16,0,0,10,0,0,1,0,0,6,0,0,13,0,0,9,0,0,12,0,0,5,0,0,1,0,0,1,0,0,1,0,0,7,0,0,8,0,0
2016010019585 ,0.042058,51.595698,0,2,1,6,17.40,1,3,50,0,0,0,0,0,1,1,2,0,0,2,9,9,0,4,18,0,10,10,0,9,9,0,6,6,0,13,13,0,9,9,0,12,12,0,2,1,0,1,1,0,6,2,0,1,2,0,7,6,0,3,7,0
2016010019586 ,-0.30398,51.410838,0,1,1,3,15.15,6,6,30,3,4,6,0,0,1,1,1,0,0,1,11,0,0,4,0,0,10,0,0,1,0,0,6,0,0,13,0,0,9,0,0,12,0,0,5,0,0,1,0,0,1,0,0,1,0,0,6,0,0,7,0,0
2016010019600 ,-0.010609,51.460901,0,1,1,3,16.30,3,6,20,0,0,0,0,8,1,1,1,0,0,1,11,0,0,5,0,0,10,0,0,9,0,0,6,0,0,13,0,0,9,0,0,12,0,0,1,0,0,1,0,0,6,0,0,2,0,0,5,0,0,4,0,0
2016010019611 ,-0.111778,51.297645,0,2,1,6,7.59,6,6,30,6,4,6,0,0,1,1,2,0,0,2,9,9,0,18,18,0,10,10,0,8,8,0,6,6,0,13,13,0,9,9,0,12,12,0,1,1,0,1,1,0,6,6,0,1,2,0,8,6,0,9,12,0
2016010019614 ,-0.107697,51.462959,0,1,1,5,18.45,3,6,20,3,4,5,0,5,1,1,1,0,0,1,9,0,0,18,0,0,10,0,0,1,0,0,6,0,0,13,0,0,9,0,0,12,0,0,1,0,0,1,0,0,6,0,0,1,0,0,7,0,0,12,0,0
2016010019632 ,0.042058,51.595698,0,1,1,4,17.40,1,3,50,0,0,0,0,0,1,1,1,6,0,2,5,0,0,18,0,0,10,0,0,9,0,0,1,0,0,13,0,0,9,0,0,12,0,0,4,0,0,1,0,0,6,0,0,1,0,0,6,0,0,14,0,0
2016010019653 ,-0.098258,51.547967,0,1,1,5,17.5,3,6,20,3,4,5,0,1,1,1,1,0,7,1,3,0,0,4,0,0,10,0,0,8,0,0,6,0,0,13,0,0,9,0,0,12,0,0,5,0,0,1,0,0,1,0,0,1,0,0,6,0,0,2,0,0
2016010019663 ,0.046652,51.575834,0,1,1,3,15.33,3,3,30,0,0,0,0,0,1,1,1,0,0,1,9,0,0,18,0,0,10,0,0,9,0,0,6,0,0,13,0,0,9,0,0,12,0,0,1,0,0,1,0,0,6,0,0,2,0,0,7,0,0,2,0,0
2016010019667 ,-0.130694,51.425108,0,1,1,4,17.30,6,3,30,3,4,3,0,5,1,1,1,0,0,1,90,0,0,18,0,0,2,0,0,8,0,0,6,0,0,13,0,0,9,0,0,12,0,0,3,0,0,1,0,0,6,0,0,1,0,0,7,0,0,1,0,0
2016010019672 ,-0.136697,51.45434,0,1,1,6,13.0,6,6,30,3,4,6,0,0,1,1,1,0,0,1,5,0,0,18,0,0,10,0,0,1,0,0,6,0,0,13,0,0,9,0,0,12,0,0,5,0,0,1,0,0,6,0,0,1,0,0,9,0,0,6,0,0
2016010019673 ,-0.108367,51.523311,0,2,1,5,10.0,3,6,30,5,4,6,0,1,1,1,1,0,0,1,4,8,0,18,9,0,10,10,0,8,5,0,6,6,0,13,13,0,9,9,0,12,12,0,3,1,0,1,1,0,6,1,0,2,1,0,7,6,0,10,1,0
2016010019681 ,-0.128951,51.446663,0,2,1,7,6.40,5,6,30,6,2,3,0,5,1,1,1,0,0,1,9,2,0,9,9,0,10,10,0,8,8,0,6,1,0,13,13,0,9,9,0,12,12,0,1,5,0,1,1,0,6,6,0,1,1,0,6,5,0,10,1,0
2016010019684 ,0.186693,51.546688,0,1,1,1,1.14,3,6,30,0,0,0,0,0,4,1,1,0,0,1,9,0,0,17,0,0,9,0,0,9,0,0,6,0,0,10,0,0,1,0,0,2,0,0,1,0,0,1,0,0,6,0,0,1,0,0,4,0,0,3,0,0
2016010019703 ,-0.130694,51.425108,0,1,1,6,17.40,3,6,30,3,4,6,0,5,1,1,1,0,0,1,11,0,0,18,0,0,10,0,0,8,0,0,6,0,0,13,0,0,9,0,0,12,0,0,5,0,0,1,0,0,1,0,0,1,0,0,9,0,0,6,0,0
2016010019758 ,0.174803,51.569572,0,1,1,3,11.36,5,1,30,1,4,5,0,0,1,1,1,0,0,1,9,0,0,18,0,0,10,0,0,8,0,0,6,0,0,7,0,0,9,0,0,12,0,0,1,0,0,1,0,0,6,0,0,2,0,0,8,0,0,13,0,0
2016010019760 ,0.169641,51.524792,0,3,4,2,11.50,5,3,30,0,0,0,0,0,1,1,1,0,0,1,19,9,19,3,3,18,10,10,10,9,9,9,6,6,6,13,13,13,9,9,9,12,12,12,2,2,1,1,1,1,1,6,6,1,2,1,8,6,8,7,8,13
2016010019773 ,0.201872,51.574283,0,2,1,7,7.4,5,6,30,3,4,6,0,0,1,1,1,0,0,1,9,5,0,9,16,0,10,10,0,8,8,0,6,6,0,13,13,0,9,9,0,12,12,0,4,1,0,1,1,0,6,6,0,2,1,0,7,8,0,10,23,0
2016010019776 ,-0.147249,51.623659,0,2,1,2,18.29,5,6,30,0,0,0,0,0,1,1,1,0,0,1,9,9,0,3,18,0,10,10,0,9,9,0,6,6,0,13,13,0,9,9,0,12,12,0,2,1,0,1,1,0,6,6,0,1,1,0,6,5,0,8,10,0
2016010019778 ,-0.124118,51.560973,0,2,1,7,18.22,3,6,30,3,4,5,0,5,1,2,2,0,0,1,19,3,0,10,4,0,10,2,0,8,8,0,6,1,0,13,13,0,9,9,0,12,12,0,4,1,0,1,1,0,6,1,0,1,1,0,10,6,0,10,6,0
2016010019781 ,-0.302441,51.378622,0,1,1,4,15.30,3,6,30,3,4,6,0,1,1,1,1,0,0,1,9,0,0,5,0,0,10,0,0,8,0,0,6,0,0,13,0,0,9,0,0,12,0,0,4,0,0,1,0,0,2,0,0,1,0,0,9,0,0,6,0,0
2016010019806 ,0.180619,51.513167,0,2,1,6,7.24,3,3,50,0,0,0,0,0,1,1,1,0,0,2,9,21,0,3,5,0,10,10,0,9,9,0,6,6,0,13,13,0,9,9,0,12,12,0,2,1,0,1,1,0,2,1,0,1,1,0,6,8,0,3,3,0
2016010019825 ,-0.209635,51.576608,0,2,2,7,17.25,6,6,30,0,0,0,0,0,1,1,1,0,0,1,9,9,0,18,5,0,10,10,0,9,9,0,6,6,0,13,13,0,9,9,0,12,12,0,1,1,0,1,1,0,6,6,0,1,2,0,6,6,0,4,10,0
2016010019829 ,0.172084,51.58518,0,1,1,3,18.5,6,2,30,0,0,0,0,0,1,1,1,0,0,1,9,0,0,18,0,0,10,0,0,9,0,0,6,0,0,13,0,0,9,0,0,12,0,0,1,0,0,1,0,0,6,0,0,1,0,0,7,0,0,10,0,0
2016010019841 ,-0.104767,51.436382,0,2,1,5,19.29,3,6,30,6,2,3,0,5,1,1,1,0,0,1,19,19,0,18,9,0,10,10,0,8,8,0,6,6,0,13,13,0,9,9,0,12,12,0,1,4,0,1,1,0,1,1,0,2,1,0,8,8,0,3,12,0
2016010019843 ,-0.118014,51.558537,0,2,1,7,17.54,3,6,30,3,4,6,0,4,1,2,2,0,0,1,3,9,0,9,9,0,10,10,0,5,5,0,6,6,0,13,13,0,9,9,0,12,12,0,1,3,0,1,1,0,2,6,0,1,2,0,6,6,0,3,14,0
2016010019855 ,-0.108633,51.440312,0,1,1,4,12.50,3,7,30,3,2,3,0,1,1,1,1,0,0,1,9,0,0,11,0,0,10,0,0,8,0,0,6,0,0,13,0,0,9,0,0,12,0,0,1,0,0,1,0,0,6,0,0,1,0,0,8,0,0,4,0,0
2016010019867 ,0.0295,51.537463,0,2,2,7,17.29,4,6,30,2,4,6,0,0,1,1,2,0,0,1,3,8,0,5,3,0,10,10,0,2,2,0,1,6,0,13,13,0,9,9,0,12,12,0,1,2,0,1,1,0,6,1,0,1,1,0,4,7,0,6,7,0
2016010019870 ,0.085419,51.489449,0,1,1,4,14.38,3,2,30,3,4,6,0,0,1,1,1,0,0,1,11,0,0,4,0,0,10,0,0,8,0,0,6,0,0,13,0,0,9,0,0,12,0,0,5,0,0,1,0,0,1,0,0,1,0,0,8,0,0,9,0,0
2016010019874 ,-0.120075,51.427996,0,1,1,5,15.38,5,6,30,3,4,6,0,0,1,1,1,0,0,1,9,0,0,18,0,0,10,0,0,2,0,0,6,0,0,13,0,0,9,0,0,12,0,0,1,0,0,1,0,0,1,0,0,2,0,0,6,0,0,11,0,0
2016010019879 ,-0.184763,51.581441,0,2,1,6,15.22,6,6,30,6,4,6,0,0,1,1,1,0,0,1,9,9,0,18,18,0,10,10,0,8,8,0,6,6,0,4,13,0,9,9,0,12,12,0,4,1,0,1,1,0,6,6,0,2,1,0,9,8,0,4,5,0
2016010019885 ,-0.126095,51.551473,0,2,2,3,14.0,3,6,30,6,4,6,0,4,1,1,1,0,0,1,9,19,0,4,3,0,10,10,0,1,1,0,6,6,0,13,13,0,9,9,0,12,12,0,1,2,0,1,1,0,2,6,0,1,1,0,8,6,0,4,6,0
2016010019887 ,-0.103364,51.543104,0,1,1,5,17.10,5,6,30,6,2,3,0,5,1,1,1,0,0,1,9,0,0,18,0,0,10,0,0,2,0,0,6,0,0,13,0,0,9,0,0,12,0,0,4,0,0,1,0,0,1,0,0,1,0,0,7,0,0,14,0,0
2016010019907 ,0.164697,51.581629,0,2,2,1,14.51,3,3,50,6,2,5,0,5,1,1,1,0,0,1,19,9,0,18,18,0,10,10,0,1,1,0,6,6,0,13,13,0,9,9,0,12,12,0,2,1,0,1,1,0,6,6,0,1,1,0,9,8,0,11,9,0
2016010019917 ,-0.112689,51.47455,0,1,1,6,10.45,3,6,30,0,0,0,0,0,1,1,1,0,0,1,11,0,0,5,0,0,10,0,0,9,0,0,6,0,0,13,0,0,9,0,0,12,0,0,5,0,0,1,0,0,1,0,0,2,0,0,7,0,0,2,0,0
2016010019930 ,0.083414,51.480222,0,1,1,2,19.46,5,6,30,0,0,0,0,0,1,1,1,0,0,1,9,0,0,18,0,0,10,0,0,9,0,0,6,0,0,13,0,0,9,0,0,12,0,0,4,0,0,1,0,0,6,0,0,1,0,0,6,0,0,13,0,0
2016010019933 ,-0.227555,51.494328,0,2,1,5,4.55,3,2,20,7,4,5,0,1,4,1,1,0,0,1,9,9,0,18,11,0,10,10,0,8,8,0,2,6,0,10,13,0,1,9,0,1,12,0,3,4,0,1,1,0,1,1,0,1,1,0,8,5,0,12,3,0
2016010019945 ,0.067226,51.488512,0,1,1,6,18.25,6,6,30,3,4,6,0,0,1,1,1,0,0,1,19,0,0,1,0,0,10,0,0,8,0,0,6,0,0,13,0,0,9,0,0,12,0,0,2,0,0,1,0,0,6,0,0,1,0,0,7,0,0,14,0,0
2016010019948 ,0.259789,51.543144,0,1,1,7,13.15,4,6,30,0,0,0,0,0,1,1,1,0,0,2,11,0,0,17,0,0,10,0,0,9,0,0,6,0,0,13,0,0,9,0,0,12,0,0,5,0,0,1,0,0,1,0,0,1,0,0,8,0,0,11,0,0
2016010019984 ,-0.111057,51.559325,0,1,1,2,2.22,3,2,30,3,4,6,0,4,4,1,1,0,0,1,9,0,0,18,0,0,10,0,0,1,0,0,6,0,0,10,0,0,7,0,0,2,0,0,1,0,0,1,0,0,6,0,0,1,0,0,5,0,0,10,0,0
2016010019991 ,-0.237676,51.515793,0,2,1,2,6.53,5,6,30,3,4,6,0,0,1,1,1,0,0,1,9,9,0,9,13,0,10,10,0,8,8,0,6,2,0,7,7,0,1,7,0,1,10,0,3,4,0,1,1,0,6,6,0,1,1,0,10,6,0,13,10,0
2016010020006 ,-0.125865,51.416578,0,2,1,5,7.45,3,6,30,3,4,6,0,8,1,1,1,0,0,1,5,9,0,18,18,0,10,10,0,8,8,0,6,6,0,13,13,0,9,9,0,12,12,0,1,4,0,1,1,0,6,6,0,1,2,0,6,9,0,1,11,0
2016010020062 ,0.188664,51.521651,0,2,1,3,9.4,3,6,30,0,0,0,0,4,1,1,1,0,0,1,5,9,0,18,6,0,10,10,0,9,9,0,6,6,0,13,13,0,9,9,0,12,12,0,1,4,0,1,1,0,6,2,0,1,1,0,10,7,0,7,9,0
2016010020071 ,-0.092731,51.528363,0,1,1,4,8.51,3,6,20,3,4,6,0,8,1,1,1,0,0,1,9,0,0,5,0,0,10,0,0,8,0,0,6,0,0,13,0,0,9,0,0,12,0,0,1,0,0,1,0,0,2,0,0,1,0,0,6,0,0,7,0,0
2016010020084 ,-0.101919,51.536246,0,2,1,4,9.40,3,6,30,3,4,6,0,4,1,1,1,0,0,1,5,9,0,14,9,0,10,10,0,1,2,0,6,6,0,13,13,0,9,9,0,12,12,0,1,1,0,1,1,0,1,1,0,1,2,0,6,5,0,1,3,0
2016010020088 ,-0.230846,51.506068,0,1,1,6,11.30,3,6,30,3,4,6,0,8,1,1,1,0,0,1,9,0,0,18,0,0,10,0,0,8,0,0,6,0,0,13,0,0,9,0,0,12,0,0,1,0,0,1,0,0,6,0,0,2,0,0,4,0,0,4,0,0
2016010020100 ,-0.178769,51.637462,0,1,3,7,15.9,3,6,30,3,4,6,0,0,1,1,1,0,0,1,9,0,0,18,0,0,10,0,0,2,0,0,6,0,0,10,0,0,7,0,0,10,0,0,1,0,0,1,0,0,6,0,0,2,0,0,8,0,0,8,0,0
2016010020107 ,-0.124051,51.569605,0,2,1,4,9.4,3,6,30,3,4,5,0,0,1,1,1,0,0,1,3,19,0,13,9,0,10,10,0,8,5,0,6,6,0,13,13,0,9,9,0,12,12,0,1,3,0,1,1,0,6,6,0,1,1,0,5,7,0,9,8,0
2016010020125 ,-0.228598,51.582561,0,2,1,6,14.9,6,6,30,6,4,6,0,1,1,1,1,0,0,1,9,9,0,18,9,0,10,10,0,8,8,0,6,6,0,13,13,0,9,9,0,12,12,0,3,1,0,1,1,0,6,6,0,2,2,0,9,5,0,9,7,0
2016010020136 ,0.054915,51.471012,0,2,3,1,22.1,3,6,30,6,2,3,0,5,4,1,1,0,0,1,9,9,0,9,18,0,10,10,0,8,8,0,6,6,0,13,13,0,9,9,0,12,12,0,4,1,0,1,1,0,6,6,0,1,2,0,6,7,0,6,12,0
2016010020145 ,-0.130475,51.451633,0,1,1,6,7.54,4,6,20,3,4,6,0,0,1,1,1,0,0,1,5,0,0,4,0,0,10,0,0,1,0,0,6,0,0,13,0,0,9,0,0,12,0,0,5,0,0,1,0,0,6,0,0,1,0,0,6,0,0,8,0,0
2016010020152 ,-0.017185,51.551571,0,2,2,6,23.20,3,7,50,0,0,0,0,0,4,1,1,0,0,1,3,9,0,18,4,0,10,10,0,9,9,0,6,6,0,13,13,0,9,9,0,12,12,0,1,2,0,1,1,0,6,6,0,1,2,0,7,8,0,3,13,0
2016010020157 ,-0.101455,51.42257,0,2,2,5,18.5,6,6,30,3,4,3,0,0,1,1,1,0,0,1,9,9,0,10,9,0,10,10,0,8,8,0,6,6,0,13,13,0,9,9,0,12,12,0,3,3,0,1,1,0,6,6,0,2,1,0,8,7,0,3,13,0
2016010020162 ,-0.121881,51.559229,0,2,1,3,21.40,3,6,30,3,4,6,0,0,4,1,1,0,0,1,9,3,0,7,18,0,10,10,0,6,8,0,6,6,0,13,13,0,9,9,0,12,12,0,3,1,0,1,1,0,6,6,0,2,1,0,6,6,0,5,1,0
2016010020163 ,-0.275748,51.614377,0,2,2,5,3.10,3,6,30,0,0,0,0,0,4,1,1,0,0,1,9,9,0,6,18,0,10,10,0,9,9,0,6,6,0,13,13,0,9,9,0,12,12,0,3,1,0,1,1,0,6,6,0,2,1,0,6,5,0,1,7,0
2016010020214 ,-0.469509,51.504929,0,3,2,2,19.39,5,6,30,3,4,6,0,0,4,2,2,0,0,1,9,9,8,17,16,17,10,10,10,2,1,2,6,6,6,13,13,13,9,9,9,12,12,12,1,3,1,1,1,1,6,6,2,1,2,1,7,9,8,19,4,6
2016010020216 ,0.208236,51.589451,0,1,1,4,11.44,3,6,30,3,4,6,0,0,1,1,1,0,0,1,11,0,0,18,0,0,10,0,0,1,0,0,6,0,0,13,0,0,9,0,0,12,0,0,5,0,0,1,0,0,1,0,0,1,0,0,6,0,0,5,0,0
2016010020228 ,0.028048,51.449627,0,2,2,3,20.7,3,3,40,3,4,6,0,0,4,1,1,0,0,1,9,9,0,4,4,0,10,10,0,8,8,0,6,6,0,13,13,0,9,9,0,12,12,0,1,2,0,1,1,0,6,6,0,1,2,0,6,7,0,5,5,0
2016010020244 ,-0.110746,51.525058,0,1,1,6,18.25,3,6,30,6,2,3,0,5,1,1,1,0,0,1,19,0,0,7,0,0,10,0,0,8,0,0,6,0,0,13,0,0,9,0,0,12,0,0,4,0,0,1,0,0,1,0,0,1,0,0,7,0,0,1,0,0
2016010020250 ,-0.405768,51.506418,0,2,3,5,19.50,3,3,50,5,4,6,0,0,4,1,1,0,0,1,9,9,0,18,18,0,10,10,0,1,1,0,6,6,0,13,13,0,9,9,0,12,12,0,1,2,0,1,1,0,6,6,0,1,1,0,7,6,0,2,10,0