Accident_Index,Longitude,Latitude,SV,Number_of_Vehicles,Number_of_Casualties,Day_of_Week,Time,1st_Road_Class,Road_Type,Speed_limit,Junction_Detail,Junction_Control,2nd_Road_Class,Pedestrian_Crossing-Human_Control,Pedestrian_Crossing-Physical_Facilities,Light_Conditions,Weather_Conditions,Road_Surface_Conditions,Special_Conditions_at_Site,Carriageway_Hazards,Urban_or_Rural_Area,Vehicle1_Type,Vehicle2_Type,Vehicle3_Type,Vehicle1_Manoeuvre,Vehicle2_Manoeuvre,Vehicle3_Manoeuvre,Vehicle1_Location-Restricted_Lane,Vehicle2_Location-Restricted_Lane,Vehicle3_Location-Restricted_Lane,Junction1_Location,Junction2_Location,Junction3_Location,Skidding1_and_Overturning,Skidding2_and_Overturning,Skidding3_and_Overturning,Hit_Object_in_Carriageway1,Hit_Object_in_Carriageway2,Hit_Object_in_Carriageway3,Vehicle1_Leaving_Carriageway,Vehicle2_Leaving_Carriageway,Vehicle3_Leaving_Carriageway,Hit_Object_off_Carriageway1,Hit_Object_off_Carriageway2,Hit_Object_off_Carriageway3,1st_Point_of_Impact1,1st_Point_of_Impact2,1st_Point_of_Impact3,Was_Vehicle 1_Left_Hand_Drive?,Was_Vehicle2_Left_Hand_Drive?,Was_Vehicle 3_Left_Hand_Drive?,Journey_Purpose_of_Driver1,Journey_Purpose_of_Driver2,Journey_Purpose_of_Driver3,Sex_of_Driver1,Sex_of_Driver2,Sex_of_Driver3,Age_Band_of_Driver1,Age_Band_of_Driver2,Age_Band_of_Driver3,Age_of_Vehicle1,Age_of_Vehicle2,Age_of_Vehicle3
2016010020254 ,-0.23458,51.506394,0,2,2,7,18.0,3,6,30,3,2,5,0,5,1,1,1,0,0,1,9,9,0,7,8,0,10,10,0,8,8,0,6,6,0,13,13,0,9,9,0,12,12,0,1,1,0,1,1,0,6,6,0,2,1,0,6,9,0,3,16,0
2016010020255 ,-0.142258,51.452091,0,1,1,6,14.0,3,6,30,3,4,5,0,1,1,1,1,0,0,1,9,0,0,5,0,0,10,0,0,2,0,0,6,0,0,13,0,0,9,0,0,12,0,0,1,0,0,1,0,0,6,0,0,1,0,0,9,0,0,10,0,0
2016010020261 ,-0.118223,51.546491,0,2,1,7,12.15,3,6,20,8,4,5,0,0,1,1,1,0,0,1,9,4,0,9,13,0,10,10,0,5,8,0,6,6,0,13,13,0,9,7,0,12,12,0,3,1,0,1,1,0,6,6,0,1,1,0,6,6,0,12,11,0
2016010020325 ,0.233754,51.559291,0,2,2,7,12.50,3,6,30,3,4,6,0,0,1,1,1,0,0,1,9,9,0,18,9,0,10,10,0,8,8,0,6,6,0,13,13,0,9,9,0,12,12,0,3,4,0,1,1,0,6,6,0,2,1,0,5,8,0,15,4,0
2016010020329 ,-0.165457,51.591302,0,1,1,7,9.45,3,6,30,3,4,6,0,1,1,1,1,0,0,1,9,0,0,5,0,0,10,0,0,2,0,0,6,0,0,13,0,0,9,0,0,12,0,0,4,0,0,1,0,0,6,0,0,1,0,0,6,0,0,11,0,0
2016010020332 ,-0.121619,51.474513,0,1,1,1,16.30,6,6,30,0,0,0,0,0,1,1,1,0,0,1,9,0,0,18,0,0,10,0,0,9,0,0,6,0,0,13,0,0,9,0,0,12,0,0,4,0,0,1,0,0,6,0,0,1,0,0,8,0,0,8,0,0
2016010020336 ,0.120794,51.568762,0,1,1,3,12.5,3,6,30,3,4,6,0,0,1,1,1,0,0,1,11,0,0,3,0,0,10,0,0,2,0,0,6,0,0,13,0,0,9,0,0,12,0,0,5,0,0,1,0,0,1,0,0,1,0,0,8,0,0,13,0,0
2016010020354 ,0.136778,51.552644,0,2,2,5,8.30,3,6,30,6,4,3,0,1,1,1,1,0,0,1,9,9,0,18,18,0,10,10,0,8,8,0,6,6,0,13,13,0,9,9,0,12,12,0,1,3,0,1,1,0,6,6,0,1,1,0,6,7,0,8,5,0
2016010020358 ,-0.175329,51.64757,0,2,2,2,13.0,5,6,30,6,4,6,0,0,1,1,1,0,0,1,9,9,0,18,18,0,10,10,0,8,8,0,6,6,0,13,13,0,9,9,0,12,12,0,4,1,0,1,1,0,6,6,0,2,2,0,11,8,0,19,10,0
2016010020363 ,-0.410524,51.49812,0,3,3,5,20.25,3,6,40,0,0,0,0,5,4,1,1,0,0,1,9,9,21,18,18,3,10,10,10,9,9,9,6,6,6,13,13,13,9,9,9,12,12,12,1,3,3,1,1,1,6,6,6,1,1,1,5,6,7,11,9,4
2016010020365 ,0.14204,51.590948,0,3,4,1,10.55,3,6,30,0,0,0,0,0,1,1,1,0,0,1,9,9,9,18,4,3,10,10,10,9,9,9,6,6,6,13,13,13,9,9,9,12,12,12,1,2,2,1,1,1,6,6,6,1,1,1,5,8,6,13,24,12
2016010020380 ,-0.254811,51.621711,0,2,1,7,21.58,3,1,30,1,2,3,0,0,4,1,1,0,0,1,9,9,0,18,18,0,10,10,0,1,4,0,6,6,0,13,13,0,9,9,0,12,12,0,1,2,0,1,1,0,6,2,0,1,1,0,7,6,0,10,5,0
2016010020390 ,-0.167818,51.611573,0,1,1,5,17.40,6,6,30,0,0,0,0,0,1,1,1,0,0,1,9,0,0,5,0,0,10,0,0,9,0,0,6,0,0,13,0,0,9,0,0,12,0,0,1,0,0,1,0,0,6,0,0,2,0,0,5,0,0,6,0,0
2016010020399 ,-0.105961,51.563919,0,1,1,6,14.0,3,6,20,0,0,0,0,5,1,1,1,0,0,1,9,0,0,4,0,0,10,0,0,9,0,0,6,0,0,13,0,0,9,0,0,12,0,0,1,0,0,1,0,0,6,0,0,1,0,0,5,0,0,7,0,0
2016010020429 ,-0.08853,51.490975,0,1,1,3,17.46,5,6,30,3,4,6,0,0,1,1,1,0,0,1,9,0,0,16,0,0,9,0,0,8,0,0,6,0,0,10,0,0,9,0,0,12,0,0,4,0,0,1,0,0,6,0,0,1,0,0,9,0,0,16,0,0
2016010020441 ,-0.200747,51.589691,0,2,2,5,9.0,3,3,30,0,0,0,0,0,1,1,1,0,0,1,21,9,0,11,18,0,10,10,0,9,9,0,6,6,0,13,13,0,9,9,0,12,12,0,4,3,0,1,1,0,1,6,0,1,1,0,7,5,0,3,9,0
2016010020454 ,-0.092874,51.469733,0,1,1,2,12.0,3,6,30,3,4,6,0,0,1,1,1,0,0,1,9,0,0,18,0,0,10,0,0,8,0,0,6,0,0,13,0,0,9,0,0,12,0,0,4,0,0,1,0,0,6,0,0,1,0,0,9,0,0,7,0,0
2016010020483 ,-0.093079,51.471714,0,1,1,6,12.20,3,6,30,6,2,3,0,5,1,1,1,0,0,1,3,0,0,4,0,0,10,0,0,8,0,0,6,0,0,13,0,0,9,0,0,12,0,0,3,0,0,1,0,0,6,0,0,1,0,0,7,0,0,2,0,0
2016010020504 ,-0.115832,51.461201,0,1,1,3,16.58,3,6,30,6,2,3,0,5,1,1,1,0,0,1,11,0,0,18,0,0,10,0,0,8,0,0,6,0,0,13,0,0,9,0,0,12,0,0,5,0,0,1,0,0,6,0,0,1,0,0,9,0,0,7,0,0
2016010020513 ,-0.103751,51.433128,0,1,1,5,13.53,3,6,30,3,4,3,0,5,1,1,1,0,0,1,11,0,0,18,0,0,10,0,0,8,0,0,6,0,0,13,0,0,9,0,0,12,0,0,1,0,0,1,0,0,6,0,0,1,0,0,6,0,0,5,0,0
2016010020521 ,-0.450022,51.480484,0,2,1,3,13.30,6,1,30,1,4,6,0,0,1,1,1,0,0,1,5,8,0,18,7,0,10,10,0,8,8,0,6,6,0,13,13,0,9,9,0,12,12,0,4,1,0,1,1,0,2,1,0,1,1,0,7,9,0,2,3,0
2016010020524 ,-0.021962,51.444726,0,1,2,2,15.7,3,6,30,3,4,3,0,4,1,1,1,0,0,1,4,0,0,18,0,0,10,0,0,8,0,0,6,0,0,13,0,0,9,0,0,12,0,0,1,0,0,1,0,0,1,0,0,1,0,0,9,0,0,3,0,0
2016010020591 ,0.016301,51.444344,0,1,1,5,15.25,5,6,20,0,0,0,0,0,1,1,1,0,0,1,9,0,0,18,0,0,10,0,0,9,0,0,6,0,0,13,0,0,9,0,0,12,0,0,1,0,0,1,0,0,3,0,0,2,0,0,10,0,0,11,0,0
2016010020597 ,-0.215165,51.575433,0,2,1,2,8.40,3,6,30,3,4,6,0,0,1,1,1,0,0,1,3,9,0,13,9,0,10,10,0,8,8,0,6,6,0,13,13,0,9,9,0,12,12,0,1,3,0,1,1,0,6,6,0,2,1,0,6,7,0,1,15,0
2016010020600 ,-0.390261,51.513041,0,2,1,1,16.20,3,3,30,3,3,3,0,0,1,1,1,0,0,1,3,9,0,15,9,0,10,10,0,8,1,0,6,6,0,13,13,0,9,9,0,12,12,0,1,4,0,1,1,0,6,6,0,1,2,0,5,6,0,4,9,0
2016010020609 ,-0.064155,51.440665,0,2,2,7,17.50,5,6,20,3,4,3,0,0,1,1,2,0,0,1,9,9,0,4,4,0,10,10,0,2,2,0,6,6,0,13,13,0,9,9,0,12,12,0,2,1,0,1,1,0,3,6,0,1,1,0,8,5,0,7,3,0
2016010020622 ,-0.116071,51.486834,0,2,1,4,10.51,3,6,30,0,0,0,0,5,1,1,1,0,0,1,9,5,0,9,10,0,10,10,0,9,9,0,6,6,0,13,13,0,9,9,0,12,12,0,5,1,0,1,1,0,6,6,0,2,1,0,6,7,0,6,9,0
2016010020623 ,-0.360345,51.551473,0,1,1,2,16.30,6,3,30,3,4,3,0,1,1,1,1,0,0,1,9,0,0,18,0,0,10,0,0,1,0,0,6,0,0,13,0,0,9,0,0,12,0,0,1,0,0,1,0,0,6,0,0,2,0,0,9,0,0,11,0,0
2016010020629 ,-0.229978,51.573049,0,2,1,3,17.42,1,7,70,1,4,3,0,0,1,1,1,0,0,1,9,9,0,3,5,0,10,10,0,1,1,0,6,6,0,13,13,0,9,9,0,12,12,0,2,1,0,1,1,0,2,6,0,2,1,0,6,5,0,9,6,0
2016010020637 ,-0.074184,51.486154,0,2,1,7,21.45,4,3,30,3,4,6,0,0,4,1,1,0,0,1,3,9,0,18,15,0,10,10,0,8,8,0,6,6,0,13,13,0,9,9,0,12,12,0,1,3,0,1,1,0,6,6,0,1,1,0,6,7,0,3,3,0
2016010020640 ,-0.101466,51.398019,0,1,1,3,12.15,4,1,30,1,4,5,0,0,1,1,1,0,0,1,9,0,0,9,0,0,10,0,0,8,0,0,6,0,0,10,0,0,7,0,0,1,0,0,1,0,0,1,0,0,6,0,0,2,0,0,9,0,0,9,0,0
2016010020652 ,-0.292363,51.529551,0,1,1,3,6.42,3,3,50,0,0,0,0,0,1,1,1,0,0,1,4,0,0,18,0,0,10,0,0,9,0,0,6,0,0,13,0,0,9,0,0,12,0,0,1,0,0,1,0,0,6,0,0,1,0,0,4,0,0,16,0,0
2016010020662 ,-0.376454,51.500081,0,1,1,5,18.25,3,6,30,6,2,6,0,4,1,1,1,0,0,1,9,0,0,7,0,0,10,0,0,2,0,0,6,0,0,13,0,0,9,0,0,12,0,0,1,0,0,1,0,0,6,0,0,2,0,0,11,0,0,5,0,0
2016010020671 ,0.004106,51.445183,0,2,1,3,10.39,3,6,30,0,0,0,0,4,1,1,1,0,0,1,9,9,0,18,5,0,10,10,0,9,9,0,5,6,0,10,13,0,1,9,0,12,12,0,3,4,0,1,1,0,6,6,0,1,1,0,8,6,0,16,5,0
2016010020690 ,-0.317263,51.511117,0,1,1,5,10.53,3,6,30,3,4,6,0,4,1,1,1,0,0,1,9,0,0,18,0,0,10,0,0,2,0,0,6,0,0,13,0,0,9,0,0,12,0,0,4,0,0,1,0,0,6,0,0,1,0,0,8,0,0,1,0,0
2016010020710 ,-0.47278,51.544988,0,2,1,2,19.45,4,1,30,1,4,6,0,0,4,1,2,0,0,1,8,3,0,18,18,0,10,10,0,8,8,0,6,6,0,13,13,0,9,9,0,12,12,0,3,1,0,1,1,0,1,6,0,1,1,0,8,6,0,11,4,0
2016010020752 ,-0.07586,51.456595,0,2,2,4,15.26,3,6,30,6,4,6,0,0,1,1,1,0,0,1,9,9,0,18,9,0,10,10,0,8,8,0,6,6,0,13,13,0,9,9,0,12,12,0,1,1,0,1,1,0,6,6,0,2,2,0,11,10,0,15,9,0
2016010020838 ,-0.093907,51.476044,0,2,1,3,9.1,3,6,30,3,4,6,0,4,1,1,1,0,0,1,5,9,0,18,7,0,10,10,0,8,5,0,6,6,0,13,13,0,9,9,0,12,12,0,3,4,0,1,1,0,6,6,0,2,1,0,9,8,0,9,10,0
2016010020844 ,-0.11143,51.379475,0,2,1,6,15.20,3,6,30,3,4,6,0,0,1,1,1,0,0,1,2,9,0,18,9,0,10,10,0,8,8,0,6,6,0,13,13,0,9,9,0,12,12,0,1,3,0,1,1,0,6,6,0,1,2,0,8,6,0,8,12,0
2016010020892 ,-0.292507,51.529553,0,2,1,5,10.50,3,3,40,6,2,3,0,0,1,1,1,0,0,1,9,5,0,18,5,0,10,10,0,8,8,0,6,6,0,13,13,0,9,9,0,12,12,0,3,1,0,1,1,0,6,6,0,1,1,0,5,6,0,7,1,0
2016010020904 ,-0.039357,51.451853,0,2,1,1,19.21,4,6,30,3,4,6,0,0,1,1,1,0,0,1,9,5,0,9,18,0,10,10,0,8,8,0,6,6,0,13,13,0,9,9,0,12,12,0,3,1,0,1,1,0,6,6,0,1,1,0,9,6,0,7,6,0
2016010020905 ,-0.343907,51.535416,0,1,1,4,13.20,3,7,50,0,0,0,0,0,1,1,1,0,0,1,9,0,0,18,0,0,10,0,0,9,0,0,6,0,0,13,0,0,1,0,0,7,0,0,4,0,0,1,0,0,6,0,0,1,0,0,11,0,0,5,0,0
2016010020920 ,-0.008541,51.462125,0,2,1,3,9.0,3,6,30,3,4,6,0,0,1,1,1,0,0,1,5,19,0,18,12,0,10,10,0,2,2,0,6,6,0,13,13,0,9,9,0,12,12,0,4,3,0,1,1,0,2,1,0,1,1,0,6,7,0,2,6,0
2016010020935 ,-0.336318,51.553743,0,2,1,6,11.30,3,6,30,3,4,6,0,0,1,1,1,0,0,1,9,3,0,10,13,0,10,10,0,8,8,0,6,6,0,13,13,0,9,9,0,12,12,0,3,4,0,1,1,0,6,6,0,2,1,0,7,6,0,5,1,0
2016010020961 ,-0.030945,51.373024,0,1,1,6,12.30,6,3,30,0,0,0,0,0,1,1,1,0,0,1,11,0,0,3,0,0,10,0,0,9,0,0,6,0,0,13,0,0,9,0,0,12,0,0,5,0,0,1,0,0,1,0,0,1,0,0,9,0,0,6,0,0
2016010020970 ,-0.376496,51.502959,0,2,1,7,20.20,3,6,30,0,0,0,0,4,1,1,1,0,0,1,9,9,0,3,4,0,10,10,0,9,9,0,6,6,0,13,13,0,9,9,0,12,12,0,2,1,0,1,1,0,6,6,0,2,1,0,7,5,0,15,10,0
2016010020986 ,-0.097173,51.362877,0,1,1,1,12.51,4,2,30,0,0,0,0,0,1,1,1,0,0,1,9,0,0,18,0,0,10,0,0,9,0,0,6,0,0,13,0,0,9,0,0,12,0,0,1,0,0,1,0,0,6,0,0,1,0,0,5,0,0,11,0,0
2016010021009 ,-0.337072,51.525158,0,1,1,4,8.58,6,6,30,3,4,6,0,0,1,1,1,0,0,1,9,0,0,9,0,0,10,0,0,2,0,0,6,0,0,13,0,0,9,0,0,12,0,0,1,0,0,1,0,0,3,0,0,2,0,0,6,0,0,8,0,0
2016010021012 ,-0.162504,51.517787,0,2,1,7,19.8,5,6,30,3,4,6,0,0,4,1,2,0,0,1,3,9,0,18,9,0,10,10,0,8,8,0,6,6,0,13,13,0,9,9,0,12,12,0,1,1,0,1,1,0,6,6,0,1,1,0,4,7,0,12,4,0
2016010021103 ,-0.336142,51.594116,0,1,1,6,17.49,5,6,30,0,0,0,0,0,1,1,1,0,0,1,9,0,0,4,0,0,10,0,0,9,0,0,6,0,0,13,0,0,9,0,0,12,0,0,3,0,0,1,0,0,6,0,0,2,0,0,7,0,0,2,0,0
2016010021107 ,-0.376956,51.49811,0,1,1,1,10.0,3,1,30,1,4,3,0,0,1,1,1,0,6,1,11,0,0,4,0,0,10,0,0,1,0,0,6,0,0,13,0,0,9,0,0,12,0,0,5,0,0,1,0,0,1,0,0,1,0,0,6,0,0,6,0,0
2016010021109 ,-0.100246,51.659418,0,2,1,6,18.20,3,6,30,3,4,6,0,0,1,9,1,0,0,1,9,9,0,3,18,0,10,10,0,1,1,0,6,6,0,13,13,0,9,9,0,12,12,0,2,1,0,1,1,0,6,6,0,2,1,0,6,9,0,7,11,0
2016010021111 ,-0.176282,51.493991,0,1,1,4,13.55,5,6,30,3,4,5,0,4,1,1,1,0,0,1,11,0,0,18,0,0,10,0,0,1,0,0,6,0,0,13,0,0,9,0,0,12,0,0,5,0,0,1,0,0,1,0,0,1,0,0,8,0,0,2,0,0
2016010021112 ,-0.355511,51.517504,0,1,1,4,8.12,6,6,30,3,4,6,0,0,1,1,1,0,0,1,9,0,0,18,0,0,10,0,0,2,0,0,6,0,0,13,0,0,9,0,0,12,0,0,4,0,0,1,0,0,6,0,0,2,0,0,5,0,0,16,0,0
2016010021115 ,-0.306994,51.500448,0,1,1,4,13.28,6,6,20,0,0,0,0,1,1,1,1,0,0,1,9,0,0,1,0,0,10,0,0,9,0,0,6,0,0,13,0,0,9,0,0,12,0,0,2,0,0,1,0,0,6,0,0,1,0,0,8,0,0,1,0,0
2016010021116 ,-0.191385,51.494585,0,2,1,6,21.5,3,3,30,3,2,3,0,5,4,1,1,0,0,1,5,9,0,4,18,0,10,10,0,2,2,0,6,6,0,13,13,0,9,9,0,12,12,0,2,1,0,1,1,0,6,6,0,1,2,0,7,6,0,14,16,0
2016010021117 ,-0.164938,51.521782,0,1,1,6,21.10,4,6,30,3,4,6,0,1,4,1,1,0,0,1,8,0,0,18,0,0,10,0,0,1,0,0,6,0,0,13,0,0,9,0,0,12,0,0,1,0,0,1,0,0,1,0,0,1,0,0,9,0,0,6,0,0
2016010021123 ,-0.104634,51.502118,0,2,1,5,18.25,3,6,30,6,2,6,0,0,1,1,1,0,0,1,5,9,0,18,18,0,10,10,0,8,8,0,6,6,0,13,13,0,9,9,0,12,12,0,1,4,0,1,1,0,2,1,0,1,1,0,6,6,0,6,7,0
2016010021127 ,-0.101016,51.495584,0,2,1,4,7.17,3,1,30,1,4,3,0,0,1,1,1,0,0,1,11,11,0,3,1,0,10,10,0,1,2,0,6,6,0,13,13,0,9,9,0,12,12,0,1,2,0,1,1,0,1,1,0,1,2,0,7,8,0,14,7,0
2016010021130 ,-0.305274,51.507977,0,2,1,4,18.30,4,6,30,3,4,6,0,1,1,9,1,0,0,1,9,3,0,9,13,0,10,10,0,5,1,0,6,6,0,13,13,0,9,9,0,12,12,0,3,1,0,1,1,0,6,6,0,2,2,0,8,5,0,6,17,0
2016010021136 ,-0.190296,51.489352,0,2,1,7,17.20,3,6,20,6,2,3,0,5,1,1,1,0,0,1,3,9,0,18,9,0,10,10,0,8,8,0,6,6,0,13,13,0,9,9,0,12,12,0,1,1,0,1,1,0,6,6,0,1,2,0,7,8,0,2,8,0
2016010021140 ,-0.340266,51.548314,0,2,1,3,8.15,3,6,30,0,0,0,0,0,1,1,1,0,0,1,5,19,0,13,6,0,10,10,0,9,9,0,6,6,0,13,13,0,9,9,0,12,12,0,1,4,0,1,1,0,6,1,0,1,1,0,6,5,0,12,4,0
2016010021141 ,-0.31813,51.58145,0,2,2,2,20.22,3,3,30,6,4,6,0,0,4,9,1,0,0,1,9,9,0,11,18,0,10,10,0,1,1,0,6,6,0,13,13,0,9,9,0,12,12,0,4,3,0,1,1,0,6,6,0,1,1,0,6,6,0,11,7,0
2016010021152 ,-0.292443,51.527394,0,2,1,4,9.17,3,3,30,3,4,6,0,0,1,1,1,0,0,1,9,9,0,18,9,0,10,10,0,1,6,0,6,6,0,13,13,0,9,9,0,12,12,0,1,3,0,1,1,0,6,6,0,1,1,0,7,7,0,1,6,0
2016010021157 ,-0.278718,51.505252,0,1,1,5,15.28,6,6,20,3,4,3,0,4,1,1,1,0,0,1,9,0,0,18,0,0,10,0,0,1,0,0,6,0,0,13,0,0,9,0,0,12,0,0,4,0,0,1,0,0,3,0,0,2,0,0,7,0,0,9,0,0
2016010021158 ,-0.275613,51.526428,0,2,1,4,19.52,3,3,40,0,0,0,0,0,4,1,1,0,0,1,9,9,0,4,4,0,10,10,0,9,9,0,6,6,0,13,13,0,9,9,0,12,12,0,2,1,0,1,1,0,6,6,0,1,1,0,6,6,0,1,6,0
2016010021159 ,-0.375132,51.496735,0,1,1,3,17.0,3,6,30,0,0,0,0,4,1,1,1,0,0,1,11,0,0,4,0,0,10,0,0,9,0,0,6,0,0,13,0,0,9,0,0,12,0,0,5,0,0,1,0,0,1,0,0,1,0,0,6,0,0,6,0,0
2016010021160 ,-0.334599,51.577099,0,2,1,3,15.30,5,6,30,3,4,3,0,0,1,1,1,0,0,1,9,9,0,9,18,0,10,10,0,8,1,0,6,6,0,13,13,0,9,9,0,12,12,0,3,1,0,2,1,0,6,6,0,1,1,0,7,6,0,3,4,0
2016010021166 ,-0.093896,51.476314,0,1,1,6,14.50,3,6,30,3,4,6,0,0,1,1,1,0,0,1,11,0,0,3,0,0,10,0,0,2,0,0,6,0,0,13,0,0,9,0,0,12,0,0,5,0,0,1,0,0,1,0,0,1,0,0,7,0,0,1,0,0
2016010021167 ,-0.305184,51.506536,0,2,2,4,12.0,4,3,30,0,0,0,0,1,1,1,1,0,0,1,3,9,0,3,18,0,10,10,0,9,9,0,6,6,0,13,13,0,9,9,0,12,12,0,2,5,0,1,1,0,6,6,0,1,1,0,6,8,0,4,3,0
2016010021169 ,-0.078504,51.629928,0,1,2,2,18.35,4,6,30,6,2,3,0,5,1,1,1,0,0,1,9,0,0,5,0,0,10,0,0,1,0,0,6,0,0,13,0,0,7,0,0,1,0,0,1,0,0,1,0,0,6,0,0,1,0,0,11,0,0,9,0,0
2016010021171 ,-0.339645,51.608913,0,2,1,4,10.22,3,6,30,3,4,6,0,0,1,1,1,5,0,1,9,9,0,5,18,0,10,10,0,1,1,0,6,6,0,13,13,0,9,9,0,12,12,0,2,1,0,1,1,0,6,6,0,1,1,0,6,7,0,12,3,0
2016010021175 ,-0.11622,51.500686,0,2,1,4,8.5,3,6,30,1,2,3,0,0,1,1,1,0,0,1,20,5,0,4,4,0,10,10,0,1,1,0,6,6,0,13,13,0,9,9,0,12,12,0,1,2,0,1,1,0,1,6,0,1,1,0,7,7,0,12,13,0
2016010021182 ,-0.186055,51.516355,0,2,2,7,16.35,3,6,30,3,4,6,0,1,1,1,1,0,0,1,9,3,0,9,18,0,10,10,0,8,8,0,6,6,0,13,13,0,9,9,0,12,12,0,4,3,0,1,1,0,6,6,0,1,1,0,7,7,0,10,9,0
2016010021270 ,-0.284241,51.527005,0,2,2,5,16.48,3,3,40,3,4,6,0,0,1,1,1,0,0,1,9,9,0,4,4,0,10,10,0,1,1,0,6,6,0,13,13,0,9,9,0,12,12,0,2,1,0,1,1,0,6,6,0,1,1,0,6,9,0,8,1,0
2016010021276 ,-0.327402,51.552987,0,2,1,6,9.50,3,6,20,1,4,5,0,8,1,1,1,0,0,1,9,9,0,4,4,0,10,10,0,1,1,0,6,6,0,13,13,0,9,9,0,12,12,0,1,2,0,1,1,0,2,2,0,1,2,0,7,7,0,3,4,0
2016010021282 ,-0.237714,51.499877,0,1,1,5,18.52,3,1,30,2,4,4,0,1,1,1,1,0,0,1,9,0,0,5,0,0,10,0,0,1,0,0,6,0,0,13,0,0,9,0,0,12,0,0,4,0,0,1,0,0,2,0,0,2,0,0,9,0,0,11,0,0
2016010021294 ,-0.414589,51.563639,0,2,2,4,19.30,3,6,30,3,4,6,0,4,4,1,1,0,0,1,9,9,0,18,3,0,10,10,0,2,2,0,6,6,0,4,13,0,9,9,0,12,12,0,4,3,0,1,1,0,6,6,0,1,2,0,10,9,0,18,1,0
2016010021296 ,-0.463907,51.517266,0,1,1,6,10.34,3,6,30,3,4,5,0,4,1,1,1,0,0,1,11,0,0,18,0,0,10,0,0,2,0,0,6,0,0,13,0,0,9,0,0,12,0,0,1,0,0,1,0,0,1,0,0,1,0,0,5,0,0,6,0,0
2016010021297 ,-0.273009,51.507596,0,2,1,7,13.10,3,3,30,3,2,6,0,4,1,1,1,0,0,1,3,19,0,5,9,0,10,10,0,8,8,0,6,6,0,13,13,0,9,9,0,12,12,0,1,4,0,1,1,0,6,1,0,1,1,0,6,6,0,4,6,0
2016010021305 ,-0.278255,51.506054,0,1,1,4,16.30,3,6,30,0,0,0,0,0,1,1,1,0,0,1,9,0,0,18,0,0,10,0,0,9,0,0,6,0,0,13,0,0,9,0,0,12,0,0,1,0,0,1,0,0,2,0,0,1,0,0,6,0,0,1,0,0
2016010021308 ,-0.413661,51.573698,0,2,1,6,12.10,5,6,30,6,2,5,0,5,1,1,1,0,0,1,9,9,0,18,18,0,10,10,0,8,8,0,6,6,0,13,13,0,9,9,0,12,12,0,4,1,0,1,1,0,6,6,0,2,2,0,9,7,0,1,11,0
2016010021325 ,-0.403175,51.576434,0,1,1,1,13.17,6,6,30,3,4,6,0,0,1,1,1,0,7,1,9,0,0,9,0,0,10,0,0,2,0,0,5,0,0,4,0,0,9,0,0,12,0,0,4,0,0,1,0,0,6,0,0,1,0,0,6,0,0,4,0,0
2016010021333 ,-0.44818,51.496556,0,2,2,7,18.8,5,6,30,0,0,0,0,0,1,2,2,0,0,1,9,21,0,18,18,0,10,10,0,9,9,0,6,6,0,13,13,0,9,9,0,12,12,0,1,1,0,1,1,0,6,6,0,1,1,0,6,6,0,11,11,0
2016010021338 ,-0.41531,51.567786,0,2,3,2,18.12,6,6,30,0,0,0,0,0,1,1,1,0,0,1,5,9,0,18,5,0,10,10,0,9,9,0,6,6,0,13,13,0,9,9,0,12,12,0,4,3,0,1,1,0,6,3,0,1,2,0,6,4,0,10,10,0
2016010021353 ,-0.352791,51.509013,0,2,1,7,21.6,3,3,40,0,0,0,0,0,4,2,2,0,0,1,9,9,0,18,18,0,10,10,0,9,9,0,6,6,0,13,7,0,9,9,0,12,12,0,3,4,0,1,1,0,6,6,0,1,1,0,4,9,0,5,15,0
2016010021365 ,-0.404089,51.517366,0,2,1,7,15.38,3,3,40,8,2,6,0,5,1,8,2,0,0,1,9,9,0,3,5,0,10,10,0,1,1,0,6,6,0,13,13,0,9,9,0,12,12,0,2,1,0,1,1,0,6,6,0,1,1,0,8,8,0,6,3,0
2016010021385 ,-0.352264,51.52762,0,1,1,6,6.45,3,6,30,6,2,4,0,5,1,1,1,0,0,1,9,0,0,3,0,0,10,0,0,1,0,0,6,0,0,13,0,0,9,0,0,12,0,0,2,0,0,1,0,0,6,0,0,2,0,0,7,0,0,8,0,0
2016010021402 ,-0.447695,51.489625,0,2,2,4,5.54,6,6,30,0,0,0,0,0,4,1,1,0,0,1,9,9,0,18,18,0,10,10,0,9,9,0,6,6,0,13,13,0,9,1,0,12,2,0,3,3,0,1,1,0,2,6,0,2,1,0,6,5,0,8,4,0
2016010021403 ,-0.041298,51.631561,0,1,1,6,18.25,6,6,30,0,0,0,0,0,1,1,1,0,0,1,9,0,0,18,0,0,10,0,0,9,0,0,6,0,0,13,0,0,9,0,0,12,0,0,1,0,0,1,0,0,6,0,0,1,0,0,6,0,0,3,0,0
2016010021409 ,-0.095177,51.487036,0,1,1,7,16.0,3,6,30,3,4,6,0,0,1,2,2,6,0,1,2,0,0,5,0,0,10,0,0,8,0,0,1,0,0,13,0,0,9,0,0,12,0,0,3,0,0,1,0,0,6,0,0,1,0,0,5,0,0,8,0,0