Accident_Index,Longitude,Latitude,SV,Number_of_Vehicles,Number_of_Casualties,Day_of_Week,Time,1st_Road_Class,Road_Type,Speed_limit,Junction_Detail,Junction_Control,2nd_Road_Class,Pedestrian_Crossing-Human_Control,Pedestrian_Crossing-Physical_Facilities,Light_Conditions,Weather_Conditions,Road_Surface_Conditions,Special_Conditions_at_Site,Carriageway_Hazards,Urban_or_Rural_Area,Vehicle1_Type,Vehicle2_Type,Vehicle3_Type,Vehicle1_Manoeuvre,Vehicle2_Manoeuvre,Vehicle3_Manoeuvre,Vehicle1_Location-Restricted_Lane,Vehicle2_Location-Restricted_Lane,Vehicle3_Location-Restricted_Lane,Junction1_Location,Junction2_Location,Junction3_Location,Skidding1_and_Overturning,Skidding2_and_Overturning,Skidding3_and_Overturning,Hit_Object_in_Carriageway1,Hit_Object_in_Carriageway2,Hit_Object_in_Carriageway3,Vehicle1_Leaving_Carriageway,Vehicle2_Leaving_Carriageway,Vehicle3_Leaving_Carriageway,Hit_Object_off_Carriageway1,Hit_Object_off_Carriageway2,Hit_Object_off_Carriageway3,1st_Point_of_Impact1,1st_Point_of_Impact2,1st_Point_of_Impact3,Was_Vehicle 1_Left_Hand_Drive?,Was_Vehicle2_Left_Hand_Drive?,Was_Vehicle 3_Left_Hand_Drive?,Journey_Purpose_of_Driver1,Journey_Purpose_of_Driver2,Journey_Purpose_of_Driver3,Sex_of_Driver1,Sex_of_Driver2,Sex_of_Driver3,Age_Band_of_Driver1,Age_Band_of_Driver2,Age_Band_of_Driver3,Age_of_Vehicle1,Age_of_Vehicle2,Age_of_Vehicle3
2016010021422 ,-0.051519,51.672918,0,2,3,7,20.35,6,6,30,3,4,6,0,0,6,1,1,0,0,1,9,9,0,18,9,0,10,10,0,8,8,0,6,6,0,13,13,0,9,9,0,12,12,0,4,1,0,1,1,0,6,6,0,1,1,0,7,5,0,4,13,0
2016010021434 ,-0.214264,51.465799,0,2,1,1,18.30,3,6,30,3,2,4,0,5,1,1,1,0,0,1,9,19,0,7,7,0,10,10,0,8,8,0,6,6,0,13,13,0,9,9,0,12,12,0,3,4,0,1,1,0,2,1,0,2,1,0,6,8,0,11,1,0
2016010021442 ,-0.073899,51.448469,0,2,1,6,9.15,3,6,30,0,0,0,0,0,1,1,1,0,0,1,9,9,0,18,3,0,10,10,0,9,9,0,6,6,0,13,13,0,9,9,0,12,12,0,3,5,0,1,1,0,6,6,0,1,2,0,9,7,0,15,7,0
2016010021448 ,-0.078929,51.616446,0,1,1,5,17.0,5,6,30,0,0,0,0,0,1,1,1,0,0,1,9,0,0,18,0,0,10,0,0,9,0,0,6,0,0,13,0,0,9,0,0,12,0,0,1,0,0,1,0,0,6,0,0,2,0,0,4,0,0,15,0,0
2016010021449 ,-0.222506,51.498208,0,2,1,3,18.30,3,6,30,3,4,6,0,0,1,1,1,0,0,1,9,11,0,14,5,0,10,10,0,8,8,0,6,6,0,13,13,0,9,9,0,12,12,0,4,3,0,1,1,0,2,1,0,1,1,0,5,6,0,4,4,0
2016010021450 ,-0.013025,51.428478,0,2,2,4,12.10,3,6,30,6,2,5,0,5,1,1,1,0,0,1,9,9,0,9,18,0,10,10,0,8,8,0,6,6,0,13,13,0,9,9,0,12,12,0,1,3,0,1,1,0,6,6,0,1,2,0,11,6,0,13,5,0
2016010021451 ,-0.042128,51.682743,0,3,5,5,18.40,1,3,70,5,4,6,0,0,4,1,1,0,0,2,9,9,9,4,4,3,10,10,10,8,8,8,6,6,6,13,13,13,9,9,9,12,12,12,1,2,2,1,1,1,6,6,6,1,1,1,4,5,8,6,5,9
2016010021452 ,-0.059039,51.679697,0,1,1,3,7.35,6,6,40,3,4,6,0,0,1,1,1,0,0,2,19,0,0,17,0,0,10,0,0,1,0,0,6,0,0,13,0,0,1,0,0,10,0,0,1,0,0,1,0,0,1,0,0,1,0,0,6,0,0,3,0,0
2016010021527 ,-0.449097,51.528941,0,2,1,7,18.45,5,6,30,3,4,6,0,0,1,1,1,0,0,1,9,9,0,9,18,0,10,10,0,8,8,0,6,6,0,13,13,0,9,9,0,12,12,0,3,1,0,1,1,0,6,6,0,1,1,0,4,5,0,11,15,0
2016010021529 ,-0.12235,51.610854,0,2,2,7,17.45,6,6,30,3,4,4,0,0,1,1,1,0,0,1,9,9,0,1,3,0,10,10,0,8,8,0,6,6,0,13,13,0,9,9,0,12,12,0,2,1,0,1,1,0,6,6,0,2,1,0,7,9,0,1,9,0
2016010021536 ,-0.134716,51.509974,0,1,1,6,0.2,3,6,30,6,2,3,0,5,4,1,1,0,0,1,8,0,0,18,0,0,10,0,0,8,0,0,6,0,0,13,0,0,9,0,0,12,0,0,4,0,0,1,0,0,1,0,0,1,0,0,8,0,0,5,0,0
2016010021539 ,-0.078082,51.629651,0,3,3,2,11.19,4,6,30,6,2,3,0,0,1,1,1,0,0,1,9,8,9,18,10,10,10,10,10,1,1,1,6,6,6,13,13,13,9,9,9,12,12,12,1,2,2,1,1,1,6,6,6,1,1,1,11,6,10,16,4,11
2016010021557 ,-0.479742,51.509199,0,1,1,5,12.50,6,6,30,8,4,6,0,0,1,1,2,0,0,1,9,0,0,1,0,0,9,0,0,8,0,0,6,0,0,10,0,0,1,0,0,10,0,0,2,0,0,1,0,0,6,0,0,2,0,0,7,0,0,14,0,0
2016010021565 ,-0.061553,51.495298,0,1,1,4,19.37,6,6,30,6,4,6,0,0,4,1,1,0,0,1,9,0,0,7,0,0,10,0,0,8,0,0,6,0,0,13,0,0,9,0,0,12,0,0,1,0,0,1,0,0,6,0,0,1,0,0,6,0,0,1,0,0
2016010021575 ,-0.064269,51.478796,0,2,1,3,22.11,5,6,30,3,4,6,0,0,4,1,1,0,1,1,9,8,0,4,15,0,10,10,0,8,8,0,6,6,0,13,13,0,9,9,0,12,12,0,3,4,0,1,1,0,6,6,0,1,1,0,8,8,0,3,5,0
2016010021584 ,-0.452762,51.535643,0,2,2,5,8.30,3,6,30,3,4,6,0,0,1,1,1,0,0,1,19,9,0,7,18,0,10,10,0,1,1,0,6,6,0,13,13,0,9,9,0,12,12,0,1,1,0,1,1,0,1,6,0,1,2,0,6,7,0,4,4,0
2016010021586 ,-0.139753,51.637389,0,2,1,5,17.20,3,6,30,0,0,0,0,0,1,1,1,0,0,1,9,3,0,6,18,0,10,10,0,9,9,0,6,6,0,13,13,0,9,9,0,12,12,0,3,1,0,1,1,0,3,6,0,2,1,0,7,7,0,2,2,0
2016010021596 ,-0.172072,51.516407,0,1,1,6,23.44,6,2,30,3,4,6,0,0,1,1,1,0,0,1,11,0,0,18,0,0,10,0,0,8,0,0,6,0,0,13,0,0,9,0,0,12,0,0,5,0,0,1,0,0,1,0,0,1,0,0,9,0,0,7,0,0
2016010021607 ,-0.398104,51.576994,0,2,2,5,11.52,5,6,30,8,4,5,0,5,1,1,1,0,0,1,9,9,0,9,10,0,10,10,0,8,8,0,6,6,0,13,13,0,9,9,0,12,12,0,1,4,0,1,1,0,6,6,0,2,2,0,7,8,0,11,2,0
2016010021619 ,-0.380517,51.560206,0,2,1,7,0.7,5,6,30,8,4,6,0,1,4,1,1,0,0,1,9,9,0,18,9,0,10,10,0,1,1,0,6,6,0,13,13,0,9,9,0,12,12,0,4,1,0,1,1,0,6,6,0,1,1,0,9,6,0,2,16,0
2016010021636 ,-0.144316,51.514892,0,1,2,2,1.44,3,6,30,6,2,3,0,5,4,4,1,0,0,1,11,0,0,4,0,0,10,0,0,8,0,0,6,0,0,13,0,0,9,0,0,12,0,0,5,0,0,1,0,0,1,0,0,1,0,0,8,0,0,1,0,0
2016010021653 ,-0.060095,51.492306,0,2,2,6,17.25,3,6,30,3,4,6,0,0,1,1,1,0,0,1,9,9,0,18,9,0,10,10,0,8,8,0,6,6,0,13,13,0,9,9,0,12,12,0,1,1,0,1,1,0,6,6,0,1,1,0,8,8,0,18,13,0
2016010021689 ,-0.162908,51.514915,0,2,1,4,13.35,3,6,30,6,2,5,0,0,1,1,1,0,0,1,9,3,0,3,18,0,10,10,0,8,8,0,6,6,0,13,13,0,9,9,0,12,12,0,3,1,0,1,1,0,6,1,0,1,1,0,6,6,0,7,3,0
2016010021700 ,-0.077262,51.347804,0,2,1,5,8.18,4,6,30,3,4,6,0,0,1,2,2,0,0,1,4,9,0,18,9,0,10,10,0,8,8,0,1,6,0,13,13,0,9,9,0,12,12,0,1,1,0,1,1,0,6,6,0,1,2,0,5,8,0,2,10,0
2016010021708 ,-0.058658,51.644619,0,2,3,1,18.36,5,6,30,8,4,6,0,0,4,1,1,0,0,1,9,9,0,18,5,0,10,10,0,8,6,0,6,6,0,13,13,0,9,9,0,12,12,0,4,1,0,1,1,0,6,6,0,2,1,0,6,8,0,4,1,0
2016010021710 ,-0.117665,51.3606,0,1,1,6,10.55,3,6,30,3,4,6,0,4,1,1,1,0,0,1,9,0,0,18,0,0,10,0,0,8,0,0,6,0,0,13,0,0,9,0,0,12,0,0,4,0,0,1,0,0,6,0,0,1,0,0,9,0,0,1,0,0
2016010021731 ,-0.109747,51.381966,0,1,1,6,11.52,3,6,30,3,4,6,0,1,1,1,1,0,0,1,9,0,0,9,0,0,10,0,0,8,0,0,6,0,0,13,0,0,9,0,0,12,0,0,1,0,0,1,0,0,6,0,0,2,0,0,8,0,0,2,0,0
2016010021759 ,-0.450608,51.50567,0,2,2,2,17.15,3,3,50,0,0,0,0,0,1,1,1,0,0,1,9,9,0,5,18,0,10,10,0,9,9,0,6,6,0,13,13,0,9,9,0,12,12,0,2,1,0,1,1,0,2,2,0,1,2,0,8,5,0,10,13,0
2016010021828 ,-0.351904,51.453697,0,1,1,1,18.30,5,6,30,3,4,6,0,0,1,1,1,0,0,1,9,0,0,18,0,0,10,0,0,1,0,0,6,0,0,13,0,0,9,0,0,12,0,0,1,0,0,1,0,0,6,0,0,1,0,0,4,0,0,10,0,0
2016010021850 ,-0.397845,51.596683,0,1,1,1,6.8,4,6,30,0,0,0,0,0,1,1,2,0,0,1,9,0,0,16,0,0,10,0,0,9,0,0,6,0,0,10,0,0,1,0,0,3,0,0,1,0,0,1,0,0,6,0,0,1,0,0,8,0,0,11,0,0
2016010021863 ,-0.367816,51.415162,0,1,1,6,9.45,5,6,30,3,4,6,0,0,1,1,1,0,0,1,9,0,0,1,0,0,10,0,0,2,0,0,6,0,0,13,0,0,9,0,0,12,0,0,2,0,0,1,0,0,1,0,0,1,0,0,7,0,0,5,0,0
2016010021868 ,-0.23802,51.473263,0,1,1,6,7.47,3,6,30,0,0,0,0,0,1,1,1,0,0,1,9,0,0,4,0,0,10,0,0,9,0,0,6,0,0,13,0,0,9,0,0,12,0,0,1,0,0,1,0,0,2,0,0,1,0,0,7,0,0,9,0,0
2016010021873 ,-0.410403,51.596764,0,2,1,5,6.42,4,6,30,0,0,0,0,0,1,1,1,0,0,1,9,5,0,4,13,0,10,10,0,9,9,0,6,6,0,13,13,0,9,9,0,12,12,0,3,4,0,1,1,0,6,6,0,1,1,0,6,7,0,7,16,0
2016010021876 ,-0.032602,51.682224,0,2,2,4,1.30,1,3,70,0,0,0,0,0,6,1,1,0,0,2,9,9,0,12,18,0,10,10,0,9,9,0,6,6,0,13,13,0,1,2,0,7,7,0,1,2,0,1,2,0,6,6,0,2,1,0,6,8,0,7,9,0
2016010021890 ,-0.299813,51.465003,0,1,1,5,17.57,3,2,30,1,2,3,0,5,1,1,1,0,0,1,8,0,0,4,0,0,10,0,0,1,0,0,6,0,0,13,0,0,9,0,0,12,0,0,3,0,0,1,0,0,1,0,0,1,0,0,9,0,0,10,0,0
2016010021905 ,-0.049939,51.331794,0,2,2,6,18.20,5,6,30,0,0,0,0,0,1,1,1,0,0,2,9,9,0,16,17,0,10,10,0,9,9,0,6,6,0,13,13,0,9,9,0,12,12,0,1,1,0,1,1,0,6,6,0,1,2,0,6,11,0,12,2,0
2016010021915 ,-0.276661,51.42222,0,2,1,6,17.15,3,6,30,3,4,6,0,0,1,1,1,0,0,1,3,9,0,13,9,0,10,10,0,8,8,0,6,6,0,13,13,0,9,9,0,12,12,0,1,2,0,1,1,0,6,6,0,1,1,0,4,8,0,4,10,0
2016010021931 ,-0.14353,51.608583,0,1,1,5,10.10,6,2,30,0,0,0,0,1,1,1,1,0,0,1,9,0,0,18,0,0,10,0,0,9,0,0,6,0,0,13,0,0,9,0,0,12,0,0,1,0,0,1,0,0,6,0,0,1,0,0,10,0,0,5,0,0
2016010021934 ,-0.401128,51.573078,0,2,2,5,7.20,6,6,30,3,4,6,0,0,1,1,1,0,0,1,9,9,0,9,18,0,10,10,0,8,8,0,6,6,0,13,13,0,9,9,0,12,12,0,4,1,0,1,1,0,6,6,0,2,1,0,7,8,0,13,6,0
2016010021953 ,-0.432017,51.501556,0,2,2,5,12.0,6,6,30,3,4,6,0,0,1,1,1,0,0,1,9,9,0,5,18,0,10,10,0,8,8,0,6,6,0,13,13,0,9,9,0,12,12,0,1,4,0,1,1,0,6,6,0,1,2,0,8,6,0,16,10,0
2016010021958 ,-0.482196,51.530722,0,2,1,3,7.28,3,6,30,9,4,6,0,0,1,1,1,0,0,1,9,9,0,14,9,0,10,10,0,1,2,0,6,6,0,13,13,0,9,9,0,12,12,0,4,1,0,1,1,0,6,6,0,1,1,0,7,7,0,13,4,0
2016010021971 ,0.186796,51.521775,0,2,1,7,11.35,3,6,40,0,0,0,0,0,1,1,1,0,0,1,3,9,0,13,6,0,10,10,0,9,9,0,6,6,0,13,13,0,9,9,0,12,12,0,1,3,0,1,1,0,6,6,0,1,1,0,5,8,0,1,2,0
2016010021984 ,-0.172454,51.514075,0,2,2,4,17.5,5,6,30,6,4,6,0,0,1,1,1,0,0,1,8,9,0,18,18,0,10,10,0,8,8,0,6,6,0,13,13,0,9,9,0,12,12,0,1,4,0,1,1,0,6,6,0,1,2,0,6,6,0,5,13,0
2016010021993 ,-0.109819,51.610023,0,2,1,7,10.32,3,6,30,3,4,6,0,1,1,1,1,0,0,1,9,9,0,18,9,0,10,10,0,1,1,0,6,6,0,13,13,0,9,9,0,12,12,0,1,2,0,1,1,0,6,6,0,1,1,0,7,10,0,11,9,0
2016010021994 ,0.076868,51.535824,0,1,1,1,12.15,6,6,30,0,0,0,0,1,1,1,1,4,0,1,8,0,0,4,0,0,10,0,0,9,0,0,6,0,0,13,0,0,9,0,0,12,0,0,3,0,0,1,0,0,1,0,0,1,0,0,7,0,0,6,0,0
2016010022002 ,0.175486,51.562724,0,3,2,5,8.20,5,6,30,0,0,0,0,4,1,1,1,0,0,1,9,9,9,4,4,4,10,10,10,9,9,9,6,6,6,13,13,13,9,9,9,12,12,12,1,2,2,1,1,1,2,3,2,1,2,1,7,6,5,1,12,6
2016010022011 ,-0.504454,51.476245,0,2,1,5,15.45,1,3,70,0,0,0,0,0,1,1,1,0,0,2,9,9,0,18,18,0,10,10,0,9,9,0,6,6,0,13,13,0,9,9,0,12,12,0,1,2,0,1,1,0,6,6,0,1,1,0,5,7,0,9,10,0
2016010022021 ,-0.122656,51.308791,0,2,1,4,22.2,4,6,30,3,4,6,0,1,4,2,2,0,0,1,9,9,0,9,18,0,10,10,0,5,8,0,6,6,0,13,13,0,9,9,0,12,12,0,1,1,0,1,1,0,6,6,0,1,1,0,9,5,0,18,9,0
2016010022027 ,0.142583,51.593276,0,2,3,1,0.50,5,1,30,1,4,3,0,0,4,1,1,0,0,2,9,9,0,9,9,0,10,10,0,7,8,0,6,6,0,13,13,0,9,9,0,12,12,0,4,3,0,1,1,0,6,6,0,2,1,0,6,5,0,10,4,0
2016010022050 ,-0.059751,51.649493,0,1,1,4,21.47,3,7,40,5,2,3,0,5,4,1,1,0,0,1,9,0,0,4,0,0,10,0,0,1,0,0,6,0,0,13,0,0,9,0,0,12,0,0,1,0,0,1,0,0,2,0,0,1,0,0,5,0,0,12,0,0
2016010022084 ,-0.449145,51.56572,0,1,1,2,14.6,4,6,30,3,4,6,0,1,1,2,2,0,7,1,9,0,0,16,0,0,10,0,0,1,0,0,6,0,0,10,0,0,7,0,0,2,0,0,1,0,0,1,0,0,6,0,0,1,0,0,11,0,0,12,0,0
2016010022157 ,-0.118715,51.597487,0,2,1,4,23.45,4,1,30,2,4,4,0,8,1,1,1,0,0,1,9,9,0,5,3,0,10,10,0,1,1,0,6,6,0,13,13,0,9,9,0,12,12,0,1,1,0,1,1,0,6,6,0,1,1,0,8,6,0,3,8,0
2016010022175 ,-0.150838,51.52111,0,1,2,6,17.0,5,6,30,6,4,6,0,0,1,1,1,0,0,1,5,0,0,18,0,0,10,0,0,1,0,0,6,0,0,13,0,0,9,0,0,12,0,0,1,0,0,1,0,0,6,0,0,1,0,0,7,0,0,7,0,0
2016010022182 ,-0.081485,51.579798,0,2,1,3,22.58,4,6,30,3,4,6,0,5,4,1,1,0,0,1,9,4,0,9,18,0,10,10,0,5,1,0,6,6,0,13,13,0,9,9,0,12,12,0,4,1,0,1,1,0,6,6,0,1,1,0,7,4,0,11,4,0
2016010022183 ,-0.091333,51.596235,0,1,1,5,17.50,4,7,30,0,0,0,0,0,1,1,1,0,0,1,3,0,0,14,0,0,10,0,0,9,0,0,6,0,0,13,0,0,9,0,0,12,0,0,1,0,0,1,0,0,6,0,0,1,0,0,5,0,0,7,0,0
2016010022194 ,-0.086842,51.58627,0,1,1,5,16.45,3,1,30,1,4,6,0,0,1,1,1,0,0,1,11,0,0,10,0,0,10,0,0,1,0,0,6,0,0,13,0,0,9,0,0,12,0,0,5,0,0,1,0,0,1,0,0,1,0,0,8,0,0,6,0,0
2016010022197 ,-0.084865,51.588666,0,1,1,4,13.0,6,6,30,3,4,6,0,0,1,1,1,0,0,1,19,0,0,18,0,0,10,0,0,1,0,0,6,0,0,13,0,0,9,0,0,12,0,0,1,0,0,1,0,0,1,0,0,1,0,0,9,0,0,4,0,0
2016010022204 ,-0.076665,51.581158,0,1,1,4,14.53,3,6,30,3,4,6,0,0,1,1,1,0,0,1,9,0,0,9,0,0,10,0,0,8,0,0,6,0,0,13,0,0,9,0,0,12,0,0,1,0,0,1,0,0,6,0,0,1,0,0,5,0,0,5,0,0
2016010022216 ,-0.11282,51.391098,0,1,1,5,12.29,3,6,30,0,0,0,0,0,1,1,1,0,0,1,11,0,0,5,0,0,10,0,0,9,0,0,6,0,0,13,0,0,9,0,0,12,0,0,5,0,0,1,0,0,1,0,0,1,0,0,6,0,0,1,0,0
2016010022223 ,-0.143369,51.573599,0,2,1,4,19.46,6,6,30,0,0,0,0,0,4,1,1,0,0,1,9,9,0,3,5,0,10,10,0,9,9,0,6,6,0,7,4,0,9,9,0,12,12,0,2,1,0,1,1,0,6,6,0,2,2,0,8,5,0,16,11,0
2016010022226 ,-0.069579,51.598487,0,1,1,4,8.15,6,6,30,6,4,3,0,0,1,1,1,0,0,1,9,0,0,7,0,0,10,0,0,2,0,0,6,0,0,13,0,0,9,0,0,12,0,0,4,0,0,1,0,0,6,0,0,1,0,0,6,0,0,13,0,0
2016010022241 ,-0.17272,51.521813,0,2,1,7,14.43,3,6,30,6,2,3,0,5,4,1,1,0,0,1,8,3,0,12,18,0,10,10,0,8,8,0,6,6,0,13,13,0,9,9,0,12,12,0,3,4,0,1,1,0,1,6,0,1,1,0,8,7,0,4,4,0
2016010022259 ,-0.096605,51.386969,0,1,3,3,11.20,3,6,30,7,2,3,0,5,1,1,1,0,0,1,11,0,0,18,0,0,10,0,0,8,0,0,6,0,0,13,0,0,9,0,0,12,0,0,1,0,0,1,0,0,1,0,0,1,0,0,6,0,0,14,0,0
2016010022262 ,-0.122475,51.506271,0,2,1,5,7.22,3,6,30,3,2,4,0,5,1,1,1,0,0,1,9,3,0,12,18,0,10,10,0,8,8,0,6,6,0,13,13,0,9,9,0,12,12,0,2,1,0,1,1,0,6,6,0,1,1,0,6,8,0,7,1,0
2016010022275 ,-0.098567,51.57513,0,1,1,3,20.19,3,6,30,3,2,4,0,4,4,1,1,0,0,1,11,0,0,18,0,0,10,0,0,1,0,0,6,0,0,13,0,0,9,0,0,12,0,0,5,0,0,1,0,0,1,0,0,1,0,0,9,0,0,6,0,0
2016010022296 ,-0.123997,51.332194,0,1,1,5,9.10,3,6,30,0,0,0,0,0,1,1,1,0,0,1,9,0,0,18,0,0,10,0,0,9,0,0,6,0,0,13,0,0,9,0,0,12,0,0,4,0,0,1,0,0,6,0,0,1,0,0,7,0,0,14,0,0
2016010022300 ,-0.085827,51.380049,0,2,1,3,8.55,3,6,30,0,0,0,0,1,1,1,1,0,0,1,9,9,0,3,4,0,10,10,0,9,9,0,6,6,0,13,13,0,9,9,0,12,12,0,2,1,0,1,1,0,6,6,0,2,1,0,6,7,0,7,16,0
2016010022316 ,-0.191097,51.49458,0,1,1,7,23.15,3,3,30,3,2,3,0,4,4,1,1,0,0,1,9,0,0,9,0,0,10,0,0,8,0,0,6,0,0,13,0,0,9,0,0,12,0,0,1,0,0,1,0,0,6,0,0,1,0,0,6,0,0,6,0,0
2016010022331 ,-0.064212,51.578705,0,1,1,6,12.20,6,6,30,3,4,6,0,0,1,9,1,0,0,1,9,0,0,5,0,0,10,0,0,1,0,0,6,0,0,13,0,0,9,0,0,12,0,0,1,0,0,1,0,0,6,0,0,1,0,0,7,0,0,9,0,0
2016010022335 ,-0.100024,51.64053,0,1,1,3,8.25,5,6,30,3,4,6,0,0,1,1,1,0,6,1,9,0,0,5,0,0,10,0,0,8,0,0,6,0,0,13,0,0,9,0,0,12,0,0,4,0,0,1,0,0,6,0,0,2,0,0,6,0,0,3,0,0
2016010022352 ,-0.047908,51.652624,0,1,2,3,14.17,3,6,30,0,0,0,0,0,1,1,1,0,0,1,11,0,0,4,0,0,10,0,0,9,0,0,6,0,0,13,0,0,9,0,0,12,0,0,5,0,0,1,0,0,1,0,0,1,0,0,6,0,0,4,0,0
2016010022359 ,-0.144456,51.514985,0,1,2,5,14.20,3,2,30,6,2,3,0,5,1,1,1,0,0,1,3,0,0,18,0,0,10,0,0,1,0,0,6,0,0,13,0,0,9,0,0,12,0,0,1,0,0,1,0,0,6,0,0,1,0,0,4,0,0,16,0,0
2016010022372 ,-0.153293,51.513865,0,2,1,6,9.30,3,6,30,0,0,0,0,0,1,1,1,0,0,1,5,8,0,18,6,0,10,10,0,9,9,0,6,6,0,13,13,0,9,9,0,12,12,0,1,3,0,1,1,0,6,1,0,1,1,0,6,7,0,1,1,0
2016010022374 ,-0.222347,51.491192,0,2,1,6,4.57,3,3,50,0,0,0,0,0,4,9,1,0,0,1,19,19,0,18,18,0,10,10,0,9,9,0,6,6,0,13,13,0,9,9,0,12,12,0,1,2,0,1,1,0,1,1,0,1,1,0,7,8,0,7,1,0
2016010022389 ,0.123438,51.551178,0,1,1,2,15.56,3,6,30,6,2,3,0,0,1,1,1,0,0,1,9,0,0,18,0,0,10,0,0,8,0,0,6,0,0,13,0,0,9,0,0,12,0,0,1,0,0,1,0,0,3,0,0,2,0,0,8,0,0,14,0,0
2016010022468 ,0.140018,51.529473,0,2,1,6,7.50,3,3,50,0,0,0,0,0,1,1,1,0,0,1,21,9,0,18,3,0,10,10,0,9,9,0,6,6,0,13,13,0,9,9,0,12,12,0,1,2,0,1,1,0,1,6,0,1,2,0,6,4,0,7,2,0
2016010022477 ,-0.088862,51.586303,0,1,3,5,12.50,3,6,30,3,4,3,0,1,1,1,1,0,6,1,11,0,0,18,0,0,10,0,0,2,0,0,6,0,0,13,0,0,9,0,0,12,0,0,5,0,0,1,0,0,1,0,0,1,0,0,8,0,0,6,0,0
2016010022491 ,-0.179818,51.517337,0,1,1,6,22.45,3,6,30,3,4,6,0,0,4,1,1,0,0,1,11,0,0,4,0,0,10,0,0,8,0,0,6,0,0,13,0,0,9,0,0,12,0,0,5,0,0,1,0,0,1,0,0,1,0,0,6,0,0,7,0,0
2016010022514 ,-0.076141,51.576473,0,1,1,5,17.53,6,6,30,3,4,6,0,0,1,1,1,0,0,1,9,0,0,18,0,0,10,0,0,2,0,0,6,0,0,13,0,0,9,0,0,12,0,0,4,0,0,1,0,0,6,0,0,1,0,0,7,0,0,29,0,0
2016010022531 ,-0.322137,51.62548,0,1,1,6,17.11,3,6,30,0,0,0,0,8,1,1,1,0,0,1,8,0,0,18,0,0,10,0,0,9,0,0,6,0,0,13,0,0,9,0,0,12,0,0,4,0,0,1,0,0,6,0,0,1,0,0,7,0,0,11,0,0
2016010022535 ,-0.06996,51.681405,0,2,1,4,7.2,6,6,40,0,0,0,0,0,1,1,1,0,0,2,90,5,0,17,16,0,10,10,0,9,9,0,6,6,0,10,13,0,1,9,0,10,12,0,1,1,0,1,1,0,1,6,0,1,1,0,9,6,0,2,11,0
2016010022537 ,-0.187523,51.512061,0,2,1,7,22.35,6,6,30,3,4,4,0,0,4,1,1,0,0,1,8,3,0,7,10,0,10,10,0,1,8,0,6,6,0,13,13,0,9,9,0,12,12,0,1,2,0,1,1,0,1,6,0,1,1,0,7,6,0,4,7,0
2016010022540 ,-0.386642,51.578725,0,1,1,5,15.30,6,6,30,3,4,6,0,0,1,1,1,0,0,1,9,0,0,18,0,0,10,0,0,2,0,0,6,0,0,13,0,0,9,0,0,12,0,0,4,0,0,1,0,0,6,0,0,1,0,0,5,0,0,12,0,0
2016010022542 ,-0.088064,51.581254,0,2,1,2,1.15,4,6,30,3,4,6,0,0,4,2,2,0,0,1,9,9,0,9,18,0,10,10,0,8,8,0,6,6,0,13,13,0,9,9,0,12,12,0,3,1,0,1,1,0,6,6,0,1,1,0,8,8,0,12,13,0
2016010022543 ,-0.063761,51.589309,0,3,2,1,0.31,3,6,30,6,2,3,0,5,4,1,1,0,0,1,9,9,9,5,5,18,10,10,10,8,8,7,6,6,6,13,13,13,9,9,9,12,12,12,1,1,4,1,1,1,6,6,6,1,1,1,5,5,8,3,11,10
2016010022551 ,-0.339291,51.610707,0,1,1,2,11.33,3,1,30,1,4,3,0,0,1,1,2,0,0,1,3,0,0,18,0,0,10,0,0,8,0,0,6,0,0,13,0,0,9,0,0,12,0,0,3,0,0,1,0,0,6,0,0,1,0,0,4,0,0,6,0,0
2016010022553 ,-0.127103,51.614707,0,2,2,1,19.45,3,3,40,0,0,0,0,0,4,1,1,0,0,1,5,9,0,18,12,0,10,10,0,9,9,0,6,6,0,13,13,0,9,9,0,12,12,0,4,3,0,1,1,0,6,6,0,1,1,0,5,8,0,1,18,0
2016010022576 ,-0.173293,51.514718,0,1,1,5,14.51,3,6,30,6,2,5,0,5,1,1,1,0,0,1,19,0,0,18,0,0,10,0,0,8,0,0,6,0,0,13,0,0,9,0,0,12,0,0,1,0,0,1,0,0,6,0,0,1,0,0,6,0,0,1,0,0
2016010022577 ,-0.045203,51.628119,0,3,2,1,17.40,4,6,30,3,4,6,0,4,1,1,1,0,0,1,9,9,9,3,3,18,10,10,10,2,2,2,6,6,6,13,13,13,9,9,9,12,12,12,2,2,1,1,1,1,6,6,6,2,1,1,6,6,5,15,9,14
2016010022582 ,-0.325865,51.590913,0,1,1,7,1.19,5,1,30,2,4,6,0,0,4,1,1,0,0,1,9,0,0,16,0,0,10,0,0,8,0,0,6,0,0,10,0,0,1,0,0,12,0,0,4,0,0,1,0,0,6,0,0,2,0,0,6,0,0,5,0,0
2016010022587 ,-0.34582,51.6099,0,3,1,6,10.49,3,6,30,3,4,4,0,0,1,1,1,0,0,1,9,9,9,3,3,4,10,10,10,2,2,2,6,6,6,13,13,13,9,9,9,12,12,12,2,2,1,1,1,1,6,6,6,2,2,2,5,10,6,5,5,4
2016010022599 ,-0.365785,51.580775,0,1,1,1,15.10,3,3,40,3,4,6,0,8,1,1,1,0,0,1,9,0,0,18,0,0,10,0,0,8,0,0,6,0,0,13,0,0,9,0,0,12,0,0,4,0,0,1,0,0,6,0,0,1,0,0,7,0,0,14,0,0