Accident_Index,Longitude,Latitude,SV,Number_of_Vehicles,Number_of_Casualties,Day_of_Week,Time,1st_Road_Class,Road_Type,Speed_limit,Junction_Detail,Junction_Control,2nd_Road_Class,Pedestrian_Crossing-Human_Control,Pedestrian_Crossing-Physical_Facilities,Light_Conditions,Weather_Conditions,Road_Surface_Conditions,Special_Conditions_at_Site,Carriageway_Hazards,Urban_or_Rural_Area,Vehicle1_Type,Vehicle2_Type,Vehicle3_Type,Vehicle1_Manoeuvre,Vehicle2_Manoeuvre,Vehicle3_Manoeuvre,Vehicle1_Location-Restricted_Lane,Vehicle2_Location-Restricted_Lane,Vehicle3_Location-Restricted_Lane,Junction1_Location,Junction2_Location,Junction3_Location,Skidding1_and_Overturning,Skidding2_and_Overturning,Skidding3_and_Overturning,Hit_Object_in_Carriageway1,Hit_Object_in_Carriageway2,Hit_Object_in_Carriageway3,Vehicle1_Leaving_Carriageway,Vehicle2_Leaving_Carriageway,Vehicle3_Leaving_Carriageway,Hit_Object_off_Carriageway1,Hit_Object_off_Carriageway2,Hit_Object_off_Carriageway3,1st_Point_of_Impact1,1st_Point_of_Impact2,1st_Point_of_Impact3,Was_Vehicle 1_Left_Hand_Drive?,Was_Vehicle2_Left_Hand_Drive?,Was_Vehicle 3_Left_Hand_Drive?,Journey_Purpose_of_Driver1,Journey_Purpose_of_Driver2,Journey_Purpose_of_Driver3,Sex_of_Driver1,Sex_of_Driver2,Sex_of_Driver3,Age_Band_of_Driver1,Age_Band_of_Driver2,Age_Band_of_Driver3,Age_of_Vehicle1,Age_of_Vehicle2,Age_of_Vehicle3
2016010023466 ,0.137144,51.412615,0,2,1,4,17.45,4,6,30,0,0,0,0,0,1,1,1,0,0,2,9,9,0,18,9,0,10,10,0,9,9,0,6,6,0,13,13,0,9,9,0,12,12,0,1,4,0,1,1,0,6,6,0,1,2,0,5,6,0,6,11,0
2016010023480 ,0.118356,51.44794,0,2,1,5,17.58,3,6,30,1,4,3,0,0,4,1,2,0,0,1,9,3,0,3,18,0,10,10,0,4,4,0,6,6,0,13,13,0,9,9,0,12,12,0,2,1,0,1,1,0,6,6,0,1,1,0,6,4,0,3,7,0
2016010023511 ,0.140088,51.457168,0,2,2,7,11.37,3,6,30,0,0,0,0,0,1,2,2,0,0,1,9,11,0,18,4,0,10,10,0,9,9,0,6,6,0,13,13,0,9,9,0,12,12,0,1,2,0,1,1,0,6,1,0,1,1,0,10,8,0,7,7,0
2016010023518 ,-0.22283,51.504688,0,2,3,5,18.2,3,6,30,3,4,6,0,0,4,1,1,0,0,1,11,9,0,18,4,0,10,10,0,1,1,0,6,6,0,13,13,0,9,9,0,12,12,0,1,2,0,1,1,0,6,1,0,1,1,0,7,6,0,7,2,0
2016010023525 ,-0.415391,51.449177,0,1,1,1,17.40,4,6,30,3,4,6,0,0,1,1,1,0,0,1,9,0,0,5,0,0,10,0,0,8,0,0,6,0,0,13,0,0,9,0,0,12,0,0,1,0,0,1,0,0,6,0,0,1,0,0,4,0,0,10,0,0
2016010023541 ,-0.403975,51.553604,0,2,1,6,6.40,3,6,30,3,4,6,0,0,1,1,1,0,0,1,8,21,0,18,18,0,10,10,0,1,1,0,6,6,0,13,13,0,9,9,0,12,12,0,3,4,0,1,1,0,1,1,0,1,1,0,9,8,0,2,1,0
2016010023554 ,-0.384509,51.463773,0,1,1,7,18.0,3,6,30,3,4,5,0,4,4,2,2,0,0,1,9,0,0,18,0,0,10,0,0,8,0,0,6,0,0,10,0,0,9,0,0,12,0,0,4,0,0,1,0,0,2,0,0,1,0,0,6,0,0,4,0,0
2016010023601 ,-0.073178,51.564644,0,2,2,6,15.10,3,6,30,0,0,0,0,0,1,1,1,0,0,1,9,11,0,5,18,0,10,10,0,9,9,0,6,6,0,13,13,0,9,9,0,12,12,0,5,5,0,1,1,0,6,1,0,1,1,0,9,8,0,19,6,0
2016010023603 ,-0.143234,51.523778,0,2,2,3,9.35,3,6,30,6,2,5,0,5,1,1,1,0,0,1,9,11,0,4,18,0,10,10,0,1,1,0,6,6,0,13,13,0,9,9,0,12,12,0,2,1,0,1,1,0,6,1,0,1,1,0,6,6,0,6,6,0
2016010023611 ,-0.055227,51.545733,0,2,1,7,7.40,3,6,20,3,2,4,0,5,1,1,1,0,0,1,2,9,0,9,18,0,10,10,0,8,8,0,6,6,0,13,13,0,9,9,0,12,12,0,3,1,0,1,1,0,2,6,0,1,1,0,7,6,0,3,11,0
2016010023612 ,-0.186108,51.645489,0,2,1,7,21.0,3,6,30,3,4,6,0,0,4,1,1,0,0,1,9,4,0,6,18,0,10,10,0,8,8,0,6,6,0,13,13,0,9,9,0,12,12,0,3,1,0,1,1,0,6,6,0,2,1,0,8,4,0,6,3,0
2016010023618 ,0.148736,51.448196,0,3,3,2,16.30,3,3,50,0,0,0,0,0,1,1,1,0,0,1,9,9,9,18,3,3,10,10,10,9,9,9,6,6,6,13,13,13,9,9,9,12,12,12,1,2,2,1,1,1,6,6,6,1,1,1,7,9,6,10,22,12
2016010023621 ,-0.439957,51.568565,0,2,2,4,9.21,4,6,30,3,4,6,0,8,1,1,1,0,0,1,9,9,0,3,18,0,10,10,0,1,1,0,6,6,0,13,13,0,9,9,0,12,12,0,2,1,0,1,1,0,2,2,0,1,1,0,9,5,0,9,13,0
2016010023622 ,-0.134283,51.488834,0,1,1,6,16.1,4,6,30,3,4,6,0,8,1,1,1,0,0,1,19,0,0,9,0,0,10,0,0,6,0,0,6,0,0,10,0,0,9,0,0,12,0,0,5,0,0,1,0,0,1,0,0,1,0,0,6,0,0,9,0,0
2016010023638 ,-0.469114,51.559687,0,2,1,6,12.55,4,6,30,3,4,6,0,0,1,1,1,0,0,1,19,9,0,18,18,0,10,10,0,8,6,0,6,6,0,13,13,0,9,9,0,12,12,0,4,1,0,1,1,0,6,6,0,1,2,0,9,8,0,13,7,0
2016010023642 ,-0.07837,51.52705,0,1,1,1,14.20,3,6,20,6,2,3,0,5,1,1,1,0,0,1,9,0,0,18,0,0,10,0,0,2,0,0,6,0,0,13,0,0,9,0,0,12,0,0,3,0,0,1,0,0,6,0,0,1,0,0,7,0,0,5,0,0
2016010023665 ,-0.166074,51.53295,0,1,1,7,11.57,3,3,30,3,4,6,0,1,1,1,1,0,0,1,9,0,0,18,0,0,10,0,0,2,0,0,6,0,0,13,0,0,9,0,0,12,0,0,1,0,0,1,0,0,6,0,0,1,0,0,10,0,0,6,0,0
2016010023669 ,-0.166832,51.517675,0,1,1,5,17.50,3,3,30,3,4,5,0,0,4,1,1,0,0,1,9,0,0,18,0,0,10,0,0,1,0,0,6,0,0,13,0,0,9,0,0,12,0,0,4,0,0,1,0,0,2,0,0,1,0,0,6,0,0,6,0,0
2016010023722 ,-0.267458,51.600676,0,1,1,3,16.27,3,6,30,3,4,5,0,0,1,1,1,0,0,1,9,0,0,18,0,0,10,0,0,1,0,0,6,0,0,13,0,0,9,0,0,12,0,0,4,0,0,1,0,0,6,0,0,1,0,0,9,0,0,1,0,0
2016010023740 ,0.155085,51.454644,0,2,1,4,20.0,3,6,30,3,4,6,0,0,4,1,1,0,0,1,9,3,0,18,15,0,10,10,0,8,8,0,6,6,0,13,13,0,9,9,0,12,12,0,3,3,0,1,1,0,6,6,0,1,1,0,5,4,0,11,9,0
2016010023746 ,-0.237247,51.530624,0,3,2,1,4.5,3,6,30,3,4,6,0,0,4,7,2,0,0,1,9,9,9,18,18,18,10,10,10,8,8,8,6,6,6,13,13,13,9,9,9,12,12,12,1,1,1,1,1,1,6,6,1,2,1,1,7,6,8,6,5,14
2016010023755 ,-0.404512,51.571236,0,2,1,4,15.30,6,6,30,3,4,6,0,0,1,1,1,0,0,1,9,9,0,4,7,0,10,10,0,8,8,0,6,6,0,13,13,0,9,9,0,12,12,0,2,1,0,1,1,0,6,6,0,1,2,0,5,6,0,16,6,0
2016010023765 ,-0.205307,51.488594,0,2,1,6,16.57,4,6,30,8,4,6,0,0,1,1,1,0,0,1,3,9,0,14,9,0,10,10,0,8,8,0,6,6,0,13,13,0,9,9,0,12,12,0,1,1,0,1,1,0,6,6,0,1,1,0,6,7,0,7,12,0
2016010023766 ,-0.074536,51.556393,0,1,2,3,20.10,3,6,30,3,4,3,0,0,4,1,1,0,0,1,3,0,0,18,0,0,10,0,0,2,0,0,6,0,0,13,0,0,9,0,0,12,0,0,1,0,0,1,0,0,6,0,0,1,0,0,6,0,0,3,0,0
2016010023779 ,-0.245234,51.506644,0,2,1,5,10.5,3,6,30,6,2,4,0,0,1,1,1,0,0,1,5,11,0,9,9,0,10,10,0,8,8,0,6,6,0,13,13,0,9,9,0,12,12,0,1,1,0,1,1,0,6,1,0,1,1,0,6,6,0,1,12,0
2016010023843 ,-0.180847,51.585517,0,2,4,1,0.7,3,3,30,6,2,5,0,5,4,1,1,0,0,1,9,9,0,18,9,0,10,10,0,8,8,0,6,6,0,13,13,0,9,9,0,12,12,0,1,1,0,1,1,0,6,6,0,1,1,0,5,6,0,5,1,0
2016010023871 ,-0.071526,51.57298,0,1,1,4,9.30,3,6,30,3,4,6,0,0,1,1,1,0,0,1,11,0,0,5,0,0,10,0,0,1,0,0,6,0,0,13,0,0,9,0,0,12,0,0,5,0,0,1,0,0,1,0,0,1,0,0,6,0,0,5,0,0
2016010023896 ,-0.503693,51.473088,0,3,1,3,6.20,6,7,70,0,0,0,0,0,1,1,1,0,0,2,21,9,9,11,18,18,10,10,10,9,9,9,6,6,6,13,13,13,9,9,9,12,12,12,1,3,4,1,1,2,1,2,2,1,2,1,8,4,8,5,9,11
2016010023900 ,-0.072897,51.567877,0,2,3,6,15.15,3,6,30,3,4,6,0,4,1,1,1,0,0,1,9,9,0,3,18,0,10,10,0,1,1,0,6,6,0,13,13,0,9,9,0,12,12,0,2,1,0,1,1,0,6,6,0,2,1,0,6,5,0,11,5,0
2016010023903 ,0.195158,51.476833,0,2,2,3,11.20,6,1,30,1,4,6,0,0,1,1,1,0,0,1,9,9,0,9,18,0,10,10,0,8,8,0,6,6,0,13,13,0,9,9,0,12,12,0,1,1,0,1,1,0,6,6,0,1,1,0,8,6,0,6,10,0
2016010023928 ,-0.208482,51.550871,0,3,1,1,14.40,3,6,30,3,4,6,0,0,1,1,1,0,0,1,9,9,9,18,4,4,10,10,10,1,2,2,6,6,6,13,13,13,9,9,9,12,12,12,1,1,1,1,1,1,6,6,6,1,1,1,5,6,9,8,6,12
2016010023929 ,-0.227256,51.516895,0,2,2,2,22.30,3,6,30,3,2,5,0,5,4,1,1,0,0,1,9,9,0,18,9,0,10,10,0,8,8,0,6,5,0,13,13,0,9,9,0,12,12,0,1,4,0,1,1,0,6,6,0,1,1,0,6,4,0,9,8,0
2016010023931 ,0.159838,51.448621,0,2,2,7,16.20,3,6,30,0,0,0,0,0,1,1,1,0,0,2,9,9,0,4,18,0,10,10,0,9,9,0,1,6,0,13,13,0,9,9,0,12,12,0,1,1,0,1,1,0,6,6,0,1,1,0,5,8,0,12,14,0
2016010023938 ,-0.214142,51.557342,0,1,1,1,15.15,3,6,30,3,4,6,0,0,1,1,1,0,0,1,9,0,0,1,0,0,10,0,0,2,0,0,6,0,0,13,0,0,9,0,0,12,0,0,2,0,0,1,0,0,6,0,0,1,0,0,7,0,0,16,0,0
2016010023949 ,0.128354,51.495782,0,1,1,6,22.37,6,6,30,0,0,0,0,0,4,1,1,0,0,1,9,0,0,7,0,0,10,0,0,9,0,0,6,0,0,13,0,0,9,0,0,12,0,0,4,0,0,1,0,0,6,0,0,1,0,0,7,0,0,9,0,0
2016010023954 ,-0.070323,51.53663,0,1,1,2,1.13,4,6,20,0,0,0,0,0,4,1,1,0,0,1,9,0,0,18,0,0,9,0,0,9,0,0,6,0,0,10,0,0,1,0,0,10,0,0,1,0,0,1,0,0,6,0,0,1,0,0,4,0,0,4,0,0
2016010023961 ,0.166632,51.48267,0,1,1,5,5.30,3,6,30,3,4,6,0,0,4,2,2,0,0,1,9,0,0,18,0,0,10,0,0,8,0,0,6,0,0,13,0,0,9,0,0,12,0,0,4,0,0,1,0,0,6,0,0,1,0,0,8,0,0,11,0,0
2016010023974 ,-0.274773,51.609596,0,1,1,2,15.28,6,6,30,3,4,6,0,0,1,1,1,0,0,1,9,0,0,7,0,0,10,0,0,8,0,0,6,0,0,13,0,0,9,0,0,12,0,0,4,0,0,1,0,0,6,0,0,2,0,0,5,0,0,12,0,0
2016010023981 ,-0.277675,51.6207,0,1,1,6,16.0,5,6,30,0,0,0,0,0,1,1,1,0,0,1,9,0,0,14,0,0,10,0,0,9,0,0,6,0,0,13,0,0,9,0,0,12,0,0,3,0,0,1,0,0,6,0,0,1,0,0,7,0,0,3,0,0
2016010023985 ,-0.201323,51.483677,0,1,1,2,19.55,4,6,30,3,4,6,0,0,4,1,1,0,0,1,9,0,0,18,0,0,10,0,0,8,0,0,6,0,0,13,0,0,9,0,0,12,0,0,1,0,0,1,0,0,6,0,0,1,0,0,11,0,0,3,0,0
2016010023988 ,-0.417281,51.506844,0,2,1,6,19.33,5,6,30,3,4,6,0,4,4,1,1,0,0,1,9,11,0,4,7,0,10,10,0,8,8,0,6,6,0,13,13,0,9,9,0,12,12,0,4,1,0,1,1,0,6,1,0,1,1,0,6,7,0,5,7,0
2016010024036 ,-0.073732,51.561775,0,1,1,4,17.50,3,2,30,3,2,4,0,5,4,1,1,0,0,1,4,0,0,18,0,0,10,0,0,1,0,0,6,0,0,13,0,0,9,0,0,12,0,0,1,0,0,1,0,0,2,0,0,1,0,0,9,0,0,1,0,0
2016010024111 ,-0.156617,51.513648,0,1,1,7,15.50,3,6,30,6,2,3,0,5,1,1,1,0,0,1,11,0,0,5,0,0,10,0,0,1,0,0,6,0,0,13,0,0,9,0,0,12,0,0,5,0,0,1,0,0,1,0,0,1,0,0,7,0,0,4,0,0
2016010024112 ,-0.203762,51.487581,0,2,1,1,12.30,4,6,30,0,0,0,0,0,1,1,1,0,0,1,9,3,0,6,18,0,10,10,0,9,9,0,6,6,0,13,13,0,9,9,0,12,12,0,3,1,0,1,1,0,6,6,0,1,1,0,7,4,0,8,7,0
2016010024123 ,-0.242855,51.50481,0,2,1,1,16.26,6,6,30,0,0,0,0,0,1,1,1,0,0,1,8,3,0,7,18,0,10,10,0,9,9,0,6,6,0,13,13,0,9,9,0,12,12,0,3,1,0,1,1,0,1,6,0,1,1,0,8,6,0,4,1,0
2016010024127 ,-0.264409,51.623832,0,2,1,1,9.50,6,6,30,0,0,0,0,0,1,1,1,0,0,1,9,3,0,6,18,0,10,10,0,9,9,0,6,6,0,13,13,0,9,9,0,12,12,0,3,1,0,1,1,0,6,2,0,1,1,0,8,5,0,1,11,0
2016010024144 ,-0.224675,51.509122,0,2,1,5,20.50,3,6,30,3,2,6,0,0,1,1,1,0,0,1,19,2,0,12,18,0,10,10,0,8,2,0,6,6,0,13,13,0,9,9,0,12,12,0,3,1,0,1,1,0,1,6,0,1,1,0,9,4,0,1,11,0
2016010024145 ,-0.237784,51.580181,0,1,1,7,19.0,3,6,30,3,4,6,0,0,4,1,1,0,6,1,3,0,0,18,0,0,10,0,0,8,0,0,6,0,0,13,0,0,9,0,0,12,0,0,3,0,0,1,0,0,6,0,0,1,0,0,6,0,0,1,0,0
2016010024151 ,-0.163532,51.549547,0,2,1,2,13.6,3,6,20,3,4,6,0,0,1,1,1,0,0,1,3,9,0,9,18,0,10,10,0,8,8,0,6,6,0,13,13,0,9,9,0,12,12,0,3,4,0,1,1,0,6,6,0,2,2,0,7,8,0,1,10,0
2016010024154 ,-0.201616,51.589614,0,2,1,2,20.0,3,3,40,9,4,3,0,0,4,1,1,0,0,1,21,9,0,12,18,0,10,10,0,8,8,0,6,6,0,13,13,0,9,9,0,12,12,0,3,4,0,1,1,0,1,6,0,1,1,0,8,7,0,2,12,0
2016010024156 ,-0.069953,51.559016,0,2,1,5,15.25,3,2,30,0,0,0,0,0,1,1,1,0,0,1,9,3,0,4,18,0,10,10,0,9,9,0,6,6,0,13,13,0,9,9,0,12,12,0,2,1,0,1,1,0,6,6,0,2,1,0,10,7,0,1,6,0
2016010024170 ,-0.17676,51.619086,0,1,1,6,9.42,3,6,30,3,4,6,0,1,1,1,1,0,0,1,9,0,0,18,0,0,10,0,0,2,0,0,6,0,0,13,0,0,9,0,0,12,0,0,1,0,0,1,0,0,6,0,0,2,0,0,9,0,0,10,0,0
2016010024182 ,-0.129384,51.513486,0,1,2,4,16.30,3,6,30,6,2,3,0,5,4,1,1,0,0,1,3,0,0,18,0,0,10,0,0,1,0,0,6,0,0,13,0,0,9,0,0,12,0,0,1,0,0,1,0,0,6,0,0,1,0,0,6,0,0,3,0,0
2016010024186 ,-0.255975,51.640342,0,2,1,6,13.40,3,3,50,0,0,0,0,0,1,1,1,0,0,2,8,9,0,12,18,0,10,10,0,9,9,0,6,6,0,13,13,0,9,9,0,12,12,0,2,1,0,1,1,0,6,6,0,1,2,0,5,5,0,4,13,0
2016010024197 ,-0.233587,51.491092,0,2,2,3,15.5,3,6,30,0,0,0,0,0,1,1,1,0,0,1,9,9,0,12,18,0,10,10,0,9,9,0,6,6,0,13,13,0,9,9,0,12,12,0,3,4,0,1,1,0,6,6,0,1,1,0,7,7,0,11,2,0
2016010024207 ,-0.124388,51.529863,0,1,1,6,20.51,3,3,30,3,2,3,0,5,4,1,1,0,0,1,11,0,0,18,0,0,10,0,0,1,0,0,6,0,0,13,0,0,9,0,0,12,0,0,5,0,0,1,0,0,1,0,0,1,0,0,8,0,0,1,0,0
2016010024219 ,-0.188928,51.552909,0,2,1,3,10.0,3,6,30,6,2,5,0,5,1,1,1,0,0,1,5,19,0,18,12,0,10,10,0,1,1,0,6,6,0,13,13,0,9,9,0,12,12,0,4,3,0,1,1,0,1,1,0,1,1,0,7,6,0,6,3,0
2016010024245 ,0.111744,51.39509,0,2,1,4,21.58,6,6,30,3,4,3,0,0,4,1,1,0,0,1,9,9,0,9,18,0,10,10,0,8,8,0,6,6,0,13,13,0,9,9,0,12,12,0,1,1,0,1,1,0,6,6,0,1,1,0,9,7,0,16,12,0
2016010024330 ,-0.164371,51.553786,0,1,1,2,9.55,4,2,20,8,4,6,0,0,1,1,1,0,0,1,20,0,0,1,0,0,10,0,0,8,0,0,6,0,0,13,0,0,9,0,0,12,0,0,2,0,0,1,0,0,1,0,0,1,0,0,7,0,0,3,0,0
2016010024335 ,-0.194899,51.52962,0,1,1,5,15.0,4,6,30,3,4,6,0,0,1,1,1,0,0,1,9,0,0,18,0,0,10,0,0,2,0,0,6,0,0,7,0,0,9,0,0,12,0,0,1,0,0,1,0,0,1,0,0,2,0,0,8,0,0,15,0,0
2016010024336 ,-0.149015,51.491406,0,1,1,2,12.16,3,6,30,3,2,6,0,5,1,1,1,0,0,1,11,0,0,5,0,0,10,0,0,1,0,0,6,0,0,13,0,0,9,0,0,12,0,0,5,0,0,1,0,0,1,0,0,1,0,0,8,0,0,3,0,0
2016010024344 ,-0.027456,51.410736,0,1,1,4,17.21,6,6,30,3,1,3,0,0,1,1,1,0,0,1,9,0,0,18,0,0,10,0,0,8,0,0,6,0,0,13,0,0,9,0,0,12,0,0,4,0,0,1,0,0,6,0,0,2,0,0,4,0,0,2,0,0
2016010024346 ,-0.151388,51.571568,0,2,1,4,10.20,4,6,20,3,4,6,0,0,1,1,1,0,0,1,9,2,0,7,18,0,10,10,0,8,8,0,6,6,0,13,13,0,9,9,0,12,12,0,3,4,0,1,1,0,6,6,0,2,1,0,10,7,0,8,11,0
2016010024350 ,-0.138547,51.525592,0,1,1,1,12.50,3,3,30,3,4,6,0,5,1,1,1,0,0,1,11,0,0,3,0,0,10,0,0,1,0,0,6,0,0,13,0,0,9,0,0,12,0,0,3,0,0,1,0,0,1,0,0,1,0,0,9,0,0,3,0,0
2016010024354 ,0.0434,51.377596,0,1,1,4,7.55,3,6,30,3,4,6,0,0,1,1,2,0,0,2,4,0,0,18,0,0,10,0,0,8,0,0,1,0,0,13,0,0,9,0,0,12,0,0,3,0,0,1,0,0,6,0,0,1,0,0,6,0,0,7,0,0
2016010024357 ,-0.151901,51.501973,0,1,1,4,18.12,4,1,30,1,4,3,0,0,6,1,1,0,0,1,11,0,0,9,0,0,10,0,0,8,0,0,6,0,0,13,0,0,9,0,0,12,0,0,5,0,0,1,0,0,1,0,0,1,0,0,8,0,0,6,0,0
2016010024364 ,-0.152197,51.444784,0,2,1,7,21.30,6,6,30,3,4,3,0,0,4,2,2,0,0,1,8,3,0,1,18,0,10,10,0,2,2,0,6,6,0,13,13,0,9,9,0,12,12,0,2,1,0,1,1,0,1,6,0,1,1,0,8,8,0,6,14,0
2016010024370 ,0.111884,51.394997,0,2,2,5,18.50,3,6,30,3,4,6,0,0,4,1,1,0,0,1,9,9,0,9,18,0,10,10,0,8,8,0,6,6,0,13,13,0,9,9,0,12,12,0,1,1,0,1,1,0,6,6,0,1,1,0,8,8,0,10,9,0
2016010024381 ,-0.134388,51.482721,0,2,2,2,15.42,3,6,30,3,2,6,0,0,1,1,1,0,0,1,8,5,0,9,18,0,10,10,0,8,8,0,6,6,0,13,13,0,9,9,0,12,12,0,1,4,0,1,1,0,6,6,0,1,1,0,9,5,0,9,15,0
2016010024390 ,0.036652,51.309725,0,2,1,5,20.27,3,6,30,3,4,6,0,0,4,1,1,0,0,1,4,9,0,18,7,0,10,10,0,8,8,0,6,6,0,13,13,0,9,9,0,12,12,0,1,3,0,1,1,0,6,6,0,1,1,0,5,11,0,11,19,0
2016010024394 ,-0.191493,51.550071,0,1,1,1,12.19,4,6,30,6,4,6,0,1,1,1,1,0,0,1,9,0,0,3,0,0,10,0,0,2,0,0,6,0,0,13,0,0,9,0,0,12,0,0,4,0,0,1,0,0,6,0,0,1,0,0,6,0,0,2,0,0
2016010024396 ,0.108063,51.408825,0,1,1,6,16.10,6,6,30,0,0,0,0,0,1,1,1,0,0,1,8,0,0,15,0,0,10,0,0,9,0,0,6,0,0,13,0,0,9,0,0,12,0,0,4,0,0,1,0,0,1,0,0,1,0,0,8,0,0,11,0,0
2016010024429 ,-0.169336,51.466006,0,2,1,4,19.8,5,6,30,3,4,6,0,0,4,1,1,0,0,1,3,19,0,18,9,0,10,10,0,8,8,0,6,6,0,13,13,0,9,9,0,12,12,0,3,3,0,1,1,0,6,1,0,1,1,0,6,7,0,1,1,0
2016010024453 ,-0.146706,51.431118,0,2,1,7,12.38,3,6,30,3,4,6,0,0,1,2,2,0,0,1,5,8,0,18,9,0,10,10,0,8,8,0,6,6,0,13,13,0,9,9,0,12,12,0,1,3,0,1,1,0,6,1,0,1,1,0,6,10,0,9,5,0
2016010024455 ,-0.19121,51.54629,0,2,1,2,20.13,4,6,30,3,2,5,0,5,4,1,1,0,0,1,19,2,0,9,13,0,10,10,0,1,1,0,6,6,0,13,13,0,9,9,0,12,12,0,3,4,0,1,1,0,1,1,0,1,1,0,6,7,0,9,1,0
2016010024487 ,-0.153731,51.456678,0,2,1,7,13.30,3,6,30,3,4,5,0,0,1,1,1,0,0,1,9,3,0,9,18,0,10,10,0,8,8,0,6,6,0,13,13,0,9,9,0,12,12,0,1,1,0,1,1,0,6,6,0,1,1,0,6,5,0,3,5,0
2016010024585 ,-0.150021,51.427393,0,1,1,1,9.10,5,6,30,1,4,6,0,0,1,1,1,0,0,1,9,0,0,16,0,0,10,0,0,1,0,0,6,0,0,10,0,0,1,0,0,10,0,0,1,0,0,1,0,0,6,0,0,2,0,0,5,0,0,9,0,0
2016010024586 ,-0.127894,51.532257,0,2,1,6,6.28,3,2,20,3,4,5,0,0,4,1,1,0,0,1,9,4,0,9,13,0,10,10,0,8,8,0,6,6,0,13,13,0,9,9,0,12,12,0,3,4,0,1,1,0,1,1,0,1,1,0,6,6,0,3,12,0
2016010024588 ,-0.303872,51.40598,0,2,1,6,22.0,6,2,30,3,4,3,0,0,7,9,1,0,0,1,3,9,0,18,7,0,10,10,0,8,8,0,6,6,0,13,13,0,9,9,0,12,12,0,1,3,0,1,1,0,6,6,0,1,1,0,6,4,0,4,10,0
2016010024591 ,-0.141768,51.545607,0,2,1,5,17.22,3,6,30,6,4,6,0,0,1,1,1,0,0,1,9,5,0,9,15,0,10,10,0,5,1,0,6,6,0,13,13,0,9,9,0,12,12,0,4,1,0,1,1,0,2,6,0,1,1,0,6,6,0,8,14,0
2016010024592 ,-0.157562,51.425893,0,2,1,2,12.30,5,6,30,3,4,6,0,0,1,1,1,0,0,1,9,5,0,9,9,0,10,10,0,8,8,0,6,6,0,13,13,0,9,9,0,12,12,0,1,3,0,1,1,0,6,6,0,2,1,0,9,7,0,9,12,0
2016010024593 ,-0.138065,51.533858,0,1,1,6,15.35,3,6,30,0,0,0,0,0,1,9,1,0,0,1,9,0,0,18,0,0,10,0,0,9,0,0,6,0,0,13,0,0,9,0,0,12,0,0,1,0,0,1,0,0,6,0,0,1,0,0,11,0,0,13,0,0
2016010024595 ,-0.163165,51.52643,0,1,1,3,7.50,3,6,30,3,4,6,0,0,1,1,1,0,0,1,9,0,0,18,0,0,10,0,0,1,0,0,6,0,0,13,0,0,9,0,0,12,0,0,1,0,0,1,0,0,6,0,0,1,0,0,10,0,0,14,0,0
2016010024597 ,-0.193586,51.555499,0,3,1,3,14.45,3,6,30,3,4,6,0,4,1,1,1,0,0,1,9,4,9,9,15,3,10,2,10,5,1,1,6,6,6,13,13,13,9,9,9,12,12,12,4,1,4,1,1,1,1,2,2,1,1,2,9,6,6,3,10,1
2016010024598 ,-0.179566,51.465805,0,1,1,3,14.10,3,6,30,3,4,6,0,0,1,1,1,0,0,1,19,0,0,7,0,0,10,0,0,8,0,0,6,0,0,13,0,0,9,0,0,12,0,0,1,0,0,1,0,0,1,0,0,1,0,0,6,0,0,8,0,0
2016010024599 ,-0.319557,51.338941,0,2,1,2,12.28,3,6,30,3,4,6,0,0,1,1,1,0,0,2,3,9,0,18,9,0,10,10,0,1,5,0,1,6,0,13,13,0,9,9,0,12,12,0,1,2,0,1,1,0,2,6,0,1,2,0,7,8,0,3,5,0
2016010024601 ,-0.117133,51.523991,0,2,1,6,18.5,4,6,30,6,4,6,0,1,1,1,1,0,0,1,9,3,0,9,9,0,10,10,0,8,8,0,6,6,0,13,13,0,9,9,0,12,12,0,3,4,0,1,1,0,6,6,0,2,1,0,7,4,0,6,9,0
2016010024606 ,-0.252995,51.390305,0,2,1,4,15.0,3,6,30,3,4,5,0,0,1,9,1,0,0,1,9,5,0,9,13,0,10,10,0,5,1,0,6,6,0,13,13,0,9,9,0,12,12,0,3,1,0,1,1,0,6,6,0,2,1,0,10,7,0,5,12,0
2016010024613 ,-0.188222,51.552539,0,2,1,5,14.40,3,3,40,3,2,6,0,5,1,1,1,0,0,1,8,4,0,9,18,0,10,2,0,5,1,0,6,1,0,13,13,0,9,9,0,12,12,0,4,1,0,1,1,0,1,2,0,1,1,0,6,8,0,7,2,0
2016010024627 ,-0.173253,51.46166,0,1,1,4,18.45,5,6,30,6,2,3,0,5,1,1,1,0,0,1,9,0,0,18,0,0,10,0,0,1,0,0,6,0,0,13,0,0,9,0,0,12,0,0,1,0,0,1,0,0,6,0,0,2,0,0,9,0,0,7,0,0
2016010024633 ,-0.257192,51.404666,0,2,1,5,21.8,6,6,30,3,4,4,0,0,4,1,1,0,0,1,9,3,0,9,18,0,10,10,0,5,1,0,6,6,0,13,13,0,9,9,0,12,12,0,3,1,0,1,1,0,6,6,0,1,1,0,6,7,0,12,9,0
2016010024637 ,-0.151109,51.475252,0,1,1,2,18.30,3,3,30,3,4,6,0,0,4,2,2,0,0,1,9,0,0,9,0,0,10,0,0,8,0,0,6,0,0,13,0,0,9,0,0,12,0,0,1,0,0,1,0,0,6,0,0,1,0,0,6,0,0,17,0,0