Accident_Index,Longitude,Latitude,SV,Number_of_Vehicles,Number_of_Casualties,Day_of_Week,Time,1st_Road_Class,Road_Type,Speed_limit,Junction_Detail,Junction_Control,2nd_Road_Class,Pedestrian_Crossing-Human_Control,Pedestrian_Crossing-Physical_Facilities,Light_Conditions,Weather_Conditions,Road_Surface_Conditions,Special_Conditions_at_Site,Carriageway_Hazards,Urban_or_Rural_Area,Vehicle1_Type,Vehicle2_Type,Vehicle3_Type,Vehicle1_Manoeuvre,Vehicle2_Manoeuvre,Vehicle3_Manoeuvre,Vehicle1_Location-Restricted_Lane,Vehicle2_Location-Restricted_Lane,Vehicle3_Location-Restricted_Lane,Junction1_Location,Junction2_Location,Junction3_Location,Skidding1_and_Overturning,Skidding2_and_Overturning,Skidding3_and_Overturning,Hit_Object_in_Carriageway1,Hit_Object_in_Carriageway2,Hit_Object_in_Carriageway3,Vehicle1_Leaving_Carriageway,Vehicle2_Leaving_Carriageway,Vehicle3_Leaving_Carriageway,Hit_Object_off_Carriageway1,Hit_Object_off_Carriageway2,Hit_Object_off_Carriageway3,1st_Point_of_Impact1,1st_Point_of_Impact2,1st_Point_of_Impact3,Was_Vehicle 1_Left_Hand_Drive?,Was_Vehicle2_Left_Hand_Drive?,Was_Vehicle 3_Left_Hand_Drive?,Journey_Purpose_of_Driver1,Journey_Purpose_of_Driver2,Journey_Purpose_of_Driver3,Sex_of_Driver1,Sex_of_Driver2,Sex_of_Driver3,Age_Band_of_Driver1,Age_Band_of_Driver2,Age_Band_of_Driver3,Age_of_Vehicle1,Age_of_Vehicle2,Age_of_Vehicle3
2016010025994 ,-0.217039,51.461076,0,1,1,5,18.50,3,6,30,0,0,0,0,5,4,1,1,0,0,1,5,0,0,14,0,0,10,0,0,9,0,0,6,0,0,13,0,0,9,0,0,12,0,0,1,0,0,1,0,0,6,0,0,1,0,0,8,0,0,2,0,0
2016010026001 ,-0.007692,51.379106,0,1,1,2,20.1,6,6,30,3,4,6,0,0,4,1,1,0,0,1,9,0,0,7,0,0,10,0,0,8,0,0,6,0,0,13,0,0,9,0,0,12,0,0,3,0,0,1,0,0,6,0,0,2,0,0,8,0,0,14,0,0
2016010026123 ,-0.28607,51.489802,0,2,1,2,11.14,3,6,30,3,4,6,0,0,1,1,1,0,0,1,9,21,0,12,18,0,10,10,0,2,2,0,6,6,0,13,13,0,9,9,0,12,12,0,3,4,0,1,1,0,6,1,0,1,1,0,10,8,0,9,1,0
2016010026127 ,0.011507,51.567629,0,1,1,1,15.53,6,2,20,0,0,0,0,0,1,1,1,0,0,1,9,0,0,1,0,0,9,0,0,9,0,0,6,0,0,13,0,0,9,0,0,12,0,0,2,0,0,1,0,0,6,0,0,1,0,0,5,0,0,12,0,0
2016010026132 ,-0.004905,51.59156,0,2,1,4,3.0,4,6,30,6,2,3,0,5,4,1,1,0,0,1,8,9,0,18,18,0,10,10,0,8,8,0,6,6,0,13,13,0,9,9,0,12,12,0,4,1,0,1,1,0,1,6,0,1,1,0,7,5,0,5,2,0
2016010026151 ,-0.026096,51.582296,0,2,1,2,8.55,5,6,30,3,4,6,0,0,1,1,1,0,0,1,9,19,0,9,18,0,10,10,0,6,8,0,6,6,0,13,13,0,9,9,0,12,12,0,1,3,0,1,1,0,6,6,0,1,1,0,8,7,0,4,11,0
2016010026152 ,-0.169929,51.425997,0,2,1,5,22.20,3,6,30,3,4,6,0,0,1,1,1,0,0,1,9,3,0,6,18,0,10,10,0,8,8,0,6,6,0,13,13,0,9,9,0,12,12,0,3,1,0,1,1,0,6,6,0,1,1,0,10,6,0,14,12,0
2016010026153 ,0.035791,51.607318,0,1,1,5,13.35,5,6,30,0,0,0,0,0,1,1,1,0,0,1,9,0,0,9,0,0,10,0,0,9,0,0,6,0,0,13,0,0,9,0,0,12,0,0,1,0,0,1,0,0,2,0,0,2,0,0,6,0,0,3,0,0
2016010026174 ,-0.225613,51.462734,0,1,1,2,16.40,3,6,30,8,1,6,0,0,1,1,1,0,0,1,9,0,0,9,0,0,10,0,0,8,0,0,6,0,0,13,0,0,9,0,0,12,0,0,5,0,0,1,0,0,6,0,0,1,0,0,6,0,0,3,0,0
2016010026175 ,0.058469,51.581832,0,1,1,4,10.30,5,1,30,6,4,3,0,4,1,1,1,0,0,1,9,0,0,4,0,0,10,0,0,1,0,0,6,0,0,13,0,0,9,0,0,12,0,0,1,0,0,1,0,0,6,0,0,1,0,0,7,0,0,11,0,0
2016010026177 ,-0.017097,51.570184,0,2,2,5,11.34,5,2,20,6,3,6,0,0,1,1,2,0,0,1,9,9,0,18,5,0,10,10,0,1,6,0,6,6,0,13,13,0,9,9,0,12,12,0,3,1,0,1,1,0,6,6,0,1,1,0,8,8,0,15,11,0
2016010026184 ,-0.004909,51.59147,0,1,1,5,13.30,4,3,30,6,2,3,0,0,1,1,1,0,0,1,11,0,0,5,0,0,10,0,0,1,0,0,6,0,0,13,0,0,9,0,0,12,0,0,5,0,0,1,0,0,1,0,0,1,0,0,8,0,0,4,0,0
2016010026188 ,-0.211197,51.463235,0,1,2,5,16.12,3,6,30,2,4,6,0,1,4,1,1,0,0,1,8,0,0,18,0,0,10,0,0,1,0,0,6,0,0,13,0,0,9,0,0,12,0,0,1,0,0,2,0,0,6,0,0,1,0,0,7,0,0,12,0,0
2016010026205 ,-0.223673,51.46819,0,2,1,5,14.51,4,6,30,3,4,6,0,0,1,1,1,0,1,1,3,9,0,16,9,0,10,10,0,1,8,0,6,6,0,13,13,0,9,9,0,12,12,0,1,3,0,1,1,0,6,6,0,1,1,0,4,7,0,4,12,0
2016010026227 ,-0.037562,51.584197,0,1,1,6,20.37,3,6,30,3,4,6,0,1,4,1,1,0,0,1,11,0,0,4,0,0,10,0,0,1,0,0,6,0,0,13,0,0,9,0,0,12,0,0,5,0,0,1,0,0,1,0,0,1,0,0,7,0,0,11,0,0
2016010026235 ,-0.175102,51.440556,0,2,1,7,18.22,4,6,30,3,4,6,0,0,4,1,1,0,0,1,9,8,0,18,4,0,10,10,0,8,8,0,6,6,0,13,13,0,9,9,0,12,12,0,1,2,0,1,1,0,6,1,0,1,1,0,5,8,0,8,4,0
2016010026282 ,-0.218011,51.458303,0,1,1,1,11.59,3,6,30,3,4,6,0,0,1,1,1,0,0,1,11,0,0,4,0,0,10,0,0,1,0,0,6,0,0,13,0,0,9,0,0,12,0,0,5,0,0,1,0,0,6,0,0,1,0,0,6,0,0,14,0,0
2016010026365 ,-0.033304,51.599234,0,2,1,2,8.27,4,1,30,1,4,6,0,0,1,1,1,0,0,1,9,9,0,18,18,0,10,10,0,8,8,0,6,6,0,13,13,0,9,9,0,12,12,0,4,1,0,1,1,0,2,6,0,2,1,0,5,10,0,7,9,0
2016010026367 ,0.010253,51.594809,0,2,1,3,19.40,3,1,40,1,2,3,0,0,4,1,1,0,0,1,9,5,0,16,16,0,10,10,0,2,2,0,6,1,0,13,13,0,9,9,0,12,12,0,2,1,0,1,1,0,6,6,0,1,1,0,6,7,0,6,16,0
2016010026380 ,0.100603,51.578388,0,1,1,4,5.48,3,3,50,0,0,0,0,0,4,1,1,0,0,1,9,0,0,18,0,0,10,0,0,9,0,0,6,0,0,13,0,0,9,0,0,12,0,0,4,0,0,1,0,0,2,0,0,1,0,0,7,0,0,5,0,0
2016010026383 ,-0.057459,51.479763,0,2,1,2,19.48,3,6,30,3,4,6,0,0,1,1,1,0,0,1,9,4,0,4,18,0,10,10,0,1,1,0,6,6,0,13,13,0,9,9,0,12,12,0,2,1,0,1,1,0,6,6,0,1,1,0,8,4,0,12,2,0
2016010026390 ,-0.164681,51.431311,0,2,1,5,16.45,3,6,30,3,4,6,0,0,1,1,1,0,0,1,9,3,0,9,13,0,10,10,0,8,1,0,6,6,0,13,13,0,9,9,0,12,12,0,3,1,0,1,1,0,6,6,0,1,1,0,8,5,0,7,4,0
2016010026391 ,-0.094898,51.507535,0,2,1,7,16.56,3,6,20,0,0,0,0,8,1,1,1,0,0,1,9,5,0,6,16,0,10,10,0,9,9,0,6,1,0,13,13,0,9,9,0,12,12,0,3,1,0,1,1,0,6,6,0,1,1,0,8,5,0,18,5,0
2016010026397 ,-0.167981,51.427945,0,1,1,3,16.15,3,6,30,6,2,3,0,5,1,1,1,0,0,1,3,0,0,18,0,0,10,0,0,8,0,0,6,0,0,13,0,0,9,0,0,12,0,0,1,0,0,1,0,0,6,0,0,1,0,0,5,0,0,7,0,0
2016010026398 ,0.006122,51.55675,0,1,1,3,14.30,3,6,30,3,4,6,0,0,1,1,1,0,0,1,9,0,0,18,0,0,10,0,0,1,0,0,6,0,0,13,0,0,9,0,0,12,0,0,1,0,0,1,0,0,6,0,0,2,0,0,7,0,0,6,0,0
2016010026401 ,-0.028096,51.58278,0,1,1,5,10.30,5,6,20,9,2,6,0,4,1,1,1,0,0,1,9,0,0,18,0,0,10,0,0,1,0,0,6,0,0,13,0,0,9,0,0,12,0,0,4,0,0,1,0,0,6,0,0,1,0,0,5,0,0,11,0,0
2016010026405 ,-0.000483,51.570622,0,1,1,3,16.9,5,6,20,0,0,0,0,0,1,1,1,0,0,1,9,0,0,18,0,0,10,0,0,9,0,0,6,0,0,13,0,0,9,0,0,12,0,0,5,0,0,1,0,0,6,0,0,1,0,0,6,0,0,15,0,0
2016010026410 ,-0.083242,51.489989,0,2,1,7,12.7,5,6,30,3,4,6,0,0,1,1,1,0,0,1,9,9,0,9,18,0,10,10,0,6,8,0,6,6,0,13,13,0,9,9,0,12,12,0,1,4,0,1,1,0,1,1,0,1,2,0,6,8,0,3,8,0
2016010026412 ,0.07814,51.554237,0,2,1,3,7.0,6,6,30,2,4,6,0,0,4,1,1,0,0,1,9,9,0,5,18,0,10,10,0,8,8,0,6,6,0,13,13,0,9,9,0,12,12,0,3,1,0,1,1,0,6,6,0,1,1,0,7,5,0,3,4,0
2016010026414 ,-0.149161,51.480707,0,2,1,6,23.50,3,6,30,3,4,6,0,0,4,1,1,0,0,1,8,3,0,4,18,0,10,10,0,8,8,0,6,6,0,13,13,0,9,9,0,12,12,0,2,1,0,1,1,0,1,6,0,1,2,0,8,6,0,2,3,0
2016010026419 ,-0.056301,51.466344,0,2,1,1,14.31,3,6,20,3,4,6,0,0,1,1,1,0,0,1,9,4,0,9,13,0,10,10,0,1,1,0,6,1,0,13,13,0,9,9,0,12,12,0,3,4,0,1,1,0,6,6,0,2,1,0,9,7,0,11,1,0
2016010026420 ,0.110309,51.566703,0,1,1,6,6.48,3,6,30,6,2,4,0,5,4,1,1,0,0,1,9,0,0,5,0,0,10,0,0,1,0,0,6,0,0,13,0,0,9,0,0,12,0,0,3,0,0,1,0,0,2,0,0,1,0,0,8,0,0,2,0,0
2016010026484 ,-0.073045,51.567789,0,2,1,6,18.5,3,6,30,3,4,6,0,4,1,1,1,0,0,1,9,4,0,9,18,0,10,10,0,8,8,0,6,6,0,13,13,0,9,9,0,12,12,0,4,1,0,1,1,0,6,6,0,1,1,0,8,5,0,2,3,0
2016010026505 ,-0.014487,51.600266,0,1,1,7,19.5,3,7,50,0,0,0,0,0,1,2,2,0,0,1,4,0,0,4,0,0,10,0,0,9,0,0,6,0,0,13,0,0,9,0,0,12,0,0,4,0,0,1,0,0,6,0,0,1,0,0,5,0,0,8,0,0
2016010026510 ,0.07472,51.390175,0,2,1,3,8.4,6,1,30,2,4,6,0,1,1,1,1,0,0,1,9,9,0,18,18,0,10,10,0,8,8,0,6,6,0,13,13,0,9,9,0,12,12,0,3,1,0,1,1,0,6,6,0,1,2,0,6,8,0,5,11,0
2016010026514 ,-0.028096,51.58278,0,2,1,2,2.15,5,6,30,9,2,6,0,4,4,1,2,0,0,1,4,9,0,18,18,0,10,10,0,1,6,0,6,6,0,13,13,0,9,9,0,12,12,0,1,3,0,1,1,0,6,6,0,1,1,0,6,4,0,6,8,0
2016010026515 ,-0.090497,51.557643,0,2,1,1,2.10,3,6,20,3,2,5,0,5,4,1,1,0,0,1,8,8,0,3,18,0,10,10,0,1,1,0,6,6,0,13,13,0,9,9,0,12,12,0,2,1,0,1,1,0,1,1,0,1,1,0,6,8,0,10,5,0
2016010026517 ,-0.006652,51.59123,0,1,1,5,20.10,3,6,30,3,4,6,0,0,4,1,1,0,0,1,9,0,0,9,0,0,10,0,0,6,0,0,6,0,0,13,0,0,9,0,0,12,0,0,1,0,0,1,0,0,6,0,0,1,0,0,7,0,0,10,0,0
2016010026526 ,-0.055487,51.373704,0,2,2,2,11.55,3,6,30,0,0,0,0,0,1,1,1,0,0,1,19,9,0,4,18,0,10,10,0,9,9,0,6,6,0,13,13,0,9,9,0,12,12,0,2,1,0,1,1,0,6,6,0,1,1,0,6,8,0,9,9,0
2016010026529 ,-0.222895,51.536343,0,1,1,5,20.8,6,6,30,0,0,0,0,0,1,1,1,0,0,1,9,0,0,18,0,0,10,0,0,9,0,0,6,0,0,13,0,0,9,0,0,12,0,0,1,0,0,1,0,0,6,0,0,1,0,0,7,0,0,13,0,0
2016010026540 ,-0.069843,51.530956,0,1,1,3,15.37,3,6,30,6,2,4,0,5,1,1,1,0,0,1,9,0,0,9,0,0,10,0,0,2,0,0,6,0,0,13,0,0,9,0,0,12,0,0,1,0,0,1,0,0,6,0,0,1,0,0,9,0,0,11,0,0
2016010026543 ,-0.296111,51.552716,0,1,1,5,14.49,3,6,30,3,4,6,0,0,1,1,1,0,0,1,3,0,0,14,0,0,10,0,0,2,0,0,6,0,0,13,0,0,9,0,0,12,0,0,4,0,0,1,0,0,6,0,0,1,0,0,5,0,0,3,0,0
2016010026552 ,0.01422,51.410117,0,2,1,2,6.50,3,6,30,3,4,6,0,0,4,1,1,0,0,1,5,9,0,18,9,0,10,10,0,8,8,0,1,6,0,13,13,0,9,9,0,12,12,0,4,1,0,1,1,0,6,6,0,1,1,0,6,7,0,18,4,0
2016010026561 ,-0.146428,51.477066,0,1,1,2,11.32,3,6,30,3,4,6,0,0,1,1,1,0,0,1,11,0,0,18,0,0,10,0,0,8,0,0,6,0,0,13,0,0,9,0,0,12,0,0,5,0,0,1,0,0,1,0,0,2,0,0,6,0,0,4,0,0
2016010026562 ,-0.092548,51.563791,0,2,2,5,7.45,3,6,30,6,2,4,0,5,1,1,1,0,0,1,9,19,0,18,9,0,10,10,0,8,8,0,6,6,0,13,13,0,9,9,0,12,12,0,3,1,0,1,1,0,2,2,0,2,1,0,7,7,0,9,2,0
2016010026566 ,0.020471,51.584292,0,1,2,6,19.15,3,6,30,0,0,0,0,0,4,1,1,0,0,1,3,0,0,18,0,0,10,0,0,9,0,0,6,0,0,13,0,0,9,0,0,12,0,0,4,0,0,1,0,0,6,0,0,1,0,0,5,0,0,1,0,0
2016010026568 ,0.074145,51.412399,0,1,1,6,15.10,3,6,30,6,2,3,0,5,1,1,1,0,0,1,11,0,0,18,0,0,10,0,0,8,0,0,6,0,0,13,0,0,9,0,0,12,0,0,4,0,0,1,0,0,1,0,0,1,0,0,7,0,0,4,0,0
2016010026575 ,-0.013433,51.574799,0,1,1,3,2.50,3,6,30,3,4,6,0,0,4,1,1,0,0,1,11,0,0,5,0,0,10,0,0,1,0,0,6,0,0,13,0,0,9,0,0,12,0,0,5,0,0,1,0,0,1,0,0,1,0,0,8,0,0,2,0,0
2016010026587 ,-0.292044,51.553467,0,1,1,3,14.40,3,6,30,0,0,0,0,0,1,1,1,0,0,1,9,0,0,18,0,0,10,0,0,9,0,0,6,0,0,13,0,0,9,0,0,12,0,0,1,0,0,1,0,0,6,0,0,1,0,0,7,0,0,1,0,0
2016010026588 ,0.03714,51.434002,0,2,1,5,20.0,4,6,30,3,4,6,0,0,4,1,1,0,0,1,4,9,0,15,9,0,10,10,0,8,8,0,6,6,0,13,13,0,9,9,0,12,12,0,1,1,0,1,1,0,6,6,0,1,1,0,6,6,0,7,12,0
2016010026595 ,-0.255394,51.56129,0,2,1,4,7.56,3,1,30,0,0,0,0,0,1,1,1,0,0,1,9,19,0,3,11,0,10,10,0,9,9,0,6,6,0,13,13,0,9,9,0,12,12,0,2,1,0,1,1,0,6,6,0,1,1,0,6,4,0,1,9,0
2016010026600 ,-0.167202,51.371908,0,2,2,1,14.50,5,6,30,3,4,5,0,0,1,1,1,0,0,1,9,9,0,18,9,0,10,10,0,8,8,0,6,6,0,13,13,0,9,9,0,12,12,0,1,1,0,1,1,0,6,6,0,1,2,0,4,9,0,10,15,0
2016010026607 ,0.089486,51.575169,0,1,1,4,10.35,6,6,30,3,2,6,0,5,1,1,1,0,0,1,9,0,0,18,0,0,10,0,0,2,0,0,6,0,0,13,0,0,9,0,0,12,0,0,1,0,0,1,0,0,6,0,0,2,0,0,7,0,0,6,0,0
2016010026615 ,-0.066742,51.382793,0,2,2,1,16.0,3,6,30,0,0,0,0,0,4,1,1,0,0,1,9,9,0,18,18,0,10,10,0,9,9,0,6,6,0,13,13,0,9,9,0,12,12,0,1,1,0,1,1,0,6,6,0,1,2,0,8,10,0,15,3,0
2016010026635 ,-0.018198,51.352125,0,2,1,7,13.30,5,6,30,3,4,6,0,0,1,1,1,0,0,1,9,3,0,18,18,0,10,10,0,8,8,0,6,1,0,13,13,0,9,9,0,12,12,0,1,1,0,1,1,0,6,6,0,1,1,0,5,5,0,4,2,0
2016010026638 ,0.084918,51.554207,0,1,1,4,18.5,6,6,30,0,0,0,0,0,4,1,1,0,0,1,9,0,0,4,0,0,10,0,0,9,0,0,6,0,0,13,0,0,9,0,0,12,0,0,4,0,0,1,0,0,6,0,0,2,0,0,7,0,0,3,0,0
2016010026648 ,-0.128443,51.325251,0,2,1,1,11.0,4,6,30,0,0,0,0,0,1,2,2,0,0,1,9,9,0,16,17,0,10,10,0,9,9,0,6,6,0,13,13,0,9,9,0,12,12,0,1,1,0,1,1,0,6,6,0,2,1,0,6,4,0,12,9,0
2016010026649 ,0.073841,51.551705,0,1,1,5,13.53,3,6,30,3,4,6,0,0,1,1,1,0,0,1,11,0,0,18,0,0,10,0,0,2,0,0,6,0,0,13,0,0,9,0,0,12,0,0,4,0,0,1,0,0,1,0,0,1,0,0,5,0,0,6,0,0
2016010026730 ,-0.193284,51.534002,0,1,1,4,1.40,5,6,30,0,0,0,0,0,5,1,1,0,0,1,9,0,0,18,0,0,10,0,0,9,0,0,6,0,0,4,0,0,9,0,0,12,0,0,4,0,0,1,0,0,6,0,0,1,0,0,6,0,0,7,0,0
2016010026732 ,-0.288053,51.46762,0,2,1,7,20.50,3,3,40,1,4,4,0,0,4,1,1,0,0,1,8,19,0,18,12,0,10,10,0,8,8,0,6,1,0,13,10,0,9,6,0,12,12,0,1,1,0,1,1,0,1,6,0,1,1,0,7,8,0,4,7,0
2016010026734 ,-0.015389,51.57627,0,1,1,1,8.48,3,6,30,3,4,5,0,1,1,1,1,0,0,1,9,0,0,18,0,0,10,0,0,2,0,0,6,0,0,13,0,0,9,0,0,12,0,0,1,0,0,1,0,0,6,0,0,1,0,0,9,0,0,10,0,0
2016010026741 ,-0.29212,51.563,0,1,1,2,15.15,5,6,30,0,0,0,0,0,1,1,1,0,0,1,9,0,0,18,0,0,10,0,0,9,0,0,5,0,0,4,0,0,9,0,0,12,0,0,4,0,0,1,0,0,6,0,0,1,0,0,6,0,0,11,0,0
2016010026744 ,-0.295553,51.451812,0,1,1,2,11.55,4,6,30,0,0,0,0,0,1,1,1,0,0,1,3,0,0,18,0,0,10,0,0,9,0,0,6,0,0,13,0,0,9,0,0,12,0,0,1,0,0,1,0,0,6,0,0,1,0,0,7,0,0,14,0,0
2016010026750 ,-0.002634,51.587385,0,2,1,7,22.40,6,6,20,3,4,6,0,0,4,1,1,0,0,1,8,3,0,9,4,0,10,10,0,8,1,0,6,6,0,13,13,0,9,9,0,12,12,0,1,5,0,1,1,0,1,1,0,1,1,0,8,6,0,4,5,0
2016010026757 ,-0.010525,51.562069,0,2,1,2,14.0,3,6,30,3,4,6,0,0,1,1,1,0,0,1,5,19,0,13,9,0,10,10,0,1,8,0,6,6,0,10,13,0,1,9,0,10,12,0,1,3,0,1,1,0,6,6,0,1,1,0,6,8,0,11,9,0
2016010026759 ,-0.121229,51.378823,0,2,2,3,15.24,3,3,30,5,4,6,0,0,1,4,1,0,0,1,9,9,0,18,5,0,10,10,0,7,7,0,6,6,0,13,13,0,9,9,0,12,12,0,2,1,0,1,1,0,6,6,0,2,1,0,8,7,0,12,7,0
2016010026760 ,0.001715,51.623911,0,2,1,2,12.15,4,1,30,2,4,5,0,8,1,1,1,0,0,1,4,19,0,18,18,0,10,10,0,4,8,0,6,6,0,13,13,0,9,9,0,12,12,0,1,4,0,1,1,0,6,6,0,1,1,0,6,8,0,3,5,0
2016010026764 ,-0.017622,51.601218,0,4,2,1,16.0,3,3,50,0,0,0,0,0,1,2,2,0,0,1,9,9,9,4,4,4,10,10,10,9,9,9,6,6,6,13,13,13,9,9,9,12,12,12,2,2,1,1,1,1,6,6,6,2,1,1,6,6,4,7,6,1
2016010026768 ,-0.290524,51.559379,0,2,1,5,15.18,3,6,30,6,2,5,0,5,1,2,2,0,0,1,9,9,0,4,5,0,10,10,0,8,8,0,6,6,0,13,13,0,9,9,0,12,12,0,2,1,0,1,1,0,6,6,0,2,1,0,7,7,0,8,6,0
2016010026772 ,-0.305681,51.458164,0,1,2,2,13.0,3,6,30,1,4,3,0,1,1,1,1,0,0,1,9,0,0,7,0,0,10,0,0,3,0,0,6,0,0,13,0,0,9,0,0,12,0,0,1,0,0,1,0,0,2,0,0,2,0,0,10,0,0,14,0,0
2016010026787 ,-0.238715,51.548631,0,1,1,3,20.25,3,6,30,3,4,6,0,0,4,1,1,0,0,1,11,0,0,4,0,0,10,0,0,2,0,0,6,0,0,13,0,0,9,0,0,12,0,0,5,0,0,1,0,0,1,0,0,1,0,0,8,0,0,12,0,0
2016010026790 ,-0.287906,51.467707,0,1,1,1,0.34,3,3,40,3,4,4,0,1,4,1,1,0,0,1,8,0,0,18,0,0,10,0,0,8,0,0,6,0,0,13,0,0,9,0,0,12,0,0,1,0,0,1,0,0,1,0,0,1,0,0,7,0,0,5,0,0
2016010026791 ,-0.337212,51.406458,0,2,1,5,15.41,3,6,30,3,4,3,0,1,1,1,1,0,0,1,9,3,0,9,18,0,10,10,0,8,8,0,6,6,0,13,13,0,9,9,0,12,12,0,3,1,0,1,1,0,6,6,0,1,1,0,9,9,0,17,2,0
2016010026794 ,-0.423658,51.493261,0,3,2,1,16.54,1,3,70,0,0,0,0,0,1,1,1,0,0,1,9,9,9,18,18,18,10,10,10,9,9,9,6,6,6,13,13,13,9,9,9,12,12,12,2,1,1,1,1,1,6,6,6,1,1,2,7,7,7,2,1,1
2016010026802 ,-0.298162,51.586648,0,1,1,2,11.8,3,6,30,3,4,6,0,0,1,1,1,0,0,1,11,0,0,18,0,0,10,0,0,1,0,0,6,0,0,13,0,0,9,0,0,12,0,0,5,0,0,1,0,0,1,0,0,1,0,0,9,0,0,7,0,0
2016010026805 ,-0.016021,51.465579,0,1,1,6,9.45,3,2,20,3,4,6,0,8,1,1,1,0,0,1,9,0,0,1,0,0,10,0,0,1,0,0,6,0,0,13,0,0,9,0,0,12,0,0,2,0,0,1,0,0,1,0,0,1,0,0,6,0,0,1,0,0
2016010026812 ,-0.100747,51.543601,0,3,1,2,16.18,3,6,20,6,2,5,0,5,1,1,1,0,0,1,9,5,19,5,10,5,10,10,10,6,8,6,6,6,6,13,13,13,9,9,9,12,12,12,1,2,1,1,1,1,2,6,1,1,1,1,7,8,9,3,13,2
2016010026815 ,0.064101,51.591446,0,1,1,3,8.0,5,6,30,0,0,0,0,0,1,1,1,0,0,1,9,0,0,18,0,0,10,0,0,9,0,0,6,0,0,13,0,0,9,0,0,12,0,0,3,0,0,1,0,0,6,0,0,1,0,0,6,0,0,9,0,0
2016010026818 ,-0.040389,51.474802,0,1,2,6,6.20,3,6,20,0,0,0,0,5,1,1,1,0,0,1,5,0,0,18,0,0,10,0,0,9,0,0,6,0,0,13,0,0,9,0,0,12,0,0,1,0,0,1,0,0,2,0,0,1,0,0,7,0,0,11,0,0
2016010026824 ,-0.103009,51.37808,0,1,1,3,12.50,3,6,30,3,4,6,0,5,1,1,1,0,0,1,9,0,0,9,0,0,10,0,0,8,0,0,6,0,0,13,0,0,9,0,0,12,0,0,5,0,0,1,0,0,6,0,0,2,0,0,8,0,0,16,0,0
2016010026828 ,0.010067,51.472779,0,2,1,7,14.47,3,6,30,1,4,5,0,8,1,1,1,0,0,1,9,9,0,3,4,0,10,10,0,1,1,0,6,6,0,13,13,0,9,9,0,12,12,0,2,1,0,1,1,0,6,6,0,1,1,0,6,8,0,10,6,0
2016010026851 ,0.081169,51.588986,0,1,1,2,17.25,3,6,30,3,4,6,0,8,1,1,1,0,0,1,9,0,0,9,0,0,10,0,0,2,0,0,6,0,0,13,0,0,9,0,0,12,0,0,3,0,0,1,0,0,6,0,0,2,0,0,7,0,0,8,0,0
2016010026855 ,-0.006374,51.425937,0,2,1,7,19.30,3,6,30,0,0,0,0,0,4,1,1,0,0,1,9,9,0,9,9,0,10,10,0,9,9,0,6,6,0,13,13,0,9,9,0,12,12,0,4,3,0,1,1,0,6,6,0,1,1,0,6,6,0,9,17,0
2016010026889 ,-0.212538,51.358849,0,1,1,4,11.30,3,6,30,3,4,6,0,8,1,1,1,0,0,1,9,0,0,18,0,0,10,0,0,8,0,0,6,0,0,13,0,0,9,0,0,12,0,0,4,0,0,1,0,0,6,0,0,1,0,0,9,0,0,12,0,0
2016010026891 ,0.095455,51.570027,0,2,2,1,19.15,5,6,30,3,4,6,0,0,4,1,1,0,0,1,3,9,0,13,9,0,10,10,0,8,8,0,6,6,0,13,13,0,9,9,0,12,12,0,1,2,0,1,1,0,6,6,0,1,1,0,4,8,0,8,3,0
2016010026939 ,-0.118226,51.549908,0,1,1,2,7.50,3,6,20,9,2,3,0,5,1,1,1,0,0,1,8,0,0,7,0,0,10,0,0,8,0,0,6,0,0,13,0,0,9,0,0,12,0,0,1,0,0,1,0,0,2,0,0,1,0,0,8,0,0,9,0,0
2016010026950 ,-0.117997,51.551972,0,2,1,3,18.50,3,2,30,3,4,6,0,0,4,1,1,0,0,1,8,3,0,9,18,0,10,10,0,5,8,0,6,6,0,13,13,0,9,9,0,12,12,0,3,1,0,1,1,0,2,6,0,1,1,0,7,4,0,3,8,0
2016010026954 ,-0.202943,51.347102,0,1,1,5,6.25,6,6,30,0,0,0,0,0,1,1,1,0,0,1,9,0,0,18,0,0,10,0,0,9,0,0,5,0,0,10,0,0,1,0,0,3,0,0,4,0,0,1,0,0,6,0,0,2,0,0,11,0,0,5,0,0
2016010026969 ,-0.123886,51.412229,0,2,1,4,10.40,6,6,30,3,4,3,0,8,4,1,1,0,0,1,9,9,0,9,18,0,10,10,0,8,8,0,6,6,0,13,13,0,9,9,0,12,12,0,2,1,0,1,1,0,6,1,0,1,1,0,6,8,0,8,3,0
2016010026983 ,-0.299237,51.464995,0,2,1,4,0.12,3,6,30,1,2,3,0,0,4,1,1,0,0,1,90,9,0,18,5,0,10,10,0,8,8,0,6,6,0,13,13,0,9,9,0,12,12,0,1,3,0,1,1,0,1,6,0,1,1,0,9,6,0,1,9,0
2016010027039 ,-0.032614,51.427909,0,1,1,3,10.13,3,6,30,0,0,0,0,0,1,1,1,0,0,1,21,0,0,18,0,0,10,0,0,9,0,0,6,0,0,5,0,0,9,0,0,12,0,0,1,0,0,1,0,0,1,0,0,1,0,0,7,0,0,13,0,0
2016010027042 ,-0.208376,51.384505,0,2,1,5,6.25,4,6,30,0,0,0,0,0,1,1,1,0,0,1,5,9,0,18,5,0,10,10,0,9,9,0,6,6,0,13,13,0,9,9,0,12,12,0,1,3,0,1,1,0,6,6,0,1,2,0,9,4,0,13,12,0