Accident_Index,Longitude,Latitude,SV,Number_of_Vehicles,Number_of_Casualties,Day_of_Week,Time,1st_Road_Class,Road_Type,Speed_limit,Junction_Detail,Junction_Control,2nd_Road_Class,Pedestrian_Crossing-Human_Control,Pedestrian_Crossing-Physical_Facilities,Light_Conditions,Weather_Conditions,Road_Surface_Conditions,Special_Conditions_at_Site,Carriageway_Hazards,Urban_or_Rural_Area,Vehicle1_Type,Vehicle2_Type,Vehicle3_Type,Vehicle1_Manoeuvre,Vehicle2_Manoeuvre,Vehicle3_Manoeuvre,Vehicle1_Location-Restricted_Lane,Vehicle2_Location-Restricted_Lane,Vehicle3_Location-Restricted_Lane,Junction1_Location,Junction2_Location,Junction3_Location,Skidding1_and_Overturning,Skidding2_and_Overturning,Skidding3_and_Overturning,Hit_Object_in_Carriageway1,Hit_Object_in_Carriageway2,Hit_Object_in_Carriageway3,Vehicle1_Leaving_Carriageway,Vehicle2_Leaving_Carriageway,Vehicle3_Leaving_Carriageway,Hit_Object_off_Carriageway1,Hit_Object_off_Carriageway2,Hit_Object_off_Carriageway3,1st_Point_of_Impact1,1st_Point_of_Impact2,1st_Point_of_Impact3,Was_Vehicle 1_Left_Hand_Drive?,Was_Vehicle2_Left_Hand_Drive?,Was_Vehicle 3_Left_Hand_Drive?,Journey_Purpose_of_Driver1,Journey_Purpose_of_Driver2,Journey_Purpose_of_Driver3,Sex_of_Driver1,Sex_of_Driver2,Sex_of_Driver3,Age_Band_of_Driver1,Age_Band_of_Driver2,Age_Band_of_Driver3,Age_of_Vehicle1,Age_of_Vehicle2,Age_of_Vehicle3
2016010027045 ,-0.207124,51.537721,0,1,1,1,15.2,5,6,30,3,4,6,0,0,1,1,1,0,0,1,9,0,0,18,0,0,10,0,0,2,0,0,6,0,0,13,0,0,9,0,0,12,0,0,4,0,0,1,0,0,6,0,0,2,0,0,9,0,0,5,0,0
2016010027049 ,-0.078017,51.528573,0,1,1,5,15.50,3,6,30,3,4,6,0,0,1,1,2,0,0,1,11,0,0,18,0,0,10,0,0,2,0,0,6,0,0,13,0,0,9,0,0,12,0,0,5,0,0,1,0,0,1,0,0,1,0,0,6,0,0,1,0,0
2016010027053 ,-0.219407,51.455716,0,1,1,1,18.49,3,6,30,3,4,6,0,8,4,2,2,0,0,1,3,0,0,18,0,0,10,0,0,8,0,0,6,0,0,7,0,0,9,0,0,12,0,0,3,0,0,1,0,0,2,0,0,1,0,0,8,0,0,5,0,0
2016010027062 ,-0.294872,51.570413,0,1,1,6,20.23,5,6,30,0,0,0,0,1,4,1,1,0,0,1,9,0,0,18,0,0,10,0,0,9,0,0,6,0,0,13,0,0,9,0,0,12,0,0,3,0,0,1,0,0,6,0,0,1,0,0,6,0,0,3,0,0
2016010027067 ,-0.028083,51.46965,0,1,1,5,6.50,3,6,30,6,2,5,0,5,4,2,2,0,0,1,9,0,0,18,0,0,10,0,0,1,0,0,6,0,0,13,0,0,9,0,0,12,0,0,2,0,0,1,0,0,6,0,0,1,0,0,8,0,0,5,0,0
2016010027084 ,-0.061349,51.567956,0,1,2,1,19.23,3,6,30,3,4,6,0,1,4,1,1,0,0,1,3,0,0,15,0,0,10,0,0,1,0,0,6,0,0,13,0,0,9,0,0,12,0,0,1,0,0,1,0,0,6,0,0,1,0,0,5,0,0,15,0,0
2016010027107 ,-0.048964,51.560647,0,2,1,7,18.43,3,6,20,3,2,5,0,5,4,1,2,0,0,1,9,9,0,9,18,0,10,10,0,8,8,0,6,6,0,13,13,0,9,9,0,12,12,0,1,1,0,1,1,0,6,6,0,2,1,0,9,6,0,2,8,0
2016010027119 ,-0.316899,51.556164,0,2,1,4,21.46,3,6,30,1,4,3,0,0,4,1,1,0,0,1,9,9,0,3,18,0,10,10,0,1,1,0,6,6,0,13,13,0,9,9,0,12,12,0,2,1,0,1,1,0,2,6,0,1,1,0,8,8,0,11,10,0
2016010027121 ,-0.040212,51.431903,0,1,1,3,7.39,4,6,30,3,4,6,0,0,1,1,1,0,0,1,9,0,0,18,0,0,10,0,0,2,0,0,6,0,0,13,0,0,9,0,0,12,0,0,3,0,0,1,0,0,6,0,0,1,0,0,5,0,0,2,0,0
2016010027123 ,-0.181606,51.439848,0,2,4,3,19.19,6,6,30,0,0,0,0,0,1,1,1,0,0,1,9,19,0,18,3,0,10,10,0,9,9,0,6,6,0,13,13,0,9,9,0,12,12,0,1,1,0,1,1,0,6,1,0,1,1,0,5,10,0,1,13,0
2016010027124 ,0.114353,51.600983,0,3,6,4,8.10,5,6,40,0,0,0,0,0,1,1,1,0,0,2,9,9,9,18,18,13,10,10,10,9,9,9,6,6,6,13,13,13,9,9,9,12,12,12,3,1,3,1,1,1,6,4,6,2,1,1,8,7,5,1,1,11
2016010027127 ,0.012912,51.449079,0,2,1,4,18.10,3,6,30,0,0,0,0,4,1,1,1,0,0,1,9,9,0,3,18,0,10,10,0,9,9,0,6,6,0,13,13,0,9,9,0,12,12,0,2,1,0,1,1,0,6,6,0,1,1,0,9,8,0,10,4,0
2016010027134 ,-0.203185,51.546204,0,1,1,2,14.0,3,6,30,3,4,6,0,0,1,1,1,0,0,1,11,0,0,4,0,0,10,0,0,1,0,0,6,0,0,13,0,0,9,0,0,12,0,0,5,0,0,1,0,0,1,0,0,2,0,0,8,0,0,1,0,0
2016010027136 ,-0.102772,51.310809,0,2,1,7,19.47,5,6,30,3,4,6,0,0,4,1,1,0,0,1,9,9,0,18,9,0,10,10,0,8,8,0,6,6,0,13,13,0,9,9,0,12,12,0,4,1,0,1,1,0,6,6,0,2,2,0,8,6,0,15,9,0
2016010027139 ,-0.000265,51.483477,0,1,1,7,20.58,3,6,30,3,2,6,0,5,4,1,1,0,0,1,9,0,0,5,0,0,10,0,0,8,0,0,6,0,0,13,0,0,9,0,0,12,0,0,4,0,0,1,0,0,6,0,0,1,0,0,8,0,0,9,0,0
2016010027153 ,-0.277421,51.585446,0,1,1,6,15.45,3,6,30,0,0,0,0,0,1,1,1,0,0,1,9,0,0,1,0,0,10,0,0,9,0,0,6,0,0,13,0,0,9,0,0,12,0,0,3,0,0,1,0,0,6,0,0,1,0,0,8,0,0,13,0,0
2016010027161 ,-0.063675,51.438408,0,2,1,2,15.0,5,6,20,3,4,5,0,0,1,1,1,0,0,1,9,9,0,5,5,0,10,10,0,1,1,0,6,6,0,13,13,0,9,9,0,12,12,0,1,1,0,1,1,0,6,6,0,1,1,0,6,7,0,11,12,0
2016010027176 ,-0.292026,51.538539,0,2,2,2,14.50,6,6,30,8,4,6,0,0,1,1,1,0,0,1,9,9,0,1,18,0,10,10,0,8,8,0,6,6,0,13,13,0,9,9,0,12,12,0,2,4,0,1,1,0,6,6,0,1,2,0,6,8,0,11,5,0
2016010027204 ,-0.096015,51.570592,0,2,2,7,22.5,3,6,30,6,2,3,0,5,4,2,2,0,0,1,9,9,0,18,9,0,10,10,0,8,8,0,6,6,0,13,13,0,9,9,0,12,12,0,1,4,0,1,1,0,6,6,0,1,2,0,6,6,0,14,10,0
2016010027222 ,-0.10594,51.533164,0,1,1,7,1.35,3,3,20,3,2,4,0,5,4,1,1,0,0,1,8,0,0,18,0,0,10,0,0,8,0,0,6,0,0,13,0,0,9,0,0,12,0,0,1,0,0,1,0,0,1,0,0,1,0,0,8,0,0,6,0,0
2016010027224 ,0.071978,51.437617,0,2,1,2,8.0,3,6,30,6,2,5,0,5,1,1,1,0,0,1,9,5,0,6,18,0,10,10,0,8,8,0,6,6,0,13,13,0,9,9,0,12,12,0,2,4,0,1,1,0,6,6,0,1,1,0,7,7,0,3,2,0
2016010027239 ,0.026198,51.453346,0,2,3,7,20.58,3,6,30,6,2,3,0,5,4,1,1,0,0,1,9,9,0,5,17,0,10,10,0,8,8,0,6,6,0,13,13,0,9,9,0,12,12,0,1,1,0,1,1,0,6,6,0,1,1,0,7,9,0,8,10,0
2016010027248 ,-0.110821,51.568494,0,2,1,2,20.10,3,6,30,6,2,5,0,5,7,1,1,0,0,1,3,8,0,5,9,0,10,10,0,8,5,0,6,6,0,13,13,0,9,9,0,12,12,0,1,1,0,1,1,0,6,6,0,1,1,0,5,9,0,3,9,0
2016010027332 ,-0.013335,51.4578,0,1,1,4,11.55,3,6,30,6,2,3,0,5,1,1,1,0,0,1,11,0,0,18,0,0,10,0,0,2,0,0,6,0,0,13,0,0,9,0,0,12,0,0,5,0,0,1,0,0,1,0,0,1,0,0,8,0,0,10,0,0
2016010027348 ,-0.209227,51.506189,0,1,1,4,8.55,3,6,30,3,2,6,0,5,1,1,1,0,0,1,4,0,0,18,0,0,10,0,0,8,0,0,6,0,0,13,0,0,9,0,0,12,0,0,4,0,0,1,0,0,6,0,0,1,0,0,8,0,0,12,0,0
2016010027384 ,-0.178562,51.480178,0,2,1,3,18.40,3,6,30,3,4,5,0,1,4,1,1,0,0,1,9,5,0,9,17,0,10,10,0,8,8,0,6,6,0,13,13,0,9,9,0,12,12,0,1,1,0,1,1,0,6,6,0,1,1,0,6,8,0,5,5,0
2016010027390 ,-0.109069,51.523772,0,2,1,5,7.42,3,6,20,3,4,6,0,0,1,2,2,0,0,1,19,3,0,7,18,0,10,10,0,5,8,0,6,6,0,13,13,0,9,9,0,12,12,0,4,3,0,1,1,0,2,2,0,1,1,0,7,6,0,1,12,0
2016010027409 ,-0.278587,51.550752,0,2,1,3,9.18,6,6,30,6,4,6,0,0,1,1,2,0,0,1,19,9,0,18,18,0,10,10,0,8,8,0,6,6,0,13,13,0,9,9,0,12,12,0,1,4,0,1,1,0,6,6,0,1,2,0,6,7,0,5,9,0
2016010027424 ,-0.109552,51.550398,0,1,2,1,1.3,3,6,30,3,2,6,0,5,1,1,2,0,0,1,8,0,0,18,0,0,10,0,0,1,0,0,6,0,0,7,0,0,9,0,0,12,0,0,3,0,0,1,0,0,1,0,0,1,0,0,7,0,0,6,0,0
2016010027425 ,-0.106936,51.373467,0,2,1,7,16.30,3,3,30,9,4,5,0,4,1,1,1,0,0,1,9,9,0,7,18,0,10,10,0,8,8,0,6,6,0,13,13,0,9,9,0,12,12,0,1,1,0,1,1,0,1,1,0,1,1,0,6,6,0,15,3,0
2016010027432 ,-0.243425,51.534943,0,3,1,1,19.7,3,6,30,0,0,0,0,0,4,1,1,0,0,1,3,9,9,13,18,18,10,10,10,9,9,9,6,6,6,13,13,13,9,9,9,12,12,12,1,1,3,1,1,1,1,6,6,1,1,2,6,4,8,7,2,13
2016010027444 ,-0.013802,51.456999,0,1,1,7,13.20,3,6,30,0,0,0,0,0,1,1,1,0,0,1,11,0,0,5,0,0,10,0,0,9,0,0,6,0,0,13,0,0,9,0,0,12,0,0,5,0,0,1,0,0,1,0,0,1,0,0,9,0,0,2,0,0
2016010027452 ,0.060575,51.554997,0,1,1,4,19.16,3,6,30,3,4,6,0,4,4,1,1,0,0,1,9,0,0,15,0,0,10,0,0,1,0,0,6,0,0,13,0,0,9,0,0,12,0,0,1,0,0,1,0,0,2,0,0,1,0,0,7,0,0,14,0,0
2016010027472 ,-0.007276,51.547266,0,2,1,5,17.45,6,6,20,3,4,6,0,0,4,1,1,0,0,1,9,3,0,6,13,0,10,10,0,2,2,0,6,6,0,13,13,0,9,9,0,12,12,0,3,1,0,1,1,0,6,6,0,1,1,0,7,6,0,7,1,0
2016010027479 ,0.009216,51.495995,0,1,1,4,23.10,6,6,30,3,2,6,0,5,4,1,1,0,0,1,9,0,0,18,0,0,10,0,0,8,0,0,6,0,0,13,0,0,9,0,0,12,0,0,4,0,0,1,0,0,6,0,0,1,0,0,7,0,0,1,0,0
2016010027499 ,-0.042463,51.510449,0,1,1,3,8.30,3,6,30,3,2,4,0,5,1,1,1,0,0,1,9,0,0,18,0,0,10,0,0,1,0,0,6,0,0,7,0,0,9,0,0,12,0,0,1,0,0,1,0,0,1,0,0,1,0,0,6,0,0,2,0,0
2016010027509 ,-0.171693,51.486276,0,1,1,4,1.15,3,6,30,3,4,6,0,0,4,1,1,0,0,1,11,0,0,18,0,0,10,0,0,8,0,0,6,0,0,13,0,0,9,0,0,12,0,0,1,0,0,1,0,0,1,0,0,1,0,0,9,0,0,12,0,0
2016010027512 ,-0.008971,51.482007,0,1,1,7,21.0,3,2,30,6,2,6,0,5,4,1,1,0,0,1,9,0,0,4,0,0,10,0,0,8,0,0,6,0,0,13,0,0,9,0,0,12,0,0,5,0,0,1,0,0,6,0,0,2,0,0,6,0,0,4,0,0
2016010027515 ,-0.250486,51.471112,0,1,1,7,15.36,6,6,30,3,4,6,0,0,1,1,1,0,0,1,9,0,0,5,0,0,9,0,0,8,0,0,6,0,0,10,0,0,1,0,0,4,0,0,3,0,0,1,0,0,6,0,0,2,0,0,9,0,0,11,0,0
2016010027550 ,-0.107309,51.566189,0,2,1,7,20.30,3,6,30,3,4,6,0,1,4,7,2,4,0,1,8,3,0,9,13,0,10,10,0,5,8,0,6,6,0,13,13,0,9,9,0,12,12,0,3,4,0,1,1,0,1,1,0,1,1,0,8,6,0,2,2,0
2016010027555 ,-0.287036,51.483252,0,3,1,6,14.24,3,6,30,7,2,6,0,4,1,1,1,0,0,1,8,9,9,4,15,18,10,10,10,8,8,8,6,6,6,13,13,13,9,9,9,12,12,12,2,1,2,1,1,1,1,2,6,1,1,1,10,7,6,6,7,4
2016010027627 ,-0.033812,51.473703,0,2,1,7,16.43,3,1,30,3,4,6,0,0,1,1,1,0,0,1,9,9,0,9,18,0,10,10,0,1,1,0,6,6,0,13,13,0,9,9,0,12,12,0,3,1,0,1,1,0,6,6,0,1,1,0,8,6,0,10,8,0
2016010027631 ,-0.238369,51.538914,0,2,3,4,18.12,3,6,30,3,4,6,0,0,4,1,2,0,0,1,8,9,0,10,18,0,10,10,0,8,8,0,6,6,0,13,13,0,9,9,0,12,12,0,2,1,0,1,1,0,1,6,0,1,1,0,6,8,0,1,12,0
2016010027640 ,0.028103,51.489825,0,2,1,4,14.8,5,6,30,3,2,5,0,5,1,1,1,0,0,1,9,4,0,5,18,0,10,10,0,8,8,0,6,6,0,13,13,0,9,9,0,12,12,0,2,1,0,1,1,0,6,1,0,2,1,0,6,5,0,14,5,0
2016010027644 ,-0.04247,51.426186,0,3,1,7,13.3,3,6,30,3,4,6,0,8,1,1,1,0,0,1,9,9,9,9,15,3,10,2,10,5,1,1,6,6,6,13,13,13,9,9,9,12,12,12,1,1,3,1,1,1,6,6,6,1,1,2,9,8,6,17,10,1
2016010027659 ,-0.00045,51.452905,0,1,2,6,23.19,6,6,20,6,4,6,0,1,4,1,1,0,0,1,9,0,0,18,0,0,10,0,0,8,0,0,6,0,0,13,0,0,9,0,0,12,0,0,1,0,0,1,0,0,6,0,0,1,0,0,9,0,0,12,0,0
2016010027663 ,-0.014358,51.424274,0,1,1,1,16.10,3,6,20,6,4,6,0,8,4,1,2,0,0,1,11,0,0,18,0,0,10,0,0,1,0,0,6,0,0,13,0,0,9,0,0,12,0,0,5,0,0,1,0,0,1,0,0,1,0,0,5,0,0,2,0,0
2016010027666 ,-0.233993,51.566276,0,2,5,7,19.38,5,6,30,3,4,6,0,0,4,1,1,0,0,1,9,9,0,9,18,0,10,10,0,8,8,0,6,6,0,13,13,0,9,9,0,12,12,0,3,1,0,1,1,0,6,6,0,1,1,0,4,6,0,3,15,0
2016010027676 ,0.061926,51.52107,0,2,1,2,18.45,3,3,50,0,0,0,0,0,4,1,1,0,0,1,9,9,0,18,18,0,10,10,0,9,9,0,1,6,0,13,13,0,9,9,0,12,12,0,1,1,0,1,1,0,6,2,0,1,1,0,4,6,0,18,9,0
2016010027678 ,-0.240612,51.533103,0,3,2,7,6.2,3,6,30,3,2,3,0,5,4,1,1,0,0,1,9,19,9,18,3,3,10,10,10,1,1,1,6,6,6,13,13,13,9,9,9,12,12,12,1,2,2,1,1,1,6,6,6,1,1,1,7,7,7,11,11,4
2016010027681 ,0.054131,51.552862,0,1,1,7,23.30,3,6,30,3,2,5,0,5,4,9,1,0,0,1,9,0,0,18,0,0,10,0,0,1,0,0,6,0,0,13,0,0,9,0,0,12,0,0,4,0,0,1,0,0,6,0,0,1,0,0,6,0,0,12,0,0
2016010027685 ,-0.35223,51.432659,0,1,1,1,6.25,3,6,30,3,4,5,0,0,1,1,1,0,0,1,11,0,0,4,0,0,10,0,0,8,0,0,6,0,0,13,0,0,9,0,0,12,0,0,5,0,0,1,0,0,1,0,0,1,0,0,8,0,0,7,0,0
2016010027719 ,-0.004066,51.51187,0,2,5,1,19.13,3,3,30,0,0,0,0,4,4,1,1,0,0,1,9,9,0,12,18,0,10,10,0,9,9,0,6,6,0,13,13,0,9,9,0,12,12,0,3,4,0,1,1,0,6,6,0,1,1,0,5,6,0,4,8,0
2016010027727 ,0.024342,51.50248,0,1,1,4,15.25,3,6,30,3,4,6,0,0,1,1,1,0,0,1,8,0,0,18,0,0,10,0,0,2,0,0,6,0,0,13,0,0,9,0,0,12,0,0,3,0,0,1,0,0,6,0,0,1,0,0,8,0,0,6,0,0
2016010027749 ,-0.049831,51.516776,0,2,1,4,18.54,5,6,20,6,4,6,0,1,4,1,1,0,0,1,9,9,0,18,18,0,10,10,0,8,8,0,6,6,0,13,13,0,9,9,0,12,12,0,1,4,0,1,1,0,6,6,0,1,1,0,5,7,0,7,10,0
2016010027750 ,-0.345537,51.430766,0,1,1,1,20.50,4,6,30,3,4,6,0,0,4,1,1,0,0,1,9,0,0,14,0,0,10,0,0,8,0,0,6,0,0,13,0,0,9,0,0,12,0,0,4,0,0,1,0,0,6,0,0,2,0,0,7,0,0,10,0,0
2016010027847 ,0.066616,51.554621,0,2,1,7,23.40,3,6,50,0,0,0,0,0,4,1,1,0,0,1,5,9,0,18,18,0,10,10,0,9,9,0,6,6,0,13,13,0,9,9,0,12,12,0,3,4,0,1,1,0,6,6,0,1,1,0,6,5,0,13,5,0
2016010027851 ,-0.103422,51.378536,0,1,1,4,15.10,3,6,30,0,0,0,0,0,4,1,1,0,0,1,9,0,0,18,0,0,10,0,0,9,0,0,6,0,0,13,0,0,9,0,0,12,0,0,1,0,0,1,0,0,6,0,0,1,0,0,7,0,0,14,0,0
2016010027855 ,0.036114,51.517654,0,1,1,1,0.30,3,7,50,0,0,0,0,0,4,1,1,0,0,1,9,0,0,18,0,0,10,0,0,9,0,0,1,0,0,13,0,0,1,0,0,2,0,0,1,0,0,1,0,0,6,0,0,1,0,0,5,0,0,9,0,0
2016010027857 ,-0.048536,51.513338,0,2,1,7,18.30,3,6,30,3,4,6,0,4,4,1,1,0,0,1,9,9,0,18,9,0,10,10,0,8,8,0,6,6,0,13,13,0,9,9,0,12,12,0,3,1,0,1,1,0,6,6,0,1,1,0,7,8,0,16,12,0
2016010027864 ,-0.067812,51.377864,0,2,1,2,9.40,6,6,30,3,4,6,0,0,1,1,1,0,0,1,9,9,0,18,9,0,10,10,0,8,8,0,6,6,0,13,13,0,9,9,0,12,12,0,4,1,0,1,1,0,6,6,0,1,1,0,7,5,0,13,2,0
2016010027867 ,0.021256,51.530411,0,2,1,3,11.40,3,6,30,6,2,3,0,5,1,1,1,0,0,1,9,11,0,9,18,0,10,10,0,8,8,0,6,6,0,13,13,0,9,9,0,12,12,0,4,1,0,1,1,0,6,1,0,1,1,0,7,8,0,4,13,0
2016010027871 ,0.0468,51.492378,0,1,1,2,15.57,3,3,40,0,0,0,0,4,1,1,1,0,0,1,9,0,0,18,0,0,10,0,0,9,0,0,6,0,0,13,0,0,9,0,0,12,0,0,1,0,0,1,0,0,6,0,0,1,0,0,10,0,0,19,0,0
2016010027872 ,0.05472,51.553121,0,1,1,5,13.21,3,6,30,3,4,6,0,0,1,1,1,0,0,1,9,0,0,9,0,0,10,0,0,1,0,0,6,0,0,13,0,0,9,0,0,12,0,0,5,0,0,1,0,0,1,0,0,1,0,0,9,0,0,1,0,0
2016010027879 ,-0.182366,51.482305,0,1,1,2,17.20,3,2,30,0,0,0,0,0,1,1,1,0,0,1,11,0,0,3,0,0,10,0,0,9,0,0,6,0,0,13,0,0,9,0,0,12,0,0,5,0,0,1,0,0,1,0,0,1,0,0,9,0,0,7,0,0
2016010027887 ,0.010086,51.515765,0,2,1,1,19.0,3,3,50,0,0,0,0,0,4,1,1,0,0,1,9,9,0,18,18,0,10,10,0,9,9,0,6,6,0,13,13,0,9,9,0,12,12,0,2,1,0,1,1,0,6,6,0,1,1,0,6,5,0,1,10,0
2016010027893 ,-0.064189,51.514676,0,2,1,1,13.15,3,6,30,6,4,6,0,0,1,1,1,0,0,1,9,3,0,9,18,0,10,10,0,8,8,0,6,6,0,13,13,0,9,9,0,12,12,0,3,1,0,1,1,0,6,6,0,2,1,0,6,5,0,11,8,0
2016010027894 ,-0.177643,51.492394,0,2,1,2,20.20,3,6,30,3,4,6,0,0,4,1,1,0,0,1,3,8,0,18,9,0,10,10,0,8,8,0,6,6,0,13,13,0,9,9,0,12,12,0,1,3,0,1,1,0,6,1,0,1,1,0,5,10,0,5,2,0
2016010027901 ,-0.11999,51.300295,0,2,2,7,17.28,6,6,30,3,4,6,0,0,1,2,2,0,0,1,9,9,0,18,18,0,10,10,0,8,2,0,6,6,0,13,13,0,9,9,0,12,12,0,1,1,0,1,1,0,6,6,0,2,2,0,6,4,0,9,16,0
2016010027910 ,-0.197293,51.490899,0,2,1,7,15.8,3,2,30,3,4,6,0,0,1,1,1,0,0,1,3,90,0,18,10,0,10,10,0,8,8,0,6,6,0,13,13,0,9,9,0,12,12,0,1,2,0,1,1,0,1,1,0,1,1,0,6,8,0,4,11,0
2016010027916 ,-0.083748,51.316255,0,1,1,4,15.20,3,6,30,3,4,3,0,0,1,1,1,0,0,1,9,0,0,18,0,0,10,0,0,1,0,0,6,0,0,13,0,0,9,0,0,12,0,0,4,0,0,1,0,0,6,0,0,2,0,0,5,0,0,7,0,0
2016010027917 ,0.037133,51.462959,0,1,1,4,8.40,5,6,30,3,4,6,0,0,1,1,1,0,0,1,9,0,0,18,0,0,10,0,0,8,0,0,6,0,0,10,0,0,1,0,0,2,0,0,1,0,0,1,0,0,6,0,0,2,0,0,7,0,0,13,0,0
2016010027925 ,0.062514,51.521329,0,4,2,2,19.0,3,3,50,0,0,0,0,0,4,1,1,0,0,1,9,9,9,3,3,3,10,10,10,9,9,9,6,6,6,13,13,13,9,9,9,12,12,12,2,2,2,1,1,1,6,6,6,1,1,2,6,8,7,1,2,12
2016010027940 ,-0.008238,51.548362,0,2,1,3,15.5,6,6,30,3,4,6,0,4,1,1,1,0,0,1,9,9,0,18,9,0,10,10,0,1,8,0,6,6,0,10,13,0,9,9,0,12,12,0,1,2,0,1,1,0,1,6,0,1,2,0,4,9,0,8,9,0
2016010027941 ,-0.188839,51.489779,0,1,1,2,18.40,3,3,30,0,0,0,0,0,4,1,1,0,0,1,9,0,0,1,0,0,10,0,0,9,0,0,6,0,0,13,0,0,9,0,0,12,0,0,5,0,0,1,0,0,6,0,0,1,0,0,9,0,0,1,0,0
2016010027952 ,0.003452,51.472982,0,1,4,4,22.30,4,1,30,1,4,6,0,0,1,1,1,0,0,1,9,0,0,7,0,0,10,0,0,8,0,0,6,0,0,10,0,0,1,0,0,10,0,0,4,0,0,1,0,0,6,0,0,1,0,0,4,0,0,8,0,0
2016010027959 ,-0.207967,51.497897,0,1,1,6,0.1,3,2,30,3,4,6,0,0,4,1,1,0,0,1,9,0,0,9,0,0,10,0,0,8,0,0,6,0,0,13,0,0,9,0,0,12,0,0,1,0,0,1,0,0,6,0,0,1,0,0,6,0,0,6,0,0
2016010027970 ,-0.140857,51.319963,0,2,2,4,7.20,4,1,30,1,2,3,0,0,1,1,1,1,0,1,9,9,0,18,18,0,10,10,0,8,8,0,6,6,0,13,13,0,9,9,0,12,12,0,1,1,0,1,1,0,2,2,0,1,1,0,7,5,0,11,10,0
2016010028088 ,0.008844,51.543214,0,3,1,7,22.35,4,3,30,3,2,6,0,5,4,1,1,0,0,1,9,9,9,18,3,3,10,10,10,2,2,2,6,6,6,13,13,13,9,9,9,12,12,12,1,2,2,1,1,1,6,6,6,1,2,1,6,7,6,11,17,9
2016010028091 ,0.018502,51.520296,0,1,1,6,14.7,3,3,30,3,4,6,0,0,1,1,1,0,0,1,11,0,0,5,0,0,10,0,0,2,0,0,6,0,0,13,0,0,9,0,0,12,0,0,5,0,0,1,0,0,1,0,0,1,0,0,7,0,0,13,0,0
2016010028096 ,0.03249,51.539839,0,1,2,7,15.3,4,6,30,3,4,6,0,0,1,1,1,0,0,1,4,0,0,18,0,0,10,0,0,1,0,0,6,0,0,13,0,0,9,0,0,12,0,0,1,0,0,1,0,0,6,0,0,1,0,0,5,0,0,13,0,0
2016010028097 ,0.057082,51.531946,0,1,1,5,9.45,6,2,30,3,4,6,0,0,1,1,1,0,0,1,9,0,0,9,0,0,10,0,0,8,0,0,6,0,0,13,0,0,9,0,0,12,0,0,1,0,0,1,0,0,6,0,0,2,0,0,7,0,0,8,0,0
2016010028103 ,-0.121262,51.385029,0,2,1,1,18.0,3,1,30,1,4,3,0,0,1,1,1,0,0,1,9,9,0,10,18,0,10,10,0,1,1,0,6,6,0,13,13,0,9,9,0,12,12,0,2,1,0,1,1,0,6,6,0,1,1,0,7,7,0,10,11,0
2016010028108 ,0.050802,51.53979,0,1,1,2,17.2,3,6,30,0,0,0,0,5,1,1,1,0,0,1,9,0,0,14,0,0,10,0,0,9,0,0,6,0,0,13,0,0,9,0,0,12,0,0,1,0,0,1,0,0,6,0,0,2,0,0,6,0,0,4,0,0
2016010028110 ,-0.08833,51.506079,0,1,1,5,21.55,3,3,30,6,2,3,0,5,4,1,1,0,0,1,9,0,0,5,0,0,10,0,0,8,0,0,6,0,0,13,0,0,9,0,0,12,0,0,1,0,0,1,0,0,2,0,0,1,0,0,8,0,0,1,0,0
2016010028113 ,-0.166175,51.49815,0,1,1,1,15.43,3,6,30,3,2,4,0,5,1,2,2,0,0,1,11,0,0,18,0,0,10,0,0,8,0,0,6,0,0,13,0,0,9,0,0,12,0,0,1,0,0,1,0,0,1,0,0,1,0,0,9,0,0,14,0,0
2016010028115 ,0.061194,51.552738,0,1,1,2,10.30,6,2,30,0,0,0,0,0,1,1,1,0,0,1,11,0,0,4,0,0,10,0,0,9,0,0,6,0,0,13,0,0,9,0,0,12,0,0,4,0,0,1,0,0,1,0,0,1,0,0,8,0,0,5,0,0
2016010028126 ,0.074492,51.524805,0,2,1,3,5.57,3,1,40,1,4,3,0,0,4,1,1,0,0,1,9,9,0,17,18,0,10,10,0,8,7,0,6,6,0,13,13,0,9,9,0,12,12,0,4,1,0,1,1,0,6,2,0,1,1,0,5,8,0,5,10,0
2016010028130 ,-0.10256,51.368091,0,1,1,1,10.0,4,6,30,3,4,6,0,1,1,1,1,0,0,1,9,0,0,18,0,0,10,0,0,1,0,0,6,0,0,13,0,0,9,0,0,12,0,0,1,0,0,1,0,0,6,0,0,1,0,0,6,0,0,10,0,0
2016010028134 ,-0.114175,51.393099,0,1,1,2,12.0,3,6,30,3,4,4,0,0,1,1,1,0,0,1,11,0,0,4,0,0,10,0,0,1,0,0,6,0,0,13,0,0,9,0,0,12,0,0,5,0,0,1,0,0,6,0,0,1,0,0,6,0,0,2,0,0
2016010028146 ,-0.118971,51.402348,0,1,1,2,16.15,3,6,30,3,4,6,0,0,1,1,1,0,0,1,9,0,0,9,0,0,10,0,0,8,0,0,6,0,0,13,0,0,9,0,0,12,0,0,1,0,0,1,0,0,6,0,0,2,0,0,9,0,0,5,0,0
2016010028148 ,-0.089503,51.467699,0,1,1,3,9.57,3,6,30,3,4,6,0,4,1,1,1,0,0,1,11,0,0,5,0,0,10,0,0,1,0,0,6,0,0,13,0,0,9,0,0,12,0,0,1,0,0,1,0,0,1,0,0,1,0,0,7,0,0,14,0,0