Accident_Index,Longitude,Latitude,SV,Number_of_Vehicles,Number_of_Casualties,Day_of_Week,Time,1st_Road_Class,Road_Type,Speed_limit,Junction_Detail,Junction_Control,2nd_Road_Class,Pedestrian_Crossing-Human_Control,Pedestrian_Crossing-Physical_Facilities,Light_Conditions,Weather_Conditions,Road_Surface_Conditions,Special_Conditions_at_Site,Carriageway_Hazards,Urban_or_Rural_Area,Vehicle1_Type,Vehicle2_Type,Vehicle3_Type,Vehicle1_Manoeuvre,Vehicle2_Manoeuvre,Vehicle3_Manoeuvre,Vehicle1_Location-Restricted_Lane,Vehicle2_Location-Restricted_Lane,Vehicle3_Location-Restricted_Lane,Junction1_Location,Junction2_Location,Junction3_Location,Skidding1_and_Overturning,Skidding2_and_Overturning,Skidding3_and_Overturning,Hit_Object_in_Carriageway1,Hit_Object_in_Carriageway2,Hit_Object_in_Carriageway3,Vehicle1_Leaving_Carriageway,Vehicle2_Leaving_Carriageway,Vehicle3_Leaving_Carriageway,Hit_Object_off_Carriageway1,Hit_Object_off_Carriageway2,Hit_Object_off_Carriageway3,1st_Point_of_Impact1,1st_Point_of_Impact2,1st_Point_of_Impact3,Was_Vehicle 1_Left_Hand_Drive?,Was_Vehicle2_Left_Hand_Drive?,Was_Vehicle 3_Left_Hand_Drive?,Journey_Purpose_of_Driver1,Journey_Purpose_of_Driver2,Journey_Purpose_of_Driver3,Sex_of_Driver1,Sex_of_Driver2,Sex_of_Driver3,Age_Band_of_Driver1,Age_Band_of_Driver2,Age_Band_of_Driver3,Age_of_Vehicle1,Age_of_Vehicle2,Age_of_Vehicle3
2016010028212 ,-0.283926,51.585181,0,2,3,1,11.30,3,6,30,0,0,0,0,0,1,1,1,0,0,1,9,9,0,11,3,0,10,10,0,9,9,0,6,6,0,10,13,0,1,9,0,5,12,0,1,2,0,1,1,0,6,6,0,1,2,0,6,6,0,14,8,0
2016010028225 ,-0.228569,51.538767,0,1,2,7,5.25,5,6,30,3,4,6,0,0,4,1,1,0,0,1,9,0,0,18,0,0,10,0,0,1,0,0,6,0,0,10,0,0,1,0,0,10,0,0,1,0,0,1,0,0,6,0,0,1,0,0,4,0,0,8,0,0
2016010028234 ,-0.092426,51.397603,0,2,3,5,20.0,4,6,30,0,0,0,0,1,4,1,1,0,0,1,9,9,0,18,18,0,10,10,0,9,9,0,6,6,0,13,13,0,9,9,0,12,12,0,4,1,0,1,1,0,6,1,0,1,1,0,4,6,0,8,5,0
2016010028240 ,-0.282993,51.586966,0,1,1,7,14.25,3,6,30,3,4,6,0,0,1,1,1,0,0,1,9,0,0,18,0,0,10,0,0,1,0,0,5,0,0,4,0,0,9,0,0,12,0,0,4,0,0,1,0,0,6,0,0,2,0,0,9,0,0,1,0,0
2016010028256 ,0.184276,51.580547,0,2,1,6,18.20,3,1,30,1,4,5,0,0,4,1,1,0,0,1,9,9,0,9,9,0,10,10,0,8,8,0,6,1,0,13,10,0,9,1,0,12,7,0,3,4,0,1,1,0,6,6,0,1,1,0,6,6,0,18,9,0
2016010028269 ,-0.087444,51.520364,0,1,1,5,9.20,3,3,30,6,2,4,0,5,1,1,1,0,0,1,4,0,0,4,0,0,10,0,0,1,0,0,6,0,0,13,0,0,9,0,0,12,0,0,1,0,0,1,0,0,2,0,0,1,0,0,7,0,0,6,0,0
2016010028283 ,0.190036,51.565241,0,1,1,6,17.30,3,6,30,6,2,3,0,5,4,1,1,0,0,1,9,0,0,5,0,0,10,0,0,1,0,0,6,0,0,13,0,0,9,0,0,12,0,0,3,0,0,1,0,0,6,0,0,1,0,0,10,0,0,7,0,0
2016010028284 ,-0.031271,51.35873,0,1,1,4,14.20,5,6,30,0,0,0,0,0,1,1,1,0,0,1,9,0,0,18,0,0,10,0,0,9,0,0,6,0,0,7,0,0,3,0,0,3,0,0,1,0,0,1,0,0,6,0,0,1,0,0,11,0,0,2,0,0
2016010028294 ,-0.224109,51.564418,0,1,1,7,12.15,5,6,30,3,2,3,0,5,1,2,2,0,0,1,9,0,0,9,0,0,10,0,0,2,0,0,6,0,0,13,0,0,9,0,0,12,0,0,1,0,0,1,0,0,6,0,0,2,0,0,10,0,0,2,0,0
2016010028295 ,0.110227,51.493232,0,1,1,1,15.16,6,6,30,3,4,6,0,0,1,1,1,0,0,1,11,0,0,5,0,0,10,0,0,8,0,0,6,0,0,13,0,0,9,0,0,12,0,0,5,0,0,1,0,0,6,0,0,1,0,0,6,0,0,1,0,0
2016010028301 ,0.031196,51.458925,0,1,1,2,18.20,6,6,30,6,4,6,0,0,1,1,1,0,0,1,9,0,0,9,0,0,10,0,0,8,0,0,6,0,0,13,0,0,9,0,0,12,0,0,1,0,0,1,0,0,6,0,0,1,0,0,8,0,0,2,0,0
2016010028308 ,0.057167,51.450648,0,1,1,5,11.10,3,6,30,3,4,6,0,0,1,1,1,0,0,1,9,0,0,7,0,0,10,0,0,8,0,0,6,0,0,13,0,0,9,0,0,12,0,0,4,0,0,1,0,0,6,0,0,2,0,0,7,0,0,10,0,0
2016010028312 ,0.050747,51.448693,0,2,2,3,13.14,6,6,30,0,0,0,0,0,1,1,1,0,0,1,4,9,0,18,5,0,10,10,0,9,9,0,6,6,0,13,13,0,9,9,0,12,12,0,1,3,0,1,1,0,6,6,0,1,1,0,6,10,0,3,16,0
2016010028316 ,0.157099,51.597957,0,3,1,2,17.30,4,3,30,0,0,0,0,1,4,1,1,0,0,1,9,8,9,5,3,3,10,10,10,9,9,9,6,6,6,13,13,13,9,9,9,12,12,12,1,2,2,1,1,1,6,6,6,1,2,1,8,10,5,8,2,2
2016010028326 ,-0.107432,51.563223,0,2,1,3,20.2,3,6,30,9,4,3,0,4,4,1,1,0,0,1,9,5,0,5,5,0,10,10,0,2,2,0,6,6,0,13,13,0,9,9,0,12,12,0,4,3,0,1,1,0,6,6,0,1,1,0,4,6,0,11,5,0
2016010028331 ,-0.170394,51.482749,0,2,1,3,9.30,6,6,30,3,4,3,0,0,1,1,1,0,0,1,5,11,0,4,4,0,10,10,0,8,8,0,6,6,0,13,13,0,9,9,0,12,12,0,1,2,0,1,1,0,2,1,0,1,1,0,7,7,0,1,10,0
2016010028335 ,0.183241,51.574001,0,1,1,6,16.43,5,6,30,0,0,0,0,0,4,1,1,0,0,1,11,0,0,4,0,0,10,0,0,9,0,0,6,0,0,13,0,0,9,0,0,12,0,0,4,0,0,1,0,0,1,0,0,1,0,0,8,0,0,5,0,0
2016010028339 ,-0.209083,51.506187,0,1,1,6,19.6,3,6,30,3,2,6,0,5,4,1,1,0,0,1,9,0,0,18,0,0,10,0,0,8,0,0,6,0,0,13,0,0,9,0,0,12,0,0,5,0,0,1,0,0,2,0,0,1,0,0,9,0,0,10,0,0
2016010028342 ,0.29383,51.546081,0,2,1,5,21.37,4,6,40,0,0,0,0,1,6,1,1,0,0,2,9,9,0,18,18,0,10,10,0,9,9,0,2,1,0,13,13,0,9,9,0,12,12,0,1,1,0,1,1,0,6,6,0,1,2,0,7,7,0,9,7,0
2016010028413 ,-0.114948,51.395269,0,2,1,3,7.43,3,6,30,0,0,0,0,0,1,1,1,0,0,1,9,9,0,18,4,0,10,10,0,9,9,0,6,6,0,13,13,0,9,9,0,12,12,0,1,2,0,1,1,0,6,6,0,1,2,0,4,7,0,5,10,0
2016010028503 ,0.006782,51.54226,0,1,1,4,8.40,6,6,30,3,4,3,0,0,1,1,1,0,0,1,9,0,0,9,0,0,10,0,0,2,0,0,6,0,0,13,0,0,9,0,0,12,0,0,1,0,0,1,0,0,6,0,0,2,0,0,8,0,0,9,0,0
2016010028505 ,-0.120628,51.554623,0,2,2,1,17.45,3,2,30,3,4,6,0,0,7,1,1,0,0,1,9,9,0,5,18,0,10,10,0,2,2,0,6,6,0,13,13,0,9,9,0,12,12,0,1,3,0,1,1,0,6,6,0,1,1,0,5,8,0,11,3,0
2016010028561 ,-0.114763,51.30183,0,1,2,7,14.0,6,6,30,6,4,6,0,0,1,1,1,0,0,1,9,0,0,18,0,0,10,0,0,8,0,0,6,0,0,13,0,0,9,0,0,12,0,0,1,0,0,1,0,0,6,0,0,2,0,0,6,0,0,10,0,0
2016010028570 ,-0.062956,51.380572,0,1,1,6,15.32,3,6,30,0,0,0,0,0,1,1,1,0,0,1,11,0,0,5,0,0,10,0,0,9,0,0,6,0,0,13,0,0,9,0,0,12,0,0,1,0,0,1,0,0,6,0,0,1,0,0,9,0,0,3,0,0
2016010028585 ,-0.098579,51.36362,0,2,2,6,17.8,3,6,30,3,4,4,0,8,1,1,1,0,0,1,9,9,0,9,18,0,10,10,0,8,8,0,6,6,0,13,13,0,9,9,0,12,12,0,1,1,0,1,1,0,6,6,0,1,1,0,7,8,0,14,15,0
2016010028658 ,-0.001909,51.538092,0,1,1,2,14.4,3,3,30,3,4,6,0,4,1,1,1,0,0,1,9,0,0,18,0,0,10,0,0,2,0,0,6,0,0,13,0,0,9,0,0,12,0,0,4,0,0,1,0,0,6,0,0,2,0,0,7,0,0,3,0,0
2016010028662 ,0.04798,51.550811,0,2,1,6,18.25,3,6,30,3,2,3,0,5,4,1,1,0,0,1,9,9,0,4,18,0,10,10,0,2,2,0,6,6,0,13,13,0,9,9,0,12,12,0,2,1,0,1,1,0,6,1,0,2,2,0,7,5,0,10,1,0
2016010028669 ,-0.316507,51.582416,0,2,1,3,21.30,3,6,30,6,2,6,0,5,4,1,1,0,0,1,9,9,0,3,18,0,10,10,0,1,1,0,6,6,0,13,13,0,9,9,0,12,12,0,2,1,0,1,1,0,6,6,0,1,1,0,6,6,0,7,7,0
2016010028672 ,-0.033237,51.644196,0,3,2,1,14.15,3,6,30,0,0,0,0,0,1,1,1,0,0,1,9,9,9,5,3,18,10,10,10,9,9,9,6,6,6,13,13,13,9,9,9,12,12,12,2,2,1,1,1,1,6,6,6,2,1,1,5,8,6,10,12,11
2016010028675 ,0.062222,51.521244,0,4,6,4,23.42,3,3,50,0,0,0,0,0,4,1,1,0,0,1,9,9,9,3,3,4,10,10,10,9,9,9,6,6,6,13,13,13,9,9,9,12,12,12,2,2,2,1,1,1,6,6,6,1,1,1,5,8,6,1,11,3
2016010028697 ,-0.118103,51.433989,0,2,2,7,0.45,5,6,20,0,0,0,0,0,4,9,1,0,0,1,4,9,0,12,16,0,10,10,0,9,9,0,6,6,0,13,13,0,9,9,0,12,12,0,3,2,0,1,1,0,6,6,0,1,2,0,6,7,0,7,11,0
2016010028701 ,-0.297492,51.562089,0,2,1,1,1.4,3,6,30,3,4,6,0,0,4,1,1,0,0,1,9,3,0,9,13,0,10,10,0,8,8,0,6,6,0,13,13,0,9,9,0,12,12,0,3,1,0,1,1,0,6,1,0,1,1,0,8,5,0,9,4,0
2016010028711 ,-0.114597,51.428268,0,2,1,1,15.28,5,3,30,3,4,6,0,4,1,2,2,0,0,1,4,9,0,13,9,0,10,10,0,1,5,0,1,6,0,13,13,0,9,9,0,12,12,0,1,3,0,1,1,0,1,6,0,1,1,0,4,8,0,10,15,0
2016010028726 ,-0.044722,51.672894,0,1,1,7,15.21,6,6,30,3,4,6,0,0,1,1,1,0,0,1,9,0,0,18,0,0,10,0,0,2,0,0,6,0,0,13,0,0,9,0,0,12,0,0,1,0,0,1,0,0,6,0,0,1,0,0,5,0,0,10,0,0
2016010028737 ,-0.178526,51.412372,0,2,1,2,10.7,3,6,30,3,2,3,0,5,1,1,1,0,0,1,9,9,0,18,9,0,10,10,0,8,8,0,6,6,0,13,13,0,9,9,0,12,12,0,1,4,0,1,1,0,6,6,0,2,1,0,5,7,0,2,3,0
2016010028740 ,-0.202312,51.524429,0,1,1,5,23.4,3,6,30,0,0,0,0,0,4,1,1,0,0,1,11,0,0,5,0,0,10,0,0,9,0,0,6,0,0,13,0,0,9,0,0,12,0,0,5,0,0,1,0,0,1,0,0,1,0,0,7,0,0,6,0,0
2016010028756 ,-0.290524,51.559379,0,1,1,6,16.0,3,6,30,6,2,5,0,5,1,1,1,0,0,1,8,0,0,5,0,0,10,0,0,1,0,0,6,0,0,13,0,0,9,0,0,12,0,0,1,0,0,1,0,0,1,0,0,1,0,0,6,0,0,1,0,0
2016010028766 ,-0.263168,51.569319,0,2,1,7,14.40,4,6,30,3,4,6,0,0,1,1,1,0,0,1,9,9,0,18,18,0,10,10,0,2,1,0,6,6,0,13,13,0,9,9,0,12,12,0,1,3,0,1,1,0,6,6,0,2,1,0,4,8,0,11,5,0
2016010028774 ,0.231095,51.56096,0,1,1,7,15.8,5,6,30,0,0,0,0,4,4,1,1,0,0,1,9,0,0,18,0,0,10,0,0,9,0,0,1,0,0,10,0,0,1,0,0,10,0,0,4,0,0,1,0,0,6,0,0,1,0,0,6,0,0,12,0,0
2016010028816 ,-0.12556,51.46972,0,2,1,7,1.4,3,6,30,3,4,6,0,0,4,1,1,0,0,1,9,8,0,3,18,0,10,10,0,8,8,0,6,6,0,13,13,0,9,9,0,12,12,0,2,5,0,1,1,0,6,1,0,2,1,0,7,10,0,7,4,0
2016010028821 ,-0.179637,51.416976,0,1,1,3,15.0,3,6,30,3,2,6,0,5,1,1,1,0,0,1,11,0,0,17,0,0,10,0,0,8,0,0,6,0,0,13,0,0,9,0,0,12,0,0,4,0,0,1,0,0,1,0,0,1,0,0,8,0,0,3,0,0
2016010028831 ,-0.103419,51.434202,0,1,1,4,14.36,6,6,30,3,4,3,0,0,4,1,1,0,0,1,9,0,0,18,0,0,10,0,0,2,0,0,6,0,0,13,0,0,9,0,0,12,0,0,4,0,0,1,0,0,6,0,0,1,0,0,6,0,0,11,0,0
2016010028835 ,-0.176142,51.403612,0,1,1,7,15.30,5,6,30,3,4,6,0,1,1,1,1,0,0,1,3,0,0,18,0,0,10,0,0,1,0,0,6,0,0,13,0,0,9,0,0,12,0,0,1,0,0,1,0,0,1,0,0,1,0,0,6,0,0,1,0,0
2016010028846 ,-0.099695,51.426858,0,1,1,3,15.40,4,6,30,0,0,0,0,0,1,1,1,0,0,1,9,0,0,18,0,0,10,0,0,9,0,0,6,0,0,13,0,0,9,0,0,12,0,0,4,0,0,1,0,0,6,0,0,2,0,0,10,0,0,14,0,0
2016010028863 ,-0.113827,51.649205,0,2,1,7,13.3,6,6,30,3,4,6,0,0,1,1,1,0,0,1,8,9,0,4,18,0,10,10,0,1,1,0,6,6,0,13,13,0,9,9,0,12,12,0,2,1,0,1,1,0,6,6,0,1,1,0,7,5,0,6,8,0
2016010028876 ,-0.109966,51.502114,0,2,1,7,6.55,3,6,30,6,4,4,0,0,1,1,1,0,0,1,9,9,0,9,18,0,10,10,0,8,8,0,6,6,0,13,13,0,9,9,0,12,12,0,1,5,0,1,1,0,1,6,0,1,2,0,7,8,0,3,11,0
2016010028878 ,-0.124368,51.47069,0,2,1,5,7.50,3,6,30,3,4,6,0,0,1,1,1,0,0,1,5,19,0,18,9,0,10,10,0,8,8,0,6,6,0,13,13,0,9,9,0,12,12,0,1,2,0,1,1,0,1,1,0,1,2,0,7,9,0,12,4,0
2016010028924 ,-0.243499,51.559224,0,2,2,3,19.51,5,6,20,2,4,6,0,0,4,1,1,0,0,1,9,9,0,18,18,0,10,10,0,8,8,0,5,6,0,13,4,0,9,9,0,12,12,0,4,3,0,1,1,0,6,6,0,2,2,0,7,6,0,2,8,0
2016010028925 ,-0.122726,51.472103,0,3,1,5,1.37,3,3,30,6,2,3,0,5,4,1,1,0,0,1,4,9,9,5,5,5,10,10,10,1,1,1,6,6,6,13,13,13,9,9,9,12,12,12,4,3,2,1,1,1,6,6,6,1,1,1,5,6,8,2,2,4
2016010028947 ,-0.11599,51.460844,0,1,1,6,8.47,3,3,30,6,2,3,0,5,1,1,1,0,0,1,5,0,0,14,0,0,10,0,0,1,0,0,6,0,0,13,0,0,9,0,0,12,0,0,1,0,0,1,0,0,1,0,0,1,0,0,8,0,0,7,0,0
2016010028956 ,-0.143025,51.468649,0,2,1,7,17.52,3,6,30,3,4,6,0,0,4,2,2,0,0,1,4,9,0,18,15,0,2,2,0,1,1,0,1,6,0,13,13,0,9,9,0,12,12,0,1,2,0,1,1,0,6,1,0,1,1,0,5,8,0,1,7,0
2016010028970 ,0.140117,51.599167,0,3,2,1,5.14,3,6,40,0,0,0,0,0,4,1,1,0,0,2,9,9,9,3,3,14,10,10,10,9,9,9,6,6,6,13,13,13,9,9,9,12,12,12,3,3,4,1,1,1,6,6,6,2,2,1,9,9,6,3,1,13
2016010028974 ,-0.113735,51.505052,0,1,1,7,0.50,3,3,30,3,4,3,0,4,4,1,1,0,0,1,11,0,0,18,0,0,10,0,0,8,0,0,6,0,0,13,0,0,9,0,0,12,0,0,1,0,0,1,0,0,1,0,0,1,0,0,5,0,0,5,0,0
2016010028979 ,-0.047314,51.491375,0,1,1,6,20.40,3,6,30,3,4,3,0,1,4,1,1,0,0,1,8,0,0,18,0,0,10,0,0,8,0,0,6,0,0,13,0,0,9,0,0,12,0,0,4,0,0,1,0,0,1,0,0,1,0,0,7,0,0,7,0,0
2016010029001 ,-0.146397,51.467174,0,1,1,5,9.15,3,6,30,3,4,6,0,4,1,1,1,0,0,1,4,0,0,14,0,0,10,0,0,1,0,0,6,0,0,13,0,0,9,0,0,12,0,0,5,0,0,1,0,0,6,0,0,1,0,0,6,0,0,6,0,0
2016010029011 ,-0.092922,51.440956,0,2,1,1,23.14,3,6,20,5,2,3,0,5,1,1,1,0,0,1,9,9,0,18,9,0,10,10,0,8,8,0,1,6,0,13,13,0,9,9,0,12,12,0,1,3,0,1,1,0,6,2,0,1,2,0,7,9,0,4,1,0
2016010029013 ,0.033709,51.576869,0,2,1,5,20.30,3,7,40,5,4,6,0,7,4,1,1,0,0,1,9,9,0,4,3,0,10,10,0,1,1,0,6,6,0,13,13,0,9,9,0,12,12,0,1,2,0,1,1,0,6,6,0,1,2,0,7,4,0,8,12,0
2016010029051 ,0.057739,51.581665,0,2,1,6,12.30,3,1,30,1,4,5,0,4,1,1,1,0,0,1,3,9,0,18,18,0,10,10,0,8,8,0,6,6,0,13,13,0,9,9,0,12,12,0,1,3,0,1,1,0,6,6,0,1,1,0,6,9,0,1,10,0
2016010029054 ,-0.168484,51.400975,0,2,1,4,20.28,3,6,30,2,2,3,0,5,4,2,2,0,0,1,9,9,0,3,18,0,10,10,0,8,1,0,6,6,0,13,13,0,9,9,0,12,12,0,2,1,0,1,1,0,6,6,0,1,2,0,9,4,0,3,1,0
2016010029085 ,-0.054672,51.497882,0,2,1,7,20.45,3,6,30,3,4,6,0,0,4,1,1,0,0,1,4,9,0,18,7,0,10,10,0,8,8,0,6,6,0,13,13,0,9,9,0,12,12,0,1,4,0,1,1,0,6,6,0,1,1,0,8,5,0,17,10,0
2016010029096 ,-0.052294,51.469155,0,2,1,6,21.48,3,6,30,6,4,6,0,0,4,1,1,0,0,1,9,9,0,18,7,0,10,10,0,8,8,0,6,6,0,13,13,0,9,9,0,12,12,0,1,3,0,1,1,0,6,6,0,1,1,0,6,9,0,2,3,0
2016010029170 ,-0.246712,51.535712,0,2,2,4,21.34,3,6,30,3,4,6,0,0,4,1,1,0,0,1,9,3,0,9,13,0,10,10,0,8,8,0,6,6,0,13,13,0,9,9,0,12,12,0,3,4,0,1,1,0,6,6,0,2,1,0,5,5,0,10,3,0
2016010029177 ,-0.256892,51.540989,0,2,2,2,19.29,3,6,30,3,2,5,0,5,4,1,1,0,0,1,9,9,0,5,5,0,10,10,0,8,8,0,6,6,0,13,13,0,9,9,0,12,12,0,2,1,0,1,1,0,6,6,0,2,1,0,10,6,0,4,5,0
2016010029178 ,-0.189563,51.427831,0,1,1,7,13.20,4,6,30,0,0,0,0,0,1,2,2,0,0,1,3,0,0,4,0,0,10,0,0,9,0,0,6,0,0,13,0,0,9,0,0,12,0,0,3,0,0,1,0,0,1,0,0,1,0,0,5,0,0,4,0,0
2016010029197 ,-0.306849,51.585964,0,2,1,1,17.10,5,6,30,6,4,6,0,0,1,1,1,0,0,1,9,3,0,18,18,0,10,10,0,8,8,0,6,6,0,13,13,0,9,9,0,12,12,0,5,3,0,1,1,0,6,6,0,1,1,0,6,7,0,7,8,0
2016010029199 ,-0.123371,51.449362,0,3,1,3,15.29,3,3,30,3,2,5,0,5,1,9,1,0,0,1,9,8,9,10,10,18,10,10,10,1,1,1,6,6,6,13,13,13,9,9,9,12,12,12,2,2,5,1,1,1,6,1,1,1,1,1,6,7,6,7,9,6
2016010029217 ,-0.116093,51.461835,0,1,1,4,15.0,6,2,20,3,4,6,0,0,1,9,1,0,0,1,19,0,0,9,0,0,10,0,0,5,0,0,6,0,0,13,0,0,9,0,0,12,0,0,3,0,0,1,0,0,1,0,0,1,0,0,6,0,0,8,0,0
2016010029219 ,-0.197319,51.439101,0,1,1,3,12.50,3,6,30,3,4,6,0,8,1,1,1,0,0,1,3,0,0,18,0,0,10,0,0,1,0,0,6,0,0,13,0,0,9,0,0,12,0,0,1,0,0,1,0,0,6,0,0,1,0,0,6,0,0,6,0,0
2016010029220 ,-0.103827,51.490324,0,2,1,3,7.10,3,6,30,3,4,6,0,0,1,9,1,0,0,1,9,5,0,9,13,0,10,10,0,5,1,0,6,6,0,13,13,0,9,9,0,12,12,0,3,1,0,1,1,0,1,6,0,1,1,0,7,7,0,1,2,0
2016010029233 ,-0.223654,51.427903,0,1,1,5,22.0,3,6,30,0,0,0,0,0,4,2,2,0,0,1,9,0,0,18,0,0,10,0,0,9,0,0,6,0,0,13,0,0,1,0,0,10,0,0,3,0,0,1,0,0,2,0,0,1,0,0,5,0,0,6,0,0
2016010029250 ,-0.301795,51.56278,0,1,1,3,14.15,3,6,30,3,4,6,0,4,1,1,1,0,0,1,9,0,0,9,0,0,10,0,0,2,0,0,6,0,0,13,0,0,9,0,0,12,0,0,1,0,0,1,0,0,6,0,0,1,0,0,6,0,0,5,0,0
2016010029253 ,-0.258168,51.541548,0,3,2,4,19.15,3,3,30,3,4,6,0,0,4,1,1,0,0,1,19,9,9,18,3,3,10,10,10,2,2,2,6,6,6,13,13,13,9,9,9,12,12,12,1,2,2,1,1,1,6,6,6,1,1,1,7,9,7,3,11,5
2016010029351 ,-0.111844,51.505471,0,1,1,4,17.20,3,6,30,6,2,5,0,5,1,1,1,0,0,1,5,0,0,14,0,0,10,0,0,1,0,0,6,0,0,13,0,0,9,0,0,12,0,0,1,0,0,1,0,0,6,0,0,1,0,0,6,0,0,3,0,0
2016010029356 ,-0.11434,51.424037,0,1,1,1,9.29,5,6,30,3,4,6,0,8,1,1,1,0,0,1,9,0,0,18,0,0,10,0,0,1,0,0,6,0,0,10,0,0,1,0,0,2,0,0,1,0,0,1,0,0,6,0,0,1,0,0,7,0,0,11,0,0
2016010029359 ,-0.116507,51.486751,0,2,1,5,6.50,3,6,30,6,2,6,0,5,1,1,1,0,0,1,9,19,0,7,18,0,10,10,0,6,8,0,6,6,0,13,13,0,9,9,0,12,12,0,3,1,0,1,1,0,6,1,0,2,1,0,7,6,0,3,9,0
2016010029364 ,-0.106237,51.439104,0,1,1,2,19.53,3,6,30,3,2,5,0,5,4,2,2,0,0,1,9,0,0,18,0,0,10,0,0,1,0,0,6,0,0,13,0,0,9,0,0,12,0,0,1,0,0,1,0,0,6,0,0,1,0,0,5,0,0,8,0,0
2016010029369 ,0.169346,51.600429,0,2,2,7,22.57,4,6,30,3,4,6,0,0,4,1,1,0,0,1,9,9,0,9,18,0,10,10,0,8,8,0,6,6,0,13,13,0,9,9,0,12,12,0,3,1,0,1,1,0,6,6,0,1,2,0,9,8,0,6,6,0
2016010029370 ,-0.128455,51.434155,0,1,1,4,10.10,3,3,30,3,2,6,0,4,1,1,1,0,0,1,11,0,0,18,0,0,10,0,0,1,0,0,6,0,0,13,0,0,9,0,0,12,0,0,5,0,0,1,0,0,1,0,0,1,0,0,8,0,0,6,0,0
2016010029371 ,-0.126395,51.484482,0,1,1,6,23.42,3,2,30,6,4,3,0,0,4,1,1,0,0,1,9,0,0,7,0,0,10,0,0,8,0,0,6,0,0,7,0,0,9,0,0,12,0,0,1,0,0,1,0,0,6,0,0,1,0,0,6,0,0,11,0,0
2016010029374 ,-0.106344,51.440005,0,1,3,5,20.0,3,2,30,3,2,3,0,5,1,1,1,0,6,1,11,0,0,16,0,0,10,0,0,1,0,0,6,0,0,13,0,0,9,0,0,12,0,0,5,0,0,1,0,0,1,0,0,1,0,0,8,0,0,5,0,0
2016010029379 ,-0.106706,51.49037,0,1,1,2,18.19,3,6,30,3,4,6,0,4,4,2,2,0,0,1,4,0,0,14,0,0,10,0,0,1,0,0,6,0,0,13,0,0,9,0,0,12,0,0,1,0,0,1,0,0,6,0,0,1,0,0,4,0,0,9,0,0
2016010029386 ,-0.12986,51.459627,0,1,1,2,7.40,3,3,30,0,0,0,0,0,1,1,1,0,0,1,11,0,0,5,0,0,10,0,0,9,0,0,6,0,0,13,0,0,9,0,0,12,0,0,5,0,0,1,0,0,1,0,0,1,0,0,8,0,0,2,0,0
2016010029391 ,-0.120543,51.437626,0,2,1,5,21.10,6,1,30,1,4,6,0,0,4,1,1,0,0,1,9,9,0,18,18,0,10,10,0,8,8,0,6,6,0,13,13,0,9,9,0,12,12,0,4,1,0,1,1,0,6,6,0,2,1,0,7,6,0,21,4,0
2016010029392 ,-0.162059,51.41778,0,1,3,6,18.38,3,6,30,6,4,6,0,0,4,1,1,0,0,1,11,0,0,4,0,0,10,0,0,8,0,0,6,0,0,13,0,0,9,0,0,12,0,0,5,0,0,1,0,0,1,0,0,1,0,0,8,0,0,13,0,0
2016010029399 ,0.258312,51.597761,0,2,5,3,9.41,5,6,50,0,0,0,0,0,1,1,1,0,0,2,9,9,0,18,9,0,10,10,0,9,9,0,6,6,0,13,13,0,9,9,0,12,12,0,1,1,0,1,1,0,6,6,0,1,1,0,7,7,0,9,1,0
2016010029404 ,-0.186175,51.429847,0,2,1,4,14.15,4,6,30,0,0,0,0,0,1,1,1,0,0,1,3,9,0,13,9,0,10,10,0,9,9,0,6,6,0,13,13,0,9,9,0,12,12,0,1,1,0,1,1,0,6,6,0,1,1,0,7,8,0,4,8,0
2016010029410 ,-0.117191,51.5016,0,1,1,5,0.1,6,6,30,3,4,3,0,0,4,1,1,0,1,1,8,0,0,18,0,0,10,0,0,8,0,0,6,0,0,7,0,0,9,0,0,12,0,0,1,0,0,1,0,0,1,0,0,1,0,0,9,0,0,5,0,0
2016010029419 ,-0.132306,51.427922,0,1,1,4,15.45,6,6,20,3,4,6,0,0,1,1,1,0,0,1,9,0,0,9,0,0,10,0,0,1,0,0,6,0,0,13,0,0,9,0,0,12,0,0,4,0,0,1,0,0,6,0,0,1,0,0,6,0,0,3,0,0
2016010029420 ,0.060124,51.570562,0,2,2,2,8.50,6,6,30,3,4,6,0,0,1,1,1,0,0,1,9,9,0,4,3,0,10,10,0,1,1,0,6,6,0,13,13,0,9,9,0,12,12,0,1,2,0,1,1,0,6,6,0,2,2,0,5,6,0,6,7,0
2016010029429 ,0.129738,51.56869,0,2,1,7,16.5,5,6,30,0,0,0,0,1,1,1,1,0,0,1,5,9,0,14,13,0,10,10,0,9,9,0,6,6,0,13,13,0,9,9,0,12,12,0,3,4,0,1,1,0,6,6,0,1,1,0,7,4,0,11,11,0
2016010029430 ,-0.114883,51.463254,0,1,3,7,14.40,3,6,30,3,2,4,0,0,1,1,1,0,0,1,11,0,0,4,0,0,10,0,0,8,0,0,6,0,0,13,0,0,9,0,0,12,0,0,5,0,0,1,0,0,1,0,0,1,0,0,6,0,0,14,0,0
2016010029440 ,-0.122294,51.472096,0,1,1,6,8.0,3,6,30,3,4,3,0,0,1,1,1,0,0,1,9,0,0,14,0,0,10,0,0,1,0,0,6,0,0,13,0,0,9,0,0,12,0,0,1,0,0,1,0,0,2,0,0,1,0,0,5,0,0,6,0,0