Accident_Index,Longitude,Latitude,SV,Number_of_Vehicles,Number_of_Casualties,Day_of_Week,Time,1st_Road_Class,Road_Type,Speed_limit,Junction_Detail,Junction_Control,2nd_Road_Class,Pedestrian_Crossing-Human_Control,Pedestrian_Crossing-Physical_Facilities,Light_Conditions,Weather_Conditions,Road_Surface_Conditions,Special_Conditions_at_Site,Carriageway_Hazards,Urban_or_Rural_Area,Vehicle1_Type,Vehicle2_Type,Vehicle3_Type,Vehicle1_Manoeuvre,Vehicle2_Manoeuvre,Vehicle3_Manoeuvre,Vehicle1_Location-Restricted_Lane,Vehicle2_Location-Restricted_Lane,Vehicle3_Location-Restricted_Lane,Junction1_Location,Junction2_Location,Junction3_Location,Skidding1_and_Overturning,Skidding2_and_Overturning,Skidding3_and_Overturning,Hit_Object_in_Carriageway1,Hit_Object_in_Carriageway2,Hit_Object_in_Carriageway3,Vehicle1_Leaving_Carriageway,Vehicle2_Leaving_Carriageway,Vehicle3_Leaving_Carriageway,Hit_Object_off_Carriageway1,Hit_Object_off_Carriageway2,Hit_Object_off_Carriageway3,1st_Point_of_Impact1,1st_Point_of_Impact2,1st_Point_of_Impact3,Was_Vehicle 1_Left_Hand_Drive?,Was_Vehicle2_Left_Hand_Drive?,Was_Vehicle 3_Left_Hand_Drive?,Journey_Purpose_of_Driver1,Journey_Purpose_of_Driver2,Journey_Purpose_of_Driver3,Sex_of_Driver1,Sex_of_Driver2,Sex_of_Driver3,Age_Band_of_Driver1,Age_Band_of_Driver2,Age_Band_of_Driver3,Age_of_Vehicle1,Age_of_Vehicle2,Age_of_Vehicle3
2016010029448 ,-0.119911,51.460008,0,2,1,7,5.2,3,6,30,3,4,6,0,0,4,1,1,0,0,1,9,3,0,5,18,0,10,10,0,1,1,0,6,6,0,13,13,0,9,9,0,12,12,0,3,4,0,1,1,0,6,6,0,2,1,0,6,6,0,16,2,0
2016010029449 ,-0.206385,51.420716,0,1,2,1,20.15,3,6,30,3,2,3,0,5,1,1,1,0,0,1,3,0,0,18,0,0,10,0,0,8,0,0,6,0,0,13,0,0,9,0,0,12,0,0,1,0,0,1,0,0,1,0,0,1,0,0,4,0,0,2,0,0
2016010029578 ,-0.103854,51.434119,0,2,1,7,11.0,3,3,30,3,4,6,0,4,1,9,1,0,0,1,9,11,0,9,18,0,10,10,0,6,1,0,6,6,0,13,13,0,9,9,0,12,12,0,3,1,0,1,1,0,6,1,0,1,1,0,8,8,0,6,13,0
2016010029581 ,-0.129632,51.422933,0,2,3,4,15.54,3,6,30,3,2,3,0,5,1,1,1,0,0,1,9,5,0,9,18,0,10,10,0,5,8,0,6,6,0,13,13,0,9,9,0,12,12,0,3,1,0,1,1,0,6,6,0,1,1,0,10,6,0,9,4,0
2016010029584 ,-0.113946,51.46153,0,1,1,6,17.33,3,6,30,3,4,6,0,1,1,1,1,0,0,1,4,0,0,18,0,0,10,0,0,1,0,0,1,0,0,13,0,0,9,0,0,12,0,0,1,0,0,1,0,0,6,0,0,1,0,0,5,0,0,1,0,0
2016010029593 ,-0.338538,51.508632,0,2,1,3,20.11,3,6,30,3,4,6,0,0,1,1,1,0,0,1,8,19,0,10,18,0,10,10,0,8,1,0,6,6,0,13,13,0,9,9,0,12,12,0,2,1,0,1,1,0,1,1,0,1,1,0,5,6,0,9,4,0
2016010029595 ,-0.069625,51.593992,0,1,1,6,10.36,3,6,30,3,2,3,0,5,1,1,1,0,0,1,11,0,0,7,0,0,10,0,0,2,0,0,6,0,0,13,0,0,9,0,0,12,0,0,5,0,0,1,0,0,1,0,0,2,0,0,7,0,0,6,0,0
2016010029596 ,-0.24927,51.506614,0,1,1,5,22.45,3,6,30,3,4,6,0,0,1,1,1,0,0,1,9,0,0,14,0,0,10,0,0,8,0,0,6,0,0,13,0,0,9,0,0,12,0,0,1,0,0,1,0,0,6,0,0,1,0,0,7,0,0,10,0,0
2016010029598 ,-0.065734,51.576842,0,1,1,4,16.30,6,6,30,6,4,6,0,0,1,1,1,0,0,1,19,0,0,14,0,0,10,0,0,1,0,0,6,0,0,13,0,0,9,0,0,12,0,0,1,0,0,1,0,0,2,0,0,1,0,0,7,0,0,11,0,0
2016010029602 ,-0.091986,51.597865,0,1,1,5,22.26,3,6,30,6,2,4,0,5,4,1,2,0,0,1,3,0,0,18,0,0,10,0,0,8,0,0,6,0,0,10,0,0,1,0,0,12,0,0,1,0,0,1,0,0,6,0,0,1,0,0,6,0,0,4,0,0
2016010029604 ,-0.067891,51.607632,0,1,1,6,23.0,3,6,30,3,2,5,0,5,4,1,1,0,0,1,11,0,0,5,0,0,10,0,0,1,0,0,6,0,0,13,0,0,9,0,0,12,0,0,5,0,0,1,0,0,1,0,0,1,0,0,9,0,0,4,0,0
2016010029607 ,-0.093547,51.588178,0,2,3,2,19.50,4,6,30,6,4,4,0,0,4,1,1,0,0,1,9,9,0,18,9,0,10,10,0,8,8,0,6,6,0,13,13,0,9,9,0,12,12,0,1,3,0,1,1,0,6,6,0,1,1,0,6,7,0,4,8,0
2016010029608 ,-0.110807,51.589716,0,1,1,2,12.44,4,6,20,3,4,6,0,0,1,1,1,0,0,1,9,0,0,7,0,0,10,0,0,2,0,0,6,0,0,13,0,0,9,0,0,12,0,0,4,0,0,1,0,0,6,0,0,2,0,0,6,0,0,2,0,0
2016010029612 ,-0.084469,51.584343,0,2,1,2,13.38,6,2,30,3,4,6,0,0,1,1,1,0,0,1,9,3,0,5,18,0,10,10,0,2,2,0,6,6,0,13,13,0,9,9,0,12,12,0,3,1,0,1,1,0,6,6,0,1,1,0,7,4,0,11,13,0
2016010029617 ,-0.324522,51.541076,0,1,1,5,14.0,5,6,30,3,4,5,0,0,1,1,1,0,0,1,9,0,0,17,0,0,10,0,0,1,0,0,6,0,0,13,0,0,9,0,0,12,0,0,3,0,0,1,0,0,6,0,0,2,0,0,7,0,0,11,0,0
2016010029697 ,-0.081049,51.473586,0,1,1,7,22.45,3,6,30,3,4,6,0,0,4,1,1,0,0,1,9,0,0,4,0,0,10,0,0,8,0,0,6,0,0,13,0,0,9,0,0,12,0,0,4,0,0,1,0,0,6,0,0,1,0,0,6,0,0,11,0,0
2016010029709 ,-0.060807,51.682334,0,1,1,1,17.54,1,3,70,0,0,0,0,0,6,1,1,0,0,2,9,0,0,18,0,0,10,0,0,9,0,0,6,0,0,13,0,0,2,0,0,7,0,0,4,0,0,1,0,0,6,0,0,2,0,0,7,0,0,14,0,0
2016010029721 ,-0.285076,51.500938,0,2,2,4,20.0,3,6,30,5,2,3,0,5,4,1,1,0,0,1,3,3,0,18,9,0,10,10,0,8,8,0,6,6,0,13,13,0,9,9,0,12,12,0,1,4,0,1,1,0,6,6,0,1,1,0,7,6,0,4,8,0
2016010029762 ,-0.21937,51.534311,0,1,1,2,9.10,5,6,30,0,0,0,0,0,1,1,1,0,0,1,2,0,0,14,0,0,10,0,0,9,0,0,6,0,0,13,0,0,9,0,0,12,0,0,3,0,0,1,0,0,6,0,0,1,0,0,4,0,0,8,0,0
2016010029781 ,-0.102443,51.506309,0,2,1,1,22.0,3,6,30,3,4,5,0,4,4,1,1,0,0,1,9,5,0,6,18,0,10,10,0,8,8,0,6,6,0,13,13,0,9,9,0,12,12,0,2,1,0,1,1,0,6,6,0,1,1,0,7,6,0,15,14,0
2016010029800 ,-0.266557,51.571258,0,1,1,2,11.22,6,6,30,0,0,0,0,0,1,1,1,0,0,1,9,0,0,18,0,0,10,0,0,9,0,0,5,0,0,4,0,0,7,0,0,2,0,0,4,0,0,1,0,0,6,0,0,2,0,0,8,0,0,6,0,0
2016010029801 ,-0.292073,51.51417,0,1,1,7,7.35,3,6,30,3,4,6,0,0,1,1,1,0,0,1,9,0,0,18,0,0,10,0,0,8,0,0,6,0,0,10,0,0,3,0,0,1,0,0,1,0,0,1,0,0,6,0,0,1,0,0,9,0,0,12,0,0
2016010029828 ,-0.28522,51.500941,0,2,3,1,1.42,3,6,30,6,2,4,0,5,4,1,1,0,0,1,9,9,0,18,9,0,10,10,0,8,8,0,6,6,0,13,13,0,9,9,0,12,12,0,1,4,0,1,1,0,6,6,0,1,1,0,7,8,0,9,4,0
2016010029843 ,-0.33828,51.527603,0,2,1,2,17.20,4,6,30,3,4,6,0,0,1,1,1,0,0,1,9,3,0,9,14,0,10,10,0,8,8,0,6,6,0,13,13,0,9,9,0,12,12,0,1,1,0,1,1,0,6,6,0,1,1,0,5,7,0,10,2,0
2016010029928 ,-0.305258,51.508426,0,2,1,6,12.50,6,6,30,3,4,4,0,1,1,1,1,0,0,1,19,3,0,9,13,0,10,10,0,8,8,0,6,6,0,13,13,0,9,9,0,12,12,0,3,1,0,1,1,0,1,1,0,1,1,0,10,6,0,11,2,0
2016010029932 ,-0.256131,51.511842,0,1,1,3,19.45,5,6,30,3,4,6,0,0,4,1,1,0,0,1,9,0,0,9,0,0,10,0,0,8,0,0,6,0,0,13,0,0,9,0,0,12,0,0,3,0,0,1,0,0,6,0,0,1,0,0,6,0,0,9,0,0
2016010029936 ,-0.061885,51.514638,0,2,2,6,23.7,3,6,30,6,2,4,0,5,4,1,1,0,0,1,9,8,0,9,18,0,10,10,0,8,8,0,6,6,0,13,13,0,9,9,0,12,12,0,4,1,0,1,1,0,6,1,0,1,1,0,6,8,0,10,2,0
2016010029940 ,-0.248127,51.513881,0,1,1,1,1.25,3,3,40,0,0,0,0,0,4,1,1,0,0,1,9,0,0,18,0,0,10,0,0,9,0,0,6,0,0,13,0,0,9,0,0,12,0,0,3,0,0,1,0,0,6,0,0,1,0,0,11,0,0,15,0,0
2016010029951 ,-0.058599,51.524116,0,1,1,5,18.6,4,6,30,6,4,6,0,0,1,1,1,0,0,1,9,0,0,9,0,0,10,0,0,2,0,0,6,0,0,13,0,0,9,0,0,12,0,0,1,0,0,1,0,0,1,0,0,1,0,0,5,0,0,1,0,0
2016010029959 ,-0.108138,51.612244,0,1,1,6,14.6,3,3,40,8,4,6,0,0,1,1,1,0,0,1,9,0,0,8,0,0,10,0,0,8,0,0,6,0,0,13,0,0,9,0,0,12,0,0,4,0,0,1,0,0,6,0,0,1,0,0,7,0,0,12,0,0
2016010029961 ,-0.073373,51.508802,0,2,1,2,8.3,3,6,30,3,2,3,0,5,1,1,1,0,0,1,8,5,0,6,18,0,10,10,0,1,1,0,6,6,0,13,13,0,9,9,0,12,12,0,3,1,0,1,1,0,1,2,0,1,1,0,6,8,0,2,15,0
2016010029978 ,-0.064333,51.514679,0,2,1,3,17.10,3,6,30,3,4,6,0,0,4,1,1,0,0,1,5,9,0,18,9,0,10,10,0,8,8,0,6,6,0,13,13,0,9,9,0,12,12,0,3,1,0,1,1,0,2,6,0,1,2,0,7,6,0,5,13,0
2016010029981 ,-0.34368,51.549621,0,2,3,4,19.41,6,6,30,1,4,6,0,8,4,1,1,0,0,1,9,9,0,9,17,0,10,10,0,8,8,0,6,6,0,13,13,0,9,9,0,12,12,0,4,3,0,1,1,0,6,6,0,1,1,0,7,5,0,11,12,0
2016010029982 ,0.064863,51.522277,0,4,3,2,14.33,3,3,50,0,0,0,0,0,1,1,1,0,0,1,19,9,9,18,18,11,10,10,10,9,9,9,6,6,6,13,13,13,9,9,9,12,12,12,2,2,4,1,1,1,1,6,6,1,2,2,5,6,9,10,11,18
2016010029992 ,-0.121058,51.470637,0,1,1,7,17.25,3,6,30,3,4,6,0,0,1,1,1,0,0,1,11,0,0,18,0,0,2,0,0,1,0,0,6,0,0,13,0,0,9,0,0,12,0,0,5,0,0,1,0,0,1,0,0,1,0,0,9,0,0,7,0,0
2016010030012 ,-0.319437,51.510788,0,2,1,6,5.45,3,6,30,6,2,4,0,5,4,2,2,0,0,1,5,8,0,18,9,0,10,10,0,8,8,0,6,6,0,13,13,0,9,9,0,12,12,0,1,4,0,1,1,0,6,6,0,1,1,0,6,4,0,20,5,0
2016010030015 ,-0.003779,51.508537,0,2,1,5,8.9,3,3,40,0,0,0,0,0,1,1,1,0,0,1,21,9,0,18,18,0,10,10,0,9,9,0,6,6,0,13,13,0,9,9,0,12,12,0,1,2,0,1,1,0,1,1,0,1,1,0,6,7,0,7,5,0
2016010030017 ,-0.129934,51.461337,0,2,1,6,11.44,6,6,30,0,0,0,0,1,1,1,1,0,0,1,9,9,0,5,18,0,10,10,0,9,9,0,6,6,0,13,13,0,9,9,0,12,12,0,3,4,0,1,1,0,6,6,0,1,1,0,5,5,0,2,5,0
2016010030026 ,-0.122844,51.500792,0,2,1,5,11.20,3,3,30,0,0,0,0,5,1,1,1,0,0,1,4,8,0,18,6,0,10,10,0,9,9,0,6,6,0,13,13,0,9,9,0,12,12,0,1,2,0,1,1,0,1,1,0,1,1,0,6,8,0,5,14,0
2016010030030 ,-0.249754,51.557879,0,1,1,1,19.4,3,1,30,1,4,4,0,0,4,1,1,0,0,1,3,0,0,18,0,0,10,0,0,8,0,0,6,0,0,13,0,0,9,0,0,12,0,0,3,0,0,1,0,0,6,0,0,1,0,0,7,0,0,4,0,0
2016010030042 ,-0.324049,51.534325,0,2,2,2,10.14,5,6,30,3,4,6,0,0,1,1,1,0,0,1,19,9,0,4,3,0,10,10,0,8,8,0,6,6,0,13,13,0,9,9,0,12,12,0,1,2,0,1,1,0,1,6,0,1,1,0,6,8,0,1,13,0
2016010030096 ,-0.249435,51.558684,0,2,1,5,12.10,3,1,30,1,4,5,0,0,1,1,1,0,0,1,9,9,0,18,18,0,10,10,0,8,8,0,6,6,0,13,13,0,9,9,0,12,12,0,2,1,0,1,1,0,6,6,0,2,2,0,6,6,0,2,14,0
2016010030149 ,-0.306389,51.520672,0,1,1,1,14.33,6,6,30,0,0,0,0,0,1,1,1,0,0,1,9,0,0,4,0,0,9,0,0,9,0,0,6,0,0,10,0,0,1,0,0,10,0,0,1,0,0,1,0,0,6,0,0,2,0,0,10,0,0,8,0,0
2016010030224 ,-0.123246,51.483982,0,2,2,6,20.8,3,3,30,9,2,3,0,5,4,1,1,0,0,1,9,9,0,3,5,0,10,10,0,1,1,0,6,6,0,13,13,0,9,9,0,12,12,0,2,1,0,1,1,0,6,1,0,1,1,0,8,9,0,6,5,0
2016010030241 ,-0.107998,51.48005,0,2,1,1,8.7,3,6,20,6,2,5,0,5,1,2,2,0,0,1,9,9,0,18,3,0,10,10,0,1,1,0,6,6,0,13,13,0,9,9,0,12,12,0,1,2,0,1,1,0,2,6,0,1,1,0,7,7,0,9,1,0
2016010030245 ,-0.25696,51.561853,0,1,1,7,16.30,3,1,30,1,4,3,0,0,1,1,1,0,0,1,11,0,0,9,0,0,10,0,0,8,0,0,6,0,0,13,0,0,9,0,0,12,0,0,5,0,0,1,0,0,1,0,0,1,0,0,8,0,0,1,0,0
2016010030254 ,-0.012602,51.511115,0,2,1,3,9.22,3,6,30,3,4,6,0,0,1,1,1,0,0,1,3,9,0,18,9,0,10,10,0,8,8,0,6,6,0,13,13,0,9,9,0,12,12,0,1,4,0,1,1,0,2,6,0,2,2,0,5,7,0,4,5,0
2016010030260 ,-0.061556,51.481629,0,2,1,7,13.31,3,6,30,3,4,6,0,0,1,1,1,0,0,1,9,9,0,3,18,0,10,10,0,8,8,0,6,6,0,13,13,0,9,9,0,12,12,0,2,1,0,1,1,0,6,6,0,2,1,0,7,8,0,10,16,0
2016010030271 ,-0.029923,51.517163,0,2,1,7,13.40,3,3,30,6,2,4,0,5,1,1,2,0,0,1,9,9,0,18,9,0,10,10,0,8,8,0,6,6,0,13,13,0,9,9,0,12,12,0,1,4,0,1,1,0,6,6,0,2,2,0,7,4,0,15,13,0
2016010030275 ,-0.268811,51.546112,0,4,2,6,23.48,3,3,50,5,4,6,0,0,4,1,1,0,0,1,9,9,9,18,18,18,10,10,10,8,8,8,6,6,6,13,13,13,9,9,9,12,12,12,1,2,2,1,1,1,6,6,6,1,1,1,4,6,5,5,9,2
2016010030294 ,-0.094315,51.483515,0,2,1,5,10.27,3,6,30,6,4,6,0,0,1,1,1,0,0,1,4,9,0,18,9,0,10,10,0,8,6,0,6,6,0,13,13,0,9,9,0,12,12,0,1,3,0,1,1,0,6,6,0,1,2,0,6,7,0,2,4,0
2016010030296 ,-0.376831,51.542171,0,2,1,7,15.30,3,7,30,0,0,0,0,0,1,1,1,0,0,1,9,9,0,12,18,0,10,10,0,9,9,0,6,6,0,13,13,0,9,9,0,12,12,0,2,1,0,1,1,0,6,6,0,1,1,0,9,10,0,16,2,0
2016010030315 ,-0.371047,51.570866,0,2,1,7,20.0,3,6,30,6,4,6,0,0,4,1,1,0,0,1,9,9,0,18,18,0,10,10,0,6,8,0,6,6,0,13,13,0,9,9,0,12,12,0,4,1,0,1,1,0,6,6,0,2,1,0,7,9,0,8,13,0
2016010030318 ,-0.060624,51.52397,0,1,1,1,16.5,4,6,20,3,4,4,0,1,1,1,1,0,0,1,9,0,0,9,0,0,10,0,0,2,0,0,6,0,0,13,0,0,9,0,0,12,0,0,1,0,0,1,0,0,6,0,0,1,0,0,6,0,0,8,0,0
2016010030321 ,-0.099989,51.496017,0,1,1,1,16.10,3,6,30,0,0,0,0,4,1,5,2,0,0,1,9,0,0,18,0,0,10,0,0,9,0,0,6,0,0,10,0,0,9,0,0,12,0,0,4,0,0,1,0,0,6,0,0,1,0,0,11,0,0,14,0,0
2016010030324 ,-0.364876,51.561878,0,2,1,2,14.18,3,6,30,3,4,6,0,0,1,1,1,0,0,1,8,4,0,9,18,0,10,10,0,6,2,0,6,6,0,13,13,0,9,9,0,12,12,0,3,1,0,1,1,0,1,6,0,1,1,0,8,6,0,14,4,0
2016010030341 ,-0.031898,51.521513,0,1,1,4,15.10,5,6,20,3,4,6,0,0,1,1,1,0,0,1,9,0,0,18,0,0,10,0,0,1,0,0,6,0,0,13,0,0,9,0,0,12,0,0,1,0,0,1,0,0,6,0,0,1,0,0,4,0,0,10,0,0
2016010030349 ,-0.379348,51.605242,0,1,1,3,23.13,3,1,30,1,4,3,0,0,4,1,1,0,0,1,9,0,0,18,0,0,10,0,0,8,0,0,5,0,0,9,0,0,9,0,0,12,0,0,1,0,0,1,0,0,6,0,0,1,0,0,11,0,0,9,0,0
2016010030353 ,-0.27557,51.558081,0,2,3,7,17.50,5,2,30,0,0,0,0,0,1,1,1,0,0,1,9,9,0,5,18,0,10,10,0,9,9,0,6,6,0,13,13,0,9,9,0,12,12,0,3,4,0,1,1,0,6,6,0,2,1,0,6,8,0,13,2,0
2016010030356 ,-0.283242,51.52672,0,2,2,7,20.33,6,7,30,5,4,3,0,0,1,1,1,0,0,1,9,9,0,8,7,0,10,10,0,8,1,0,6,6,0,13,13,0,9,9,0,12,12,0,2,1,0,1,1,0,6,6,0,1,1,0,6,5,0,2,10,0
2016010030444 ,-0.061885,51.514638,0,2,2,5,1.11,3,6,30,6,2,4,0,5,4,1,1,0,0,1,9,8,0,9,18,0,10,10,0,8,8,0,6,6,0,13,13,0,9,9,0,12,12,0,1,3,0,1,1,0,6,1,0,1,1,0,6,7,0,5,8,0
2016010030538 ,-0.388047,51.538998,0,2,1,1,13.4,6,6,30,3,4,6,0,0,1,1,1,0,0,1,3,9,0,10,9,0,10,10,0,8,8,0,6,6,0,13,13,0,9,9,0,12,12,0,1,1,0,1,1,0,6,6,0,1,1,0,8,6,0,5,9,0
2016010030539 ,-0.017765,51.528289,0,3,2,6,11.50,3,2,30,3,4,3,0,4,1,1,1,0,0,1,19,9,9,3,3,18,10,10,10,1,1,1,6,6,6,13,13,13,9,9,9,12,12,12,2,2,1,1,1,1,1,6,6,1,1,1,5,6,6,1,1,12
2016010030540 ,-0.352135,51.575098,0,1,1,2,13.43,6,6,30,3,4,6,0,0,1,1,1,0,0,1,11,0,0,18,0,0,10,0,0,1,0,0,6,0,0,13,0,0,9,0,0,12,0,0,5,0,0,1,0,0,1,0,0,1,0,0,8,0,0,7,0,0
2016010030543 ,-0.29267,51.621458,0,2,1,3,6.45,3,1,30,1,4,3,0,8,1,1,1,0,0,1,9,9,0,18,18,0,10,10,0,8,7,0,6,6,0,13,13,0,9,9,0,12,12,0,3,4,0,1,1,0,6,6,0,2,1,0,7,7,0,10,9,0
2016010030549 ,-0.310631,51.592943,0,2,1,4,14.27,5,6,30,6,2,5,0,4,1,1,1,0,0,1,9,9,0,3,5,0,10,10,0,1,1,0,6,6,0,13,13,0,9,9,0,12,12,0,2,1,0,1,1,0,6,6,0,2,2,0,8,7,0,1,12,0
2016010030554 ,-0.305088,51.594481,0,1,1,3,8.50,5,6,30,3,3,6,0,0,1,1,1,0,0,1,4,0,0,18,0,0,10,0,0,1,0,0,6,0,0,10,0,0,9,0,0,12,0,0,1,0,0,1,0,0,6,0,0,1,0,0,4,0,0,10,0,0
2016010030560 ,-0.067874,51.601247,0,1,1,7,13.28,3,6,30,0,0,0,0,0,1,1,1,0,0,1,9,0,0,1,0,0,10,0,0,9,0,0,6,0,0,13,0,0,9,0,0,12,0,0,2,0,0,1,0,0,6,0,0,1,0,0,6,0,0,2,0,0
2016010030563 ,-0.365372,51.495701,0,2,2,7,16.0,3,6,30,3,4,6,0,0,1,1,1,0,0,1,9,9,0,18,9,0,10,10,0,1,8,0,6,6,0,13,13,0,9,9,0,12,12,0,1,1,0,1,1,0,6,6,0,1,1,0,7,5,0,10,11,0
2016010030573 ,-0.055671,51.528564,0,2,1,7,20.0,3,6,30,3,4,6,0,4,1,1,1,0,0,1,9,9,0,3,18,0,10,10,0,2,2,0,6,6,0,13,13,0,9,9,0,12,12,0,2,1,0,1,1,0,6,6,0,1,1,0,5,7,0,14,10,0
2016010030578 ,-0.099496,51.580541,0,1,1,7,18.15,3,6,30,3,4,6,0,0,4,1,1,0,0,1,9,0,0,4,0,0,10,0,0,1,0,0,6,0,0,13,0,0,9,0,0,12,0,0,4,0,0,1,0,0,6,0,0,1,0,0,8,0,0,6,0,0
2016010030583 ,-0.027424,51.514963,0,2,1,7,15.10,6,1,30,2,4,6,0,0,1,1,1,0,0,1,9,3,0,7,18,0,10,10,0,8,8,0,6,6,0,13,13,0,9,9,0,12,12,0,3,1,0,1,1,0,6,6,0,1,1,0,8,5,0,1,7,0
2016010030620 ,-0.318752,51.521569,0,2,1,7,17.43,6,6,30,0,0,0,0,0,1,1,1,0,0,1,9,11,0,6,18,0,10,10,0,9,9,0,6,6,0,13,13,0,9,9,0,12,12,0,1,1,0,1,1,0,6,1,0,2,1,0,7,9,0,11,9,0
2016010030623 ,-0.112561,51.585698,0,1,1,2,6.54,3,2,30,8,4,6,0,0,1,1,1,0,0,1,19,0,0,7,0,0,10,0,0,8,0,0,6,0,0,13,0,0,9,0,0,12,0,0,4,0,0,1,0,0,6,0,0,1,0,0,7,0,0,10,0,0
2016010030626 ,-0.333292,51.533917,0,2,1,5,15.5,3,3,50,0,0,0,0,0,1,1,1,0,0,1,5,9,0,18,4,0,10,10,0,9,9,0,6,6,0,13,13,0,9,9,0,12,12,0,1,2,0,1,1,0,2,2,0,1,2,0,9,9,0,5,4,0
2016010030649 ,-0.043288,51.518106,0,2,1,3,19.50,5,6,30,3,4,6,0,0,4,1,1,0,0,1,9,11,0,18,18,0,10,10,0,1,2,0,6,6,0,13,13,0,9,9,0,12,12,0,1,1,0,1,1,0,6,1,0,2,2,0,5,8,0,1,5,0
2016010030655 ,-0.378362,51.507211,0,2,4,5,14.25,3,6,30,6,2,5,0,5,1,1,1,0,0,1,11,9,0,4,11,0,10,10,0,1,1,0,6,6,0,13,13,0,9,9,0,12,12,0,1,4,0,1,1,0,1,6,0,1,1,0,9,10,0,15,3,0
2016010030677 ,-0.284513,51.500571,0,1,1,1,22.30,6,3,30,3,4,3,0,0,4,1,1,0,0,1,3,0,0,18,0,0,10,0,0,8,0,0,6,0,0,13,0,0,9,0,0,12,0,0,2,0,0,1,0,0,1,0,0,1,0,0,7,0,0,13,0,0
2016010030688 ,-0.382376,51.511853,0,1,1,3,11.0,3,6,30,3,4,6,0,0,1,1,1,0,0,1,9,0,0,9,0,0,10,0,0,8,0,0,6,0,0,13,0,0,9,0,0,12,0,0,1,0,0,1,0,0,6,0,0,1,0,0,8,0,0,9,0,0
2016010030725 ,-0.3277,51.509467,0,1,1,2,15.43,3,6,30,3,4,6,0,0,1,1,1,0,0,1,9,0,0,5,0,0,10,0,0,8,0,0,6,0,0,13,0,0,9,0,0,12,0,0,1,0,0,1,0,0,2,0,0,1,0,0,7,0,0,10,0,0
2016010030792 ,-0.373111,51.561543,0,1,1,3,8.35,5,6,30,3,4,6,0,8,1,1,1,0,0,1,9,0,0,18,0,0,10,0,0,1,0,0,6,0,0,7,0,0,9,0,0,12,0,0,1,0,0,1,0,0,6,0,0,1,0,0,10,0,0,4,0,0
2016010030797 ,0.000602,51.513139,0,2,1,1,20.30,4,6,30,3,2,3,0,5,4,1,1,0,0,1,9,9,0,18,18,0,10,10,0,1,1,0,6,6,0,13,13,0,9,9,0,12,12,0,1,2,0,1,1,0,6,6,0,1,1,0,6,7,0,7,1,0
2016010030802 ,-0.092703,51.594549,0,2,4,3,16.30,6,6,30,6,4,6,0,0,1,1,1,0,0,1,9,9,0,18,6,0,10,10,0,8,8,0,6,6,0,13,13,0,9,9,0,12,12,0,1,3,0,1,1,0,6,6,0,1,2,0,6,5,0,6,5,0
2016010030830 ,-0.34239,51.593036,0,3,2,5,8.10,5,6,30,3,4,6,0,1,1,2,2,0,0,1,9,9,9,3,18,3,10,10,10,2,2,2,6,1,6,13,10,13,9,9,9,12,12,12,2,1,2,1,1,1,6,6,6,1,1,1,6,7,7,7,12,8
2016010030844 ,-0.34626,51.542104,0,2,2,1,6.30,6,6,30,0,0,0,0,4,4,1,1,0,0,1,9,9,0,18,18,0,10,10,0,9,9,0,6,6,0,13,13,0,9,9,0,12,12,0,1,1,0,1,1,0,2,2,0,1,1,0,8,8,0,11,12,0
2016010030845 ,0.109953,51.465448,0,1,1,2,7.5,6,6,30,3,4,3,0,0,1,7,2,0,0,1,9,0,0,9,0,0,10,0,0,5,0,0,6,0,0,13,0,0,9,0,0,12,0,0,4,0,0,1,0,0,6,0,0,1,0,0,7,0,0,5,0,0
2016010030855 ,-0.346421,51.541656,0,3,2,5,11.50,6,6,30,3,4,6,0,0,1,1,1,0,0,1,9,3,5,10,17,18,10,10,10,8,8,8,6,6,6,13,13,13,9,9,9,12,12,12,2,1,2,1,1,1,6,6,6,2,1,1,8,6,7,12,1,11
2016010030867 ,-0.100147,51.599526,0,2,1,4,15.50,3,6,20,8,4,6,0,0,1,1,1,0,0,1,19,4,0,9,16,0,10,10,0,8,8,0,6,6,0,13,13,0,9,9,0,12,12,0,1,1,0,1,1,0,6,6,0,1,1,0,6,7,0,7,3,0
2016010030878 ,-0.07187,51.585306,0,2,1,3,20.25,3,6,30,8,4,6,0,4,4,1,1,0,0,1,9,5,0,7,18,0,2,2,0,8,8,0,6,6,0,13,13,0,9,9,0,12,12,0,2,1,0,1,1,0,6,6,0,1,2,0,5,6,0,1,17,0
2016010030882 ,-0.26808,51.546371,0,2,1,2,14.9,3,6,30,0,0,0,0,0,1,1,1,0,0,1,9,20,0,18,3,0,10,10,0,9,9,0,6,6,0,13,13,0,9,9,0,12,12,0,1,2,0,1,1,0,6,1,0,1,1,0,5,6,0,9,4,0
2016010030890 ,-0.072938,51.57714,0,1,1,4,9.58,3,6,30,3,2,4,0,5,1,1,1,0,0,1,8,0,0,9,0,0,10,0,0,8,0,0,6,0,0,13,0,0,9,0,0,12,0,0,3,0,0,1,0,0,6,0,0,1,0,0,9,0,0,5,0,0
2016010030897 ,-0.394545,51.501859,0,2,3,6,19.47,6,6,30,6,4,6,0,0,4,1,1,0,0,1,9,9,0,18,18,0,10,10,0,8,8,0,6,6,0,13,13,0,9,9,0,12,12,0,1,1,0,1,1,0,1,6,0,1,1,0,6,11,0,8,1,0