Accident_Index,Longitude,Latitude,SV,Number_of_Vehicles,Number_of_Casualties,Day_of_Week,Time,1st_Road_Class,Road_Type,Speed_limit,Junction_Detail,Junction_Control,2nd_Road_Class,Pedestrian_Crossing-Human_Control,Pedestrian_Crossing-Physical_Facilities,Light_Conditions,Weather_Conditions,Road_Surface_Conditions,Special_Conditions_at_Site,Carriageway_Hazards,Urban_or_Rural_Area,Vehicle1_Type,Vehicle2_Type,Vehicle3_Type,Vehicle1_Manoeuvre,Vehicle2_Manoeuvre,Vehicle3_Manoeuvre,Vehicle1_Location-Restricted_Lane,Vehicle2_Location-Restricted_Lane,Vehicle3_Location-Restricted_Lane,Junction1_Location,Junction2_Location,Junction3_Location,Skidding1_and_Overturning,Skidding2_and_Overturning,Skidding3_and_Overturning,Hit_Object_in_Carriageway1,Hit_Object_in_Carriageway2,Hit_Object_in_Carriageway3,Vehicle1_Leaving_Carriageway,Vehicle2_Leaving_Carriageway,Vehicle3_Leaving_Carriageway,Hit_Object_off_Carriageway1,Hit_Object_off_Carriageway2,Hit_Object_off_Carriageway3,1st_Point_of_Impact1,1st_Point_of_Impact2,1st_Point_of_Impact3,Was_Vehicle 1_Left_Hand_Drive?,Was_Vehicle2_Left_Hand_Drive?,Was_Vehicle 3_Left_Hand_Drive?,Journey_Purpose_of_Driver1,Journey_Purpose_of_Driver2,Journey_Purpose_of_Driver3,Sex_of_Driver1,Sex_of_Driver2,Sex_of_Driver3,Age_Band_of_Driver1,Age_Band_of_Driver2,Age_Band_of_Driver3,Age_of_Vehicle1,Age_of_Vehicle2,Age_of_Vehicle3
2016010030901 ,-0.103563,51.590319,0,2,4,5,16.25,3,6,30,6,2,3,0,5,1,1,1,0,0,1,11,9,0,18,13,0,10,10,0,1,1,0,6,6,0,13,13,0,9,9,0,12,12,0,5,1,0,1,1,0,1,6,0,1,1,0,6,7,0,3,12,0
2016010030906 ,-0.35066,51.603853,0,1,1,3,18.22,5,6,30,3,3,6,0,4,4,1,1,0,0,1,9,0,0,18,0,0,10,0,0,2,0,0,6,0,0,13,0,0,9,0,0,12,0,0,1,0,0,1,0,0,6,0,0,1,0,0,6,0,0,17,0,0
2016010030918 ,-0.09923,51.579997,0,2,1,5,19.20,3,6,30,6,4,6,0,4,4,1,1,0,0,1,9,3,0,9,18,0,10,10,0,8,8,0,6,6,0,13,13,0,9,9,0,12,12,0,1,1,0,1,1,0,2,2,0,2,1,0,5,5,0,9,1,0
2016010031209 ,-0.069629,51.593902,0,1,1,1,15.1,3,6,30,3,2,3,0,5,1,1,1,0,6,1,11,0,0,18,0,0,10,0,0,1,0,0,6,0,0,13,0,0,9,0,0,12,0,0,5,0,0,1,0,0,1,0,0,2,0,0,7,0,0,5,0,0
2016010031213 ,-0.283901,51.589677,0,1,1,4,16.26,3,6,30,3,4,6,0,8,1,1,1,0,0,1,9,0,0,18,0,0,10,0,0,1,0,0,6,0,0,7,0,0,9,0,0,12,0,0,1,0,0,1,0,0,6,0,0,2,0,0,11,0,0,12,0,0
2016010031225 ,-0.051538,51.513927,0,2,1,7,18.0,3,6,30,3,4,6,0,0,1,1,1,0,0,1,9,9,0,18,9,0,10,10,0,8,8,0,6,6,0,13,13,0,9,9,0,12,12,0,1,1,0,1,1,0,6,6,0,1,1,0,6,6,0,10,10,0
2016010031232 ,-0.312563,51.587575,0,3,1,2,8.30,6,6,30,6,4,6,0,0,1,1,1,0,0,1,9,4,9,9,13,18,10,10,10,1,1,1,6,6,6,13,13,13,9,9,9,12,12,12,3,4,3,1,1,1,1,6,6,1,1,2,7,6,7,5,1,11
2016010031235 ,-0.014112,51.529396,0,2,1,3,16.46,3,1,30,1,2,3,0,0,1,1,1,0,0,1,9,3,0,18,4,0,10,10,0,8,8,0,6,6,0,13,13,0,9,9,0,12,12,0,1,2,0,1,1,0,6,6,0,1,1,0,6,5,0,10,2,0
2016010031238 ,-0.372935,51.56244,0,1,1,2,18.0,6,6,30,6,4,6,0,0,4,9,1,0,0,1,11,0,0,4,0,0,10,0,0,1,0,0,6,0,0,13,0,0,9,0,0,12,0,0,5,0,0,1,0,0,1,0,0,1,0,0,7,0,0,7,0,0
2016010031241 ,0.20126,51.519796,0,1,1,6,16.58,5,6,20,0,0,0,0,0,1,9,1,0,0,1,9,0,0,5,0,0,10,0,0,9,0,0,6,0,0,13,0,0,9,0,0,12,0,0,1,0,0,1,0,0,6,0,0,1,0,0,6,0,0,5,0,0
2016010031267 ,-0.048138,51.6136,0,1,1,7,18.58,3,6,30,1,4,3,0,0,4,1,1,0,0,1,11,0,0,18,0,0,10,0,0,1,0,0,6,0,0,13,0,0,9,0,0,12,0,0,5,0,0,1,0,0,1,0,0,2,0,0,8,0,0,3,0,0
2016010031270 ,0.176248,51.57566,0,3,3,6,18.40,3,6,30,3,4,6,0,0,4,1,1,0,0,1,8,19,9,18,18,18,2,10,10,2,1,2,6,6,6,13,13,13,9,9,1,12,12,10,1,1,2,1,1,1,6,1,6,1,1,2,10,9,7,5,1,12
2016010031280 ,0.258999,51.611597,0,2,1,4,17.40,1,3,70,0,0,0,0,0,1,1,1,0,0,2,5,19,0,4,4,0,10,10,0,9,9,0,6,6,0,13,13,0,9,9,0,12,12,0,2,1,0,1,1,0,6,1,0,1,1,0,9,8,0,2,9,0
2016010031283 ,0.173356,51.584617,0,1,1,4,13.40,3,6,30,3,4,6,0,4,1,1,1,0,0,1,11,0,0,18,0,0,2,0,0,1,0,0,6,0,0,13,0,0,9,0,0,12,0,0,5,0,0,1,0,0,1,0,0,1,0,0,8,0,0,8,0,0
2016010031292 ,-0.09864,51.57684,0,1,1,7,19.46,3,6,30,0,0,0,0,0,4,1,1,0,0,1,2,0,0,18,0,0,10,0,0,9,0,0,6,0,0,13,0,0,9,0,0,12,0,0,4,0,0,1,0,0,1,0,0,1,0,0,4,0,0,1,0,0
2016010031294 ,0.051198,51.538974,0,2,1,2,13.30,3,6,30,0,0,0,0,0,1,1,1,0,0,1,19,9,0,18,18,0,10,10,0,9,9,0,6,6,0,13,13,0,9,9,0,12,12,0,3,3,0,1,1,0,1,6,0,1,2,0,8,7,0,8,14,0
2016010031297 ,0.192581,51.534168,0,1,1,5,14.55,5,6,30,3,4,6,0,1,1,1,1,0,0,1,11,0,0,4,0,0,10,0,0,2,0,0,6,0,0,13,0,0,9,0,0,12,0,0,5,0,0,1,0,0,1,0,0,1,0,0,9,0,0,8,0,0
2016010031302 ,-0.111461,51.591345,0,2,3,5,20.45,4,6,30,3,4,6,0,0,4,1,1,0,0,1,9,9,0,9,18,0,10,10,0,8,8,0,6,6,0,13,13,0,9,9,0,12,12,0,4,1,0,1,1,0,6,6,0,1,1,0,9,5,0,11,2,0
2016010031312 ,-0.146255,51.577152,0,2,1,7,15.55,3,6,30,0,0,0,0,0,1,1,1,0,0,1,9,3,0,5,14,0,10,10,0,9,9,0,6,6,0,13,13,0,9,9,0,12,12,0,1,1,0,1,1,0,6,6,0,2,2,0,8,5,0,9,8,0
2016010031323 ,-0.006772,51.509308,0,1,1,7,5.24,3,2,30,0,0,0,0,0,4,1,1,0,0,1,9,0,0,18,0,0,10,0,0,9,0,0,6,0,0,10,0,0,8,0,0,10,0,0,1,0,0,1,0,0,6,0,0,1,0,0,6,0,0,4,0,0
2016010031326 ,0.039099,51.516703,0,1,2,4,8.40,5,6,30,3,4,6,0,0,1,1,1,0,0,1,4,0,0,18,0,0,10,0,0,1,0,0,6,0,0,13,0,0,9,0,0,12,0,0,4,0,0,1,0,0,6,0,0,1,0,0,6,0,0,12,0,0
2016010031352 ,0.117797,51.532215,0,2,1,5,21.20,3,3,50,3,2,5,0,5,4,1,1,0,0,1,9,9,0,3,18,0,10,10,0,1,1,0,6,6,0,13,13,0,9,9,0,12,12,0,2,1,0,1,1,0,6,6,0,1,2,0,9,9,0,8,15,0
2016010031353 ,-0.029679,51.526152,0,2,2,3,16.58,3,6,20,3,4,3,0,4,1,1,1,0,0,1,9,9,0,6,18,0,10,10,0,2,2,0,6,6,0,13,13,0,9,9,0,12,12,0,3,1,0,1,1,0,6,6,0,1,1,0,9,4,0,1,1,0
2016010031370 ,-0.07482,51.652079,0,1,1,4,8.55,3,6,30,0,0,0,0,0,1,1,1,0,0,1,9,0,0,18,0,0,10,0,0,9,0,0,6,0,0,13,0,0,9,0,0,12,0,0,4,0,0,1,0,0,6,0,0,2,0,0,6,0,0,8,0,0
2016010031382 ,-0.042293,51.662153,0,2,1,1,20.26,6,6,30,3,4,6,0,0,4,1,1,0,0,1,9,3,0,9,4,0,10,10,0,8,8,0,6,6,0,13,13,0,9,9,0,12,12,0,4,1,0,1,1,0,6,6,0,1,1,0,7,4,0,5,4,0
2016010031456 ,-0.018493,51.531449,0,4,2,3,16.45,3,3,40,0,0,0,0,0,1,1,1,0,0,1,9,19,19,18,18,18,10,10,10,9,9,9,6,6,6,13,13,13,9,9,9,12,12,12,2,1,1,1,1,1,6,1,1,1,1,1,8,9,6,13,3,1
2016010031462 ,0.231859,51.585407,0,1,1,5,8.36,6,6,30,0,0,0,0,0,1,1,1,0,0,1,9,0,0,18,0,0,10,0,0,9,0,0,6,0,0,13,0,0,9,0,0,12,0,0,1,0,0,1,0,0,6,0,0,1,0,0,8,0,0,8,0,0
2016010031464 ,-0.025021,51.493879,0,2,2,5,13.29,3,6,20,0,0,0,0,0,1,1,1,0,0,1,9,8,0,6,18,0,10,10,0,9,9,0,6,6,0,13,13,0,9,9,0,12,12,0,3,4,0,1,1,0,6,1,0,2,1,0,6,7,0,9,4,0
2016010031468 ,-0.151186,51.455559,0,2,1,5,15.20,3,6,30,3,4,6,0,4,1,1,1,0,0,1,9,5,0,9,18,0,10,10,0,8,8,0,6,6,0,13,13,0,9,9,0,12,12,0,1,1,0,1,1,0,6,6,0,2,1,0,7,8,0,2,5,0
2016010031469 ,0.299525,51.541742,0,1,1,2,7.0,5,6,60,0,0,0,0,0,6,1,1,0,0,2,9,0,0,18,0,0,10,0,0,9,0,0,6,0,0,13,0,0,9,0,0,12,0,0,4,0,0,1,0,0,6,0,0,1,0,0,10,0,0,8,0,0
2016010031472 ,-0.152777,51.580043,0,2,1,2,18.53,3,6,30,3,4,6,0,0,4,1,1,0,0,1,9,9,0,3,18,0,10,10,0,1,1,0,6,6,0,13,13,0,9,9,0,12,12,0,2,1,0,1,1,0,6,6,0,1,1,0,9,6,0,9,11,0
2016010031473 ,0.177655,51.523564,0,2,1,2,9.58,3,6,30,0,0,0,0,0,1,1,1,0,0,1,11,19,0,18,7,0,2,10,0,9,9,0,6,6,0,13,13,0,9,9,0,12,12,0,5,5,0,1,1,0,1,1,0,1,1,0,6,8,0,5,9,0
2016010031485 ,0.145066,51.550964,0,2,1,4,8.37,5,6,30,6,4,6,0,0,1,1,1,0,0,1,9,9,0,18,9,0,10,10,0,8,8,0,6,6,0,13,13,0,9,9,0,12,12,0,3,1,0,1,1,0,6,6,0,1,2,0,9,7,0,8,13,0
2016010031493 ,-0.040144,51.671739,0,2,1,7,16.31,3,6,30,3,2,5,0,0,1,1,1,0,0,1,9,9,0,18,9,0,10,10,0,8,5,0,6,6,0,13,13,0,9,9,0,12,12,0,1,1,0,1,1,0,2,6,0,1,1,0,6,6,0,15,5,0
2016010031494 ,-0.161736,51.57263,0,1,1,4,14.0,4,6,30,3,4,6,0,0,1,1,1,0,0,1,2,0,0,18,0,0,10,0,0,8,0,0,6,0,0,13,0,0,9,0,0,12,0,0,4,0,0,1,0,0,6,0,0,1,0,0,6,0,0,6,0,0
2016010031498 ,0.223165,51.599511,0,1,1,1,14.19,6,6,30,0,0,0,0,0,1,1,1,0,0,1,9,0,0,18,0,0,10,0,0,9,0,0,6,0,0,13,0,0,9,0,0,12,0,0,1,0,0,1,0,0,6,0,0,2,0,0,7,0,0,7,0,0
2016010031499 ,-0.202281,51.48495,0,1,1,6,11.45,4,6,30,0,0,0,0,0,1,1,1,0,0,1,19,0,0,6,0,0,10,0,0,9,0,0,6,0,0,13,0,0,9,0,0,12,0,0,4,0,0,1,0,0,1,0,0,1,0,0,8,0,0,11,0,0
2016010031525 ,-0.075932,51.581416,0,2,2,3,16.0,3,6,20,3,4,6,0,0,1,1,1,0,0,1,19,19,0,3,18,0,10,10,0,1,1,0,6,6,0,13,13,0,9,9,0,12,12,0,2,1,0,1,1,0,6,6,0,1,1,0,8,7,0,11,4,0
2016010031537 ,-0.266609,51.516764,0,2,1,5,14.15,3,6,30,3,2,5,0,5,1,1,1,0,0,1,9,9,0,18,18,0,10,10,0,8,8,0,6,6,0,13,13,0,9,9,0,12,12,0,1,1,0,1,2,0,6,6,0,1,2,0,5,9,0,8,11,0
2016010031539 ,-0.079873,51.652252,0,1,1,2,9.8,3,2,30,3,2,6,0,5,1,1,1,0,0,1,3,0,0,18,0,0,10,0,0,1,0,0,6,0,0,13,0,0,9,0,0,12,0,0,1,0,0,1,0,0,6,0,0,1,0,0,4,0,0,4,0,0
2016010031540 ,-0.094563,51.653571,0,2,1,1,21.17,3,6,30,6,4,6,0,0,4,1,1,0,0,1,9,3,0,9,18,0,10,10,0,5,8,0,6,6,0,13,13,0,9,9,0,12,12,0,4,1,0,1,1,0,6,1,0,1,1,0,4,6,0,10,10,0
2016010031543 ,0.112856,51.53761,0,2,1,2,12.45,3,6,30,3,4,5,0,5,1,1,1,0,0,1,9,9,0,4,18,0,10,10,0,1,1,0,6,6,0,13,13,0,9,9,0,12,12,0,2,1,0,1,1,0,6,6,0,1,2,0,7,4,0,11,11,0
2016010031548 ,0.253383,51.579869,0,2,1,4,8.0,5,6,30,0,0,0,0,0,1,1,1,0,0,2,9,9,0,13,18,0,10,10,0,9,9,0,6,6,0,13,10,0,9,7,0,12,10,0,1,4,0,1,1,0,6,6,0,1,1,0,8,4,0,18,2,0
2016010031551 ,0.146943,51.557135,0,2,2,3,19.30,3,6,30,6,4,6,0,5,4,1,1,0,0,1,9,19,0,9,18,0,10,10,0,8,8,0,6,6,0,13,13,0,9,9,0,12,12,0,4,1,0,1,1,0,6,6,0,1,1,0,5,6,0,1,1,0
2016010031559 ,-0.049805,51.601667,0,2,1,5,7.25,3,6,30,3,2,5,0,5,1,2,2,0,0,1,9,9,0,4,18,0,10,10,0,8,8,0,6,6,0,13,13,0,9,9,0,12,12,0,2,1,0,1,1,0,6,6,0,1,2,0,6,7,0,2,5,0
2016010031561 ,0.195221,51.565054,0,1,1,3,7.45,3,6,30,3,4,3,0,4,1,1,1,0,0,1,9,0,0,18,0,0,10,0,0,1,0,0,6,0,0,13,0,0,9,0,0,12,0,0,1,0,0,1,0,0,6,0,0,1,0,0,9,0,0,10,0,0
2016010031588 ,0.177061,51.565483,0,2,1,6,7.39,3,6,30,0,0,0,0,0,1,1,1,0,0,1,9,5,0,9,18,0,10,10,0,9,9,0,6,6,0,13,13,0,9,9,0,12,12,0,3,1,0,1,1,0,2,2,0,1,1,0,4,7,0,13,8,0
2016010031600 ,0.177572,51.576175,0,2,1,2,19.54,3,6,30,1,4,3,0,0,1,1,1,0,0,1,9,9,0,18,18,0,10,10,0,2,2,0,6,6,0,10,13,0,1,9,0,10,12,0,1,4,0,1,1,0,6,6,0,2,1,0,4,6,0,13,4,0
2016010031616 ,0.210128,51.560008,0,2,1,3,8.55,5,6,30,3,4,6,0,0,1,1,1,0,0,1,8,5,0,9,13,0,10,10,0,8,8,0,6,6,0,13,13,0,9,9,0,12,12,0,3,1,0,1,1,0,1,6,0,1,1,0,8,6,0,5,8,0
2016010031617 ,-0.046788,51.67194,0,1,1,2,8.0,6,6,30,3,4,6,0,1,1,1,1,0,0,1,9,0,0,5,0,0,10,0,0,2,0,0,6,0,0,13,0,0,9,0,0,12,0,0,1,0,0,1,0,0,1,0,0,2,0,0,8,0,0,13,0,0
2016010031706 ,-0.096726,51.653696,0,1,1,6,15.0,3,6,30,0,0,0,0,0,1,1,1,0,0,1,11,0,0,4,0,0,10,0,0,9,0,0,6,0,0,13,0,0,9,0,0,12,0,0,5,0,0,1,0,0,1,0,0,1,0,0,9,0,0,3,0,0
2016010031717 ,0.105687,51.532253,0,2,1,4,22.48,3,3,40,5,4,6,0,0,4,1,1,0,0,1,9,21,0,18,11,0,10,10,0,8,8,0,6,6,0,10,13,0,2,9,0,7,12,0,3,4,0,1,1,0,6,1,0,1,1,0,8,9,0,16,3,0
2016010031729 ,0.140935,51.579727,0,2,1,3,16.5,3,6,30,3,4,6,0,0,1,1,1,0,0,1,8,9,0,15,9,0,10,10,0,8,8,0,6,6,0,13,13,0,9,9,0,12,12,0,3,1,0,1,1,0,1,6,0,1,2,0,8,8,0,8,2,0
2016010031749 ,-0.038468,51.673689,0,2,2,5,8.40,3,6,30,0,0,0,0,1,4,1,1,0,0,1,9,9,0,6,18,0,10,10,0,9,9,0,6,6,0,13,13,0,9,9,0,12,12,0,3,1,0,1,1,0,6,6,0,2,2,0,6,6,0,4,7,0
2016010031756 ,0.128773,51.538761,0,2,3,5,7.20,5,6,30,0,0,0,0,0,1,2,2,0,0,1,11,19,0,3,18,0,10,10,0,9,9,0,6,6,0,13,13,0,9,9,0,12,12,0,2,1,0,1,1,0,1,1,0,1,1,0,6,5,0,12,3,0
2016010031763 ,0.20655,51.581479,0,1,1,5,17.30,6,6,30,0,0,0,0,0,1,1,1,0,0,1,9,0,0,18,0,0,10,0,0,9,0,0,6,0,0,13,0,0,9,0,0,12,0,0,1,0,0,1,0,0,6,0,0,1,0,0,4,0,0,9,0,0
2016010031768 ,-0.076957,51.611828,0,2,1,3,18.0,5,6,30,0,0,0,0,0,1,1,1,0,0,1,9,9,0,18,5,0,10,10,0,9,9,0,6,6,0,13,13,0,9,9,0,12,12,0,1,1,0,1,1,0,6,6,0,1,2,0,6,8,0,4,9,0
2016010031781 ,0.151153,51.536284,0,2,1,1,17.0,6,6,30,0,0,0,0,0,1,1,1,0,0,1,9,9,0,18,5,0,10,10,0,9,9,0,6,6,0,13,13,0,9,9,0,12,12,0,3,4,0,1,1,0,6,6,0,2,1,0,7,6,0,5,10,0
2016010031782 ,0.136296,51.548516,0,1,1,3,17.27,6,6,30,3,4,6,0,0,1,1,1,0,0,1,9,0,0,18,0,0,10,0,0,1,0,0,6,0,0,13,0,0,9,0,0,12,0,0,1,0,0,1,0,0,2,0,0,1,0,0,7,0,0,14,0,0
2016010031785 ,0.122988,51.560089,0,2,3,5,18.15,6,6,30,6,4,6,0,0,1,4,1,0,0,1,19,9,0,16,18,0,10,10,0,8,8,0,6,6,0,13,13,0,9,9,0,12,12,0,1,1,0,1,1,0,1,6,0,1,1,0,7,6,0,14,14,0
2016010031809 ,-0.059963,51.651295,0,1,1,5,14.0,3,3,40,3,2,6,0,5,1,1,1,0,0,1,8,0,0,18,0,0,10,0,0,2,0,0,6,0,0,13,0,0,9,0,0,12,0,0,1,0,0,1,0,0,6,0,0,1,0,0,8,0,0,7,0,0
2016010031819 ,0.078765,51.539478,0,1,1,1,15.0,6,6,30,0,0,0,0,0,1,1,1,0,0,1,11,0,0,17,0,0,10,0,0,9,0,0,6,0,0,13,0,0,9,0,0,12,0,0,5,0,0,1,0,0,1,0,0,1,0,0,6,0,0,5,0,0
201601BS70004,-0.186552,51.485697,0,2,1,3,20.35,3,6,30,0,0,0,0,0,4,1,1,0,0,1,3,9,0,18,12,0,10,10,0,9,9,0,6,6,0,13,13,0,9,9,0,12,12,0,3,1,0,1,1,0,1,2,0,1,2,0,4,8,0,5,4,0
201601BS70006,-0.192779,51.488491,0,2,1,7,17.15,3,7,30,3,4,3,0,0,4,2,2,0,0,1,9,2,0,18,18,0,10,10,0,8,8,0,6,6,0,13,13,0,9,1,0,12,12,0,4,3,0,1,1,0,6,6,0,1,1,0,10,5,0,2,5,0
201601BS70009,-0.180337,51.486231,0,1,1,1,1.5,3,6,30,3,4,6,0,4,4,2,2,0,0,1,8,0,0,18,0,0,10,0,0,7,0,0,6,0,0,13,0,0,9,0,0,12,0,0,4,0,0,1,0,0,1,0,0,1,0,0,8,0,0,8,0,0
201601BS70016,-0.215493,51.526518,0,1,1,5,17.34,4,6,30,0,0,0,0,0,6,1,2,0,0,1,3,0,0,18,0,0,10,0,0,9,0,0,6,0,0,13,0,0,9,0,0,12,0,0,1,0,0,1,0,0,2,0,0,1,0,0,4,0,0,5,0,0
201601BS70019,-0.184298,51.480807,0,2,1,6,18.50,3,6,30,3,4,6,0,1,4,2,2,0,0,1,9,9,0,9,18,0,10,10,0,8,8,0,6,6,0,13,13,0,9,9,0,12,12,0,3,4,0,1,1,0,6,6,0,1,2,0,7,7,0,5,7,0
201601BS70028,-0.165503,51.489776,0,1,2,6,15.0,6,6,30,0,0,0,0,0,1,1,1,0,0,1,8,0,0,18,0,0,10,0,0,9,0,0,6,0,0,13,0,0,9,0,0,12,0,0,1,0,0,1,0,0,6,0,0,1,0,0,8,0,0,15,0,0
201601BS70030,-0.167352,51.497539,0,1,1,7,10.45,3,6,30,3,4,6,0,0,1,1,1,0,0,1,11,0,0,4,0,0,10,0,0,8,0,0,6,0,0,13,0,0,9,0,0,12,0,0,5,0,0,1,0,0,6,0,0,1,0,0,7,0,0,7,0,0
201601BS70032,-0.197596,51.508799,0,1,1,7,14.5,3,6,30,0,0,0,0,4,1,1,2,0,0,1,9,0,0,18,0,0,10,0,0,9,0,0,6,0,0,13,0,0,9,0,0,12,0,0,4,0,0,1,0,0,6,0,0,2,0,0,9,0,0,7,0,0
201601BS70033,-0.184169,51.484042,0,2,1,1,21.35,3,6,30,6,2,3,0,5,4,1,1,0,0,1,9,9,0,18,9,0,10,10,0,8,8,0,6,6,0,13,13,0,9,9,0,12,12,0,1,4,0,1,1,0,2,2,0,1,1,0,5,5,0,11,7,0
201601BS70034,-0.18711,51.486156,0,1,1,2,11.28,3,2,30,6,4,6,0,1,1,5,2,0,0,1,21,0,0,18,0,0,10,0,0,1,0,0,6,0,0,13,0,0,9,0,0,12,0,0,4,0,0,1,0,0,1,0,0,1,0,0,6,0,0,6,0,0
201601BS70039,-0.167342,51.48342,0,1,1,3,22.40,3,6,30,6,2,4,0,5,4,2,2,0,0,1,3,0,0,16,0,0,10,0,0,8,0,0,6,0,0,13,0,0,9,0,0,12,0,0,1,0,0,1,0,0,6,0,0,1,0,0,6,0,0,6,0,0
201601BS70043,-0.200691,51.507048,0,2,1,5,18.40,6,6,30,3,4,6,0,0,4,1,2,0,0,1,8,9,0,18,1,0,10,10,0,8,8,0,6,6,0,13,13,0,9,9,0,12,12,0,1,1,0,1,1,0,1,6,0,1,2,0,6,6,0,6,11,0
201601BS70046,-0.182297,51.480416,0,2,1,7,21.48,3,6,30,0,0,0,0,0,4,2,2,0,0,1,3,9,0,17,17,0,10,10,0,9,9,0,6,6,0,13,13,0,9,9,0,12,12,0,4,3,0,1,1,0,6,6,0,1,1,0,5,6,0,2,8,0
201601BS70049,-0.184114,51.481793,0,2,1,2,12.30,3,2,30,3,4,6,0,0,1,1,1,0,0,1,19,9,0,18,4,0,10,10,0,1,1,0,6,6,0,13,13,0,9,9,0,12,12,0,1,2,0,1,1,0,6,6,0,1,2,0,6,6,0,7,5,0
201601BS70050,-0.198551,51.510163,0,2,1,3,9.42,4,6,30,0,0,0,0,0,1,1,1,0,0,1,9,3,0,6,18,0,10,10,0,9,9,0,6,6,0,13,13,0,9,9,0,12,12,0,3,1,0,1,1,0,6,6,0,1,1,0,6,7,0,7,11,0
201601BS70054,-0.189869,51.492853,0,2,1,4,17.24,6,6,30,6,4,6,0,0,4,2,2,0,0,1,5,9,0,18,18,0,10,10,0,8,8,0,6,6,0,13,13,0,9,9,0,12,12,0,1,1,0,1,1,0,6,6,0,1,2,0,8,6,0,4,2,0
201601BS70057,-0.181675,51.481575,0,1,1,3,14.52,3,6,30,6,2,3,0,5,1,1,1,0,0,1,9,0,0,9,0,0,10,0,0,8,0,0,6,0,0,13,0,0,9,0,0,12,0,0,1,0,0,1,0,0,6,0,0,1,0,0,4,0,0,9,0,0
201601BS70059,-0.203734,51.517616,0,2,1,6,16.0,6,6,30,6,4,6,0,0,1,1,1,0,1,1,9,9,0,18,18,0,10,10,0,8,8,0,6,6,0,13,13,0,9,9,0,12,12,0,4,1,0,1,1,0,6,6,0,2,1,0,7,6,0,10,8,0
201601BS70067,-0.19447,51.500388,0,1,1,4,20.30,3,3,30,3,4,5,0,4,4,1,1,0,0,1,8,0,0,5,0,0,10,0,0,8,0,0,6,0,0,13,0,0,9,0,0,12,0,0,1,0,0,1,0,0,1,0,0,1,0,0,8,0,0,1,0,0
201601BS70069,-0.179013,51.48693,0,1,1,3,20.7,3,6,30,3,2,5,0,0,4,2,2,0,0,1,9,0,0,9,0,0,10,0,0,8,0,0,6,0,0,13,0,0,9,0,0,12,0,0,1,0,0,1,0,0,6,0,0,1,0,0,10,0,0,10,0,0
201601BS70073,-0.163518,51.499727,0,2,1,5,10.7,3,3,30,3,4,6,0,4,1,1,1,0,0,1,5,9,0,4,7,0,10,10,0,8,8,0,6,6,0,13,13,0,9,9,0,12,12,0,1,3,0,1,1,0,1,1,0,1,1,0,7,6,0,15,3,0
201601BS70074,-0.18547,51.480285,0,1,2,6,23.45,3,6,30,3,4,5,0,1,4,8,2,0,0,1,3,0,0,18,0,0,10,0,0,1,0,0,6,0,0,13,0,0,9,0,0,12,0,0,1,0,0,1,0,0,6,0,0,1,0,0,6,0,0,3,0,0
201601BS70076,-0.200565,51.517567,0,1,1,7,19.45,6,6,30,0,0,0,0,0,4,1,1,0,0,1,9,0,0,18,0,0,10,0,0,9,0,0,6,0,0,13,0,0,9,0,0,12,0,0,1,0,0,1,0,0,6,0,0,2,0,0,6,0,0,7,0,0
201601BS70078,-0.201791,51.493756,0,1,1,1,13.20,3,6,30,0,0,0,0,0,1,1,1,0,0,1,5,0,0,18,0,0,10,0,0,9,0,0,6,0,0,13,0,0,9,0,0,12,0,0,1,0,0,1,0,0,6,0,0,1,0,0,8,0,0,2,0,0
201601BS70079,-0.18519,51.501863,0,2,1,1,2.30,3,6,30,3,4,6,0,0,4,1,1,0,0,1,3,8,0,18,9,0,10,10,0,8,8,0,6,6,0,13,13,0,9,9,0,12,12,0,3,1,0,1,1,0,6,6,0,1,1,0,6,7,0,4,4,0
201601BS70082,-0.197388,51.499443,0,2,1,7,0.33,3,6,30,3,4,6,0,4,4,1,1,0,0,1,8,3,0,9,18,0,10,10,0,8,8,0,6,6,0,13,13,0,9,9,0,12,12,0,4,1,0,1,1,0,1,6,0,1,1,0,7,6,0,11,1,0
201601BS70084,-0.184589,51.480721,0,1,1,2,19.11,3,6,30,3,3,6,0,1,4,1,1,0,0,1,11,0,0,4,0,0,10,0,0,8,0,0,6,0,0,13,0,0,9,0,0,12,0,0,5,0,0,1,0,0,1,0,0,1,0,0,6,0,0,12,0,0
201601BS70086,-0.178867,51.494211,0,2,1,3,8.13,5,6,30,3,4,6,0,0,1,1,1,0,0,1,9,5,0,6,18,0,10,10,0,8,8,0,6,6,0,13,13,0,9,9,0,12,12,0,4,1,0,1,1,0,6,6,0,1,1,0,8,8,0,2,8,0
201601BS70102,-0.182077,51.493182,0,2,3,7,5.22,5,6,30,6,2,5,0,5,4,1,1,0,0,1,8,8,0,5,5,0,10,10,0,8,8,0,6,6,0,13,13,0,9,9,0,12,12,0,2,1,0,1,1,0,1,1,0,1,1,0,7,7,0,2,4,0
201601BS70103,-0.179587,51.49782,0,2,1,7,0.3,5,6,30,3,4,5,0,1,4,1,1,0,0,1,8,8,0,3,18,0,10,10,0,8,8,0,6,6,0,13,13,0,9,9,0,12,12,0,2,1,0,1,1,0,6,1,0,1,1,0,9,9,0,5,3,0