Accident_Index,Longitude,Latitude,SV,Number_of_Vehicles,Number_of_Casualties,Day_of_Week,Time,1st_Road_Class,Road_Type,Speed_limit,Junction_Detail,Junction_Control,2nd_Road_Class,Pedestrian_Crossing-Human_Control,Pedestrian_Crossing-Physical_Facilities,Light_Conditions,Weather_Conditions,Road_Surface_Conditions,Special_Conditions_at_Site,Carriageway_Hazards,Urban_or_Rural_Area,Vehicle1_Type,Vehicle2_Type,Vehicle3_Type,Vehicle1_Manoeuvre,Vehicle2_Manoeuvre,Vehicle3_Manoeuvre,Vehicle1_Location-Restricted_Lane,Vehicle2_Location-Restricted_Lane,Vehicle3_Location-Restricted_Lane,Junction1_Location,Junction2_Location,Junction3_Location,Skidding1_and_Overturning,Skidding2_and_Overturning,Skidding3_and_Overturning,Hit_Object_in_Carriageway1,Hit_Object_in_Carriageway2,Hit_Object_in_Carriageway3,Vehicle1_Leaving_Carriageway,Vehicle2_Leaving_Carriageway,Vehicle3_Leaving_Carriageway,Hit_Object_off_Carriageway1,Hit_Object_off_Carriageway2,Hit_Object_off_Carriageway3,1st_Point_of_Impact1,1st_Point_of_Impact2,1st_Point_of_Impact3,Was_Vehicle 1_Left_Hand_Drive?,Was_Vehicle2_Left_Hand_Drive?,Was_Vehicle 3_Left_Hand_Drive?,Journey_Purpose_of_Driver1,Journey_Purpose_of_Driver2,Journey_Purpose_of_Driver3,Sex_of_Driver1,Sex_of_Driver2,Sex_of_Driver3,Age_Band_of_Driver1,Age_Band_of_Driver2,Age_Band_of_Driver3,Age_of_Vehicle1,Age_of_Vehicle2,Age_of_Vehicle3
201601CW10426,-0.168345,51.512303,0,2,1,4,13.5,3,6,30,0,0,0,0,1,1,1,1,0,0,1,11,11,0,18,18,0,10,10,0,9,9,0,6,6,0,13,13,0,9,9,0,12,12,0,1,1,0,1,1,0,1,1,0,1,1,0,8,5,0,3,3,0
201601CW10427,-0.148347,51.511449,0,2,1,4,13.10,5,2,30,0,0,0,0,0,1,1,1,0,0,1,9,3,0,12,18,0,10,10,0,9,9,0,6,6,0,13,13,0,9,9,0,12,12,0,5,4,0,1,1,0,6,6,0,1,1,0,6,6,0,1,2,0
201601CW10429,-0.197526,51.525165,0,1,1,4,8.31,5,6,30,6,2,5,0,5,1,1,1,0,0,1,11,0,0,4,0,0,10,0,0,8,0,0,6,0,0,13,0,0,9,0,0,12,0,0,5,0,0,1,0,0,1,0,0,1,0,0,7,0,0,8,0,0
201601CW10437,-0.149027,51.519553,0,1,2,6,15.44,5,6,30,0,0,0,0,0,1,2,2,0,0,1,3,0,0,18,0,0,10,0,0,9,0,0,6,0,0,13,0,0,9,0,0,12,0,0,1,0,0,1,0,0,6,0,0,1,0,0,6,0,0,1,0,0
201601CW10438,-0.151921,51.515732,0,2,1,6,18.23,3,6,30,6,2,5,0,5,1,2,2,0,0,1,8,5,0,6,18,0,10,10,0,8,8,0,6,6,0,13,13,0,9,9,0,12,12,0,3,1,0,1,1,0,6,6,0,1,1,0,7,6,0,4,1,0
201601CW10440,-0.166836,51.517585,0,2,1,7,14.18,3,6,30,3,4,5,0,0,1,1,1,0,0,1,3,9,0,4,4,0,10,10,0,8,8,0,6,6,0,13,13,0,9,9,0,12,12,0,4,5,0,1,1,0,6,6,0,1,1,0,7,4,0,8,13,0
201601CW10441,-0.147517,51.492821,0,1,2,7,20.30,3,3,30,0,0,0,0,0,4,1,1,0,0,1,8,0,0,18,0,0,10,0,0,9,0,0,6,0,0,13,0,0,9,0,0,12,0,0,1,0,0,1,0,0,1,0,0,1,0,0,7,0,0,3,0,0
201601CW10449,-0.144752,51.514809,0,1,1,2,16.55,3,6,30,6,2,3,0,5,1,1,1,0,0,1,11,0,0,5,0,0,10,0,0,1,0,0,6,0,0,13,0,0,9,0,0,12,0,0,5,0,0,1,0,0,1,0,0,1,0,0,9,0,0,1,0,0
201601CW10450,-0.14306,51.496168,0,1,1,4,18.10,3,2,30,3,4,3,0,0,1,1,1,0,0,1,11,0,0,9,0,0,10,0,0,2,0,0,6,0,0,13,0,0,9,0,0,12,0,0,5,0,0,1,0,0,1,0,0,2,0,0,6,0,0,6,0,0
201601CW10452,-0.140298,51.496753,0,1,1,3,11.50,3,6,30,0,0,0,0,0,1,1,1,0,0,1,11,0,0,5,0,0,10,0,0,9,0,0,6,0,0,13,0,0,9,0,0,12,0,0,5,0,0,1,0,0,1,0,0,1,0,0,8,0,0,3,0,0
201601CW10456,-0.179787,51.52534,0,1,1,4,12.10,4,6,30,0,0,0,0,0,1,1,1,0,0,1,9,0,0,1,0,0,10,0,0,9,0,0,6,0,0,13,0,0,9,0,0,12,0,0,2,0,0,1,0,0,6,0,0,2,0,0,8,0,0,2,0,0
201601CW10458,-0.11377,51.511168,0,2,1,4,22.35,5,2,30,3,4,6,0,0,4,1,1,0,0,1,9,3,0,7,18,0,10,10,0,8,8,0,6,6,0,13,13,0,9,9,0,12,12,0,1,1,0,1,1,0,6,6,0,1,1,0,7,7,0,2,4,0
201601CW10459,-0.151833,51.517889,0,1,1,4,16.52,5,6,30,3,4,4,0,1,1,1,1,0,0,1,9,0,0,9,0,0,10,0,0,8,0,0,6,0,0,13,0,0,9,0,0,12,0,0,1,0,0,1,0,0,6,0,0,1,0,0,7,0,0,10,0,0
201601CW10470,-0.173844,51.52255,0,2,1,6,8.20,3,6,30,3,4,6,0,0,1,1,1,0,0,1,3,9,0,15,9,0,2,10,0,8,8,0,6,6,0,13,13,0,9,9,0,12,12,0,1,1,0,1,1,0,6,6,0,1,2,0,5,9,0,4,9,0
201601CW10471,-0.16517,51.501642,0,2,1,3,15.2,3,6,30,3,4,6,0,0,1,1,1,0,0,1,9,3,0,6,14,0,10,10,0,8,8,0,6,6,0,13,13,0,9,9,0,12,12,0,3,1,0,1,1,0,6,6,0,2,1,0,8,7,0,7,17,0
201601CW10475,-0.157749,51.510608,0,2,1,6,12.22,3,3,30,3,2,3,0,5,1,1,1,0,0,1,9,3,0,17,17,0,10,10,0,8,8,0,6,6,0,13,13,0,9,9,0,12,12,0,2,1,0,1,1,0,6,6,0,1,1,0,8,6,0,9,7,0
201601CW10479,-0.192007,51.515278,0,1,1,6,17.55,3,6,30,3,4,6,0,0,4,1,2,0,0,1,11,0,0,18,0,0,10,0,0,8,0,0,6,0,0,13,0,0,9,0,0,12,0,0,5,0,0,1,0,0,1,0,0,2,0,0,9,0,0,4,0,0
201601CW10485,-0.127914,51.514182,0,1,1,4,22.10,3,6,30,6,4,6,0,1,4,2,2,0,0,1,8,0,0,18,0,0,10,0,0,2,0,0,6,0,0,13,0,0,9,0,0,12,0,0,1,0,0,1,0,0,1,0,0,1,0,0,6,0,0,2,0,0
201601CW10486,-0.126156,51.500845,0,2,1,5,13.8,3,6,30,6,2,3,0,5,1,1,1,0,0,1,3,11,0,7,7,0,10,10,0,8,8,0,6,6,0,13,13,0,9,9,0,12,12,0,3,4,0,1,1,0,6,6,0,1,1,0,7,6,0,7,2,0
201601CW10493,-0.152378,51.497304,0,2,5,1,18.34,4,6,30,6,4,6,0,0,4,1,1,0,0,1,9,9,0,18,18,0,10,10,0,8,8,0,6,6,0,13,13,0,9,9,0,12,12,0,1,1,0,1,1,0,6,6,0,1,1,0,7,7,0,6,2,0
201601CW10494,-0.133416,51.510043,0,1,2,5,10.1,3,6,30,6,2,3,0,5,1,2,2,0,0,1,3,0,0,17,0,0,10,0,0,8,0,0,6,0,0,13,0,0,9,0,0,12,0,0,1,0,0,1,0,0,6,0,0,1,0,0,6,0,0,8,0,0
201601CW10495,-0.183163,51.527461,0,3,3,5,17.9,5,6,30,6,4,5,0,1,4,1,1,0,0,1,9,9,9,18,18,3,10,10,10,8,8,8,6,6,6,13,13,13,9,9,9,12,12,12,1,1,1,1,1,1,6,6,6,2,1,1,5,5,7,7,3,7
201601CW10499,-0.142276,51.494177,0,1,1,5,14.15,5,6,30,0,0,0,0,0,1,1,2,0,0,1,19,0,0,1,0,0,10,0,0,9,0,0,6,0,0,13,0,0,9,0,0,12,0,0,2,0,0,1,0,0,6,0,0,1,0,0,7,0,0,2,0,0
201601CW10502,-0.190345,51.509946,0,2,2,5,12.56,3,6,30,3,4,6,0,4,1,1,2,0,0,1,9,8,0,18,3,0,10,10,0,8,8,0,6,6,0,10,13,0,3,9,0,12,12,0,1,2,0,1,1,0,6,6,0,1,1,0,11,5,0,12,1,0
201601CW10504,-0.13706,51.505515,0,1,1,6,19.13,3,6,30,0,0,0,0,1,4,1,2,0,0,1,9,0,0,18,0,0,10,0,0,9,0,0,6,0,0,13,0,0,9,0,0,12,0,0,1,0,0,1,0,0,6,0,0,2,0,0,7,0,0,10,0,0
201601CW10505,-0.200035,51.523674,0,1,1,4,15.50,3,6,30,8,4,6,0,0,1,1,1,0,0,1,9,0,0,9,0,0,10,0,0,8,0,0,6,0,0,13,0,0,9,0,0,12,0,0,1,0,0,1,0,0,6,0,0,1,0,0,7,0,0,15,0,0
201601CW10509,-0.174219,51.527592,0,2,1,3,11.38,3,6,30,6,2,4,0,5,1,1,1,0,0,1,19,5,0,9,18,0,10,10,0,8,8,0,6,6,0,13,13,0,9,9,0,12,12,0,1,1,0,1,1,0,1,6,0,1,1,0,7,8,0,6,2,0
201601CW10510,-0.136768,51.5056,0,2,1,6,17.42,3,6,30,0,0,0,0,0,4,1,1,0,0,1,5,9,0,18,2,0,10,10,0,9,9,0,6,6,0,8,8,0,9,9,0,12,12,0,1,3,0,1,1,0,6,6,0,1,1,0,8,6,0,2,6,0
201601CW10515,-0.124262,51.508368,0,1,1,5,10.43,6,2,30,3,4,6,0,0,1,2,2,0,0,1,8,0,0,9,0,0,10,0,0,8,0,0,6,0,0,13,0,0,9,0,0,12,0,0,1,0,0,1,0,0,6,0,0,1,0,0,8,0,0,10,0,0
201601CW10516,-0.127769,51.500151,0,4,19,2,14.30,3,6,30,1,2,3,0,5,1,1,1,0,0,1,11,11,11,16,16,16,10,10,10,8,8,8,6,6,6,13,13,13,9,9,9,12,12,12,2,1,1,1,1,1,1,1,6,1,1,1,8,8,8,2,1,3
201601CW10518,-0.158936,51.513324,0,2,1,4,18.31,3,3,30,1,2,6,0,5,4,1,1,0,0,1,3,19,0,7,7,0,10,10,0,8,8,0,6,6,0,13,13,0,9,9,0,12,12,0,4,3,0,1,1,0,6,1,0,1,1,0,6,7,0,3,5,0
201601CW10520,-0.140193,51.509971,0,2,1,3,21.0,5,6,30,3,4,6,0,0,4,1,1,0,0,1,9,3,0,7,9,0,10,10,0,8,8,0,6,6,0,13,13,0,9,9,0,12,12,0,1,1,0,1,1,0,6,6,0,1,1,0,8,6,0,2,9,0
201601CW10521,-0.200788,51.522877,0,2,1,1,17.33,6,2,30,3,4,6,0,0,4,2,2,0,0,1,9,3,0,4,4,0,10,10,0,1,1,0,6,6,0,13,13,0,9,9,0,12,12,0,2,1,0,1,1,0,6,1,0,1,1,0,8,4,0,13,1,0
201601CW10522,-0.207281,51.526393,0,1,1,6,16.18,3,6,30,3,4,6,0,0,1,1,1,0,0,1,9,0,0,14,0,0,10,0,0,8,0,0,6,0,0,13,0,0,9,0,0,12,0,0,4,0,0,1,0,0,6,0,0,1,0,0,7,0,0,11,0,0
201601CW10524,-0.140053,51.492163,0,1,1,5,17.0,5,6,30,6,2,4,0,5,4,1,1,0,0,1,11,0,0,17,0,0,10,0,0,8,0,0,6,0,0,13,0,0,9,0,0,12,0,0,1,0,0,1,0,0,1,0,0,1,0,0,6,0,0,3,0,0
201601CW10525,-0.130437,51.515931,0,1,1,6,2.10,3,6,30,0,0,0,0,0,4,1,1,0,0,1,8,0,0,18,0,0,10,0,0,9,0,0,6,0,0,13,0,0,9,0,0,12,0,0,1,0,0,1,0,0,6,0,0,1,0,0,7,0,0,3,0,0
201601CW10528,-0.162065,51.514363,0,1,1,7,19.39,3,6,30,0,0,0,0,5,4,1,1,0,0,1,11,0,0,5,0,0,10,0,0,9,0,0,6,0,0,13,0,0,9,0,0,12,0,0,5,0,0,1,0,0,6,0,0,1,0,0,9,0,0,7,0,0
201601CW10530,-0.18283,51.51046,0,2,1,4,21.30,3,6,30,3,2,4,0,5,4,1,1,0,0,1,9,3,0,9,18,0,10,10,0,8,8,0,6,6,0,13,13,0,9,9,0,12,12,0,3,1,0,1,1,0,6,6,0,1,1,0,5,8,0,1,10,0
201601CW10532,-0.114431,51.512617,0,1,1,4,10.4,3,6,30,3,2,3,0,5,1,1,1,0,0,1,8,0,0,18,0,0,10,0,0,8,0,0,6,0,0,13,0,0,9,0,0,12,0,0,1,0,0,1,0,0,6,0,0,1,0,0,7,0,0,5,0,0
201601CW10533,-0.176232,51.524116,0,2,1,3,21.14,3,6,30,3,4,6,0,0,4,2,2,0,0,1,9,3,0,12,18,0,10,10,0,1,8,0,6,6,0,13,13,0,9,9,0,12,12,0,5,1,0,1,1,0,6,6,0,1,1,0,8,4,0,3,1,0
201601CW10534,-0.133416,51.510043,0,1,1,2,17.0,3,6,30,6,2,3,0,5,4,8,2,0,0,1,3,0,0,17,0,0,10,0,0,8,0,0,6,0,0,13,0,0,9,0,0,12,0,0,1,0,0,1,0,0,6,0,0,1,0,0,8,0,0,1,0,0
201601CW10536,-0.145188,51.507622,0,1,1,6,17.50,5,2,30,3,4,6,0,0,1,2,2,0,0,1,3,0,0,7,0,0,10,0,0,8,0,0,6,0,0,13,0,0,9,0,0,12,0,0,4,0,0,1,0,0,6,0,0,1,0,0,4,0,0,4,0,0
201601CW10537,-0.160147,51.522606,0,2,1,7,16.15,3,2,30,3,4,6,0,0,1,1,1,0,0,1,9,3,0,9,18,0,10,10,0,8,8,0,6,6,0,13,13,0,9,9,0,12,12,0,1,3,0,1,1,0,6,6,0,1,1,0,8,6,0,3,3,0
201601CW10539,-0.126813,51.509398,0,1,1,7,15.30,5,6,30,3,4,4,0,1,1,1,1,0,0,1,8,0,0,18,0,0,10,0,0,2,0,0,6,0,0,13,0,0,9,0,0,12,0,0,1,0,0,1,0,0,1,0,0,1,0,0,8,0,0,4,0,0
201601CW10540,-0.129487,51.507463,0,1,1,6,20.48,3,6,30,0,0,0,0,0,4,1,1,0,0,1,11,0,0,18,0,0,10,0,0,9,0,0,6,0,0,13,0,0,9,0,0,12,0,0,1,0,0,1,0,0,1,0,0,1,0,0,8,0,0,4,0,0
201601CW10543,-0.156625,51.509871,0,2,1,7,19.45,3,3,40,3,2,5,0,5,4,1,1,0,0,1,8,9,0,9,18,0,10,10,0,8,8,0,6,6,0,13,13,0,9,9,0,12,12,0,1,4,0,1,1,0,1,6,0,1,1,0,7,8,0,4,10,0
201601CW10545,-0.152572,51.506749,0,1,1,6,8.30,3,3,40,0,0,0,0,5,1,1,1,0,0,1,11,0,0,4,0,0,10,0,0,9,0,0,6,0,0,13,0,0,9,0,0,12,0,0,5,0,0,1,0,0,1,0,0,1,0,0,6,0,0,2,0,0
201601CW10548,-0.157078,51.502234,0,2,1,2,10.33,3,6,30,0,0,0,0,0,1,1,1,0,0,1,8,5,0,6,18,0,10,10,0,9,9,0,6,6,0,13,13,0,9,9,0,12,12,0,3,1,0,1,1,0,6,6,0,1,1,0,9,7,0,2,8,0
201601CW10549,-0.1484,51.499489,0,1,1,2,15.30,3,6,30,0,0,0,0,0,1,1,1,0,0,1,3,0,0,18,0,0,10,0,0,9,0,0,6,0,0,13,0,0,9,0,0,12,0,0,3,0,0,1,0,0,6,0,0,1,0,0,6,0,0,4,0,0
201601CW10550,-0.169223,51.519151,0,1,1,2,16.15,3,6,30,6,2,3,0,5,1,1,1,0,0,1,9,0,0,18,0,0,10,0,0,8,0,0,6,0,0,13,0,0,9,0,0,12,0,0,1,0,0,1,0,0,6,0,0,2,0,0,8,0,0,4,0,0
201601CW10552,-0.146747,51.494068,0,2,1,4,2.40,3,6,30,6,2,3,0,5,4,1,1,0,0,1,8,8,0,9,18,0,10,10,0,8,8,0,6,6,0,13,13,0,9,9,0,12,12,0,4,1,0,1,1,0,1,1,0,1,1,0,9,7,0,14,4,0
201601CW10560,-0.142825,51.491308,0,1,1,4,15.55,4,6,30,3,4,6,0,0,1,1,1,0,0,1,9,0,0,18,0,0,10,0,0,8,0,0,6,0,0,13,0,0,9,0,0,12,0,0,4,0,0,1,0,0,6,0,0,1,0,0,9,0,0,9,0,0
201601CW10567,-0.126422,51.504896,0,1,1,6,13.36,3,6,30,3,2,5,0,5,1,1,1,0,0,1,3,0,0,18,0,0,10,0,0,8,0,0,6,0,0,13,0,0,9,0,0,12,0,0,3,0,0,1,0,0,6,0,0,1,0,0,6,0,0,4,0,0
201601CW10568,-0.130544,51.513325,0,1,2,6,21.43,5,2,30,6,4,6,0,0,4,1,1,0,0,1,8,0,0,18,0,0,10,0,0,8,0,0,6,0,0,13,0,0,9,0,0,12,0,0,4,0,0,1,0,0,6,0,0,1,0,0,8,0,0,1,0,0
201601CW10572,-0.160151,51.522516,0,1,1,7,17.50,3,2,30,6,2,6,0,5,1,1,1,0,0,1,11,0,0,4,0,0,10,0,0,8,0,0,6,0,0,13,0,0,9,0,0,12,0,0,5,0,0,1,0,0,1,0,0,1,0,0,5,0,0,3,0,0
201601CW10579,-0.184788,51.519213,0,1,1,1,23.55,5,6,30,0,0,0,0,0,4,1,1,0,0,1,3,0,0,18,0,0,10,0,0,9,0,0,6,0,0,13,0,0,9,0,0,12,0,0,1,0,0,1,0,0,6,0,0,1,0,0,4,0,0,1,0,0
201601CW10584,-0.142406,51.494539,0,2,1,3,16.3,3,2,30,6,2,5,0,5,1,1,1,0,0,1,11,11,0,5,13,0,2,10,0,2,2,0,6,6,0,13,13,0,9,9,0,12,12,0,3,4,0,1,1,0,1,1,0,1,1,0,8,6,0,4,3,0
201601CW10586,-0.18663,51.512767,0,2,1,3,19.8,4,2,30,0,0,0,0,0,1,1,1,0,0,1,3,9,0,18,18,0,10,10,0,9,9,0,6,6,0,13,13,0,9,9,0,12,12,0,1,2,0,1,1,0,6,6,0,1,1,0,5,7,0,1,10,0
201601CW10587,-0.156625,51.509871,0,3,2,3,20.50,3,3,30,6,2,5,0,5,4,1,1,0,0,1,8,9,8,6,5,5,10,10,10,8,8,8,6,6,6,13,13,13,9,9,9,12,12,12,1,2,3,1,1,1,6,6,6,1,1,1,7,7,7,6,12,15
201601CW10588,-0.119095,51.511343,0,1,1,4,11.36,3,6,30,6,2,3,0,5,1,1,1,0,0,1,21,0,0,9,0,0,10,0,0,2,0,0,6,0,0,13,0,0,1,0,0,1,0,0,4,0,0,1,0,0,1,0,0,1,0,0,7,0,0,3,0,0
201601CW10589,-0.156966,51.515721,0,1,2,4,17.45,3,6,30,6,2,5,0,5,1,9,1,0,0,1,5,0,0,18,0,0,10,0,0,1,0,0,6,0,0,13,0,0,9,0,0,12,0,0,3,0,0,1,0,0,2,0,0,1,0,0,6,0,0,8,0,0
201601CW10592,-0.143461,51.511102,0,1,1,4,18.35,4,6,30,6,2,5,0,5,1,1,1,0,0,1,3,0,0,18,0,0,10,0,0,8,0,0,6,0,0,13,0,0,9,0,0,12,0,0,1,0,0,1,0,0,6,0,0,1,0,0,6,0,0,4,0,0
201601CW10597,-0.17338,51.526949,0,1,1,5,10.40,4,6,30,3,4,6,0,0,1,1,1,0,0,1,5,0,0,14,0,0,8,0,0,8,0,0,6,0,0,13,0,0,9,0,0,12,0,0,1,0,0,1,0,0,6,0,0,1,0,0,6,0,0,1,0,0
201601CW10600,-0.167765,51.512383,0,2,2,5,10.3,3,6,30,3,4,5,0,8,1,1,1,0,0,1,9,8,0,9,18,0,10,10,0,8,5,0,6,6,0,13,13,0,9,9,0,12,12,0,1,3,0,1,1,0,1,1,0,1,1,0,7,10,0,14,6,0
201601CW10607,-0.181241,51.521406,0,2,1,7,16.14,5,6,30,0,0,0,0,0,1,9,1,0,0,1,9,4,0,18,4,0,10,8,0,9,9,0,6,6,0,13,13,0,9,9,0,12,12,0,3,4,0,1,1,0,6,1,0,2,1,0,6,6,0,8,4,0
201601CW10609,-0.123198,51.5097,0,1,1,7,14.21,3,3,30,3,4,6,0,4,1,1,1,0,0,1,11,0,0,18,0,0,10,0,0,2,0,0,6,0,0,13,0,0,9,0,0,12,0,0,4,0,0,1,0,0,1,0,0,1,0,0,9,0,0,3,0,0
201601CW10615,-0.132006,51.512808,0,1,1,7,4.22,5,2,30,6,4,5,0,0,1,1,1,0,0,1,8,0,0,18,0,0,10,0,0,8,0,0,6,0,0,13,0,0,9,0,0,12,0,0,1,0,0,1,0,0,1,0,0,1,0,0,8,0,0,5,0,0
201601CW10623,-0.182119,51.517463,0,2,1,2,22.40,3,6,30,6,2,5,0,5,4,1,1,0,0,1,9,9,0,18,9,0,10,10,0,8,8,0,6,6,0,13,13,0,9,9,0,12,12,0,1,4,0,1,1,0,6,6,0,1,1,0,4,6,0,9,8,0
201601CW10629,-0.160657,51.513531,0,1,1,3,17.20,3,6,30,0,0,0,0,0,1,2,2,0,0,1,11,0,0,5,0,0,10,0,0,9,0,0,6,0,0,13,0,0,9,0,0,12,0,0,5,0,0,1,0,0,1,0,0,2,0,0,6,0,0,1,0,0
201601CW10635,-0.127277,51.487553,0,2,2,1,2.48,3,6,30,0,0,0,0,0,4,1,1,0,0,1,9,9,0,18,18,0,10,10,0,9,9,0,6,6,0,13,13,0,9,9,0,12,12,0,1,1,0,1,1,0,6,6,0,1,1,0,5,6,0,1,8,0
201601CW10640,-0.19112,51.512206,0,2,1,3,17.29,6,6,30,6,4,6,0,0,4,2,2,0,0,1,9,3,0,16,18,0,10,10,0,8,8,0,6,6,0,13,13,0,9,9,0,12,12,0,1,1,0,1,1,0,6,6,0,1,1,0,5,5,0,10,2,0
201601CW10642,-0.201436,51.528372,0,1,1,6,17.39,5,1,30,2,4,5,0,1,1,1,1,0,0,1,9,0,0,16,0,0,10,0,0,2,0,0,6,0,0,13,0,0,9,0,0,12,0,0,1,0,0,1,0,0,2,0,0,2,0,0,7,0,0,6,0,0
201601CW10643,-0.158418,51.511877,0,1,1,1,0.32,3,3,40,0,0,0,0,0,4,1,1,0,0,1,8,0,0,18,0,0,10,0,0,9,0,0,6,0,0,13,0,0,9,0,0,12,0,0,4,0,0,1,0,0,1,0,0,1,0,0,8,0,0,1,0,0
201601CW10644,-0.140837,51.515377,0,1,1,1,14.42,3,6,30,3,4,3,0,0,1,9,1,0,0,1,9,0,0,9,0,0,10,0,0,8,0,0,6,0,0,13,0,0,9,0,0,12,0,0,4,0,0,1,0,0,6,0,0,1,0,0,6,0,0,7,0,0
201601CW10645,-0.143191,51.517752,0,1,1,1,12.45,3,6,30,3,4,3,0,1,1,1,1,0,0,1,8,0,0,18,0,0,10,0,0,1,0,0,6,0,0,13,0,0,9,0,0,12,0,0,4,0,0,1,0,0,6,0,0,1,0,0,9,0,0,5,0,0
201601CW10653,-0.212854,51.527647,0,2,1,5,16.58,6,6,30,3,4,6,0,0,1,1,1,0,0,1,9,9,0,18,3,0,10,10,0,8,8,0,6,6,0,13,13,0,9,9,0,12,12,0,3,3,0,1,1,0,1,6,0,2,1,0,6,5,0,1,3,0
201601CW10654,-0.181121,51.528059,0,1,1,5,14.50,3,6,30,0,0,0,0,0,1,1,1,0,0,1,11,0,0,18,0,0,2,0,0,9,0,0,6,0,0,13,0,0,9,0,0,12,0,0,5,0,0,1,0,0,1,0,0,1,0,0,8,0,0,1,0,0
201601CW10680,-0.146453,51.504854,0,2,1,2,15.7,3,6,30,3,2,6,0,5,1,1,1,0,0,1,4,8,0,18,18,0,10,10,0,1,1,0,6,6,0,13,13,0,9,9,0,12,12,0,4,3,0,1,1,0,6,1,0,1,1,0,6,10,0,1,10,0
201601CW10685,-0.186984,51.525632,0,2,1,5,20.28,5,6,30,6,4,6,0,1,1,1,1,0,0,1,8,8,0,18,9,0,10,10,0,8,8,0,6,6,0,13,13,0,9,9,0,12,12,0,3,1,0,1,1,0,1,6,0,1,1,0,7,9,0,1,7,0
201601CW10688,-0.201705,51.532513,0,1,1,6,8.35,4,6,30,0,0,0,0,1,1,1,1,0,0,1,9,0,0,18,0,0,10,0,0,9,0,0,6,0,0,13,0,0,9,0,0,12,0,0,1,0,0,1,0,0,3,0,0,1,0,0,7,0,0,7,0,0
201601CW10689,-0.136164,51.509817,0,1,1,1,0.15,3,6,30,6,2,6,0,5,4,1,1,0,0,1,11,0,0,18,0,0,10,0,0,1,0,0,6,0,0,13,0,0,9,0,0,12,0,0,5,0,0,1,0,0,1,0,0,2,0,0,9,0,0,1,0,0
201601CW10690,-0.150834,51.514096,0,1,2,6,13.11,3,6,30,3,4,6,0,5,1,1,1,0,0,1,20,0,0,9,0,0,10,0,0,2,0,0,6,0,0,13,0,0,9,0,0,12,0,0,4,0,0,1,0,0,1,0,0,1,0,0,9,0,0,9,0,0
201601CW10692,-0.16936,51.519333,0,2,1,7,14.26,3,3,40,6,2,3,0,5,1,1,1,0,0,1,3,9,0,18,18,0,10,10,0,1,1,0,6,6,0,13,13,0,9,9,0,12,12,0,4,3,0,1,1,0,6,6,0,1,1,0,7,7,0,4,6,0
201601CW10697,-0.142529,51.516303,0,2,1,4,19.45,3,6,30,6,2,3,0,5,1,2,2,0,0,1,9,3,0,11,18,0,10,2,0,8,8,0,6,6,0,13,13,0,9,9,0,12,12,0,4,3,0,1,1,0,6,6,0,1,1,0,6,5,0,14,4,0
201601CW10700,-0.165716,51.516758,0,2,3,1,17.5,3,6,30,3,2,3,0,5,1,1,1,0,0,1,9,9,0,18,6,0,10,10,0,8,8,0,6,6,0,13,13,0,9,7,0,12,1,0,1,4,0,1,1,0,6,6,0,1,2,0,5,7,0,6,8,0
201601CW10701,-0.158065,51.51349,0,1,1,5,9.40,3,6,30,3,2,3,0,5,1,1,1,0,0,1,11,0,0,18,0,0,10,0,0,2,0,0,6,0,0,13,0,0,9,0,0,12,0,0,1,0,0,1,0,0,1,0,0,1,0,0,8,0,0,2,0,0
201601CW10704,-0.146747,51.494068,0,2,1,3,18.29,3,6,30,6,2,3,0,5,1,1,1,0,0,1,9,3,0,12,10,0,10,10,0,8,8,0,6,6,0,13,13,0,9,9,0,12,12,0,3,4,0,1,1,0,2,2,0,1,1,0,7,6,0,1,3,0
201601CW10707,-0.141307,51.507381,0,1,2,4,18.20,3,6,30,6,2,5,0,5,1,1,2,0,0,1,5,0,0,18,0,0,10,0,0,8,0,0,6,0,0,13,0,0,9,0,0,12,0,0,1,0,0,1,0,0,6,0,0,1,0,0,7,0,0,6,0,0
201601CW10709,-0.203139,51.532714,0,2,1,4,18.8,4,6,30,6,4,5,0,4,1,1,1,0,0,1,9,3,0,18,15,0,10,10,0,8,8,0,6,6,0,13,13,0,9,9,0,12,12,0,1,3,0,1,1,0,6,6,0,1,1,0,8,6,0,10,2,0
201601CW10711,-0.147869,51.523222,0,2,1,6,0.1,3,6,30,6,2,3,0,5,4,1,1,0,0,1,9,2,0,11,18,0,10,10,0,1,1,0,6,6,0,13,13,0,9,9,0,12,12,0,4,3,0,1,1,0,1,6,0,1,1,0,8,6,0,9,11,0
201601CW10712,-0.160267,51.501745,0,1,1,4,11.5,3,6,30,6,2,3,0,5,1,1,1,0,0,1,11,0,0,4,0,0,10,0,0,1,0,0,6,0,0,13,0,0,9,0,0,12,0,0,5,0,0,1,0,0,1,0,0,1,0,0,7,0,0,2,0,0
201601CW10714,-0.204219,51.530933,0,2,1,5,18.0,6,6,30,6,4,6,0,0,1,1,1,0,0,1,9,9,0,18,18,0,10,10,0,8,8,0,6,6,0,13,13,0,9,9,0,12,12,0,1,3,0,1,1,0,6,6,0,1,2,0,6,9,0,14,12,0
201601CW10715,-0.153813,51.490312,0,1,1,4,17.55,3,6,30,3,4,6,0,0,1,1,1,5,0,1,5,0,0,7,0,0,10,0,0,5,0,0,1,0,0,13,0,0,9,0,0,12,0,0,4,0,0,1,0,0,2,0,0,1,0,0,8,0,0,5,0,0