Accident_Index,Longitude,Latitude,SV,Number_of_Vehicles,Number_of_Casualties,Day_of_Week,Time,1st_Road_Class,Road_Type,Speed_limit,Junction_Detail,Junction_Control,2nd_Road_Class,Pedestrian_Crossing-Human_Control,Pedestrian_Crossing-Physical_Facilities,Light_Conditions,Weather_Conditions,Road_Surface_Conditions,Special_Conditions_at_Site,Carriageway_Hazards,Urban_or_Rural_Area,Vehicle1_Type,Vehicle2_Type,Vehicle3_Type,Vehicle1_Manoeuvre,Vehicle2_Manoeuvre,Vehicle3_Manoeuvre,Vehicle1_Location-Restricted_Lane,Vehicle2_Location-Restricted_Lane,Vehicle3_Location-Restricted_Lane,Junction1_Location,Junction2_Location,Junction3_Location,Skidding1_and_Overturning,Skidding2_and_Overturning,Skidding3_and_Overturning,Hit_Object_in_Carriageway1,Hit_Object_in_Carriageway2,Hit_Object_in_Carriageway3,Vehicle1_Leaving_Carriageway,Vehicle2_Leaving_Carriageway,Vehicle3_Leaving_Carriageway,Hit_Object_off_Carriageway1,Hit_Object_off_Carriageway2,Hit_Object_off_Carriageway3,1st_Point_of_Impact1,1st_Point_of_Impact2,1st_Point_of_Impact3,Was_Vehicle 1_Left_Hand_Drive?,Was_Vehicle2_Left_Hand_Drive?,Was_Vehicle 3_Left_Hand_Drive?,Journey_Purpose_of_Driver1,Journey_Purpose_of_Driver2,Journey_Purpose_of_Driver3,Sex_of_Driver1,Sex_of_Driver2,Sex_of_Driver3,Age_Band_of_Driver1,Age_Band_of_Driver2,Age_Band_of_Driver3,Age_of_Vehicle1,Age_of_Vehicle2,Age_of_Vehicle3
201601CW11052,-0.14568,51.49549,0,2,2,5,2.25,3,6,30,3,4,3,0,0,4,1,1,0,0,1,9,9,0,11,4,0,10,10,0,8,8,0,6,6,0,13,13,0,9,9,0,12,12,0,1,1,0,1,1,0,6,6,0,1,1,0,6,7,0,12,6,0
201601CW11067,-0.165435,51.516574,0,1,1,2,16.34,3,6,30,0,0,0,0,5,1,1,2,0,0,1,11,0,0,5,0,0,10,0,0,9,0,0,6,0,0,13,0,0,9,0,0,12,0,0,5,0,0,1,0,0,1,0,0,1,0,0,9,0,0,1,0,0
201601CW11069,-0.170488,51.51998,0,2,1,2,7.35,3,3,40,6,2,3,0,5,1,1,1,0,0,1,8,3,0,18,9,0,10,10,0,8,8,0,6,6,0,13,13,0,9,9,0,12,12,0,1,4,0,1,1,0,1,6,0,1,1,0,10,8,0,1,1,0
201601CW11074,-0.16469,51.517191,0,1,1,3,20.31,6,6,30,3,4,6,0,0,4,1,2,0,0,1,8,0,0,18,0,0,10,0,0,1,0,0,6,0,0,13,0,0,9,0,0,12,0,0,4,0,0,1,0,0,1,0,0,1,0,0,8,0,0,11,0,0
201601CW11083,-0.151542,51.517974,0,1,1,5,10.55,4,2,30,3,4,5,0,1,1,1,1,0,0,1,8,0,0,5,0,0,10,0,0,8,0,0,6,0,0,13,0,0,9,0,0,12,0,0,3,0,0,1,0,0,1,0,0,1,0,0,9,0,0,2,0,0
201601CW11086,-0.167538,51.518045,0,2,2,5,21.30,3,6,30,6,2,3,0,5,4,1,1,0,0,1,9,9,0,9,18,0,10,10,0,8,8,0,6,6,0,13,13,0,9,9,0,12,12,0,1,3,0,1,1,0,6,6,0,1,2,0,8,6,0,1,1,0
201601CW11087,-0.172767,51.517048,0,1,1,6,9.10,3,6,30,3,4,6,0,1,1,1,1,0,6,1,11,0,0,4,0,0,10,0,0,1,0,0,6,0,0,13,0,0,9,0,0,12,0,0,5,0,0,1,0,0,1,0,0,1,0,0,8,0,0,2,0,0
201601CW11091,-0.142525,51.516393,0,3,2,7,20.38,3,6,30,6,2,3,0,5,1,1,1,0,0,1,9,9,9,18,3,3,10,10,10,1,1,1,6,6,6,13,13,13,9,9,9,12,12,12,1,2,2,1,1,1,1,1,1,1,1,1,5,5,6,1,1,2
201601CW11093,-0.210956,51.531935,0,1,1,7,21.20,4,6,30,3,4,4,0,4,1,1,1,0,0,1,8,0,0,9,0,0,10,0,0,2,0,0,6,0,0,13,0,0,9,0,0,12,0,0,1,0,0,1,0,0,1,0,0,1,0,0,6,0,0,5,0,0
201601CW11094,-0.131223,51.514325,0,1,1,2,0.25,6,2,30,3,4,6,0,0,4,1,1,0,0,1,8,0,0,18,0,0,10,0,0,1,0,0,6,0,0,13,0,0,9,0,0,12,0,0,3,0,0,1,0,0,1,0,0,1,0,0,7,0,0,6,0,0
201601CW11107,-0.182284,51.527807,0,1,1,4,10.52,5,6,30,6,4,6,0,0,1,1,1,0,0,1,9,0,0,9,0,0,10,0,0,2,0,0,6,0,0,13,0,0,9,0,0,12,0,0,1,0,0,1,0,0,6,0,0,2,0,0,7,0,0,12,0,0
201601CW11112,-0.151343,51.501514,0,2,1,5,18.57,3,6,30,3,2,6,0,5,1,1,1,0,0,1,9,9,0,12,18,0,10,10,0,1,1,0,6,6,0,13,13,0,9,9,0,12,12,0,3,4,0,1,1,0,6,1,0,1,1,0,7,6,0,13,4,0
201601CW11113,-0.165532,51.517744,0,1,1,5,20.15,6,2,30,0,0,0,0,0,4,1,1,0,0,1,9,0,0,18,0,0,10,0,0,9,0,0,6,0,0,13,0,0,9,0,0,12,0,0,3,0,0,1,0,0,6,0,0,1,0,0,8,0,0,12,0,0
201601CW11120,-0.141261,51.494341,0,1,1,1,10.44,3,6,30,0,0,0,0,1,1,1,1,0,0,1,11,0,0,18,0,0,10,0,0,9,0,0,6,0,0,13,0,0,9,0,0,12,0,0,5,0,0,1,0,0,1,0,0,1,0,0,7,0,0,7,0,0
201601CW11124,-0.134078,51.511493,0,1,1,6,13.44,6,2,30,0,0,0,0,0,1,1,1,0,0,1,9,0,0,18,0,0,10,0,0,9,0,0,6,0,0,13,0,0,9,0,0,12,0,0,3,0,0,1,0,0,1,0,0,1,0,0,9,0,0,9,0,0
201601CW11125,-0.18231,51.516297,0,2,1,6,14.7,5,6,30,0,0,0,0,8,1,1,1,0,0,1,19,4,0,4,4,0,10,10,0,9,9,0,6,6,0,13,13,0,9,9,0,12,12,0,2,3,0,1,1,0,6,6,0,1,1,0,7,8,0,9,5,0
201601CW11128,-0.188187,51.517107,0,1,3,7,2.0,6,6,30,3,4,4,0,0,4,1,1,0,0,1,8,0,0,9,0,0,10,0,0,2,0,0,6,0,0,7,0,0,9,0,0,12,0,0,1,0,0,1,0,0,1,0,0,1,0,0,7,0,0,4,0,0
201601CW11133,-0.172724,51.521723,0,1,2,2,14.0,3,6,30,6,2,3,0,5,1,9,1,0,0,1,3,0,0,5,0,0,10,0,0,8,0,0,6,0,0,13,0,0,9,0,0,12,0,0,1,0,0,1,0,0,6,0,0,1,0,0,7,0,0,4,0,0
201601CW11134,-0.156337,51.509866,0,2,3,2,12.49,3,3,40,6,2,3,0,5,1,1,1,0,0,1,9,19,0,18,5,0,10,10,0,8,8,0,6,6,0,13,13,0,9,9,0,12,12,0,1,4,0,1,1,0,6,1,0,1,1,0,8,6,0,14,9,0
201601CW11141,-0.144379,51.523976,0,1,1,3,15.15,3,3,30,6,2,3,0,5,1,1,1,0,0,1,11,0,0,18,0,0,10,0,0,2,0,0,6,0,0,13,0,0,9,0,0,12,0,0,5,0,0,1,0,0,1,0,0,2,0,0,7,0,0,3,0,0
201601CW11142,-0.145335,51.507534,0,1,1,4,15.5,5,2,30,3,4,6,0,1,1,1,1,0,0,1,9,0,0,18,0,0,10,0,0,2,0,0,6,0,0,13,0,0,9,0,0,12,0,0,1,0,0,1,0,0,1,0,0,1,0,0,8,0,0,3,0,0
201601CW11143,-0.163383,51.513844,0,2,1,4,18.48,6,2,30,6,4,6,0,0,1,1,1,0,0,1,8,3,0,18,18,0,10,10,0,8,8,0,6,6,0,13,13,0,9,9,0,12,12,0,1,3,0,1,1,0,1,2,0,1,1,0,9,6,0,8,4,0
201601CW11146,-0.197501,51.525794,0,2,1,6,7.0,6,6,30,3,4,6,0,0,1,1,1,0,0,1,9,5,0,9,18,0,10,10,0,8,8,0,6,6,0,13,13,0,9,9,0,12,12,0,3,1,0,1,1,0,2,2,0,2,1,0,8,6,0,14,11,0
201601CW11152,-0.157144,51.522019,0,2,1,7,5.10,3,3,40,0,0,0,0,5,4,1,1,0,0,1,8,5,0,11,18,0,10,2,0,9,9,0,6,6,0,13,13,0,9,9,0,12,12,0,5,3,0,1,1,0,1,6,0,1,1,0,7,6,0,9,17,0
201601CW11153,-0.167508,51.529555,0,1,1,2,11.15,3,6,30,3,4,6,0,4,1,4,1,0,0,1,9,0,0,7,0,0,10,0,0,2,0,0,6,0,0,13,0,0,9,0,0,12,0,0,1,0,0,1,0,0,1,0,0,1,0,0,8,0,0,1,0,0
201601CW11154,-0.172619,51.517135,0,1,1,7,17.44,3,2,30,0,0,0,0,1,1,2,2,0,0,1,11,0,0,18,0,0,10,0,0,9,0,0,6,0,0,13,0,0,9,0,0,12,0,0,5,0,0,1,0,0,1,0,0,1,0,0,8,0,0,4,0,0
201601CW11157,-0.152297,51.502878,0,2,1,1,19.12,3,6,30,9,2,3,0,5,1,9,1,0,0,1,5,9,0,10,3,0,10,10,0,8,8,0,6,6,0,13,13,0,9,9,0,12,12,0,1,2,0,1,1,0,6,6,0,1,2,0,6,8,0,5,13,0
201601CW11162,-0.174679,51.516088,0,1,1,2,20.24,3,6,30,0,0,0,0,0,4,1,1,0,0,1,11,0,0,18,0,0,10,0,0,9,0,0,6,0,0,13,0,0,9,0,0,12,0,0,4,0,0,1,0,0,1,0,0,1,0,0,9,0,0,7,0,0
201601CW11164,-0.129169,51.508177,0,1,2,2,3.31,3,6,30,9,4,3,0,4,4,1,1,0,0,1,9,0,0,17,0,0,10,0,0,2,0,0,6,0,0,10,0,0,2,0,0,4,0,0,1,0,0,1,0,0,6,0,0,1,0,0,6,0,0,9,0,0
201601CW11168,-0.12414,51.500813,0,1,1,3,12.20,3,6,30,3,2,3,0,5,1,1,1,0,0,1,5,0,0,9,0,0,10,0,0,8,0,0,6,0,0,13,0,0,9,0,0,12,0,0,1,0,0,1,0,0,1,0,0,1,0,0,6,0,0,10,0,0
201601CW11171,-0.17627,51.537605,0,2,1,3,18.15,3,3,40,0,0,0,0,0,1,1,1,0,6,1,5,8,0,18,2,0,10,10,0,9,9,0,6,6,0,4,13,0,9,9,0,12,12,0,1,2,0,1,1,0,2,2,0,2,1,0,6,7,0,8,2,0
201601CW11173,-0.13927,51.511395,0,3,1,4,19.0,3,6,30,6,2,5,0,5,1,1,1,0,0,1,9,11,11,3,3,18,10,10,10,1,1,1,6,6,6,13,13,13,9,9,9,12,12,12,2,2,1,1,1,1,1,1,1,1,1,1,9,7,7,2,1,2
201601CW11175,-0.193442,51.526361,0,2,1,4,19.38,5,6,30,6,2,4,0,5,4,1,1,0,0,1,9,9,0,9,18,0,10,10,0,8,8,0,6,6,0,13,13,0,9,9,0,12,12,0,4,1,0,1,1,0,6,1,0,1,1,0,8,6,0,2,3,0
201601CW11176,-0.184769,51.537827,0,2,2,5,1.45,4,6,30,6,4,4,0,1,4,1,1,0,0,1,8,8,0,18,18,0,10,10,0,8,8,0,6,6,0,13,13,0,9,9,0,12,12,0,3,1,0,1,1,0,1,1,0,1,1,0,6,7,0,5,4,0
201601CW11177,-0.127467,51.50752,0,2,1,4,10.7,3,2,30,7,2,4,0,5,1,9,1,0,0,1,4,9,0,14,3,0,10,10,0,1,1,0,6,6,0,13,13,0,9,9,0,12,12,0,4,3,0,1,1,0,1,6,0,1,1,0,8,5,0,8,8,0
201601CW11178,-0.127592,51.500958,0,1,1,5,12.55,3,6,30,9,2,3,0,5,1,1,1,0,0,1,8,0,0,7,0,0,10,0,0,8,0,0,6,0,0,13,0,0,9,0,0,12,0,0,3,0,0,1,0,0,1,0,0,1,0,0,9,0,0,9,0,0
201601CW11182,-0.17804,51.525763,0,1,2,6,10.35,3,6,30,3,4,3,0,0,1,9,1,0,0,1,11,0,0,18,0,0,10,0,0,1,0,0,6,0,0,13,0,0,9,0,0,12,0,0,5,0,0,1,0,0,1,0,0,2,0,0,8,0,0,1,0,0
201601EK40010,-0.130825,51.517016,0,2,2,5,15.22,3,6,30,6,4,3,0,4,1,1,1,0,0,1,3,8,0,18,18,0,10,10,0,8,8,0,6,6,0,13,13,0,9,9,0,12,12,0,4,1,0,1,1,0,6,1,0,1,1,0,7,6,0,5,9,0
201601EK40011,-0.191513,51.545935,0,1,1,1,17.0,6,6,30,3,4,4,0,0,4,1,1,0,0,1,9,0,0,5,0,0,10,0,0,1,0,0,6,0,0,13,0,0,9,0,0,12,0,0,1,0,0,1,0,0,6,0,0,1,0,0,7,0,0,10,0,0
201601EK40012,-0.182275,51.549749,0,2,1,7,17.50,3,6,30,3,4,6,0,0,4,4,1,4,0,1,9,9,0,18,6,0,10,10,0,1,2,0,6,6,0,13,13,0,9,9,0,12,12,0,1,4,0,1,1,0,6,6,0,1,2,0,8,6,0,11,1,0
201601EK40013,-0.175391,51.541549,0,2,3,7,13.10,3,3,30,6,2,4,0,5,1,1,1,0,0,1,9,9,0,18,18,0,10,10,0,8,8,0,6,6,0,13,13,0,9,9,0,12,12,0,1,4,0,1,1,0,1,6,0,1,2,0,8,6,0,2,3,0
201601EK40014,-0.178597,51.558774,0,2,2,7,2.0,3,6,30,3,4,6,0,1,4,1,1,0,0,1,9,9,0,3,18,0,10,10,0,1,1,0,6,6,0,13,13,0,9,9,0,12,12,0,2,1,0,1,1,0,6,6,0,2,1,0,5,6,0,2,1,0
201601EK40015,-0.157657,51.552152,0,1,1,7,10.5,4,6,30,0,0,0,0,0,1,1,1,0,0,1,11,0,0,5,0,0,10,0,0,9,0,0,6,0,0,13,0,0,9,0,0,12,0,0,5,0,0,1,0,0,1,0,0,1,0,0,8,0,0,3,0,0
201601EK40036,-0.138734,51.55635,0,1,1,4,18.7,3,6,30,0,0,0,0,0,4,1,1,0,0,1,2,0,0,18,0,0,10,0,0,9,0,0,6,0,0,13,0,0,9,0,0,12,0,0,3,0,0,1,0,0,1,0,0,1,0,0,5,0,0,7,0,0
201601EK40043,-0.168607,51.538116,0,3,1,2,20.0,4,6,30,3,4,4,0,1,4,1,1,0,0,1,8,9,9,4,4,4,10,10,10,1,1,1,6,6,6,13,13,13,9,9,9,12,12,12,2,2,1,1,1,1,1,2,2,1,1,2,8,5,7,8,14,7
201601EK40045,-0.141232,51.544609,0,1,1,2,16.0,3,6,30,0,0,0,0,5,1,1,1,4,0,1,9,0,0,18,0,0,10,0,0,9,0,0,6,0,0,13,0,0,9,0,0,12,0,0,1,0,0,1,0,0,6,0,0,1,0,0,8,0,0,15,0,0
201601EK40047,-0.152805,51.554414,0,1,1,7,18.0,4,6,30,0,0,0,0,0,1,1,1,0,0,1,11,0,0,3,0,0,10,0,0,9,0,0,6,0,0,13,0,0,9,0,0,12,0,0,5,0,0,1,0,0,1,0,0,1,0,0,7,0,0,7,0,0
201601EK40050,-0.141027,51.549642,0,1,2,4,18.13,3,6,20,3,4,6,0,4,4,1,1,0,0,1,3,0,0,18,0,0,10,0,0,2,0,0,1,0,0,13,0,0,9,0,0,12,0,0,1,0,0,1,0,0,1,0,0,1,0,0,5,0,0,1,0,0
201601EK40052,-0.131393,51.534831,0,1,1,5,12.6,3,6,20,0,0,0,0,1,1,1,1,0,0,1,19,0,0,18,0,0,10,0,0,9,0,0,6,0,0,13,0,0,9,0,0,12,0,0,1,0,0,1,0,0,1,0,0,1,0,0,9,0,0,1,0,0
201601EK40055,-0.123523,51.519328,0,1,1,7,21.15,5,6,20,3,4,6,0,0,4,1,1,0,0,1,9,0,0,9,0,0,10,0,0,5,0,0,6,0,0,13,0,0,9,0,0,12,0,0,1,0,0,1,0,0,6,0,0,1,0,0,9,0,0,3,0,0
201601EK40059,-0.201508,51.544829,0,1,1,7,3.20,3,6,20,3,4,6,0,0,4,2,2,0,0,1,9,0,0,18,0,0,10,0,0,1,0,0,6,0,0,13,0,0,9,0,0,12,0,0,1,0,0,1,0,0,6,0,0,1,0,0,7,0,0,11,0,0
201601EK40064,-0.141227,51.551803,0,1,1,3,8.10,3,6,20,7,2,4,0,5,1,1,1,0,0,1,9,0,0,18,0,0,10,0,0,2,0,0,6,0,0,13,0,0,9,0,0,12,0,0,4,0,0,1,0,0,1,0,0,2,0,0,8,0,0,1,0,0
201601EK40069,-0.117573,51.520311,0,1,1,5,12.20,3,6,30,6,2,5,0,5,1,1,1,0,6,1,3,0,0,5,0,0,10,0,0,1,0,0,6,0,0,13,0,0,9,0,0,12,0,0,1,0,0,1,0,0,1,0,0,1,0,0,6,0,0,12,0,0
201601EK40071,-0.126393,51.516136,0,1,2,7,17.53,3,2,30,6,2,3,0,5,4,2,2,0,0,1,2,0,0,18,0,0,10,0,0,1,0,0,1,0,0,13,0,0,9,0,0,12,0,0,1,0,0,1,0,0,1,0,0,1,0,0,7,0,0,1,0,0
201601EK40080,-0.133907,51.526238,0,1,1,3,15.40,3,3,30,6,2,5,0,5,1,1,1,0,0,1,11,0,0,4,0,0,10,0,0,1,0,0,6,0,0,13,0,0,9,0,0,12,0,0,5,0,0,1,0,0,1,0,0,1,0,0,8,0,0,7,0,0
201601EK40081,-0.12352,51.519418,0,1,1,4,20.50,5,6,30,3,4,6,0,0,4,2,2,0,0,1,9,0,0,4,0,0,10,0,0,1,0,0,6,0,0,13,0,0,9,0,0,12,0,0,1,0,0,1,0,0,6,0,0,1,0,0,5,0,0,4,0,0
201601EK40082,-0.165081,51.554067,0,1,1,4,17.26,4,2,30,6,4,4,0,1,4,2,2,0,0,1,9,0,0,7,0,0,10,0,0,8,0,0,6,0,0,13,0,0,9,0,0,12,0,0,1,0,0,1,0,0,6,0,0,1,0,0,6,0,0,2,0,0
201601EK40091,-0.152285,51.54946,0,2,1,5,19.45,6,6,20,3,4,6,0,0,4,1,1,0,0,1,9,3,0,2,18,0,10,10,0,1,1,0,6,6,0,13,8,0,9,9,0,12,12,0,3,1,0,1,1,0,6,2,0,1,1,0,9,6,0,1,5,0
201601EK40093,-0.135226,51.525719,0,2,1,6,14.30,3,3,40,0,0,0,0,0,1,1,1,0,0,1,9,3,0,18,11,0,10,10,0,9,9,0,6,6,0,13,13,0,9,9,0,12,12,0,1,2,0,1,1,0,6,2,0,1,1,0,4,7,0,7,1,0
201601EK40095,-0.145321,51.539818,0,2,1,1,17.5,6,6,30,8,4,6,0,0,1,1,1,0,0,1,9,4,0,9,14,0,10,10,0,1,1,0,6,6,0,13,13,0,9,9,0,12,12,0,3,1,0,1,1,0,6,6,0,1,1,0,6,8,0,4,10,0
201601EK40096,-0.191504,51.549801,0,1,1,1,10.32,4,6,20,0,0,0,0,0,1,1,1,0,0,1,11,0,0,5,0,0,10,0,0,9,0,0,6,0,0,13,0,0,9,0,0,12,0,0,5,0,0,1,0,0,1,0,0,1,0,0,6,0,0,12,0,0
201601EK40101,-0.196081,51.558055,0,2,1,4,19.25,3,6,30,0,0,0,0,8,4,1,1,0,0,1,5,9,0,18,3,0,10,10,0,9,9,0,6,6,0,13,13,0,9,9,0,12,12,0,1,2,0,1,1,0,2,2,0,1,2,0,5,6,0,9,15,0
201601EK40103,-0.148951,51.542753,0,2,1,5,18.52,3,6,30,3,2,4,0,5,4,1,1,0,0,1,9,5,0,18,3,0,10,10,0,1,1,0,6,6,0,13,13,0,9,9,0,12,12,0,1,2,0,1,1,0,2,2,0,1,1,0,9,7,0,2,2,0
201601EK40104,-0.138326,51.541596,0,2,1,6,20.38,3,2,20,6,2,3,0,5,4,1,1,4,0,1,3,11,0,18,7,0,10,10,0,1,1,0,6,6,0,13,13,0,9,9,0,12,12,0,3,4,0,1,1,0,6,1,0,1,1,0,7,9,0,1,6,0
201601EK40107,-0.178572,51.559403,0,2,3,1,15.40,3,6,20,3,4,6,0,0,1,1,1,0,0,1,9,9,0,18,18,0,10,10,0,2,1,0,6,6,0,13,13,0,9,9,0,12,12,0,1,1,0,1,1,0,6,6,0,2,1,0,6,11,0,10,18,0
201601EK40109,-0.150989,51.545843,0,2,1,1,20.15,5,6,20,6,2,4,0,5,4,1,1,0,0,1,9,3,0,7,15,0,10,10,0,1,1,0,6,6,0,13,13,0,9,9,0,12,12,0,4,3,0,1,1,0,6,1,0,2,1,0,6,6,0,11,11,0
201601EK40111,-0.194832,51.55318,0,1,1,2,16.33,4,6,20,3,4,6,0,0,1,1,1,0,0,1,8,0,0,1,0,0,10,0,0,1,0,0,6,0,0,13,0,0,9,0,0,12,0,0,2,0,0,1,0,0,1,0,0,1,0,0,10,0,0,4,0,0
201601EK40121,-0.162477,51.543505,0,1,1,7,20.25,4,6,30,6,2,5,0,5,4,1,1,0,0,1,8,0,0,18,0,0,10,0,0,1,0,0,6,0,0,13,0,0,9,0,0,12,0,0,4,0,0,1,0,0,1,0,0,1,0,0,6,0,0,4,0,0
201601EK40123,-0.131429,51.526918,0,1,1,7,3.30,3,3,30,0,0,0,0,5,4,1,1,0,0,1,11,0,0,4,0,0,2,0,0,9,0,0,6,0,0,13,0,0,9,0,0,12,0,0,5,0,0,1,0,0,6,0,0,1,0,0,8,0,0,7,0,0
201601EK40126,-0.130578,51.547677,0,2,2,7,9.55,3,6,30,6,2,3,0,5,1,2,2,0,0,1,21,9,0,7,15,0,10,10,0,8,8,0,6,6,0,13,7,0,9,9,0,12,12,0,1,3,0,1,1,0,1,6,0,1,2,0,9,6,0,1,7,0
201601EK40127,-0.126083,51.516671,0,1,1,6,10.47,3,2,20,3,4,6,0,0,1,1,1,0,0,1,9,0,0,4,0,0,10,0,0,2,0,0,6,0,0,13,0,0,9,0,0,12,0,0,3,0,0,1,0,0,1,0,0,1,0,0,7,0,0,4,0,0
201601EK40128,-0.144719,51.540438,0,1,2,6,22.15,5,6,20,0,0,0,0,5,4,1,1,0,0,1,3,0,0,18,0,0,10,0,0,9,0,0,6,0,0,13,0,0,9,0,0,12,0,0,4,0,0,1,0,0,1,0,0,1,0,0,5,0,0,3,0,0
201601EK40130,-0.135221,51.518795,0,1,1,6,21.55,6,6,20,3,4,6,0,0,4,1,1,0,0,1,3,0,0,18,0,0,10,0,0,1,0,0,6,0,0,13,0,0,9,0,0,12,0,0,3,0,0,1,0,0,6,0,0,1,0,0,6,0,0,1,0,0
201601EK40132,-0.126807,51.516592,0,2,1,2,12.56,3,2,30,3,4,4,0,5,1,1,1,0,0,1,9,5,0,18,9,0,10,10,0,8,5,0,6,6,0,13,13,0,9,9,0,12,12,0,1,2,0,1,1,0,6,1,0,1,1,0,7,8,0,1,15,0
201601EK40133,-0.177479,51.554261,0,2,1,3,22.30,4,6,30,6,4,6,0,0,4,2,2,0,0,1,9,9,0,4,7,0,10,10,0,8,6,0,6,6,0,13,13,0,9,9,0,12,12,0,1,3,0,1,1,0,1,6,0,1,1,0,8,5,0,4,13,0
201601EK40135,-0.133907,51.526238,0,4,1,5,22.55,3,3,30,6,2,5,0,5,4,1,1,0,0,1,8,8,8,18,4,4,10,10,10,1,1,1,6,6,6,13,13,13,9,9,9,12,12,12,1,2,2,1,1,1,1,1,1,1,1,1,5,8,8,5,6,4
201601EK40144,-0.119444,51.530863,0,1,1,7,2.20,3,6,30,9,2,3,0,5,4,1,2,0,0,1,11,0,0,5,0,0,2,0,0,1,0,0,6,0,0,13,0,0,9,0,0,12,0,0,1,0,0,1,0,0,6,0,0,1,0,0,8,0,0,2,0,0
201601EK40145,-0.13376,51.526325,0,2,1,1,19.50,3,3,30,6,2,5,0,5,4,1,1,0,0,1,9,5,0,7,18,0,10,10,0,8,8,0,6,6,0,13,13,0,9,9,0,12,12,0,4,1,0,1,1,0,6,6,0,2,1,0,8,8,0,15,6,0
201601EK40146,-0.142623,51.538786,0,1,3,2,11.53,3,6,20,7,2,3,0,5,1,1,1,0,0,1,5,0,0,15,0,0,10,0,0,1,0,0,6,0,0,13,0,0,9,0,0,12,0,0,1,0,0,1,0,0,6,0,0,1,0,0,6,0,0,13,0,0
201601EK40161,-0.195941,51.557963,0,2,1,5,11.42,3,3,30,0,0,0,0,5,1,1,1,0,0,1,3,19,0,4,5,0,10,10,0,9,9,0,6,6,0,13,13,0,9,9,0,12,12,0,2,1,0,1,1,0,1,1,0,1,1,0,8,6,0,4,2,0
201601EK40162,-0.162685,51.549084,0,2,1,5,13.51,3,6,20,8,4,6,0,0,1,1,1,0,0,1,3,9,0,15,7,0,10,10,0,8,8,0,6,6,0,13,13,0,9,9,0,12,12,0,3,4,0,1,1,0,6,6,0,1,1,0,5,9,0,4,8,0
201601EK40164,-0.112468,51.521758,0,1,1,5,13.35,3,6,20,0,0,0,0,5,1,1,1,0,6,1,11,0,0,18,0,0,10,0,0,9,0,0,6,0,0,13,0,0,9,0,0,12,0,0,5,0,0,1,0,0,1,0,0,1,0,0,8,0,0,2,0,0
201601EK40168,-0.106255,51.522108,0,2,1,6,20.45,3,6,30,6,4,5,0,0,4,1,1,0,0,1,8,2,0,9,18,0,10,10,0,8,8,0,6,6,0,13,13,0,9,9,0,12,12,0,1,1,0,1,1,0,1,1,0,1,1,0,8,4,0,16,3,0
201601EK40172,-0.199417,51.542999,0,2,3,7,19.22,3,6,30,3,2,6,0,5,4,1,1,0,0,1,11,9,0,18,18,0,10,10,0,2,2,0,6,6,0,13,13,0,9,9,0,12,12,0,1,2,0,1,1,0,1,6,0,1,1,0,8,6,0,5,5,0
201601EK40184,-0.142428,51.540042,0,1,1,7,3.22,3,2,20,3,4,6,0,0,4,1,1,0,0,1,9,0,0,5,0,0,10,0,0,1,0,0,6,0,0,13,0,0,9,0,0,12,0,0,4,0,0,1,0,0,6,0,0,1,0,0,7,0,0,9,0,0
201601EK40185,-0.138015,51.524505,0,1,1,5,18.26,3,2,30,3,4,6,0,5,4,2,2,0,0,1,9,0,0,18,0,0,10,0,0,2,0,0,6,0,0,13,0,0,9,0,0,12,0,0,1,0,0,1,0,0,6,0,0,2,0,0,10,0,0,11,0,0
201601EK40186,-0.128532,51.523724,0,2,1,5,11.45,5,6,20,0,0,0,0,0,1,1,1,0,0,1,19,5,0,6,18,0,10,10,0,9,9,0,6,6,0,13,13,0,9,9,0,12,12,0,3,1,0,1,1,0,1,6,0,1,1,0,6,7,0,2,6,0
201601EK40194,-0.138471,51.541598,0,2,1,3,9.40,3,6,20,6,2,3,0,5,1,1,1,0,0,1,3,9,0,18,18,0,10,10,0,2,2,0,6,6,0,13,13,0,9,9,0,12,12,0,1,2,0,1,1,0,1,1,0,2,2,0,6,9,0,1,6,0
201601EK40197,-0.14442,51.540703,0,2,3,6,23.20,3,6,20,6,2,5,0,5,4,1,1,0,0,1,9,9,0,4,18,0,10,10,0,2,2,0,6,6,0,13,13,0,9,9,0,12,12,0,2,1,0,1,1,0,6,6,0,1,2,0,6,5,0,11,11,0
201601EK40204,-0.147485,51.536255,0,1,1,4,8.45,3,6,30,0,0,0,0,1,1,2,2,0,0,1,9,0,0,18,0,0,10,0,0,9,0,0,6,0,0,13,0,0,9,0,0,12,0,0,1,0,0,1,0,0,6,0,0,2,0,0,6,0,0,10,0,0
201601EK40205,-0.194814,51.539061,0,1,1,4,13.30,3,6,30,0,0,0,0,4,1,1,1,0,0,1,9,0,0,1,0,0,10,0,0,9,0,0,6,0,0,13,0,0,9,0,0,12,0,0,2,0,0,1,0,0,6,0,0,1,0,0,9,0,0,1,0,0
201601EK40210,-0.143518,51.523872,0,2,2,2,3.35,3,3,30,6,2,5,0,5,4,1,1,0,0,1,19,11,0,18,18,0,10,10,0,8,8,0,6,6,0,13,13,0,9,9,0,12,12,0,4,1,0,1,1,0,2,1,0,1,1,0,7,9,0,2,2,0