Accident_Index,Longitude,Latitude,SV,Number_of_Vehicles,Number_of_Casualties,Day_of_Week,Time,1st_Road_Class,Road_Type,Speed_limit,Junction_Detail,Junction_Control,2nd_Road_Class,Pedestrian_Crossing-Human_Control,Pedestrian_Crossing-Physical_Facilities,Light_Conditions,Weather_Conditions,Road_Surface_Conditions,Special_Conditions_at_Site,Carriageway_Hazards,Urban_or_Rural_Area,Vehicle1_Type,Vehicle2_Type,Vehicle3_Type,Vehicle1_Manoeuvre,Vehicle2_Manoeuvre,Vehicle3_Manoeuvre,Vehicle1_Location-Restricted_Lane,Vehicle2_Location-Restricted_Lane,Vehicle3_Location-Restricted_Lane,Junction1_Location,Junction2_Location,Junction3_Location,Skidding1_and_Overturning,Skidding2_and_Overturning,Skidding3_and_Overturning,Hit_Object_in_Carriageway1,Hit_Object_in_Carriageway2,Hit_Object_in_Carriageway3,Vehicle1_Leaving_Carriageway,Vehicle2_Leaving_Carriageway,Vehicle3_Leaving_Carriageway,Hit_Object_off_Carriageway1,Hit_Object_off_Carriageway2,Hit_Object_off_Carriageway3,1st_Point_of_Impact1,1st_Point_of_Impact2,1st_Point_of_Impact3,Was_Vehicle 1_Left_Hand_Drive?,Was_Vehicle2_Left_Hand_Drive?,Was_Vehicle 3_Left_Hand_Drive?,Journey_Purpose_of_Driver1,Journey_Purpose_of_Driver2,Journey_Purpose_of_Driver3,Sex_of_Driver1,Sex_of_Driver2,Sex_of_Driver3,Age_Band_of_Driver1,Age_Band_of_Driver2,Age_Band_of_Driver3,Age_of_Vehicle1,Age_of_Vehicle2,Age_of_Vehicle3
201601EK40213,-0.140643,51.562585,0,2,1,7,15.0,5,6,30,3,4,6,0,0,1,1,1,0,0,1,9,3,0,9,18,0,10,10,0,8,8,0,6,6,0,13,13,0,9,9,0,12,12,0,4,1,0,1,1,0,1,2,0,1,1,0,7,7,0,12,2,0
201601EK40219,-0.142906,51.553089,0,2,1,5,8.55,4,6,20,6,4,6,0,1,1,1,1,0,0,1,9,2,0,18,7,0,10,10,0,8,8,0,6,6,0,13,13,0,9,9,0,12,12,0,1,3,0,1,1,0,2,2,0,1,1,0,5,5,0,2,17,0
201601EK40220,-0.120915,51.530167,0,2,1,6,12.22,3,2,20,6,4,3,0,0,1,2,2,0,0,1,21,8,0,18,18,0,10,2,0,2,2,0,6,6,0,13,13,0,9,9,0,12,12,0,4,3,0,1,1,0,1,1,0,1,1,0,9,10,0,8,9,0
201601EK40223,-0.140981,51.564929,0,1,1,1,15.14,5,6,20,3,4,6,0,1,1,1,1,0,0,1,9,0,0,18,0,0,10,0,0,2,0,0,6,0,0,13,0,0,9,0,0,12,0,0,1,0,0,1,0,0,6,0,0,1,0,0,8,0,0,14,0,0
201601EK40225,-0.139842,51.543328,0,2,1,2,13.20,3,2,20,6,2,6,0,5,1,1,1,0,0,1,9,9,0,18,18,0,10,10,0,8,8,0,6,6,0,13,13,0,9,9,0,12,12,0,1,4,0,1,1,0,6,6,0,1,2,0,7,5,0,10,1,0
201601EK40232,-0.191497,51.549981,0,2,1,6,20.40,4,6,30,3,4,6,0,0,4,1,1,0,0,1,9,3,0,9,13,0,10,10,0,8,8,0,6,6,0,13,13,0,9,9,0,12,12,0,2,1,0,1,1,0,6,6,0,1,1,0,5,6,0,1,7,0
201601EK40234,-0.139238,51.526323,0,1,1,3,9.20,6,6,20,0,0,0,0,0,1,1,1,0,0,1,9,0,0,6,0,0,10,0,0,9,0,0,6,0,0,10,0,0,7,0,0,10,0,0,1,0,0,1,0,0,6,0,0,1,0,0,11,0,0,20,0,0
201601EK40238,-0.194814,51.539061,0,1,1,6,15.50,3,6,30,3,4,6,0,0,1,1,1,0,0,1,9,0,0,18,0,0,10,0,0,1,0,0,6,0,0,13,0,0,9,0,0,12,0,0,1,0,0,1,0,0,6,0,0,1,0,0,8,0,0,1,0,0
201601EK40243,-0.140376,51.537312,0,1,1,7,10.45,3,2,20,3,4,3,0,0,1,1,1,0,0,1,11,0,0,18,0,0,10,0,0,1,0,0,6,0,0,10,0,0,7,0,0,10,0,0,1,0,0,1,0,0,1,0,0,1,0,0,9,0,0,4,0,0
201601EK40246,-0.128642,51.517521,0,1,1,3,6.55,5,2,20,3,4,6,0,0,4,1,1,0,0,1,9,0,0,1,0,0,10,0,0,2,0,0,6,0,0,13,0,0,9,0,0,12,0,0,2,0,0,1,0,0,2,0,0,1,0,0,9,0,0,5,0,0
201601EK40247,-0.182833,51.550207,0,1,1,7,15.0,3,6,30,0,0,0,0,8,1,2,2,0,0,1,9,0,0,18,0,0,2,0,0,9,0,0,6,0,0,13,0,0,9,0,0,12,0,0,3,0,0,1,0,0,6,0,0,1,0,0,6,0,0,1,0,0
201601EK40248,-0.205894,51.550652,0,3,2,4,8.42,5,6,30,6,4,6,0,0,1,1,1,0,0,1,9,9,9,18,9,18,10,10,10,8,8,8,6,6,6,13,13,13,9,9,9,12,12,12,3,1,1,1,1,1,6,6,6,2,1,2,6,8,8,4,10,1
201601EK40255,-0.117717,51.520314,0,2,2,7,20.35,3,6,20,6,2,5,0,5,4,2,2,0,0,1,8,9,0,18,9,0,10,10,0,8,8,0,6,6,0,13,13,0,9,9,0,12,12,0,1,4,0,1,1,0,6,6,0,1,1,0,7,4,0,3,13,0
201601EK40260,-0.175171,51.543434,0,2,2,3,0.45,3,6,30,6,2,4,0,5,4,2,2,0,0,1,9,8,0,3,4,0,10,10,0,1,1,0,6,1,0,13,10,0,9,7,0,12,2,0,2,1,0,1,1,0,6,6,0,1,1,0,4,7,0,1,4,0
201601EK40262,-0.125152,51.514767,0,1,1,6,12.15,4,2,30,6,4,6,0,1,1,1,1,0,0,1,9,0,0,18,0,0,10,0,0,2,0,0,6,0,0,13,0,0,9,0,0,12,0,0,1,0,0,1,0,0,6,0,0,1,0,0,6,0,0,4,0,0
201601EK40267,-0.191121,51.548537,0,1,1,6,21.30,4,6,30,0,0,0,0,4,4,2,2,0,0,1,9,0,0,18,0,0,10,0,0,9,0,0,6,0,0,13,0,0,9,0,0,12,0,0,1,0,0,1,0,0,6,0,0,1,0,0,8,0,0,9,0,0
201601EK40268,-0.181761,51.559003,0,2,1,7,19.50,6,6,30,3,4,6,0,0,1,1,1,0,0,1,5,9,0,18,9,0,10,10,0,8,8,0,6,6,0,13,13,0,9,9,0,12,12,0,3,1,0,1,1,0,6,6,0,1,1,0,5,6,0,10,6,0
201601EK40269,-0.148052,51.540041,0,2,1,1,15.30,5,6,30,0,0,0,0,0,1,1,1,0,0,1,19,3,0,5,18,0,10,10,0,9,9,0,6,6,0,13,13,0,9,9,0,12,12,0,1,1,0,1,1,0,6,6,0,1,1,0,8,5,0,3,4,0
201506F096163,-2.413343,53.440167,1,2,3,3,12.15,3,6,50,3,4,4,0,0,1,1,2,0,0,2,9,9,0,9,18,0,10,10,0,6,8,0,6,6,0,13,13,0,9,9,0,12,12,0,3,1,0,1,1,0,6,6,0,2,1,0,9,8,0,14,2,0
201506F099961,-2.350712,53.530702,1,1,1,7,9.15,3,6,30,0,0,0,0,1,1,1,1,0,0,1,9,0,0,18,0,0,10,0,0,9,0,0,6,0,0,13,0,0,9,0,0,12,0,0,1,0,0,1,0,0,2,0,0,2,0,0,4,0,0,16,0,0
201506J003801,-2.12321,53.425539,1,2,4,1,16.25,3,9,50,0,0,0,0,0,1,2,2,0,0,2,9,9,0,16,17,0,10,10,0,9,9,0,2,6,0,13,13,0,7,9,0,12,12,0,1,1,0,1,1,0,6,6,0,1,1,0,6,6,0,14,4,0
201506J097103,-2.135545,53.423728,1,1,1,5,18.55,5,6,30,3,4,6,0,0,4,1,1,0,0,1,9,0,0,18,0,0,10,0,0,8,0,0,6,0,0,13,0,0,9,0,0,12,0,0,1,0,0,1,0,0,1,0,0,1,0,0,7,0,0,2,0,0
201506J098187,-2.17963,53.386817,1,3,2,6,13.0,5,6,30,0,0,0,0,0,1,1,1,0,0,1,9,9,9,18,18,18,10,10,10,9,9,9,6,6,6,13,13,13,9,9,9,12,12,12,3,3,1,1,1,1,6,6,6,1,2,2,11,7,6,9,2,6
201506J099175,-2.132293,53.394159,1,1,4,7,1.18,5,6,30,0,0,0,0,0,4,1,1,0,0,1,9,0,0,18,0,0,10,0,0,9,0,0,6,0,0,10,0,0,1,0,0,4,0,0,3,0,0,1,0,0,6,0,0,1,0,0,5,0,0,13,0,0
201506K005009,-2.420734,53.548183,1,1,1,6,2.47,5,6,30,0,0,0,0,0,4,1,1,0,0,1,9,0,0,18,0,0,10,0,0,9,0,0,2,0,0,13,0,0,8,0,0,10,0,0,4,0,0,1,0,0,6,0,0,1,0,0,7,0,0,14,0,0
201506K006916,-2.448376,53.564621,1,2,1,1,15.17,3,6,30,0,0,0,0,0,1,1,1,0,0,1,5,9,0,14,6,0,10,10,0,9,9,0,6,6,0,13,13,0,9,9,0,12,12,0,1,3,0,1,1,0,2,6,0,1,1,0,8,8,0,20,8,0
201506K099123,-2.46967,53.565079,1,1,1,4,20.0,3,2,30,0,0,0,0,0,4,2,2,0,0,1,9,0,0,18,0,0,10,0,0,9,0,0,6,0,0,13,0,0,9,0,0,12,0,0,1,0,0,1,0,0,6,0,0,1,0,0,11,0,0,11,0,0
201506L004423,-2.623919,53.550981,1,2,4,1,21.15,3,6,30,0,0,0,0,0,4,1,1,0,0,1,9,9,0,18,18,0,10,10,0,9,9,0,6,6,0,13,13,0,9,9,0,12,12,0,1,1,0,1,1,0,6,6,0,1,1,0,7,6,0,1,10,0
201506L004547,-2.637294,53.486822,1,1,1,7,14.45,3,6,20,0,0,0,0,4,1,1,1,0,0,1,21,0,0,5,0,0,10,0,0,9,0,0,6,0,0,13,0,0,9,0,0,12,0,0,1,0,0,1,0,0,1,0,0,1,0,0,9,0,0,7,0,0
201506L008682,-2.58994,53.473672,1,1,1,7,21.0,5,6,30,3,4,6,0,0,4,2,2,0,0,1,9,0,0,18,0,0,10,0,0,2,0,0,6,0,0,13,0,0,9,0,0,12,0,0,1,0,0,1,0,0,6,0,0,1,0,0,6,0,0,3,0,0
201506L096928,-2.518854,53.500428,1,1,1,4,11.44,4,6,30,3,4,6,0,0,1,1,1,0,0,1,21,0,0,7,0,0,10,0,0,5,0,0,6,0,0,13,0,0,9,0,0,12,0,0,4,0,0,1,0,0,1,0,0,1,0,0,9,0,0,5,0,0
201506L098084,-2.61548,53.53107,1,2,3,7,3.32,3,6,30,0,0,0,0,0,4,1,1,0,0,1,9,9,0,18,18,0,10,10,0,9,9,0,6,6,0,13,13,0,8,9,0,10,12,0,3,5,0,1,1,0,6,1,0,1,2,0,4,6,0,16,1,0
201506M001916,-2.352397,53.388409,1,2,1,5,17.10,3,6,30,9,4,5,0,4,1,1,1,0,0,1,21,9,0,18,2,0,10,10,0,1,1,0,6,6,0,13,13,0,9,9,0,2,12,0,4,1,0,1,1,0,1,6,0,1,1,0,5,6,0,13,4,0
201506M005873,-2.305294,53.466559,1,1,1,7,11.30,5,1,30,1,4,3,0,4,1,1,1,0,0,1,9,0,0,7,0,0,10,0,0,3,0,0,6,0,0,13,0,0,9,0,0,12,0,0,1,0,0,1,0,0,6,0,0,1,0,0,7,0,0,3,0,0
201501TD00001,-0.241466,51.59,1,1,1,1,7.38,3,6,30,0,0,0,0,0,1,1,4,0,0,1,5,0,0,18,0,0,10,0,0,9,0,0,6,0,0,10,0,0,1,0,0,2,0,0,1,0,0,1,0,0,2,0,0,1,0,0,7,0,0,18,0,0
201501TD00003,-0.106096,51.488256,1,2,1,1,18.20,3,6,30,3,2,5,0,5,1,1,2,0,0,1,3,9,0,18,9,0,10,10,0,8,8,0,6,6,0,13,13,0,9,9,0,12,12,0,1,4,0,1,1,0,6,6,0,1,1,0,7,6,0,6,1,0
201501TD00004,-0.070345,51.485515,1,1,1,1,2.27,3,6,30,3,4,6,0,0,4,1,1,0,0,1,9,0,0,18,0,0,2,0,0,2,0,0,6,0,0,10,0,0,7,0,0,2,0,0,1,0,0,1,0,0,6,0,0,1,0,0,6,0,0,8,0,0
201501TD00005,-0.095673,51.499868,1,2,1,2,8.10,3,6,30,6,2,5,0,0,1,1,1,0,0,1,3,19,0,18,18,0,10,10,0,8,8,0,6,6,0,13,13,0,9,9,0,12,12,0,3,1,0,1,1,0,6,1,0,1,1,0,6,6,0,1,1,0
201501TD00006,0.16482,51.581769,1,1,1,1,21.53,3,3,40,6,2,5,0,5,4,1,1,0,0,1,19,0,0,18,0,0,10,0,0,8,0,0,6,0,0,13,0,0,9,0,0,12,0,0,1,0,0,1,0,0,6,0,0,1,0,0,9,0,0,7,0,0
201501TD00008,-0.109653,51.489303,1,1,1,1,17.42,3,6,30,3,4,6,0,0,4,1,1,0,0,1,5,0,0,18,0,0,10,0,0,1,0,0,1,0,0,10,0,0,1,0,0,2,0,0,4,0,0,1,0,0,2,0,0,1,0,0,5,0,0,6,0,0
201501TD00010,-0.017409,51.590115,1,1,1,5,22.18,3,6,30,6,2,3,0,5,4,1,4,0,0,1,9,0,0,13,0,0,10,0,0,8,0,0,6,0,0,13,0,0,9,0,0,12,0,0,1,0,0,1,0,0,6,0,0,1,0,0,5,0,0,9,0,0
201501TD00012,0.117343,51.616178,1,1,1,7,2.55,3,3,40,3,4,6,0,0,4,2,2,0,0,1,9,0,0,18,0,0,10,0,0,2,0,0,6,0,0,13,0,0,9,0,0,12,0,0,1,0,0,1,0,0,6,0,0,2,0,0,7,0,0,2,0,0
201501TD00013,-0.083345,51.525835,1,1,1,2,2.4,3,6,30,0,0,0,0,5,4,1,2,0,0,1,8,0,0,18,0,0,10,0,0,9,0,0,6,0,0,13,0,0,9,0,0,12,0,0,1,0,0,1,0,0,1,0,0,1,0,0,10,0,0,14,0,0
201501TD00014,0.185563,51.538759,1,1,1,2,22.28,3,6,30,0,0,0,0,8,4,1,1,0,0,1,9,0,0,18,0,0,10,0,0,9,0,0,6,0,0,13,0,0,7,0,0,2,0,0,1,0,0,1,0,0,6,0,0,1,0,0,5,0,0,16,0,0
201501TD00017,0.204031,51.521057,1,1,1,7,20.27,3,6,30,3,4,6,0,0,4,1,1,0,0,1,9,0,0,18,0,0,10,0,0,1,0,0,6,0,0,13,0,0,9,0,0,12,0,0,4,0,0,1,0,0,6,0,0,1,0,0,6,0,0,7,0,0
201501TD00018,0.085649,51.542376,1,1,1,1,20.5,3,6,30,3,4,6,0,8,4,1,1,0,0,1,9,0,0,18,0,0,10,0,0,1,0,0,6,0,0,13,0,0,9,0,0,12,0,0,3,0,0,1,0,0,6,0,0,1,0,0,5,0,0,4,0,0
201501TD00019,-0.025939,51.509865,1,2,1,2,20.16,3,3,40,9,4,4,0,4,4,1,1,0,0,1,21,5,0,6,18,0,10,10,0,8,8,0,6,6,0,13,13,0,9,9,0,12,12,0,3,1,0,1,1,0,6,6,0,1,1,0,7,8,0,8,12,0
201501TD00022,-0.314847,51.616074,1,1,2,6,11.4,5,6,30,6,4,6,0,0,1,1,1,0,0,1,9,0,0,7,0,0,10,0,0,2,0,0,6,0,0,13,0,0,9,0,0,12,0,0,4,0,0,1,0,0,6,0,0,1,0,0,11,0,0,6,0,0
201501TD00023,-0.367734,51.482478,1,1,1,4,20.59,3,6,30,3,4,6,0,0,4,2,2,0,0,1,9,0,0,18,0,0,10,0,0,2,0,0,6,0,0,13,0,0,9,0,0,12,0,0,1,0,0,1,0,0,6,0,0,1,0,0,6,0,0,13,0,0
201501TD00024,-0.099758,51.363425,1,1,1,2,13.26,4,6,30,0,0,0,0,0,1,1,1,0,0,1,19,0,0,1,0,0,10,0,0,9,0,0,6,0,0,13,0,0,9,0,0,12,0,0,2,0,0,1,0,0,6,0,0,2,0,0,8,0,0,1,0,0
201501TD00025,-0.492823,51.471294,1,2,1,2,19.0,3,3,50,0,0,0,0,0,1,1,2,0,0,2,5,9,0,18,18,0,10,10,0,9,9,0,1,6,0,10,13,0,6,9,0,12,12,0,3,3,0,1,1,0,6,1,0,1,2,0,7,7,0,16,8,0
201501TD00026,-0.094474,51.487169,1,1,1,7,6.48,6,6,30,0,0,0,0,0,4,8,4,0,0,1,90,0,0,1,0,0,10,0,0,9,0,0,6,0,0,13,0,0,9,0,0,12,0,0,2,0,0,1,0,0,1,0,0,1,0,0,8,0,0,7,0,0
201501TD00028,-0.336478,51.482578,1,1,1,1,4.57,3,3,40,6,2,3,0,5,4,1,1,0,0,1,9,0,0,18,0,0,10,0,0,2,0,0,6,0,0,13,0,0,9,0,0,12,0,0,1,0,0,1,0,0,6,0,0,1,0,0,6,0,0,8,0,0
201501TD00029,-0.269881,51.602022,1,1,1,2,12.0,6,6,30,3,4,6,0,0,1,1,1,0,0,1,9,0,0,18,0,0,10,0,0,2,0,0,6,0,0,13,0,0,9,0,0,12,0,0,1,0,0,1,0,0,6,0,0,1,0,0,7,0,0,14,0,0
201501TD00030,0.028997,51.367651,1,1,1,3,22.26,6,6,40,3,4,3,0,0,4,1,1,0,0,2,9,0,0,18,0,0,10,0,0,1,0,0,5,0,0,13,0,0,1,0,0,4,0,0,4,0,0,1,0,0,6,0,0,1,0,0,5,0,0,13,0,0
201501TD00032,0.098572,51.597541,1,2,1,3,4.33,5,6,40,0,0,0,0,0,4,1,1,0,0,2,9,21,0,18,18,0,10,10,0,9,9,0,6,6,0,13,13,0,1,9,0,10,12,0,3,3,0,1,1,0,6,1,0,1,1,0,8,10,0,15,15,0
201501TD00033,-0.073985,51.481169,1,2,1,3,9.20,4,6,30,3,4,6,0,0,1,9,1,0,0,1,5,11,0,18,14,0,10,10,0,1,2,0,6,6,0,13,13,0,9,9,0,12,12,0,1,1,0,1,1,0,6,1,0,1,1,0,9,5,0,33,6,0
201501TD00034,-0.17003,51.427582,1,1,1,6,18.30,6,6,30,0,0,0,0,0,4,1,2,0,0,1,19,0,0,18,0,0,10,0,0,9,0,0,6,0,0,13,0,0,9,0,0,12,0,0,1,0,0,1,0,0,6,0,0,1,0,0,6,0,0,2,0,0
201501TD00036,-0.241175,51.578845,1,1,1,1,5.59,3,6,30,3,2,3,0,5,5,1,2,0,0,1,9,0,0,18,0,0,10,0,0,2,0,0,6,0,0,13,0,0,9,0,0,12,0,0,1,0,0,1,0,0,6,0,0,1,0,0,6,0,0,4,0,0
201501TD00038,-0.405835,51.471942,1,2,1,6,21.11,3,3,40,6,2,3,0,5,4,1,1,0,0,1,5,11,0,18,9,0,10,10,0,8,8,0,6,6,0,13,13,0,9,9,0,12,12,0,1,4,0,1,1,0,6,1,0,1,1,0,5,8,0,19,4,0
201501TD00039,-0.138487,51.541741,1,1,1,1,8.50,3,6,30,6,2,3,0,5,1,4,1,0,0,1,9,0,0,18,0,0,10,0,0,2,0,0,6,0,0,7,0,0,1,0,0,1,0,0,4,0,0,1,0,0,6,0,0,1,0,0,5,0,0,8,0,0
201501TD00043,-0.270815,51.402315,1,1,1,3,7.0,3,6,30,3,4,6,0,1,1,1,1,0,0,1,9,0,0,18,0,0,10,0,0,2,0,0,6,0,0,13,0,0,9,0,0,12,0,0,3,0,0,1,0,0,6,0,0,2,0,0,6,0,0,7,0,0
201501TD00045,-0.214252,51.344813,1,1,1,7,23.35,6,6,30,0,0,0,0,0,4,2,2,0,0,1,9,0,0,18,0,0,10,0,0,9,0,0,6,0,0,10,0,0,1,0,0,4,0,0,3,0,0,1,0,0,6,0,0,1,0,0,4,0,0,3,0,0
201501TD00047,0.047635,51.472993,1,1,1,6,16.3,6,6,30,3,4,6,0,0,1,1,1,0,0,1,90,0,0,9,0,0,10,0,0,6,0,0,6,0,0,13,0,0,9,0,0,12,0,0,4,0,0,1,0,0,1,0,0,1,0,0,8,0,0,7,0,0
201501TD00049,-0.256274,51.640577,1,1,1,7,17.19,3,3,50,0,0,0,0,0,1,1,1,0,0,2,5,0,0,18,0,0,10,0,0,9,0,0,6,0,0,13,0,0,4,0,0,1,0,0,3,0,0,1,0,0,6,0,0,1,0,0,5,0,0,4,0,0
201501TD00050,-0.080133,51.461665,1,2,1,1,20.21,3,6,30,3,4,6,0,4,4,1,1,0,0,1,9,11,0,18,18,0,10,10,0,2,1,0,6,6,0,13,13,0,9,9,0,12,12,0,1,1,0,1,1,0,6,1,0,1,2,0,6,8,0,15,12,0
201501TD00051,-0.304599,51.402359,1,2,2,3,21.0,3,6,30,0,0,0,0,4,4,1,1,0,0,1,9,11,0,18,18,0,10,10,0,9,9,0,6,6,0,13,13,0,7,9,0,10,12,0,1,4,0,1,1,0,6,1,0,1,1,0,6,9,0,4,1,0
201501TD00052,-0.147375,51.461309,1,2,1,6,21.1,3,6,30,3,4,6,0,0,4,1,1,0,0,1,3,9,0,18,9,0,10,10,0,8,8,0,6,6,0,13,13,0,9,9,0,12,12,0,1,4,0,1,1,0,1,6,0,1,2,0,4,4,0,6,9,0
201501TD00053,0.163891,51.537901,1,2,4,6,15.50,4,6,30,6,4,6,0,4,1,1,1,0,0,1,5,9,0,18,9,0,10,10,0,8,8,0,6,6,0,13,13,0,9,9,0,12,12,0,1,4,0,1,1,0,6,6,0,1,1,0,5,7,0,14,13,0
201501TD00054,-0.064792,51.361414,1,1,1,1,18.10,3,6,30,0,0,0,0,0,1,1,1,0,0,1,3,0,0,18,0,0,10,0,0,9,0,0,6,0,0,10,0,0,2,0,0,10,0,0,1,0,0,1,0,0,6,0,0,1,0,0,5,0,0,6,0,0
201501TD00056,-0.484348,51.587902,1,1,1,3,10.20,5,6,30,0,0,0,0,0,1,1,1,0,0,2,9,0,0,18,0,0,10,0,0,9,0,0,5,0,0,7,0,0,7,0,0,1,0,0,1,0,0,1,0,0,6,0,0,2,0,0,11,0,0,2,0,0
201501TD00057,0.167192,51.573992,1,1,1,1,0.32,3,6,30,3,4,6,0,0,4,1,1,0,0,1,3,0,0,13,0,0,10,0,0,2,0,0,1,0,0,13,0,0,1,0,0,12,0,0,1,0,0,1,0,0,2,0,0,1,0,0,7,0,0,4,0,0
201501TD00058,-0.343899,51.508312,1,1,1,3,21.5,3,3,40,0,0,0,0,0,4,1,1,0,0,1,11,0,0,18,0,0,10,0,0,9,0,0,6,0,0,13,0,0,9,0,0,12,0,0,4,0,0,1,0,0,1,0,0,1,0,0,7,0,0,3,0,0
201501TD00059,-0.218243,51.504582,1,1,1,4,7.19,6,6,30,3,4,3,0,4,1,1,1,0,0,1,11,0,0,7,0,0,10,0,0,2,0,0,6,0,0,13,0,0,9,0,0,12,0,0,4,0,0,1,0,0,1,0,0,2,0,0,7,0,0,11,0,0
201501TD00065,-0.204361,51.344392,1,2,1,5,18.48,3,3,40,6,4,6,0,4,1,1,1,0,0,1,5,19,0,18,18,0,10,10,0,8,8,0,6,6,0,13,13,0,9,9,0,12,12,0,4,3,0,1,1,0,6,1,0,1,1,0,6,6,0,4,1,0
201501TD00066,0.014653,51.472845,1,1,1,1,10.47,4,6,30,3,4,4,0,0,1,1,1,0,0,1,11,0,0,18,0,0,10,0,0,2,0,0,6,0,0,13,0,0,9,0,0,12,0,0,1,0,0,1,0,0,1,0,0,1,0,0,8,0,0,4,0,0
201501TD00067,-0.223524,51.572554,1,3,3,4,19.18,6,6,30,0,0,0,0,0,1,1,1,0,0,1,9,19,11,16,18,18,10,10,10,9,9,9,6,6,6,13,13,13,9,9,9,12,12,12,3,1,1,1,1,1,6,1,1,1,1,1,10,8,8,5,5,2
201501TD00068,-0.146725,51.431173,1,1,1,7,3.10,3,6,30,3,4,6,0,4,4,1,1,0,0,1,9,0,0,18,0,0,10,0,0,8,0,0,6,0,0,13,0,0,9,0,0,12,0,0,1,0,0,1,0,0,6,0,0,1,0,0,6,0,0,5,0,0
201501TD00069,-0.367154,51.462417,1,1,1,4,23.3,3,6,30,6,4,6,0,1,4,1,1,0,0,1,3,0,0,18,0,0,10,0,0,2,0,0,6,0,0,13,0,0,9,0,0,12,0,0,1,0,0,1,0,0,6,0,0,1,0,0,5,0,0,17,0,0
201501TD00070,-0.033369,51.414218,1,2,1,4,8.10,6,6,30,3,4,6,0,0,1,1,1,0,0,1,5,9,0,18,9,0,10,10,0,8,8,0,1,6,0,13,13,0,9,9,0,12,12,0,3,4,0,1,1,0,6,6,0,1,2,0,6,9,0,8,2,0
201501TD00071,-0.332873,51.482707,1,1,1,1,21.54,3,3,50,0,0,0,0,0,4,1,1,0,0,1,9,0,0,18,0,0,10,0,0,9,0,0,6,0,0,13,0,0,9,0,0,12,0,0,1,0,0,1,0,0,6,0,0,1,0,0,4,0,0,10,0,0
201501TD00075,0.074118,51.412365,1,2,1,6,3.24,3,6,30,6,2,3,0,5,4,1,1,1,0,1,9,8,0,18,18,0,10,10,0,8,8,0,6,6,0,13,13,0,9,9,0,12,12,0,1,3,0,1,1,0,6,1,0,1,1,0,5,8,0,2,4,0
201501TD00076,0.022328,51.424961,1,1,4,1,18.20,3,6,30,0,0,0,0,8,1,1,1,0,0,1,9,0,0,18,0,0,10,0,0,9,0,0,6,0,0,13,0,0,9,0,0,12,0,0,4,0,0,1,0,0,6,0,0,1,0,0,5,0,0,9,0,0
201501TD00077,-0.129281,51.432065,1,2,1,2,17.22,3,6,30,6,2,6,0,5,1,1,1,0,0,1,20,3,0,5,5,0,10,10,0,1,1,0,6,6,0,13,13,0,9,9,0,12,12,0,3,4,0,1,1,0,1,6,0,1,1,0,8,6,0,3,2,0
201501TD00079,-0.270659,51.619568,1,2,1,5,18.25,6,6,30,0,0,0,0,0,1,9,1,0,0,1,9,3,0,3,18,0,10,10,0,9,9,0,6,6,0,13,13,0,9,9,0,12,12,0,3,3,0,1,1,0,6,6,0,1,1,0,7,10,0,6,13,0
201501TD00080,-0.012218,51.434365,1,1,1,4,16.55,6,6,30,3,4,6,0,0,1,2,2,0,0,1,9,0,0,18,0,0,10,0,0,1,0,0,6,0,0,13,0,0,9,0,0,12,0,0,4,0,0,1,0,0,6,0,0,1,0,0,5,0,0,1,0,0
201501TD00082,-0.179468,51.41451,1,1,1,7,13.35,3,3,50,6,2,3,0,5,1,1,1,0,0,1,9,0,0,18,0,0,10,0,0,1,0,0,6,0,0,7,0,0,1,0,0,12,0,0,1,0,0,1,0,0,6,0,0,1,0,0,8,0,0,1,0,0
201501TD00085,0.083978,51.534223,1,2,1,7,21.48,3,1,30,2,4,6,0,4,7,1,1,0,0,1,9,5,0,17,18,0,10,10,0,8,8,0,6,6,0,13,13,0,9,9,0,12,12,0,1,3,0,1,1,0,6,6,0,1,1,0,7,10,0,8,7,0
201501TD00086,0.165259,51.563686,1,1,1,5,22.2,3,6,30,0,0,0,0,1,7,1,1,0,0,1,9,0,0,18,0,0,10,0,0,9,0,0,6,0,0,13,0,0,9,0,0,12,0,0,4,0,0,1,0,0,6,0,0,1,0,0,6,0,0,12,0,0
201501TD00087,0.157665,51.497728,1,1,1,4,19.35,3,3,50,0,0,0,0,0,1,1,1,0,0,2,5,0,0,17,0,0,10,0,0,9,0,0,1,0,0,10,0,0,1,0,0,1,0,0,4,0,0,1,0,0,6,0,0,1,0,0,6,0,0,5,0,0
201501TD00088,0.002089,51.541044,1,1,1,2,20.58,3,2,30,3,2,3,0,5,7,1,1,0,0,1,9,0,0,5,0,0,10,0,0,1,0,0,6,0,0,13,0,0,9,0,0,12,0,0,1,0,0,1,0,0,6,0,0,1,0,0,5,0,0,13,0,0
201501TD00093,-0.216492,51.530993,1,1,1,5,10.28,4,6,30,3,2,4,0,5,1,9,1,0,0,1,21,0,0,7,0,0,10,0,0,1,0,0,6,0,0,13,0,0,9,0,0,12,0,0,1,0,0,1,0,0,1,0,0,1,0,0,8,0,0,1,0,0
201501TD00094,0.195916,51.565094,1,1,1,5,0.15,3,6,30,0,0,0,0,5,4,1,1,0,0,1,9,0,0,18,0,0,10,0,0,9,0,0,6,0,0,13,0,0,9,0,0,12,0,0,1,0,0,1,0,0,6,0,0,1,0,0,5,0,0,8,0,0