Accident_Index,Longitude,Latitude,SV,Number_of_Vehicles,Number_of_Casualties,Day_of_Week,Time,1st_Road_Class,Road_Type,Speed_limit,Junction_Detail,Junction_Control,2nd_Road_Class,Pedestrian_Crossing-Human_Control,Pedestrian_Crossing-Physical_Facilities,Light_Conditions,Weather_Conditions,Road_Surface_Conditions,Special_Conditions_at_Site,Carriageway_Hazards,Urban_or_Rural_Area,Vehicle1_Type,Vehicle2_Type,Vehicle3_Type,Vehicle1_Manoeuvre,Vehicle2_Manoeuvre,Vehicle3_Manoeuvre,Vehicle1_Location-Restricted_Lane,Vehicle2_Location-Restricted_Lane,Vehicle3_Location-Restricted_Lane,Junction1_Location,Junction2_Location,Junction3_Location,Skidding1_and_Overturning,Skidding2_and_Overturning,Skidding3_and_Overturning,Hit_Object_in_Carriageway1,Hit_Object_in_Carriageway2,Hit_Object_in_Carriageway3,Vehicle1_Leaving_Carriageway,Vehicle2_Leaving_Carriageway,Vehicle3_Leaving_Carriageway,Hit_Object_off_Carriageway1,Hit_Object_off_Carriageway2,Hit_Object_off_Carriageway3,1st_Point_of_Impact1,1st_Point_of_Impact2,1st_Point_of_Impact3,Was_Vehicle 1_Left_Hand_Drive?,Was_Vehicle2_Left_Hand_Drive?,Was_Vehicle 3_Left_Hand_Drive?,Journey_Purpose_of_Driver1,Journey_Purpose_of_Driver2,Journey_Purpose_of_Driver3,Sex_of_Driver1,Sex_of_Driver2,Sex_of_Driver3,Age_Band_of_Driver1,Age_Band_of_Driver2,Age_Band_of_Driver3,Age_of_Vehicle1,Age_of_Vehicle2,Age_of_Vehicle3
201501TD00095,-0.13053,51.429657,1,1,2,7,17.46,3,6,30,0,0,0,0,5,1,1,1,0,0,1,9,0,0,18,0,0,10,0,0,9,0,0,6,0,0,13,0,0,9,0,0,12,0,0,1,0,0,1,0,0,6,0,0,1,0,0,6,0,0,10,0,0
201501TD00096,-0.340462,51.614731,1,2,2,3,14.10,3,6,30,0,0,0,0,0,1,1,1,0,0,1,9,11,0,18,18,0,10,10,0,9,9,0,6,6,0,13,13,0,9,9,0,12,12,0,1,1,0,1,1,0,6,1,0,2,2,0,10,8,0,9,9,0
201501TD00098,-0.07717,51.532119,1,1,1,7,5.5,3,6,30,0,0,0,0,0,1,1,1,0,0,1,19,0,0,18,0,0,10,0,0,9,0,0,6,0,0,13,0,0,9,0,0,12,0,0,3,0,0,1,0,0,1,0,0,1,0,0,7,0,0,9,0,0
201501TD00099,-0.050219,51.332485,1,2,1,3,20.10,5,6,40,0,0,0,0,0,6,1,1,0,0,2,5,9,0,17,17,0,10,10,0,9,9,0,1,6,0,13,13,0,9,9,0,12,12,0,1,1,0,1,1,0,6,6,0,1,1,0,9,9,0,6,8,0
201501TD00101,-0.440059,51.494343,1,1,1,7,3.12,1,3,70,0,0,0,0,0,7,1,1,0,0,1,9,0,0,15,0,0,10,0,0,9,0,0,5,0,0,10,0,0,1,0,0,9,0,0,4,0,0,1,0,0,6,0,0,1,0,0,10,0,0,12,0,0
201501TD00102,-0.108531,51.523366,1,2,1,1,11.11,3,6,30,3,4,6,0,4,1,9,1,0,0,1,5,8,0,18,9,0,10,10,0,2,2,0,6,6,0,10,13,0,1,9,0,2,12,0,2,1,0,1,1,0,6,1,0,1,1,0,7,7,0,5,4,0
201501TD00104,-0.262511,51.492387,1,1,1,3,13.30,3,6,30,3,2,3,0,5,1,8,1,0,6,1,11,0,0,4,0,0,10,0,0,1,0,0,6,0,0,13,0,0,9,0,0,12,0,0,5,0,0,1,0,0,1,0,0,1,0,0,9,0,0,5,0,0
201501TD00106,-0.47237,51.540448,1,2,1,6,12.23,3,3,40,0,0,0,0,0,1,9,1,0,0,1,9,9,0,18,18,0,10,10,0,9,9,0,6,6,0,13,13,0,9,9,0,12,12,0,4,4,0,1,1,0,6,6,0,1,1,0,7,7,0,3,13,0
201501TD00107,-0.212121,51.403233,1,2,1,6,6.0,4,6,30,0,0,0,0,8,1,1,1,0,0,1,21,9,0,18,2,0,10,10,0,9,9,0,6,6,0,4,10,0,9,7,0,12,10,0,3,4,0,1,1,0,6,6,0,1,2,0,6,7,0,9,9,0
201501TD00110,-0.073225,51.564068,1,1,1,7,17.6,3,6,30,3,4,5,0,4,1,9,1,0,0,1,19,0,0,18,0,0,10,0,0,1,0,0,6,0,0,13,0,0,9,0,0,12,0,0,1,0,0,1,0,0,6,0,0,1,0,0,8,0,0,7,0,0
201501TD00112,-0.173596,51.601283,1,1,1,3,7.30,3,3,30,0,0,0,0,0,1,1,1,0,0,1,11,0,0,18,0,0,10,0,0,9,0,0,6,0,0,13,0,0,9,0,0,12,0,0,1,0,0,1,0,0,1,0,0,1,0,0,7,0,0,3,0,0
201501TD00113,-0.168587,51.524769,1,1,1,4,11.32,4,6,30,6,2,6,0,5,1,1,1,4,0,1,21,0,0,5,0,0,10,0,0,2,0,0,6,0,0,13,0,0,9,0,0,12,0,0,1,0,0,1,0,0,6,0,0,1,0,0,6,0,0,7,0,0
201501TD00114,-0.070281,51.473374,1,1,1,6,14.4,3,3,30,3,4,3,0,4,1,1,1,0,0,1,21,0,0,5,0,0,10,0,0,1,0,0,6,0,0,13,0,0,9,0,0,12,0,0,1,0,0,1,0,0,6,0,0,1,0,0,7,0,0,6,0,0
201501TD00118,-0.073477,51.650219,1,1,1,6,11.51,6,6,30,3,4,6,0,0,1,1,1,0,0,1,9,0,0,1,0,0,10,0,0,1,0,0,6,0,0,10,0,0,7,0,0,10,0,0,2,0,0,1,0,0,6,0,0,1,0,0,10,0,0,12,0,0
201501TD00119,-0.264274,51.548345,1,1,1,6,20.9,3,3,40,0,0,0,0,0,7,1,1,0,0,1,5,0,0,17,0,0,10,0,0,9,0,0,6,0,0,10,0,0,1,0,0,7,0,0,4,0,0,1,0,0,6,0,0,1,0,0,6,0,0,7,0,0
201501TD00122,-0.420863,51.52457,1,2,3,1,18.28,5,6,30,0,0,0,0,0,7,9,1,0,0,1,5,9,0,18,6,0,10,10,0,9,9,0,1,6,0,13,10,0,9,1,0,12,2,0,1,3,0,1,1,0,6,6,0,1,1,0,5,9,0,16,17,0
201501TD00123,0.037996,51.347081,1,1,1,4,21.10,5,6,30,0,0,0,0,0,7,1,1,0,0,1,5,0,0,17,0,0,10,0,0,9,0,0,6,0,0,13,0,0,1,0,0,4,0,0,1,0,0,1,0,0,6,0,0,1,0,0,5,0,0,5,0,0
201501TD00126,-0.015606,51.472371,1,1,1,6,9.18,3,6,30,3,4,6,0,0,1,1,1,0,0,1,21,0,0,5,0,0,10,0,0,2,0,0,6,0,0,13,0,0,9,0,0,12,0,0,1,0,0,1,0,0,6,0,0,1,0,0,8,0,0,11,0,0
201501TD00131,-0.053365,51.633791,1,1,1,3,17.39,3,6,30,3,4,6,0,1,4,1,1,0,0,1,9,0,0,18,0,0,10,0,0,2,0,0,6,0,0,13,0,0,9,0,0,12,0,0,1,0,0,1,0,0,6,0,0,1,0,0,10,0,0,13,0,0
201501TD00133,0.191496,51.572191,1,1,1,7,19.24,5,6,30,2,4,5,0,1,7,2,2,0,0,1,8,0,0,9,0,0,10,0,0,2,0,0,6,0,0,13,0,0,9,0,0,12,0,0,4,0,0,1,0,0,1,0,0,1,0,0,6,0,0,3,0,0
201501TD00135,-0.067403,51.572065,1,1,1,7,13.23,3,6,30,3,4,6,0,0,1,1,1,0,0,1,4,0,0,17,0,0,10,0,0,1,0,0,6,0,0,10,0,0,1,0,0,2,0,0,4,0,0,1,0,0,6,0,0,1,0,0,4,0,0,14,0,0
201501TD00136,0.045054,51.460358,1,1,1,1,2.23,5,6,30,3,4,6,0,8,4,1,1,0,0,1,8,0,0,18,0,0,10,0,0,1,0,0,6,0,0,13,0,0,9,0,0,12,0,0,1,0,0,1,0,0,2,0,0,1,0,0,8,0,0,4,0,0
201501TD00140,-0.16815,51.427823,1,1,2,7,13.20,3,6,30,6,2,3,0,5,1,1,2,0,0,1,5,0,0,18,0,0,10,0,0,2,0,0,6,0,0,13,0,0,9,0,0,12,0,0,1,0,0,1,0,0,2,0,0,1,0,0,7,0,0,11,0,0
201501TD00141,-0.066541,51.405148,1,2,1,7,13.11,3,6,30,3,4,6,0,0,1,1,1,0,0,1,19,5,0,9,13,0,10,10,0,1,1,0,6,6,0,13,10,0,9,7,0,12,1,0,3,1,0,1,1,0,6,6,0,1,1,0,7,9,0,2,6,0
201501TD00142,-0.257862,51.40644,1,1,1,3,8.29,6,6,30,3,4,4,0,1,1,1,1,0,0,1,21,0,0,7,0,0,10,0,0,8,0,0,6,0,0,13,0,0,9,0,0,12,0,0,4,0,0,1,0,0,6,0,0,1,0,0,7,0,0,2,0,0
201501TD00143,0.10132,51.478697,1,2,4,4,12.21,5,6,30,3,4,6,0,0,1,1,1,0,0,1,9,19,0,16,17,0,10,10,0,1,2,0,6,6,0,13,10,0,9,1,0,12,2,0,1,1,0,1,1,0,6,6,0,2,1,0,7,7,0,10,5,0
201501TD00145,-0.018186,51.678345,1,2,3,7,2.23,3,6,40,0,0,0,0,0,7,1,1,0,0,2,9,9,0,17,16,0,10,10,0,9,9,0,6,6,0,13,13,0,9,9,0,12,12,0,1,1,0,1,1,0,2,6,0,1,2,0,8,4,0,9,11,0
201501TD00149,-0.193074,51.601674,1,1,1,7,12.40,3,6,30,9,2,3,0,5,1,4,1,0,0,1,11,0,0,5,0,0,10,0,0,1,0,0,6,0,0,13,0,0,9,0,0,12,0,0,4,0,0,1,0,0,1,0,0,1,0,0,6,0,0,5,0,0
201501TD00154,-0.246115,51.536745,1,1,1,6,12.34,3,6,30,0,0,0,0,0,1,1,1,0,0,1,21,0,0,18,0,0,10,0,0,9,0,0,6,0,0,13,0,0,9,0,0,12,0,0,4,0,0,1,0,0,1,0,0,1,0,0,9,0,0,4,0,0
201501TD00155,-0.383887,51.502215,1,1,2,7,15.22,6,6,30,3,4,6,0,1,1,4,1,0,0,1,4,0,0,14,0,0,10,0,0,1,0,0,6,0,0,13,0,0,9,0,0,12,0,0,1,0,0,1,0,0,6,0,0,1,0,0,5,0,0,9,0,0
201501TD00156,-0.215244,51.507593,1,2,1,2,4.52,5,6,30,6,4,6,0,1,4,1,1,0,0,1,4,9,0,18,18,0,10,10,0,1,1,0,6,6,0,10,10,0,1,7,0,12,12,0,1,1,0,1,1,0,6,6,0,1,1,0,9,6,0,12,10,0
201501TD00157,-0.060668,51.509905,1,1,1,5,21.5,4,6,30,0,0,0,0,5,7,2,2,0,0,1,19,0,0,18,0,0,10,0,0,9,0,0,6,0,0,13,0,0,9,0,0,12,0,0,4,0,0,1,0,0,6,0,0,1,0,0,8,0,0,4,0,0
201501TD00158,-0.210677,51.517505,1,3,1,5,15.15,3,3,40,0,0,0,0,0,1,2,2,0,0,1,3,21,19,13,18,18,10,10,10,9,9,9,6,6,6,13,13,13,9,9,9,12,12,12,3,4,3,1,1,1,6,1,1,1,1,1,6,5,8,3,4,10
201501TD00159,-0.049216,51.679943,1,1,1,6,14.22,3,6,30,0,0,0,0,8,1,1,1,0,0,1,21,0,0,5,0,0,10,0,0,9,0,0,6,0,0,13,0,0,9,0,0,12,0,0,1,0,0,1,0,0,1,0,0,1,0,0,8,0,0,2,0,0
201501TD00161,-0.233854,51.570372,1,1,1,2,2.0,3,3,40,0,0,0,0,0,4,1,1,0,0,1,5,0,0,13,0,0,10,0,0,9,0,0,6,0,0,6,0,0,1,0,0,7,0,0,1,0,0,1,0,0,6,0,0,1,0,0,9,0,0,11,0,0
201501TD00162,-0.153506,51.337846,1,2,3,4,17.39,3,6,40,0,0,0,0,0,6,8,2,0,0,1,9,9,0,18,18,0,10,10,0,9,9,0,6,5,0,10,13,0,1,9,0,2,12,0,1,1,0,1,1,0,2,2,0,1,1,0,10,10,0,10,8,0
201501TD00163,-0.166471,51.444613,1,2,1,6,11.15,6,6,30,0,0,0,0,0,1,9,1,0,0,1,9,21,0,18,1,0,10,10,0,9,9,0,6,6,0,13,13,0,9,9,0,12,12,0,1,1,0,1,1,0,6,1,0,1,1,0,11,7,0,9,6,0
201501TD00165,-0.40665,51.49812,1,1,1,7,6.26,5,3,30,8,2,6,0,5,7,1,1,0,0,1,9,0,0,18,0,0,10,0,0,8,0,0,6,0,0,13,0,0,9,0,0,12,0,0,1,0,0,1,0,0,1,0,0,1,0,0,7,0,0,12,0,0
201501TD00166,-0.157166,51.461283,1,2,1,6,13.0,3,6,30,3,4,6,0,5,1,1,1,0,0,1,9,9,0,5,18,0,10,10,0,1,1,0,6,6,0,7,10,0,1,7,0,10,10,0,1,4,0,1,1,0,6,6,0,1,1,0,10,4,0,15,9,0
2015030000021,-2.915237,54.386073,1,1,1,1,16.29,3,6,40,0,0,0,0,0,6,1,1,0,0,2,9,0,0,18,0,0,10,0,0,9,0,0,6,0,0,13,0,0,1,0,0,10,0,0,1,0,0,1,0,0,6,0,0,1,0,0,9,0,0,8,0,0
2015030000034,-2.786939,54.681755,1,2,2,4,12.50,1,3,70,0,0,0,0,0,1,2,2,0,0,2,9,9,0,18,2,0,10,6,0,9,9,0,5,6,0,13,13,0,1,8,0,12,7,0,1,2,0,1,1,0,1,6,0,1,2,0,10,10,0,1,9,0
2015030000546,-2.806283,54.648287,1,1,1,2,14.25,3,3,60,6,4,6,0,0,1,3,2,0,2,2,9,0,0,18,0,0,10,0,0,1,0,0,1,0,0,11,0,0,9,0,0,12,0,0,1,0,0,1,0,0,6,0,0,2,0,0,5,0,0,14,0,0
2015030000724,-2.973731,54.326657,1,1,1,7,18.5,5,6,60,0,0,0,0,0,1,1,1,0,0,2,5,0,0,17,0,0,10,0,0,9,0,0,6,0,0,13,0,0,1,0,0,10,0,0,1,0,0,1,0,0,6,0,0,1,0,0,8,0,0,3,0,0
2015030001010,-2.859885,54.23531,1,2,1,4,17.55,3,3,60,0,0,0,0,0,1,1,1,0,0,2,9,4,0,12,18,0,10,10,0,9,9,0,6,6,0,13,13,0,4,4,0,6,6,0,3,1,0,1,1,0,6,6,0,1,1,0,11,9,0,2,14,0
2015030001304,-2.534569,54.597488,1,2,3,2,17.10,3,6,60,0,0,0,0,0,1,1,1,0,0,2,9,21,0,17,16,0,10,10,0,9,9,0,5,1,0,13,13,0,1,1,0,12,12,0,1,1,0,1,1,0,6,1,0,1,1,0,5,8,0,13,9,0
2015030001305,-3.162419,54.092469,1,2,3,1,12.1,3,6,60,0,0,0,0,0,1,1,1,0,0,2,19,9,0,16,17,0,10,10,0,9,9,0,6,6,0,13,13,0,9,9,0,12,12,0,1,1,0,1,1,0,6,6,0,1,1,0,6,11,0,13,10,0
2015030001971,-3.363504,54.25601,1,1,1,3,18.41,3,6,60,0,0,0,0,0,1,1,1,0,0,2,5,0,0,16,0,0,10,0,0,9,0,0,6,0,0,13,0,0,7,0,0,4,0,0,1,0,0,1,0,0,6,0,0,1,0,0,6,0,0,12,0,0
2015030002005,-2.972056,55.00888,1,1,1,2,15.53,3,6,30,6,2,6,2,4,1,1,1,0,0,2,17,0,0,18,0,0,10,0,0,1,0,0,6,0,0,13,0,0,9,0,0,12,0,0,1,0,0,1,0,0,1,0,0,1,0,0,9,0,0,4,0,0
2015030002764,-3.123032,54.810228,1,3,2,6,19.26,4,6,60,3,4,6,0,0,6,1,2,0,0,2,21,19,9,1,18,18,10,10,10,8,8,8,6,6,6,13,13,13,9,1,9,12,12,12,3,1,1,1,1,1,6,6,6,1,1,1,8,8,8,3,4,1
2015030002820,-2.743508,54.324521,1,2,2,2,15.50,3,6,30,0,0,0,0,0,7,1,2,0,0,1,9,9,0,18,18,0,10,10,0,9,9,0,6,6,0,13,13,0,7,9,0,10,12,0,1,2,0,1,1,0,6,6,0,1,2,0,11,7,0,13,14,0
2015030002872,-3.272849,54.22833,1,2,3,2,21.36,3,6,60,0,0,0,0,0,6,2,2,0,0,2,9,9,0,13,16,0,10,10,0,9,9,0,6,6,0,13,13,0,7,9,0,4,12,0,1,5,0,1,1,0,6,6,0,1,1,0,5,6,0,12,14,0
2015030003014,-3.198954,54.176958,1,2,1,3,11.49,3,6,60,6,4,6,0,0,1,1,1,0,0,2,5,21,0,13,9,0,10,10,0,8,5,0,2,6,0,13,13,0,9,9,0,12,12,0,1,3,0,1,1,0,6,1,0,1,1,0,8,8,0,9,16,0
2015030003037,-2.694776,54.407046,1,1,1,6,20.8,3,6,60,0,0,0,0,0,6,1,2,0,0,2,9,0,0,16,0,0,10,0,0,9,0,0,5,0,0,13,0,0,7,0,0,10,0,0,1,0,0,1,0,0,2,0,0,1,0,0,5,0,0,1,0,0
2015030003088,-2.727516,54.298286,1,2,2,2,10.35,3,6,40,3,3,6,0,0,1,1,2,0,0,1,9,9,0,9,18,0,10,10,0,8,8,0,6,6,0,13,13,0,9,7,0,12,12,0,1,1,0,1,1,0,6,6,0,2,1,0,11,6,0,2,2,0
2015030003118,-2.751863,54.663735,1,1,1,7,23.10,3,6,30,0,0,0,0,4,4,2,2,0,0,1,9,0,0,18,0,0,10,0,0,9,0,0,6,0,0,13,0,0,9,0,0,12,0,0,1,0,0,1,0,0,6,0,0,1,0,0,5,0,0,13,0,0
2015030003139,-3.38744,54.711507,1,2,3,5,17.10,6,6,60,0,0,0,0,0,6,1,1,0,0,2,9,9,0,16,17,0,10,10,0,9,9,0,6,6,0,13,13,0,9,1,0,12,12,0,1,1,0,1,1,0,6,6,0,1,1,0,4,5,0,6,10,0
201504ED15103,-2.472453,53.638593,1,1,1,6,0.11,6,6,60,0,0,0,0,0,6,1,1,0,0,2,4,0,0,16,0,0,10,0,0,9,0,0,6,0,0,13,0,0,8,0,0,12,0,0,3,0,0,1,0,0,6,0,0,1,0,0,5,0,0,2,0,0
201504ED15165,-2.370081,53.761821,1,1,1,4,5.25,3,6,30,3,4,6,0,4,1,1,2,0,0,1,9,0,0,18,0,0,10,0,0,8,0,0,6,0,0,13,0,0,1,0,0,10,0,0,1,0,0,1,0,0,6,0,0,1,0,0,9,0,0,1,0,0
201504ED15191,-2.495828,53.800195,1,2,2,6,16.30,3,6,40,0,0,0,0,8,1,2,2,0,0,1,9,21,0,18,18,0,10,10,0,9,9,0,6,6,0,13,13,0,9,9,0,12,12,0,1,1,0,1,1,0,2,1,0,1,1,0,10,7,0,1,5,0
201504EF15274,-2.279422,53.700948,1,4,2,6,17.5,6,6,30,0,0,0,0,0,1,1,1,0,0,1,9,9,8,13,13,5,10,10,10,9,9,9,1,6,6,13,13,13,1,9,9,3,12,12,1,5,5,1,1,1,2,6,6,1,1,1,4,5,6,4,13,1
201504EF15330,-2.254737,53.776862,1,4,4,7,1.0,3,3,30,0,0,0,0,8,4,1,2,0,0,1,9,9,8,18,18,18,10,10,10,9,9,9,1,6,6,13,13,4,5,9,9,12,12,12,1,5,1,1,1,1,6,1,1,1,1,1,4,7,8,9,1,10
201504EG15099,-2.333644,53.910679,1,1,1,4,0.25,3,6,60,0,0,0,0,0,4,1,1,0,0,2,9,0,0,18,0,0,10,0,0,9,0,0,1,0,0,13,0,0,1,0,0,10,0,0,3,0,0,1,0,0,6,0,0,1,0,0,7,0,0,14,0,0
201504EG15128,-2.119583,53.899938,1,1,1,3,20.31,6,6,60,0,0,0,0,0,1,1,1,0,0,2,3,0,0,18,0,0,10,0,0,9,0,0,6,0,0,13,0,0,1,0,0,10,0,0,1,0,0,1,0,0,6,0,0,1,0,0,6,0,0,2,0,0
201504SA15033,-2.779855,53.765068,1,1,1,1,20.35,3,2,50,0,0,0,0,0,4,1,2,0,0,2,9,0,0,18,0,0,10,0,0,9,0,0,2,0,0,13,0,0,1,0,0,2,0,0,3,0,0,1,0,0,6,0,0,1,0,0,6,0,0,13,0,0
201504SA15205,-2.735275,53.748901,1,2,1,1,17.0,3,6,30,3,4,6,0,0,1,1,1,0,0,1,9,9,0,18,2,0,10,10,0,1,1,0,6,6,0,13,13,0,9,9,0,12,12,0,1,2,0,1,1,0,6,6,0,2,2,0,10,6,0,2,9,0
201504SA15285,-2.788219,53.782361,1,1,3,2,15.53,6,6,60,3,4,6,0,0,1,1,1,0,0,2,9,0,0,17,0,0,10,0,0,2,0,0,2,0,0,13,0,0,1,0,0,4,0,0,4,0,0,1,0,0,6,0,0,1,0,0,5,0,0,16,0,0
201504SA15529,-2.672313,53.822974,1,1,1,4,21.0,6,6,20,0,0,0,0,0,4,2,2,0,0,2,19,0,0,1,0,0,9,0,0,9,0,0,6,0,0,13,0,0,7,0,0,10,0,0,2,0,0,1,0,0,2,0,0,1,0,0,9,0,0,4,0,0
201504SA15551,-2.721341,53.758783,1,2,2,4,10.16,3,3,40,0,0,0,0,0,1,1,1,0,3,1,9,9,0,16,17,0,10,10,0,9,9,0,1,6,0,13,1,0,7,7,0,12,1,0,4,1,0,1,1,0,6,6,0,1,2,0,8,8,0,9,9,0
201504SB15001,-2.918349,53.590609,1,3,4,3,17.58,3,6,50,0,0,0,0,0,4,1,2,0,0,2,9,9,9,13,18,18,10,10,10,9,9,9,6,6,1,13,13,13,9,9,1,12,12,12,5,1,1,1,1,1,6,6,6,1,2,2,9,11,8,5,1,21
201504SB15064,-2.756598,53.610528,1,1,2,2,7.15,6,6,60,8,4,6,0,0,6,1,1,0,2,2,9,0,0,17,0,0,10,0,0,1,0,0,5,0,0,11,0,0,2,0,0,10,0,0,1,0,0,1,0,0,6,0,0,1,0,0,7,0,0,12,0,0
201504SB15140,-2.899052,53.549858,1,2,1,5,5.43,4,6,30,3,4,6,0,0,1,1,1,0,0,1,5,11,0,16,16,0,10,10,0,8,8,0,6,6,0,13,13,0,9,9,0,12,12,0,1,1,0,1,1,0,2,1,0,1,1,0,8,8,0,6,8,0
201504SB15158,-2.832539,53.629169,1,2,5,3,11.55,6,6,60,0,0,0,0,0,1,1,1,0,0,2,17,9,0,17,4,0,10,10,0,9,9,0,6,6,0,13,13,0,1,9,0,12,12,0,3,1,0,1,1,0,1,6,0,1,2,0,10,4,0,4,12,0
201504SB15210,-2.831699,53.678701,1,1,1,3,0.1,6,6,20,3,4,6,0,0,4,1,2,0,6,2,9,0,0,18,0,0,10,0,0,8,0,0,6,0,0,11,0,0,9,0,0,12,0,0,1,0,0,1,0,0,1,0,0,2,0,0,8,0,0,1,0,0
201504SC15208,-2.553065,53.707727,1,2,1,1,12.40,3,6,40,8,4,6,0,0,1,1,1,0,0,2,9,5,0,9,18,0,10,10,0,5,8,0,6,2,0,13,13,0,7,9,0,12,12,0,4,1,0,1,1,0,6,6,0,1,1,0,9,5,0,6,6,0
201504SC15252,-2.676568,53.719317,1,1,1,1,16.25,3,3,50,0,0,0,0,0,1,1,1,0,0,2,5,0,0,18,0,0,10,0,0,9,0,0,6,0,0,13,0,0,9,0,0,12,0,0,3,0,0,1,0,0,6,0,0,1,0,0,8,0,0,19,0,0
201504SC15306,-2.671599,53.711794,1,1,1,4,18.55,3,6,50,0,0,0,0,0,6,1,2,0,0,2,21,0,0,18,0,0,10,0,0,9,0,0,6,0,0,13,0,0,9,0,0,1,0,0,4,0,0,1,0,0,1,0,0,1,0,0,9,0,0,1,0,0
201504WA15239,-2.875135,53.765579,1,3,2,4,14.12,6,6,60,3,4,6,0,0,1,1,1,0,0,2,5,9,9,18,4,18,10,10,10,1,1,1,2,6,6,13,13,13,1,9,9,12,12,12,1,2,3,1,1,1,6,2,6,1,2,2,6,7,8,17,3,6
201504WA15272,-3.023299,53.757125,1,1,1,7,6.40,6,6,30,6,4,6,0,0,1,1,1,0,0,1,9,0,0,4,0,0,10,0,0,5,0,0,6,0,0,13,0,0,9,0,0,10,0,0,1,0,0,1,0,0,6,0,0,1,0,0,11,0,0,3,0,0
201504WB15143,-2.758193,53.926634,1,1,1,1,2.20,1,3,70,0,0,0,0,0,6,5,2,0,0,2,9,0,0,11,0,0,7,0,0,9,0,0,6,0,0,13,0,0,1,0,0,4,0,0,1,0,0,1,0,0,6,0,0,1,0,0,10,0,0,10,0,0
201504WB15236,-2.797277,54.051493,1,1,1,4,11.40,3,6,30,9,4,3,2,4,1,1,1,0,0,1,11,0,0,4,0,0,10,0,0,8,0,0,6,0,0,13,0,0,9,0,0,12,0,0,1,0,0,1,0,0,1,0,0,1,0,0,8,0,0,15,0,0
201504WB15238,-2.736525,54.079652,1,1,2,1,23.20,6,6,60,0,0,0,0,0,6,1,1,0,0,2,9,0,0,16,0,0,10,0,0,9,0,0,1,0,0,13,0,0,1,0,0,10,0,0,3,0,0,1,0,0,6,0,0,1,0,0,6,0,0,24,0,0
201504WB15418,-2.779912,53.980602,1,1,1,7,2.45,1,3,70,0,0,0,0,0,1,2,2,0,0,2,21,0,0,11,0,0,10,0,0,9,0,0,6,0,0,13,0,0,9,0,0,12,0,0,4,0,0,1,0,0,1,0,0,1,0,0,7,0,0,3,0,0
201504WB15434,-2.768702,54.075676,1,1,2,7,22.15,6,6,30,0,0,0,0,0,5,5,2,4,0,2,9,0,0,17,0,0,10,0,0,9,0,0,6,0,0,2,0,0,9,0,0,12,0,0,4,0,0,1,0,0,6,0,0,1,0,0,7,0,0,16,0,0
201504WD15039,-2.940565,53.916715,1,2,1,3,12.20,3,6,60,8,4,6,0,0,1,1,1,0,0,2,5,9,0,13,9,0,10,10,0,8,5,0,1,2,0,13,13,0,9,9,0,12,12,0,1,3,0,1,1,0,6,6,0,1,2,0,10,7,0,18,11,0
2015051500058,-2.996807,53.469298,1,1,1,5,18.45,3,6,30,0,0,0,0,0,4,1,1,0,0,1,9,0,0,14,0,0,10,0,0,9,0,0,6,0,0,13,0,0,9,0,0,12,0,0,1,0,0,1,0,0,6,0,0,2,0,0,6,0,0,7,0,0
2015051500072,-2.910329,53.359902,1,1,2,6,21.5,3,3,30,0,0,0,0,4,4,1,2,0,0,1,9,0,0,18,0,0,10,0,0,9,0,0,6,0,0,13,0,0,9,0,0,12,0,0,1,0,0,1,0,0,2,0,0,1,0,0,9,0,0,12,0,0
2015051500336,-3.023965,53.392141,1,2,3,7,1.52,3,3,30,0,0,0,0,5,4,2,2,0,0,1,9,9,0,18,6,0,10,10,0,9,9,0,1,6,0,13,13,0,2,9,0,7,12,0,1,1,0,1,1,0,6,6,0,1,1,0,4,8,0,7,4,0
2015051500496,-2.936218,53.394102,1,1,1,4,15.12,3,3,30,6,2,6,0,5,1,1,1,0,0,1,11,0,0,18,0,0,10,0,0,1,0,0,6,0,0,13,0,0,9,0,0,12,0,0,1,0,0,1,0,0,1,0,0,1,0,0,8,0,0,2,0,0
2015051500765,-2.936316,53.389643,1,1,1,6,12.0,3,6,30,3,4,6,0,0,1,2,2,0,0,1,8,0,0,9,0,0,10,0,0,6,0,0,6,0,0,13,0,0,9,0,0,12,0,0,1,0,0,1,0,0,1,0,0,2,0,0,9,0,0,12,0,0
2015051500943,-2.97812,53.413982,1,1,1,5,4.45,4,3,30,0,0,0,0,0,4,1,1,0,0,1,8,0,0,18,0,0,10,0,0,9,0,0,1,0,0,13,0,0,9,0,0,12,0,0,1,0,0,1,0,0,1,0,0,1,0,0,6,0,0,11,0,0
2015051501494,-2.931803,53.443908,1,2,1,6,11.55,3,3,30,6,4,4,0,0,1,1,1,0,0,1,19,5,0,5,18,0,10,10,0,6,1,0,6,1,0,13,13,0,9,9,0,12,12,0,3,4,0,1,1,0,1,6,0,1,1,0,9,6,0,7,7,0
2015051501532,-2.858832,53.42174,1,1,1,3,8.45,3,3,40,0,0,0,0,4,1,1,1,0,0,1,9,0,0,18,0,0,10,0,0,9,0,0,6,0,0,13,0,0,9,0,0,12,0,0,1,0,0,1,0,0,1,0,0,2,0,0,7,0,0,10,0,0
2015051501539,-2.960583,53.305376,1,3,1,3,19.10,3,6,40,1,4,1,0,0,1,1,1,0,0,2,5,21,5,16,5,18,10,10,10,3,1,3,1,6,6,13,13,13,7,9,9,12,12,12,1,1,5,1,1,1,6,1,6,1,1,1,9,7,9,10,6,9