Accident_Index,Longitude,Latitude,SV,Number_of_Vehicles,Number_of_Casualties,Day_of_Week,Time,1st_Road_Class,Road_Type,Speed_limit,Junction_Detail,Junction_Control,2nd_Road_Class,Pedestrian_Crossing-Human_Control,Pedestrian_Crossing-Physical_Facilities,Light_Conditions,Weather_Conditions,Road_Surface_Conditions,Special_Conditions_at_Site,Carriageway_Hazards,Urban_or_Rural_Area,Vehicle1_Type,Vehicle2_Type,Vehicle3_Type,Vehicle1_Manoeuvre,Vehicle2_Manoeuvre,Vehicle3_Manoeuvre,Vehicle1_Location-Restricted_Lane,Vehicle2_Location-Restricted_Lane,Vehicle3_Location-Restricted_Lane,Junction1_Location,Junction2_Location,Junction3_Location,Skidding1_and_Overturning,Skidding2_and_Overturning,Skidding3_and_Overturning,Hit_Object_in_Carriageway1,Hit_Object_in_Carriageway2,Hit_Object_in_Carriageway3,Vehicle1_Leaving_Carriageway,Vehicle2_Leaving_Carriageway,Vehicle3_Leaving_Carriageway,Hit_Object_off_Carriageway1,Hit_Object_off_Carriageway2,Hit_Object_off_Carriageway3,1st_Point_of_Impact1,1st_Point_of_Impact2,1st_Point_of_Impact3,Was_Vehicle 1_Left_Hand_Drive?,Was_Vehicle2_Left_Hand_Drive?,Was_Vehicle 3_Left_Hand_Drive?,Journey_Purpose_of_Driver1,Journey_Purpose_of_Driver2,Journey_Purpose_of_Driver3,Sex_of_Driver1,Sex_of_Driver2,Sex_of_Driver3,Age_Band_of_Driver1,Age_Band_of_Driver2,Age_Band_of_Driver3,Age_of_Vehicle1,Age_of_Vehicle2,Age_of_Vehicle3
2015051501623,-2.981378,53.642036,1,2,1,2,16.20,6,6,20,6,4,6,0,0,1,1,1,0,0,1,9,3,0,18,18,0,10,10,0,8,1,0,6,6,0,13,13,0,9,9,0,12,12,0,3,1,0,1,1,0,6,6,0,1,1,0,7,10,0,11,8,0
2015051502081,-2.974298,53.65181,1,1,2,6,23.30,6,6,20,6,4,6,0,0,4,1,1,0,0,1,9,0,0,18,0,0,10,0,0,1,0,0,6,0,0,13,0,0,1,0,0,4,0,0,1,0,0,1,0,0,6,0,0,2,0,0,8,0,0,11,0,0
2015051502187,-2.976453,53.324115,1,2,3,1,5.4,6,6,30,7,2,6,0,0,4,1,1,0,0,1,3,8,0,18,18,0,10,10,0,8,8,0,6,6,0,13,13,0,1,9,0,12,12,0,1,4,0,1,1,0,6,1,0,1,1,0,4,5,0,1,8,0
2015051502221,-2.996615,53.411609,1,1,1,3,10.37,3,3,30,3,2,3,0,5,1,1,1,0,0,1,9,0,0,16,0,0,10,0,0,1,0,0,6,0,0,13,0,0,9,0,0,12,0,0,1,0,0,1,0,0,6,0,0,1,0,0,4,0,0,7,0,0
2015051502681,-3.067257,53.402881,1,2,1,1,15.0,3,6,30,3,4,6,0,0,1,1,1,0,0,1,9,9,0,6,18,0,10,10,0,2,2,0,6,6,0,13,13,0,9,9,0,12,12,0,3,1,0,1,1,0,6,6,0,1,2,0,11,5,0,13,3,0
2015051502728,-2.904307,53.45291,1,1,1,3,19.35,6,6,30,6,2,6,0,0,4,2,2,0,0,1,3,0,0,18,0,0,10,0,0,6,0,0,1,0,0,13,0,0,9,0,0,12,0,0,2,0,0,1,0,0,6,0,0,1,0,0,5,0,0,7,0,0
2015051503155,-3.029858,53.364665,1,1,2,4,21.42,6,6,30,3,4,6,0,0,4,1,2,0,0,1,9,0,0,18,0,0,10,0,0,1,0,0,1,0,0,13,0,0,2,0,0,2,0,0,1,0,0,1,0,0,6,0,0,1,0,0,5,0,0,22,0,0
2015051503262,-2.970813,53.63317,1,1,1,1,23.30,6,1,30,1,4,6,0,0,4,2,2,0,0,1,11,0,0,18,0,0,10,0,0,1,0,0,6,0,0,13,0,0,9,0,0,12,0,0,1,0,0,1,0,0,1,0,0,1,0,0,9,0,0,6,0,0
2015051503387,-2.940345,53.445531,1,1,1,6,21.0,6,6,30,3,4,6,0,0,4,1,1,0,0,1,9,0,0,18,0,0,10,0,0,1,0,0,6,0,0,13,0,0,9,0,0,12,0,0,1,0,0,1,0,0,6,0,0,1,0,0,6,0,0,4,0,0
2015051600004,-2.972988,53.46269,1,1,1,5,16.45,3,6,30,0,0,0,0,0,4,1,2,0,0,1,9,0,0,18,0,0,10,0,0,9,0,0,6,0,0,13,0,0,9,0,0,12,0,0,1,0,0,1,0,0,6,0,0,1,0,0,8,0,0,13,0,0
201506A004752,-2.239071,53.476508,1,1,1,7,16.38,3,2,30,6,4,6,0,0,1,1,1,0,0,1,5,0,0,18,0,0,10,0,0,1,0,0,1,0,0,10,0,0,9,0,0,10,0,0,3,0,0,1,0,0,6,0,0,1,0,0,6,0,0,1,0,0
201506A004792,-2.189354,53.510933,1,2,3,7,1.13,4,3,30,0,0,0,0,0,4,1,2,0,0,1,9,9,0,18,2,0,10,10,0,9,9,0,1,6,0,10,13,0,4,9,0,2,12,0,4,5,0,1,1,0,6,6,0,1,2,0,4,6,0,14,4,0
201506A096616,-2.235327,53.48047,1,1,1,4,8.40,3,6,30,0,0,0,0,0,1,5,2,0,0,1,21,0,0,18,0,0,10,0,0,9,0,0,6,0,0,13,0,0,9,0,0,12,0,0,1,0,0,1,0,0,1,0,0,1,0,0,7,0,0,2,0,0
201506E002520,-2.260026,53.379927,1,1,1,6,13.43,5,6,30,3,4,6,0,8,1,1,1,0,0,1,4,0,0,18,0,0,10,0,0,1,0,0,2,0,0,13,0,0,1,0,0,12,0,0,1,0,0,1,0,0,6,0,0,1,0,0,6,0,0,25,0,0
201506E006677,-2.221533,53.40706,1,1,1,4,0.10,3,3,40,3,4,6,0,0,4,2,2,0,0,1,9,0,0,18,0,0,10,0,0,1,0,0,6,0,0,13,0,0,6,0,0,2,0,0,4,0,0,1,0,0,6,0,0,1,0,0,5,0,0,10,0,0
201506E007501,-2.257433,53.423437,1,1,1,6,13.29,3,3,40,3,4,6,0,4,1,1,1,0,0,1,11,0,0,12,0,0,10,0,0,2,0,0,6,0,0,13,0,0,9,0,0,12,0,0,1,0,0,1,0,0,1,0,0,1,0,0,9,0,0,16,0,0
201506E098239,-2.212916,53.45867,1,1,1,2,20.3,6,6,30,0,0,0,0,0,4,2,2,0,0,1,9,0,0,18,0,0,10,0,0,9,0,0,6,0,0,13,0,0,9,0,0,12,0,0,1,0,0,1,0,0,6,0,0,2,0,0,7,0,0,5,0,0
201506E098340,-2.227144,53.471947,1,1,1,4,5.50,3,3,30,3,4,6,0,0,4,1,1,0,0,1,9,0,0,16,0,0,10,0,0,8,0,0,1,0,0,10,0,0,1,0,0,10,0,0,3,0,0,1,0,0,6,0,0,1,0,0,6,0,0,9,0,0
201506M099785,-2.309341,53.380888,1,1,4,7,1.10,5,6,30,0,0,0,0,0,7,9,1,0,0,1,9,0,0,18,0,0,10,0,0,9,0,0,6,0,0,13,0,0,1,0,0,4,0,0,1,0,0,1,0,0,6,0,0,1,0,0,5,0,0,15,0,0
201506N008860,-2.339456,53.575676,1,1,1,1,20.38,4,6,30,3,4,6,0,0,4,2,2,0,0,1,9,0,0,18,0,0,10,0,0,8,0,0,6,0,0,13,0,0,9,0,0,12,0,0,1,0,0,1,0,0,1,0,0,1,0,0,5,0,0,10,0,0
201506P002827,-2.130588,53.622377,1,1,1,3,9.15,6,6,30,3,4,6,0,0,1,1,1,0,0,1,21,0,0,1,0,0,10,0,0,1,0,0,6,0,0,13,0,0,9,0,0,12,0,0,2,0,0,1,0,0,1,0,0,1,0,0,6,0,0,4,0,0
201506P002993,-2.208465,53.564382,1,2,1,7,15.50,5,6,30,3,4,6,0,0,1,1,1,0,0,2,5,9,0,16,18,0,10,10,0,8,8,0,1,1,0,13,13,0,9,9,0,12,12,0,1,1,0,1,1,0,6,6,0,1,2,0,9,6,0,10,12,0
201506P008976,-2.234547,53.557502,1,3,1,1,6.50,3,6,40,0,0,0,0,0,4,2,5,5,0,2,9,9,9,18,18,18,10,10,10,9,9,9,1,6,6,13,13,13,7,9,9,4,12,12,4,5,5,1,1,1,2,6,6,1,1,2,8,8,9,6,9,2
201506P099916,-2.082736,53.66044,1,1,2,3,14.20,3,6,30,0,0,0,0,0,1,1,1,0,0,1,9,0,0,17,0,0,9,0,0,9,0,0,6,0,0,13,0,0,7,0,0,12,0,0,1,0,0,1,0,0,6,0,0,1,0,0,11,0,0,11,0,0
201506Q000863,-2.031249,53.610759,1,1,1,2,2.40,3,6,50,0,0,0,0,0,6,1,1,0,0,2,9,0,0,16,0,0,10,0,0,9,0,0,5,0,0,13,0,0,8,0,0,7,0,0,3,0,0,1,0,0,6,0,0,1,0,0,5,0,0,4,0,0
201506Q008760,-2.145651,53.518634,1,1,1,6,22.19,3,3,30,3,2,3,0,5,4,1,1,0,0,1,9,0,0,18,0,0,10,0,0,8,0,0,1,0,0,13,0,0,9,0,0,12,0,0,1,0,0,1,0,0,6,0,0,1,0,0,5,0,0,13,0,0
201506Q098085,-2.159559,53.527335,1,1,1,6,12.14,3,6,30,3,2,3,0,5,1,1,1,0,0,1,21,0,0,9,0,0,10,0,0,8,0,0,6,0,0,13,0,0,9,0,0,12,0,0,3,0,0,1,0,0,1,0,0,1,0,0,7,0,0,1,0,0
201506X002809,-2.469629,53.438701,1,3,1,7,2.11,1,3,70,0,0,0,0,0,6,1,1,0,0,2,9,9,21,18,2,2,6,6,6,9,9,9,6,6,6,4,13,13,1,9,9,12,12,12,1,4,2,1,1,1,6,6,1,1,1,1,5,6,7,13,5,14
201506X096212,-2.368803,53.529299,1,2,1,6,10.45,1,3,70,0,0,0,0,0,1,2,2,0,0,2,9,9,0,12,13,0,10,10,0,9,9,0,1,1,0,13,13,0,1,7,0,4,12,0,3,4,0,1,1,0,2,6,0,1,2,0,8,5,0,19,4,0
201506XP98373,-2.239434,53.540774,1,2,3,6,6.25,1,3,70,0,0,0,0,0,7,9,2,0,0,2,9,9,0,18,18,0,10,10,0,9,9,0,1,6,0,13,13,0,1,9,0,2,12,0,1,4,0,1,1,0,6,6,0,1,1,0,10,7,0,14,6,0
2015075017216,-2.403178,53.350765,1,2,1,2,16.0,3,3,50,0,0,0,0,0,1,1,1,0,0,2,9,9,0,15,16,0,10,10,0,9,9,0,5,6,0,13,13,0,1,9,0,4,12,0,3,4,0,1,1,0,1,6,0,1,1,0,8,7,0,6,5,0
2015075040191,-3.074264,53.316209,1,2,1,4,16.50,3,3,40,3,4,4,0,0,4,1,1,0,0,1,9,11,0,18,18,0,10,10,0,6,1,0,6,1,0,13,13,0,9,9,0,12,12,0,3,1,0,1,1,0,6,1,0,1,1,0,11,9,0,12,20,0
2015075042870,-2.7517,53.277104,1,1,1,7,8.9,6,6,30,0,0,0,0,0,1,1,1,0,2,2,9,0,0,1,0,0,10,0,0,9,0,0,6,0,0,11,0,0,7,0,0,11,0,0,2,0,0,1,0,0,6,0,0,2,0,0,11,0,0,6,0,0
2015075050083,-2.280175,53.087205,1,1,1,7,11.32,3,6,60,0,0,0,0,0,1,1,1,0,0,2,3,0,0,17,0,0,10,0,0,9,0,0,5,0,0,13,0,0,1,0,0,2,0,0,1,0,0,1,0,0,6,0,0,1,0,0,4,0,0,6,0,0
2015075051262,-2.882775,53.197839,1,1,1,1,18.31,3,6,30,0,0,0,0,0,1,1,2,0,0,1,3,0,0,17,0,0,10,0,0,9,0,0,2,0,0,10,0,0,9,0,0,7,0,0,4,0,0,1,0,0,6,0,0,1,0,0,6,0,0,14,0,0
2015075072816,-2.392652,53.320158,1,2,1,1,16.17,3,6,60,8,4,6,0,0,1,1,1,0,0,2,9,5,0,9,18,0,10,10,0,6,1,0,6,1,0,13,13,0,9,1,0,12,10,0,3,1,0,1,1,0,6,6,0,1,1,0,10,9,0,1,10,0
2015075138222,-2.412249,53.168207,1,4,2,7,14.9,3,6,60,0,0,0,0,0,1,1,1,0,0,2,9,9,21,18,3,4,10,10,10,9,9,9,1,6,6,13,13,13,9,9,9,12,12,12,1,2,2,1,1,1,6,6,1,1,2,1,4,10,7,2,15,1
2015075147042,-2.746959,53.18408,1,1,1,1,21.28,3,6,60,0,0,0,0,0,6,1,1,0,0,2,9,0,0,17,0,0,10,0,0,9,0,0,6,0,0,13,0,0,1,0,0,10,0,0,1,0,0,1,0,0,6,0,0,1,0,0,9,0,0,12,0,0
2015075173905,-2.574422,53.448013,1,3,1,5,12.10,3,6,60,3,4,6,0,0,1,1,1,0,0,2,9,21,9,18,18,10,10,10,10,1,2,8,1,6,6,13,13,13,9,1,9,12,12,12,3,3,5,1,1,1,6,1,6,1,1,2,8,7,9,6,3,3
2015075203301,-2.593821,53.394409,1,1,1,2,18.40,4,1,30,1,4,4,0,0,1,2,2,0,0,1,9,0,0,9,0,0,10,0,0,8,0,0,6,0,0,13,0,0,9,0,0,12,0,0,3,0,0,1,0,0,2,0,0,1,0,0,8,0,0,13,0,0
2015075226444,-2.702537,53.330834,1,2,1,1,20.38,3,7,40,5,4,6,0,0,4,1,1,0,0,1,5,9,0,16,16,0,10,10,0,5,5,0,2,6,0,13,13,0,9,9,0,12,12,0,5,5,0,1,1,0,6,6,0,1,1,0,6,6,0,17,5,0
2015075229044,-2.492228,53.050056,1,2,1,4,4.22,3,6,40,0,0,0,0,0,4,1,1,0,0,2,9,21,0,17,16,0,10,10,0,9,9,0,6,6,0,13,13,0,9,9,0,12,12,0,1,1,0,1,1,0,6,1,0,1,1,0,5,9,0,15,2,0
2015075231044,-2.430286,53.196225,1,1,1,5,21.27,3,3,30,1,4,4,0,8,4,1,1,0,0,2,5,0,0,18,0,0,10,0,0,3,0,0,1,0,0,9,0,0,4,0,0,2,0,0,3,0,0,1,0,0,6,0,0,1,0,0,6,0,0,4,0,0
2015075234697,-2.580504,53.402663,1,1,1,2,0.3,6,6,30,3,4,6,0,0,4,2,2,0,0,1,9,0,0,18,0,0,10,0,0,2,0,0,6,0,0,13,0,0,9,0,0,12,0,0,1,0,0,1,0,0,6,0,0,1,0,0,8,0,0,14,0,0
2015075239666,-2.682049,53.036273,1,3,2,6,9.25,3,6,60,3,4,6,0,0,1,2,2,0,0,2,21,19,9,16,17,17,10,10,10,8,8,8,6,6,6,13,13,13,9,1,9,12,12,12,3,3,1,1,1,1,1,6,6,1,2,1,7,8,8,7,6,3
2015075262687,-3.062524,53.290173,1,1,1,5,21.25,6,6,30,8,4,6,0,0,4,1,1,0,0,1,9,0,0,9,0,0,10,0,0,8,0,0,6,0,0,13,0,0,9,0,0,12,0,0,1,0,0,1,0,0,6,0,0,1,0,0,7,0,0,13,0,0
2015075263117,-2.933404,53.157289,1,3,3,6,11.29,3,3,70,0,0,0,0,0,1,1,1,0,0,2,21,19,9,18,2,2,10,10,10,9,9,9,6,6,6,4,13,13,9,9,9,12,12,11,1,2,2,1,1,1,1,1,6,1,1,1,8,7,11,2,4,11
2015075270523,-2.578748,53.218769,1,2,1,6,10.44,5,6,40,8,4,6,0,0,1,1,1,0,0,2,3,19,0,18,9,0,10,10,0,1,8,0,6,6,0,13,13,0,7,7,0,1,1,0,4,3,0,1,1,0,2,1,0,1,1,0,6,6,0,1,1,0
2015075271678,-2.160106,53.268275,1,2,1,7,9.20,6,6,30,0,0,0,0,0,1,1,2,0,3,1,9,9,0,18,18,0,10,10,0,9,9,0,6,6,0,13,13,0,7,9,0,4,12,0,1,1,0,1,1,0,6,6,0,1,1,0,6,9,0,13,6,0
2015075274555,-2.742189,53.318486,1,1,1,2,23.26,3,3,60,0,0,0,0,0,4,2,2,0,0,1,19,0,0,18,0,0,10,0,0,9,0,0,6,0,0,13,0,0,9,0,0,12,0,0,1,0,0,1,0,0,1,0,0,1,0,0,7,0,0,4,0,0
2015075286736,-2.334798,53.172603,1,2,2,7,12.47,3,6,60,3,4,3,0,0,1,1,1,0,0,2,9,5,0,9,18,0,10,10,0,5,8,0,6,1,0,13,13,0,9,9,0,12,12,0,4,1,0,1,1,0,6,6,0,2,1,0,11,8,0,14,16,0
2015075312143,-2.729789,53.365925,1,1,1,2,12.15,6,6,30,3,4,6,0,4,1,1,1,0,0,1,11,0,0,4,0,0,10,0,0,8,0,0,6,0,0,13,0,0,9,0,0,12,0,0,1,0,0,1,0,0,1,0,0,1,0,0,7,0,0,7,0,0
2015075314580,-2.21073,53.162829,1,1,2,4,14.40,6,6,30,3,3,6,0,0,1,1,1,0,0,1,9,0,0,4,0,0,10,0,0,6,0,0,6,0,0,13,0,0,3,0,0,10,0,0,1,0,0,1,0,0,6,0,0,1,0,0,11,0,0,12,0,0
2015075338246,-2.269529,53.09674,1,1,2,5,0.9,3,6,40,3,4,6,0,0,6,1,2,0,0,2,9,0,0,18,0,0,10,0,0,2,0,0,1,0,0,13,0,0,2,0,0,4,0,0,1,0,0,1,0,0,2,0,0,1,0,0,6,0,0,12,0,0
2015075368513,-2.850949,53.181135,1,1,1,5,7.32,3,3,70,0,0,0,0,0,6,1,2,0,0,2,21,0,0,18,0,0,10,0,0,9,0,0,6,0,0,13,0,0,9,0,0,12,0,0,4,0,0,1,0,0,1,0,0,1,0,0,8,0,0,3,0,0
2015075372918,-2.467554,53.239914,1,3,2,2,12.30,3,6,60,6,4,6,0,0,1,1,2,0,0,2,21,9,9,4,18,18,10,10,10,8,8,8,1,6,6,13,13,13,9,1,1,12,4,4,1,3,1,1,1,1,1,2,6,1,1,1,6,9,7,7,12,2
2015075375232,-2.728258,53.259389,1,2,5,4,16.17,5,6,60,0,0,0,0,0,1,1,2,0,0,2,9,9,0,18,18,0,10,10,0,9,9,0,6,6,0,13,13,0,7,9,0,10,12,0,1,1,0,1,1,0,6,6,0,2,1,0,5,10,0,9,6,0
2015100083915,-1.68361,54.975393,1,1,2,4,15.38,4,6,30,3,4,6,0,8,1,1,1,0,0,1,11,0,0,18,0,0,10,0,0,2,0,0,6,0,0,13,0,0,9,0,0,12,0,0,1,0,0,1,0,0,1,0,0,1,0,0,9,0,0,7,0,0
2015100089015,-2.012235,55.782135,1,2,1,6,22.6,3,6,30,3,4,6,0,8,4,2,2,0,0,1,9,2,0,9,18,0,10,10,0,5,8,0,6,6,0,13,13,0,9,9,0,12,12,0,1,1,0,1,1,0,2,6,0,1,1,0,7,4,0,7,6,0
2015100102615,-1.727469,55.352289,1,2,7,1,12.14,3,3,70,3,4,5,0,0,1,1,1,0,0,2,9,9,0,9,18,0,10,10,0,5,8,0,6,6,0,13,13,0,1,2,0,12,7,0,4,1,0,1,1,0,6,6,0,2,1,0,11,7,0,3,3,0
2015100104515,-1.738108,55.403566,1,2,2,3,19.21,4,6,60,3,4,6,0,0,6,1,1,0,0,2,9,9,0,9,18,0,10,10,0,5,8,0,6,6,0,13,13,0,9,9,0,12,12,0,1,1,0,1,1,0,6,6,0,1,1,0,11,6,0,17,15,0
2015100113015,-1.796205,55.572127,1,2,2,6,16.20,3,6,60,0,0,0,0,0,1,1,1,0,0,2,9,20,0,18,18,0,10,10,0,9,9,0,6,6,0,13,13,0,7,1,0,9,9,0,1,1,0,1,1,0,6,1,0,1,1,0,8,7,0,13,10,0
2015100198015,-1.953508,55.056859,1,1,1,1,23.5,5,6,60,0,0,0,0,0,6,1,1,0,0,2,9,0,0,18,0,0,10,0,0,9,0,0,6,0,0,13,0,0,9,0,0,12,0,0,1,0,0,1,0,0,6,0,0,1,0,0,7,0,0,13,0,0
2015100212415,-1.577657,54.909759,1,3,2,1,4.57,3,3,70,0,0,0,0,0,4,1,1,0,0,2,9,9,9,18,18,11,10,10,10,9,9,9,2,6,6,13,13,13,2,9,9,7,12,12,1,5,5,1,1,1,6,6,6,1,1,1,5,6,7,13,7,11
2015100228915,-1.611937,54.957079,1,1,1,4,18.57,4,6,30,3,4,6,0,0,1,1,1,0,0,1,9,0,0,7,0,0,10,0,0,6,0,0,6,0,0,13,0,0,9,0,0,12,0,0,1,0,0,1,0,0,6,0,0,2,0,0,8,0,0,1,0,0
2015100234615,-1.675894,55.016018,1,2,1,6,13.50,5,6,30,0,0,0,0,0,1,1,1,0,0,2,5,9,0,16,17,0,10,10,0,9,9,0,2,6,0,13,13,0,9,9,0,12,12,0,3,1,0,1,1,0,6,6,0,1,1,0,6,10,0,18,13,0
2015100244515,-1.559339,54.887561,1,1,1,7,11.8,2,3,70,0,0,0,0,0,1,1,1,0,0,1,5,0,0,18,0,0,10,0,0,9,0,0,2,0,0,13,0,0,4,0,0,6,0,0,1,0,0,1,0,0,2,0,0,1,0,0,8,0,0,8,0,0
2015100248615,-1.524662,54.917283,1,2,1,1,11.30,5,6,30,3,4,6,0,0,1,1,1,0,0,1,9,5,0,9,18,0,10,10,0,8,1,0,6,6,0,13,13,0,9,9,0,12,12,0,1,4,0,1,1,0,6,6,0,2,1,0,6,5,0,10,3,0
2015100288115,-1.610752,54.974715,1,1,1,3,19.0,6,3,20,3,2,6,0,5,1,1,1,0,0,1,11,0,0,7,0,0,10,0,0,6,0,0,6,0,0,13,0,0,9,0,0,12,0,0,4,0,0,1,0,0,1,0,0,1,0,0,8,0,0,12,0,0
2015100542415,-1.462329,54.851278,1,1,1,6,6.55,3,3,50,0,0,0,0,0,1,1,1,0,0,2,9,0,0,18,0,0,10,0,0,9,0,0,6,0,0,10,0,0,1,0,0,4,0,0,3,0,0,1,0,0,2,0,0,1,0,0,7,0,0,12,0,0
2015100624415,-1.822665,55.344548,1,2,3,4,12.18,3,6,60,0,0,0,0,0,1,2,2,0,0,2,9,19,0,16,18,0,10,10,0,9,9,0,1,6,0,13,13,0,2,9,0,9,12,0,4,1,0,1,1,0,6,1,0,1,1,0,8,7,0,10,2,0
2015100630215,-1.634468,54.934997,1,1,1,3,15.53,6,6,30,3,4,6,0,0,1,1,1,0,0,1,90,0,0,18,0,0,9,0,0,2,0,0,6,0,0,10,0,0,7,0,0,10,0,0,1,0,0,1,0,0,6,0,0,1,0,0,7,0,0,9,0,0
2015100664715,-1.63972,55.557184,1,3,2,1,13.44,4,6,60,3,4,6,0,0,1,1,1,0,0,2,9,5,5,9,18,18,10,10,10,5,8,1,6,1,1,13,13,13,9,9,1,12,12,12,4,1,1,1,1,1,6,6,6,2,1,1,7,9,7,6,9,13
2015100713215,-1.628661,55.161925,1,1,2,5,6.19,3,6,60,0,0,0,0,0,6,5,2,0,0,2,9,0,0,17,0,0,10,0,0,9,0,0,1,0,0,13,0,0,7,0,0,4,0,0,4,0,0,1,0,0,6,0,0,1,0,0,5,0,0,11,0,0
2015100757215,-1.622643,55.428371,1,2,1,3,16.16,5,6,60,0,0,0,0,0,6,1,2,0,0,2,9,11,0,18,18,0,10,10,0,9,9,0,6,6,0,13,13,0,9,9,0,12,12,0,1,1,0,1,1,0,6,1,0,2,1,0,11,8,0,4,15,0
2015100784015,-1.723432,55.372722,1,2,1,4,15.50,3,3,70,0,0,0,0,0,1,1,1,0,0,2,21,17,0,18,18,0,10,10,0,9,9,0,6,6,0,13,13,0,9,1,0,12,9,0,1,2,0,1,1,0,1,1,0,1,1,0,10,8,0,1,30,0
2015100818615,-1.480095,54.999371,1,2,2,4,12.15,3,3,40,0,0,0,0,0,1,1,1,0,0,2,5,5,0,18,18,0,10,10,0,9,9,0,6,5,0,10,13,0,4,9,0,6,12,0,4,2,0,1,1,0,6,6,0,1,1,0,7,6,0,1,16,0
201511ND21615,-1.602094,54.735944,1,1,2,6,18.3,4,6,60,3,4,6,0,0,6,1,1,0,0,2,9,0,0,16,0,0,10,0,0,8,0,0,1,0,0,10,0,0,7,0,0,11,0,0,4,0,0,1,0,0,2,0,0,1,0,0,6,0,0,11,0,0
201511NF09175,-1.376783,54.843698,1,1,3,6,20.37,3,3,70,0,0,0,0,0,6,2,2,0,0,2,9,0,0,18,0,0,10,0,0,9,0,0,2,0,0,13,0,0,8,0,0,4,0,0,3,0,0,1,0,0,6,0,0,1,0,0,5,0,0,10,0,0
201511NF09565,-1.38879,54.792122,1,1,3,1,0.20,3,6,60,0,0,0,0,0,6,1,1,0,0,2,9,0,0,18,0,0,10,0,0,9,0,0,2,0,0,13,0,0,1,0,0,11,0,0,1,0,0,1,0,0,6,0,0,1,0,0,4,0,0,13,0,0
201511NG05655,-1.631882,54.835285,1,2,7,6,10.5,4,6,30,6,4,5,0,8,1,2,2,0,0,2,9,9,0,18,18,0,10,10,0,8,8,0,6,5,0,13,7,0,9,9,0,12,12,0,1,4,0,1,1,0,6,6,0,1,1,0,7,8,0,4,10,0
201511NG10635,-1.628231,54.819161,1,1,1,4,11.39,4,6,30,3,4,6,0,1,1,1,1,0,0,2,9,0,0,9,0,0,10,0,0,6,0,0,6,0,0,13,0,0,9,0,0,12,0,0,1,0,0,1,0,0,6,0,0,1,0,0,5,0,0,11,0,0
201511NG27295,-1.584102,54.839822,1,1,1,2,11.56,3,3,50,0,0,0,0,0,1,1,1,0,0,2,9,0,0,18,0,0,10,0,0,9,0,0,1,0,0,13,0,0,1,0,0,11,0,0,3,0,0,1,0,0,6,0,0,2,0,0,10,0,0,11,0,0
201511NI23775,-1.858068,54.842347,1,1,2,7,5.43,3,6,30,3,4,6,0,0,4,1,2,0,0,2,9,0,0,18,0,0,10,0,0,1,0,0,2,0,0,10,0,0,2,0,0,2,0,0,4,0,0,1,0,0,6,0,0,1,0,0,5,0,0,9,0,0
201511NI27305,-1.836064,54.842796,1,2,1,5,6.14,6,6,30,0,0,0,0,0,4,1,1,0,0,2,9,3,0,13,18,0,10,10,0,9,9,0,6,6,0,13,13,0,9,9,0,12,12,0,1,1,0,1,1,0,2,2,0,1,1,0,6,5,0,13,8,0
201511SB00905,-1.701931,54.713809,1,1,1,1,0.39,3,6,30,0,0,0,0,0,4,1,2,0,0,2,9,0,0,17,0,0,10,0,0,9,0,0,1,0,0,13,0,0,7,0,0,3,0,0,1,0,0,2,0,0,6,0,0,1,0,0,6,0,0,7,0,0
201511SB07155,-1.718957,54.675818,1,1,1,7,15.45,3,6,60,0,0,0,0,0,1,1,1,0,0,2,9,0,0,18,0,0,10,0,0,9,0,0,6,0,0,13,0,0,9,0,0,12,0,0,1,0,0,1,0,0,6,0,0,1,0,0,5,0,0,4,0,0
201511SB12685,-2.195395,54.74077,1,1,1,3,21.4,3,6,60,0,0,0,0,0,1,1,1,0,2,2,5,0,0,18,0,0,10,0,0,9,0,0,1,0,0,11,0,0,7,0,0,2,0,0,1,0,0,1,0,0,6,0,0,1,0,0,8,0,0,13,0,0
201511SB15885,-2.14843,54.759025,1,1,1,4,11.25,6,6,60,0,0,0,0,0,1,1,2,0,0,2,5,0,0,18,0,0,10,0,0,9,0,0,6,0,0,13,0,0,7,0,0,11,0,0,1,0,0,1,0,0,6,0,0,1,0,0,5,0,0,1,0,0
201511SC05615,-1.977722,54.518244,1,2,3,4,15.52,3,3,70,9,4,3,0,0,1,1,1,0,0,2,9,9,0,6,18,0,10,10,0,6,8,0,5,6,0,13,13,0,1,9,0,11,12,0,4,1,0,1,1,0,6,1,0,1,1,0,11,9,0,4,2,0
201511SC06805,-2.079291,54.510176,1,2,1,2,10.0,3,3,70,8,4,6,0,0,1,1,1,0,0,2,5,9,0,13,9,0,10,10,0,1,1,0,6,6,0,13,13,0,9,9,0,12,12,0,1,3,0,1,1,0,6,6,0,1,1,0,9,4,0,1,2,0
201511SC07175,-1.823232,54.571364,1,1,1,1,0.1,3,6,60,0,0,0,0,0,6,1,1,0,0,2,9,0,0,18,0,0,10,0,0,9,0,0,5,0,0,13,0,0,1,0,0,11,0,0,3,0,0,1,0,0,6,0,0,1,0,0,6,0,0,9,0,0