Accident_Index,Longitude,Latitude,SV,Number_of_Vehicles,Number_of_Casualties,Day_of_Week,Time,1st_Road_Class,Road_Type,Speed_limit,Junction_Detail,Junction_Control,2nd_Road_Class,Pedestrian_Crossing-Human_Control,Pedestrian_Crossing-Physical_Facilities,Light_Conditions,Weather_Conditions,Road_Surface_Conditions,Special_Conditions_at_Site,Carriageway_Hazards,Urban_or_Rural_Area,Vehicle1_Type,Vehicle2_Type,Vehicle3_Type,Vehicle1_Manoeuvre,Vehicle2_Manoeuvre,Vehicle3_Manoeuvre,Vehicle1_Location-Restricted_Lane,Vehicle2_Location-Restricted_Lane,Vehicle3_Location-Restricted_Lane,Junction1_Location,Junction2_Location,Junction3_Location,Skidding1_and_Overturning,Skidding2_and_Overturning,Skidding3_and_Overturning,Hit_Object_in_Carriageway1,Hit_Object_in_Carriageway2,Hit_Object_in_Carriageway3,Vehicle1_Leaving_Carriageway,Vehicle2_Leaving_Carriageway,Vehicle3_Leaving_Carriageway,Hit_Object_off_Carriageway1,Hit_Object_off_Carriageway2,Hit_Object_off_Carriageway3,1st_Point_of_Impact1,1st_Point_of_Impact2,1st_Point_of_Impact3,Was_Vehicle 1_Left_Hand_Drive?,Was_Vehicle2_Left_Hand_Drive?,Was_Vehicle 3_Left_Hand_Drive?,Journey_Purpose_of_Driver1,Journey_Purpose_of_Driver2,Journey_Purpose_of_Driver3,Sex_of_Driver1,Sex_of_Driver2,Sex_of_Driver3,Age_Band_of_Driver1,Age_Band_of_Driver2,Age_Band_of_Driver3,Age_of_Vehicle1,Age_of_Vehicle2,Age_of_Vehicle3
201511SC07925,-1.9703,54.528424,1,1,1,5,14.9,3,6,60,0,0,0,0,0,1,1,1,0,0,2,5,0,0,18,0,0,10,0,0,9,0,0,1,0,0,13,0,0,7,0,0,11,0,0,4,0,0,1,0,0,6,0,0,1,0,0,6,0,0,8,0,0
201511SC10205,-1.854211,54.563731,1,1,2,6,22.17,3,6,60,3,4,6,0,0,6,1,2,0,0,2,9,0,0,16,0,0,10,0,0,1,0,0,2,0,0,10,0,0,1,0,0,4,0,0,1,0,0,1,0,0,6,0,0,1,0,0,4,0,0,13,0,0
201511SK00645,-1.640003,54.64483,1,1,1,7,20.48,5,6,30,0,0,0,0,0,4,5,2,0,0,2,9,0,0,16,0,0,10,0,0,9,0,0,6,0,0,13,0,0,7,0,0,11,0,0,1,0,0,1,0,0,6,0,0,1,0,0,5,0,0,13,0,0
201511SL10905,-1.580188,54.640423,1,2,1,1,13.50,5,6,60,0,0,0,0,0,1,1,1,0,0,2,5,9,0,13,18,0,10,10,0,9,9,0,6,6,0,13,13,0,7,9,0,4,12,0,1,5,0,1,1,0,6,6,0,1,1,0,8,7,0,3,2,0
2015120002277,-1.374398,54.275879,1,3,4,2,9.35,3,6,60,0,0,0,0,0,1,1,2,0,0,2,9,9,21,13,18,18,10,10,10,9,9,9,6,6,6,13,13,13,9,9,9,12,12,12,1,1,3,1,1,1,6,6,1,1,2,1,11,6,8,18,11,3
2015120019982,-1.336862,54.049973,1,2,2,5,17.50,4,6,60,0,0,0,0,0,6,1,1,7,0,2,17,9,0,1,18,0,10,10,0,9,9,0,6,6,0,13,13,0,9,1,0,12,9,0,1,1,0,1,1,0,1,6,0,1,1,0,6,11,0,3,7,0
2015120038748,-1.534429,53.99239,1,1,1,2,10.4,6,9,30,3,4,6,0,0,1,1,1,0,0,1,9,0,0,5,0,0,10,0,0,6,0,0,6,0,0,13,0,0,9,0,0,12,0,0,1,0,0,1,0,0,6,0,0,2,0,0,7,0,0,11,0,0
2015120041241,-1.282006,54.276084,1,1,1,6,10.14,5,6,60,0,0,0,0,0,1,1,2,0,0,2,90,0,0,18,0,0,10,0,0,9,0,0,4,0,0,13,0,0,9,0,0,12,0,0,3,0,0,1,0,0,1,0,0,1,0,0,9,0,0,18,0,0
2015120051277,-1.002674,54.017117,1,1,1,1,21.20,5,6,60,0,0,0,0,0,6,1,2,0,0,2,9,0,0,17,0,0,10,0,0,9,0,0,5,0,0,13,0,0,1,0,0,9,0,0,4,0,0,1,0,0,6,0,0,1,0,0,6,0,0,13,0,0
2015120057753,-0.951967,53.987007,1,3,3,5,11.14,3,6,40,8,4,6,0,0,1,1,1,0,0,2,9,9,21,9,18,2,10,10,10,6,1,1,1,1,6,13,13,13,7,7,9,12,12,12,1,1,5,1,1,1,6,6,1,2,2,1,7,9,8,11,8,2
2015120058806,-0.945171,54.043483,1,3,8,6,20.34,3,6,60,0,0,0,0,0,6,1,1,0,0,2,90,11,9,18,18,18,10,10,10,9,9,9,6,6,6,13,13,13,9,1,9,12,12,12,1,1,1,1,1,1,6,1,6,1,1,2,7,9,4,1,7,10
2015120068800,-1.313043,54.453234,1,1,4,1,20.30,5,6,60,0,0,0,0,0,1,1,1,0,0,2,9,0,0,17,0,0,10,0,0,9,0,0,2,0,0,13,0,0,7,0,0,4,0,0,1,0,0,1,0,0,6,0,0,1,0,0,4,0,0,11,0,0
2015120092405,-2.328438,54.168126,1,1,1,4,19.25,4,6,60,0,0,0,0,0,1,1,1,0,0,2,5,0,0,17,0,0,10,0,0,9,0,0,6,0,0,13,0,0,1,0,0,1,0,0,5,0,0,1,0,0,6,0,0,1,0,0,6,0,0,9,0,0
2015120094589,-1.4463,54.452201,1,1,2,1,3.54,4,6,60,3,4,5,0,0,1,1,1,0,0,2,9,0,0,17,0,0,10,0,0,8,0,0,1,0,0,13,0,0,7,0,0,3,0,0,4,0,0,1,0,0,6,0,0,2,0,0,6,0,0,10,0,0
2015120109469,-1.195409,54.10302,1,1,1,2,11.44,3,1,60,1,4,6,0,0,1,1,1,0,0,2,9,0,0,18,0,0,10,0,0,3,0,0,1,0,0,13,0,0,1,0,0,12,0,0,1,0,0,1,0,0,1,0,0,1,0,0,9,0,0,4,0,0
2015120123079,-1.401388,54.467049,1,2,3,7,12.43,4,6,60,0,0,0,0,0,1,1,1,0,0,2,5,9,0,16,17,0,10,10,0,9,9,0,6,6,0,13,13,0,7,9,0,12,12,0,1,1,0,1,1,0,6,6,0,1,1,0,8,7,0,3,11,0
2015120131024,-1.15448,54.229421,1,2,1,5,10.46,3,6,60,0,0,0,0,0,1,1,1,0,0,2,9,5,0,18,13,0,10,10,0,9,9,0,6,1,0,13,13,0,7,1,0,12,12,0,2,1,0,1,1,0,6,6,0,1,1,0,6,10,0,4,6,0
2015120146163,-1.135133,54.404054,1,1,1,5,20.9,4,6,60,0,0,0,0,0,1,1,1,0,0,2,5,0,0,17,0,0,10,0,0,9,0,0,1,0,0,13,0,0,7,0,0,12,0,0,1,0,0,1,0,0,6,0,0,1,0,0,8,0,0,8,0,0
2015120161613,-0.43443,54.316956,1,2,2,1,10.45,3,6,60,8,4,6,0,0,1,1,1,0,0,2,5,9,0,18,9,0,10,10,0,1,1,0,6,6,0,13,13,0,9,7,0,12,12,0,1,2,0,1,1,0,6,6,0,1,1,0,8,7,0,8,11,0
2015120168601,-0.967241,54.220026,1,1,1,4,20.22,6,6,60,6,4,5,0,0,6,1,1,0,0,2,9,0,0,18,0,0,10,0,0,2,0,0,6,0,0,13,0,0,1,0,0,9,0,0,1,0,0,1,0,0,6,0,0,2,0,0,4,0,0,12,0,0
2015120174331,-0.814754,54.144112,1,3,2,6,11.52,4,6,60,0,0,0,0,0,1,1,1,0,0,2,5,5,9,13,18,18,10,10,10,9,9,9,1,6,6,13,13,13,9,1,9,12,12,12,1,1,5,1,1,1,6,6,6,1,1,3,7,9,9,5,10,7
2015120174927,-2.284849,54.048164,1,2,1,7,12.0,3,6,60,3,4,6,0,0,1,1,1,0,0,2,9,4,0,18,17,0,10,10,0,1,1,0,6,6,0,13,13,0,7,9,0,11,12,0,1,1,0,1,1,0,6,6,0,1,1,0,8,8,0,6,7,0
2015120178366,-1.298239,53.879029,1,2,1,5,17.20,5,6,40,6,4,6,0,0,1,1,1,0,0,2,9,5,0,18,18,0,10,10,0,8,8,0,6,6,0,13,13,0,9,9,0,12,12,0,4,1,0,1,1,0,6,6,0,2,1,0,7,9,0,1,5,0
2015120186717,-1.538585,53.994473,1,1,1,4,13.40,3,2,30,3,2,6,0,5,1,1,1,0,0,1,9,0,0,18,0,0,10,0,0,1,0,0,6,0,0,13,0,0,9,0,0,12,0,0,1,0,0,1,0,0,6,0,0,1,0,0,11,0,0,6,0,0
2015120215217,-1.390327,54.059936,1,2,1,6,20.4,2,3,70,0,0,0,0,0,6,1,1,0,0,2,9,21,0,18,18,0,10,10,0,9,9,0,6,6,0,13,13,0,5,9,0,6,12,0,1,3,0,1,1,0,6,1,0,1,1,0,8,9,0,6,2,0
2015132190227,-1.866301,53.659792,1,1,1,6,7.55,3,6,40,0,0,0,0,0,4,4,2,0,0,1,9,0,0,18,0,0,10,0,0,9,0,0,1,0,0,12,0,0,9,0,0,12,0,0,1,0,0,1,0,0,6,0,0,2,0,0,7,0,0,15,0,0
20151321A0339,-1.575173,53.804308,1,1,1,7,8.20,3,3,30,0,0,0,0,4,1,4,2,0,0,1,19,0,0,18,0,0,10,0,0,9,0,0,6,0,0,13,0,0,9,0,0,12,0,0,1,0,0,1,0,0,2,0,0,1,0,0,6,0,0,3,0,0
20151322D1759,-1.3782,53.676068,1,1,2,6,23.46,3,2,40,3,1,6,0,0,4,1,2,0,0,2,9,0,0,14,0,0,10,0,0,8,0,0,6,0,0,13,0,0,1,0,0,4,0,0,1,0,0,1,0,0,6,0,0,1,0,0,5,0,0,9,0,0
20151322E0934,-1.783485,53.609049,1,1,1,7,15.25,6,3,30,0,0,0,0,0,1,1,2,0,0,1,9,0,0,16,0,0,10,0,0,9,0,0,1,0,0,13,0,0,2,0,0,11,0,0,3,0,0,1,0,0,6,0,0,1,0,0,6,0,0,11,0,0
2015132370884,-1.629389,53.7533,1,1,5,7,13.50,3,6,40,0,0,0,0,0,1,1,1,0,0,1,9,0,0,13,0,0,10,0,0,9,0,0,1,0,0,13,0,0,1,0,0,4,0,0,3,0,0,1,0,0,6,0,0,1,0,0,5,0,0,8,0,0
20151323F1417,-2.095856,53.713801,1,2,1,1,21.0,3,6,30,0,0,0,0,4,4,2,2,0,0,1,9,9,0,18,18,0,10,10,0,9,9,0,6,6,0,13,13,0,9,9,0,12,12,0,1,1,0,1,1,0,6,6,0,1,1,0,6,6,0,6,12,0
20151323P0533,-1.313481,53.69299,1,1,2,4,12.0,6,9,20,0,0,0,0,0,1,1,1,0,0,1,9,0,0,5,0,0,10,0,0,9,0,0,6,0,0,13,0,0,9,0,0,12,0,0,1,0,0,1,0,0,6,0,0,2,0,0,10,0,0,3,0,0
201513240000,-1.628346,53.704788,1,2,1,3,0.2,3,6,30,3,4,6,0,0,4,1,1,0,0,1,3,9,0,13,9,0,10,10,0,1,1,0,5,6,0,13,13,0,8,9,0,10,12,0,1,3,0,1,1,0,6,2,0,1,2,0,5,5,0,3,8,0
20151324I1399,-1.505752,53.700741,1,1,2,7,19.10,3,3,70,0,0,0,0,0,1,1,1,0,0,1,9,0,0,18,0,0,10,0,0,9,0,0,5,0,0,13,0,0,1,0,0,2,0,0,1,0,0,1,0,0,6,0,0,1,0,0,6,0,0,13,0,0
2015132541576,-1.478446,53.798462,1,2,2,2,20.35,4,3,40,6,4,6,0,4,4,1,1,0,0,1,9,5,0,9,18,0,10,10,0,1,8,0,6,6,0,13,13,0,9,9,0,12,12,0,4,1,0,1,1,0,6,6,0,1,1,0,6,7,0,6,26,0
20151325F0437,-1.801497,53.706593,1,2,2,7,8.30,6,6,30,0,0,0,0,0,1,1,1,0,0,1,9,9,0,5,18,0,10,10,0,9,9,0,6,1,0,13,13,0,9,9,0,12,12,0,3,1,0,1,1,0,6,6,0,1,1,0,11,7,0,1,1,0
20151325G0203,-1.76018,53.734282,1,1,1,7,2.35,3,6,40,6,2,6,0,4,4,2,2,0,0,1,8,0,0,18,0,0,10,0,0,1,0,0,6,0,0,13,0,0,9,0,0,12,0,0,3,0,0,1,0,0,1,0,0,1,0,0,7,0,0,6,0,0
20151325K1283,-1.522932,53.81158,1,3,2,4,19.2,6,6,30,3,4,6,0,0,1,1,1,0,0,1,9,9,9,18,18,18,10,10,10,8,1,8,6,6,6,13,13,13,9,9,9,12,12,12,1,5,1,1,1,1,6,6,6,1,1,2,5,8,8,9,3,6
20151326S1829,-1.880862,53.717241,1,3,3,1,22.45,6,6,30,0,0,0,0,0,4,1,1,0,0,1,9,9,9,18,18,18,10,10,10,9,9,9,6,6,6,13,13,13,7,9,9,10,12,12,1,5,5,1,1,1,6,6,6,2,2,2,5,5,7,16,12,9
20151326U0787,-1.525735,53.684212,1,1,1,3,13.5,6,6,30,0,0,0,0,0,1,1,1,0,0,1,9,0,0,18,0,0,10,0,0,9,0,0,6,0,0,13,0,0,9,0,0,12,0,0,3,0,0,1,0,0,6,0,0,2,0,0,6,0,0,10,0,0
20151327G0245,-1.660894,53.746985,1,2,1,5,7.0,3,6,60,3,4,4,0,8,1,1,1,0,0,1,9,5,0,9,18,0,10,10,0,8,8,0,6,6,0,13,13,0,9,9,0,12,12,0,3,1,0,1,1,0,2,2,0,2,1,0,5,9,0,9,16,0
20151327K0579,-1.632212,53.904019,1,2,1,2,11.16,3,6,30,3,4,3,0,0,1,1,1,0,0,2,9,9,0,9,18,0,10,10,0,6,1,0,5,6,0,13,13,0,3,9,0,11,12,0,3,1,0,1,1,0,6,6,0,1,2,0,11,8,0,1,3,0
20151328F0769,-1.77913,53.696487,1,1,1,7,12.43,6,9,30,0,0,0,0,0,1,1,1,0,0,1,9,0,0,2,0,0,10,0,0,9,0,0,6,0,0,13,0,0,9,0,0,12,0,0,3,0,0,1,0,0,6,0,0,1,0,0,8,0,0,10,0,0
20151329R1210,-1.913621,53.554673,1,4,7,1,16.44,3,6,60,0,0,0,0,0,1,1,1,0,0,2,9,9,90,13,18,18,10,10,10,9,9,9,6,6,6,13,13,13,1,9,9,9,12,12,1,5,1,1,1,1,6,6,6,2,2,1,4,4,9,1,1,21
2015132A50744,-1.75638,53.793865,1,1,1,2,14.30,3,2,30,7,2,6,0,4,1,1,2,0,0,1,9,0,0,18,0,0,10,0,0,1,0,0,1,0,0,13,0,0,9,0,0,12,0,0,1,0,0,1,0,0,6,0,0,1,0,0,10,0,0,23,0,0
2015132AD1605,-1.711466,53.790952,1,1,1,4,21.39,6,6,30,0,0,0,0,0,4,1,1,0,2,1,11,0,0,16,0,0,10,0,0,9,0,0,6,0,0,11,0,0,9,0,0,12,0,0,1,0,0,1,0,0,1,0,0,1,0,0,8,0,0,10,0,0
2015132AH0439,-1.369652,53.781141,1,1,1,7,8.35,3,6,40,3,4,6,0,0,1,1,2,0,0,2,9,0,0,18,0,0,10,0,0,8,0,0,6,0,0,13,0,0,1,0,0,5,0,0,1,0,0,1,0,0,6,0,0,1,0,0,9,0,0,7,0,0
2015132AS1122,-1.537589,53.678766,1,1,1,4,18.22,3,6,30,0,0,0,0,0,4,2,2,0,0,1,19,0,0,18,0,0,10,0,0,9,0,0,6,0,0,13,0,0,9,0,0,12,0,0,1,0,0,1,0,0,6,0,0,1,0,0,8,0,0,11,0,0
2015132B10318,-1.343769,53.813745,1,1,1,1,2.56,4,6,60,6,4,6,0,0,4,7,2,0,0,2,8,0,0,18,0,0,10,0,0,1,0,0,6,0,0,13,0,0,9,0,0,12,0,0,1,0,0,1,0,0,1,0,0,1,0,0,7,0,0,3,0,0
2015132B50991,-1.434101,53.835489,1,2,2,5,15.14,3,6,40,0,0,0,0,0,1,2,2,0,0,2,9,20,0,6,18,0,10,10,0,9,9,0,6,1,0,13,13,0,7,9,0,12,12,0,3,1,0,1,1,0,6,1,0,1,1,0,10,8,0,12,9,0
2015132BM0944,-1.730845,53.670629,1,3,2,1,16.13,4,6,40,0,0,0,0,0,6,1,2,0,0,2,5,9,9,13,16,17,10,10,10,9,9,9,6,6,6,13,13,13,9,9,9,12,11,12,1,1,1,1,1,1,6,6,6,1,1,1,5,11,7,9,10,8
2015132C51309,-1.353448,53.613773,1,1,1,7,18.20,6,6,30,3,2,4,0,0,4,4,2,0,0,2,9,0,0,18,0,0,10,0,0,8,0,0,6,0,0,13,0,0,9,0,0,12,0,0,1,0,0,1,0,0,1,0,0,1,0,0,9,0,0,8,0,0
2015132CG0205,-1.842967,53.826806,1,2,1,4,7.15,6,6,30,0,0,0,0,0,4,2,2,0,0,2,3,9,0,18,18,0,10,10,0,9,9,0,1,6,0,13,13,0,9,9,0,12,12,0,1,1,0,1,1,0,2,2,0,1,2,0,5,8,0,7,2,0
2015132CH0825,-1.742623,53.796955,1,1,1,5,14.10,3,6,30,3,4,6,0,0,1,1,2,0,0,1,9,0,0,18,0,0,10,0,0,1,0,0,6,0,0,13,0,0,9,0,0,12,0,0,1,0,0,1,0,0,6,0,0,1,0,0,8,0,0,7,0,0
2015132CO0102,-1.905147,53.861214,1,2,3,5,1.15,6,6,30,0,0,0,0,0,4,2,2,0,0,1,9,8,0,16,17,0,10,10,0,9,9,0,6,6,0,13,13,0,9,9,0,12,12,0,1,1,0,2,1,0,6,1,0,1,1,0,4,6,0,13,7,0
201514A024215,-1.151739,53.542134,1,1,1,5,16.36,5,6,30,3,4,6,0,0,1,2,2,0,0,1,9,0,0,18,0,0,10,0,0,2,0,0,6,0,0,13,0,0,9,0,0,12,0,0,1,0,0,1,0,0,6,0,0,1,0,0,8,0,0,11,0,0
201514A025915,-1.027937,53.590135,1,1,1,7,12.29,5,6,30,3,4,6,0,1,1,1,1,0,0,1,9,0,0,18,0,0,10,0,0,2,0,0,6,0,0,13,0,0,9,0,0,12,0,0,1,0,0,1,0,0,6,0,0,2,0,0,7,0,0,10,0,0
201514A060415,-1.140428,53.55221,1,1,2,4,20.40,6,6,20,0,0,0,0,0,4,1,1,0,0,1,5,0,0,18,0,0,10,0,0,9,0,0,1,0,0,13,0,0,9,0,0,12,0,0,5,0,0,1,0,0,6,0,0,1,0,0,6,0,0,26,0,0
201514A090615,-1.200395,53.490658,1,1,1,7,17.0,3,6,60,0,0,0,0,0,1,1,1,0,0,2,5,0,0,17,0,0,10,0,0,9,0,0,6,0,0,13,0,0,1,0,0,2,0,0,1,0,0,1,0,0,6,0,0,1,0,0,5,0,0,14,0,0
201514A136515,-1.270206,53.494332,1,1,1,2,13.16,3,6,30,3,4,6,0,0,1,9,1,0,0,1,3,0,0,18,0,0,10,0,0,8,0,0,6,0,0,10,0,0,9,0,0,12,0,0,3,0,0,1,0,0,6,0,0,1,0,0,9,0,0,19,0,0
201514A151115,-1.032102,53.600281,1,1,2,6,11.50,6,6,30,3,4,6,0,0,1,1,1,0,0,1,9,0,0,18,0,0,10,0,0,2,0,0,6,0,0,13,0,0,9,0,0,12,0,0,4,0,0,1,0,0,6,0,0,1,0,0,9,0,0,10,0,0
201514A174915,-0.992362,53.652213,1,1,1,3,18.17,6,6,60,0,0,0,0,0,6,1,2,0,0,2,9,0,0,16,0,0,10,0,0,9,0,0,2,0,0,13,0,0,7,0,0,9,0,0,1,0,0,1,0,0,2,0,0,1,0,0,5,0,0,10,0,0
201514A182115,-1.192347,53.492995,1,2,2,7,8.0,3,6,60,0,0,0,0,0,1,4,2,0,0,2,9,21,0,18,18,0,10,10,0,9,9,0,6,6,0,13,13,0,9,9,0,12,12,0,1,1,0,1,1,0,2,1,0,2,1,0,8,8,0,1,2,0
201514A184015,-1.093838,53.542042,1,1,1,4,15.6,6,6,40,0,0,0,0,1,1,9,1,0,0,1,9,0,0,18,0,0,10,0,0,9,0,0,6,0,0,7,0,0,7,0,0,4,0,0,1,0,0,1,0,0,6,0,0,1,0,0,9,0,0,3,0,0
201514A199015,-1.158047,53.609035,1,1,4,7,22.57,6,6,20,3,4,6,0,0,4,1,2,0,0,2,9,0,0,18,0,0,10,0,0,1,0,0,6,0,0,13,0,0,9,0,0,12,0,0,1,0,0,1,0,0,6,0,0,1,0,0,5,0,0,13,0,0
201514B027115,-1.46888,53.498615,1,1,4,4,23.0,3,6,30,3,4,6,0,0,4,1,1,0,0,2,8,0,0,18,0,0,10,0,0,1,0,0,5,0,0,10,0,0,2,0,0,11,0,0,1,0,0,1,0,0,1,0,0,1,0,0,10,0,0,7,0,0
201514B092815,-1.586469,53.511987,1,2,2,7,16.54,4,6,60,0,0,0,0,0,1,1,1,0,0,2,9,9,0,18,18,0,10,10,0,9,9,0,6,6,0,10,13,0,9,9,0,12,12,0,1,1,0,1,1,0,6,6,0,1,1,0,7,7,0,1,10,0
201514C051315,-1.176415,53.422136,1,2,4,1,13.14,3,6,60,0,0,0,0,0,1,1,1,0,0,2,9,9,0,18,18,0,10,10,0,9,9,0,6,6,0,13,13,0,9,1,0,12,12,0,1,1,0,1,1,0,6,6,0,1,1,0,11,10,0,11,10,0
201514C067815,-1.373791,53.398066,1,1,2,5,13.55,1,3,70,0,0,0,0,0,1,1,1,0,0,1,9,0,0,18,0,0,10,0,0,9,0,0,6,0,0,13,0,0,1,0,0,4,0,0,1,0,0,1,0,0,6,0,0,1,0,0,11,0,0,4,0,0
201514C075515,-1.223134,53.382728,1,1,1,1,0.29,6,6,60,0,0,0,0,0,4,1,1,0,0,2,9,0,0,17,0,0,10,0,0,9,0,0,1,0,0,13,0,0,1,0,0,2,0,0,1,0,0,1,0,0,6,0,0,2,0,0,6,0,0,12,0,0
201514C095715,-1.197833,53.423495,1,1,1,4,12.8,3,6,30,0,0,0,0,5,1,1,1,0,0,1,21,0,0,18,0,0,10,0,0,9,0,0,6,0,0,13,0,0,9,0,0,12,0,0,4,0,0,1,0,0,6,0,0,1,0,0,7,0,0,4,0,0
201514C128415,-1.177367,53.421945,1,3,4,5,17.28,3,6,60,8,4,6,0,0,6,1,1,0,0,2,19,9,9,7,18,18,10,10,10,6,2,1,6,6,6,13,13,13,9,9,9,12,12,12,2,1,1,1,1,1,1,6,6,1,1,2,9,6,9,4,4,9
201514C131815,-1.440187,53.456705,1,1,1,3,8.29,3,3,40,0,0,0,0,0,1,1,2,0,0,2,5,0,0,16,0,0,10,0,0,9,0,0,1,0,0,10,0,0,4,0,0,2,0,0,1,0,0,1,0,0,6,0,0,1,0,0,5,0,0,14,0,0
201514K024615,-1.413518,53.386466,1,1,1,4,22.18,4,6,30,3,4,6,0,0,4,3,3,0,0,1,9,0,0,18,0,0,10,0,0,2,0,0,6,0,0,13,0,0,9,0,0,12,0,0,1,0,0,1,0,0,6,0,0,1,0,0,5,0,0,14,0,0
201514K071615,-1.472979,53.320954,1,3,1,4,17.48,3,3,40,0,0,0,0,0,1,1,1,0,0,1,5,9,9,18,12,18,10,10,10,9,9,9,1,6,6,13,13,13,9,9,9,12,12,12,1,2,2,1,1,1,6,6,6,1,1,2,6,5,6,9,25,11
201514K225215,-1.459471,53.421658,1,2,1,6,7.8,5,6,30,9,4,6,0,0,1,1,1,0,0,1,9,3,0,9,18,0,10,10,0,1,1,0,6,1,0,13,13,0,9,9,0,12,12,0,1,1,0,1,1,0,2,2,0,1,1,0,6,8,0,15,14,0
201514K240415,-1.453658,53.396238,1,1,5,7,3.43,6,6,30,3,4,6,0,0,4,1,1,0,0,1,9,0,0,7,0,0,9,0,0,1,0,0,6,0,0,13,0,0,7,0,0,4,0,0,1,0,0,1,0,0,6,0,0,1,0,0,5,0,0,16,0,0
201514K303315,-1.417349,53.401019,1,1,1,7,21.25,3,6,30,3,4,6,0,4,4,2,2,0,0,1,9,0,0,18,0,0,10,0,0,2,0,0,6,0,0,13,0,0,9,0,0,12,0,0,1,0,0,1,0,0,6,0,0,1,0,0,6,0,0,9,0,0
201514K303415,-1.505386,53.393983,1,1,1,7,12.15,6,6,30,0,0,0,0,0,1,1,4,0,0,1,9,0,0,18,0,0,10,0,0,9,0,0,6,0,0,13,0,0,9,0,0,12,0,0,1,0,0,1,0,0,6,0,0,2,0,0,11,0,0,19,0,0
201514K319915,-1.464155,53.384214,1,1,2,6,16.48,6,2,30,3,4,6,0,0,4,1,1,0,0,1,11,0,0,17,0,0,10,0,0,8,0,0,6,0,0,13,0,0,9,0,0,12,0,0,1,0,0,1,0,0,1,0,0,1,0,0,6,0,0,1,0,0
201514K329315,-1.469955,53.394172,1,2,7,3,22.47,6,6,30,0,0,0,0,0,4,1,2,0,0,1,9,9,0,18,18,0,10,10,0,9,9,0,6,6,0,13,13,0,7,9,0,12,12,0,1,1,0,1,1,0,6,6,0,1,1,0,5,9,0,6,16,0
201514K333215,-1.545255,53.379552,1,1,4,1,1.10,3,6,50,0,0,0,0,0,6,2,2,0,0,2,9,0,0,16,0,0,10,0,0,9,0,0,6,0,0,13,0,0,7,0,0,4,0,0,1,0,0,1,0,0,6,0,0,1,0,0,8,0,0,12,0,0
201514K337015,-1.430188,53.432946,1,1,1,4,22.29,4,6,60,0,0,0,0,0,6,2,5,0,0,1,9,0,0,18,0,0,10,0,0,9,0,0,1,0,0,13,0,0,1,0,0,4,0,0,4,0,0,1,0,0,6,0,0,1,0,0,4,0,0,15,0,0
2015160B01751,-0.497472,53.559903,1,2,1,3,19.21,1,3,70,0,0,0,0,0,1,4,1,0,0,2,9,9,0,18,18,0,10,10,0,9,9,0,2,6,0,13,13,0,1,9,0,4,12,0,1,5,0,1,1,0,6,6,0,1,1,0,6,6,0,13,10,0
2015160B01841,-0.558415,53.548562,1,2,5,1,17.32,3,1,60,1,4,6,0,0,1,1,1,0,0,2,9,9,0,18,18,0,10,10,0,1,8,0,6,6,0,9,10,0,7,7,0,4,1,0,1,4,0,1,1,0,6,6,0,2,1,0,8,8,0,9,14,0
2015160B02701,-0.635571,53.577738,1,1,1,7,1.48,6,6,30,3,4,6,0,0,4,2,2,0,0,1,9,0,0,18,0,0,10,0,0,2,0,0,6,0,0,13,0,0,9,0,0,12,0,0,1,0,0,1,0,0,6,0,0,1,0,0,5,0,0,9,0,0
2015160B03751,-0.413965,53.586521,1,1,1,1,4.2,3,3,70,1,4,3,0,0,4,7,2,0,0,2,9,0,0,18,0,0,10,0,0,4,0,0,6,0,0,10,0,0,1,0,0,4,0,0,1,0,0,1,0,0,6,0,0,1,0,0,5,0,0,7,0,0
2015160C00031,-0.292404,53.919822,1,1,1,5,19.10,3,6,60,0,0,0,0,0,6,5,2,0,0,2,9,0,0,18,0,0,10,0,0,9,0,0,1,0,0,13,0,0,1,0,0,4,0,0,3,0,0,1,0,0,6,0,0,1,0,0,6,0,0,7,0,0
2015160C00281,0.029823,53.700278,1,1,1,5,18.23,3,6,60,0,0,0,0,0,6,1,1,0,0,2,9,0,0,18,0,0,10,0,0,9,0,0,6,0,0,13,0,0,9,0,0,12,0,0,1,0,0,1,0,0,6,0,0,1,0,0,4,0,0,14,0,0
2015160C01901,-0.19093,53.944324,1,2,4,3,13.24,4,6,60,0,0,0,0,0,1,1,1,0,0,2,9,9,0,18,18,0,10,10,0,9,9,0,6,6,0,13,13,0,9,9,0,12,12,0,1,1,0,1,1,0,6,6,0,1,1,0,11,9,0,17,4,0
2015160C03711,-0.651932,54.02503,1,2,4,2,11.48,4,6,60,0,0,0,0,0,1,1,1,0,0,2,9,9,0,18,18,0,10,10,0,9,9,0,6,6,0,13,13,0,9,9,0,12,12,0,1,1,0,1,1,0,6,6,0,1,1,0,10,11,0,4,5,0
2015160C04051,-0.33927,53.840882,1,1,3,1,1.27,6,6,40,0,0,0,0,0,6,1,1,0,0,2,9,0,0,16,0,0,10,0,0,9,0,0,1,0,0,13,0,0,8,0,0,4,0,0,1,0,0,1,0,0,6,0,0,1,0,0,5,0,0,9,0,0
2015160C04361,-0.271739,53.995744,1,2,2,7,20.15,3,6,60,0,0,0,0,0,1,1,2,0,0,2,9,9,0,16,17,0,10,10,0,9,9,0,1,1,0,13,13,0,1,9,0,10,12,0,3,1,0,1,1,0,6,6,0,1,1,0,7,8,0,14,3,0