Accident_Index,Longitude,Latitude,SV,Number_of_Vehicles,Number_of_Casualties,Day_of_Week,Time,1st_Road_Class,Road_Type,Speed_limit,Junction_Detail,Junction_Control,2nd_Road_Class,Pedestrian_Crossing-Human_Control,Pedestrian_Crossing-Physical_Facilities,Light_Conditions,Weather_Conditions,Road_Surface_Conditions,Special_Conditions_at_Site,Carriageway_Hazards,Urban_or_Rural_Area,Vehicle1_Type,Vehicle2_Type,Vehicle3_Type,Vehicle1_Manoeuvre,Vehicle2_Manoeuvre,Vehicle3_Manoeuvre,Vehicle1_Location-Restricted_Lane,Vehicle2_Location-Restricted_Lane,Vehicle3_Location-Restricted_Lane,Junction1_Location,Junction2_Location,Junction3_Location,Skidding1_and_Overturning,Skidding2_and_Overturning,Skidding3_and_Overturning,Hit_Object_in_Carriageway1,Hit_Object_in_Carriageway2,Hit_Object_in_Carriageway3,Vehicle1_Leaving_Carriageway,Vehicle2_Leaving_Carriageway,Vehicle3_Leaving_Carriageway,Hit_Object_off_Carriageway1,Hit_Object_off_Carriageway2,Hit_Object_off_Carriageway3,1st_Point_of_Impact1,1st_Point_of_Impact2,1st_Point_of_Impact3,Was_Vehicle 1_Left_Hand_Drive?,Was_Vehicle2_Left_Hand_Drive?,Was_Vehicle 3_Left_Hand_Drive?,Journey_Purpose_of_Driver1,Journey_Purpose_of_Driver2,Journey_Purpose_of_Driver3,Sex_of_Driver1,Sex_of_Driver2,Sex_of_Driver3,Age_Band_of_Driver1,Age_Band_of_Driver2,Age_Band_of_Driver3,Age_of_Vehicle1,Age_of_Vehicle2,Age_of_Vehicle3
2015160C06791,-0.162199,53.772777,1,2,3,1,14.40,6,6,60,0,0,0,0,0,1,1,1,0,0,2,9,9,0,16,17,0,10,10,0,9,9,0,6,3,0,13,13,0,7,1,0,10,10,0,4,1,0,1,1,0,6,6,0,1,1,0,4,10,0,5,10,0
2015160D03081,-0.358351,53.781637,1,1,1,2,15.1,3,3,30,6,2,6,0,4,1,2,2,0,0,1,9,0,0,18,0,0,10,0,0,2,0,0,6,0,0,13,0,0,9,0,0,12,0,0,1,0,0,1,0,0,6,0,0,1,0,0,8,0,0,5,0,0
2015170H10955,-1.300503,54.644882,1,3,2,7,12.15,3,3,70,0,0,0,0,0,1,1,1,0,0,2,9,9,9,4,18,18,10,10,10,9,9,9,6,6,6,13,13,13,9,9,9,12,12,12,2,1,1,1,1,1,6,6,6,1,2,1,7,9,11,11,2,2
2015170L11395,-0.809303,54.555086,1,1,1,7,22.58,3,6,60,0,0,0,0,0,6,1,1,0,0,2,9,0,0,18,0,0,10,0,0,9,0,0,5,0,0,13,0,0,1,0,0,11,0,0,1,0,0,1,0,0,6,0,0,1,0,0,6,0,0,13,0,0
2015170L21565,-1.152219,54.548053,1,2,1,6,8.10,3,3,70,0,0,0,0,0,1,1,1,0,0,2,5,9,0,13,18,0,10,10,0,9,9,0,6,6,0,13,13,0,9,9,0,12,12,0,1,2,0,1,1,0,2,2,0,1,2,0,6,5,0,11,1,0
2015170L50225,-0.906359,54.563264,1,1,1,6,19.25,3,6,30,3,4,6,0,4,4,1,2,0,0,2,9,0,0,18,0,0,10,0,0,1,0,0,6,0,0,13,0,0,9,0,0,12,0,0,1,0,0,1,0,0,6,0,0,1,0,0,8,0,0,13,0,0
2015170L51075,-0.902497,54.546989,1,2,2,5,17.53,4,6,60,0,0,0,0,0,1,1,1,0,0,2,5,9,0,16,18,0,10,10,0,9,9,0,6,6,0,13,13,0,1,1,0,12,12,0,1,1,0,1,1,0,6,6,0,1,1,0,6,8,0,10,2,0
2015170S11205,-1.422201,54.540404,1,1,1,4,0.8,3,3,70,0,0,0,0,0,4,1,1,0,0,2,9,0,0,18,0,0,10,0,0,9,0,0,6,0,0,13,0,0,2,0,0,7,0,0,1,0,0,1,0,0,6,0,0,1,0,0,4,0,0,11,0,0
2015200033929,-2.103954,52.555494,1,1,1,5,17.54,3,3,40,3,2,3,0,1,4,2,2,0,0,1,9,0,0,18,0,0,10,0,0,2,0,0,6,0,0,13,0,0,9,0,0,12,0,0,1,0,0,1,0,0,6,0,0,1,0,0,5,0,0,8,0,0
2015200037217,-1.813572,52.443235,1,1,1,3,7.23,6,6,30,0,0,0,0,0,6,1,2,0,0,1,9,0,0,18,0,0,10,0,0,9,0,0,6,0,0,13,0,0,9,0,0,12,0,0,1,0,0,1,0,0,6,0,0,1,0,0,10,0,0,5,0,0
2015200037577,-2.132681,52.475563,1,1,2,5,0.6,3,6,30,0,0,0,0,4,4,1,2,0,0,1,9,0,0,18,0,0,10,0,0,9,0,0,6,0,0,13,0,0,1,0,0,12,0,0,1,0,0,1,0,0,6,0,0,1,0,0,6,0,0,18,0,0
2015200039010,-1.920911,52.499714,1,1,1,2,5.35,3,3,30,9,4,6,0,0,4,2,2,0,0,1,9,0,0,18,0,0,10,0,0,2,0,0,6,0,0,13,0,0,9,0,0,12,0,0,1,0,0,1,0,0,1,0,0,1,0,0,8,0,0,13,0,0
201520G008735,-2.103185,52.548393,1,1,2,2,11.56,6,6,30,3,4,6,0,0,1,1,2,0,0,1,9,0,0,18,0,0,9,0,0,2,0,0,1,0,0,10,0,0,1,0,0,10,0,0,1,0,0,1,0,0,6,0,0,1,0,0,4,0,0,9,0,0
201520H008975,-2.049225,52.560744,1,1,1,5,20.36,3,1,50,1,2,3,0,0,4,1,1,0,0,1,9,0,0,16,0,0,10,0,0,4,0,0,5,0,0,13,0,0,7,0,0,8,0,0,1,0,0,1,0,0,6,0,0,1,0,0,6,0,0,13,0,0
201520J004035,-2.060566,52.440903,1,1,1,2,20.50,3,3,40,3,4,6,0,8,4,1,1,0,0,1,21,0,0,18,0,0,10,0,0,1,0,0,1,0,0,13,0,0,9,0,0,12,0,0,1,0,0,1,0,0,1,0,0,1,0,0,7,0,0,3,0,0
201520J006955,-2.063598,52.503292,1,2,4,7,15.4,6,6,30,3,4,6,0,0,1,1,2,0,0,1,9,9,0,18,2,0,10,10,0,1,2,0,6,6,0,4,13,0,7,9,0,12,12,0,1,1,0,1,1,0,6,6,0,1,1,0,6,8,0,1,13,0
201520J008625,-2.10717,52.489146,1,2,2,3,18.57,3,3,40,3,2,6,0,0,1,1,1,0,0,1,19,5,0,9,18,0,10,10,0,5,8,0,6,6,0,13,13,0,9,9,0,12,12,0,4,1,0,1,1,0,2,2,0,1,1,0,9,8,0,5,7,0
201520J009475,-2.08338,52.525125,1,1,2,3,22.22,3,3,40,0,0,0,0,0,4,1,1,0,0,1,9,0,0,16,0,0,10,0,0,9,0,0,6,0,0,13,0,0,1,0,0,2,0,0,1,0,0,1,0,0,6,0,0,1,0,0,6,0,0,12,0,0
201520K007245,-1.982264,52.539088,1,2,4,4,20.40,6,6,30,6,4,6,0,0,1,1,1,0,0,1,9,9,0,18,18,0,10,10,0,8,8,0,1,2,0,10,10,0,1,1,0,4,1,0,1,3,0,1,1,0,6,6,0,1,2,0,6,7,0,8,4,0
201520K012725,-1.955474,52.49539,1,1,1,7,13.44,4,6,30,3,4,3,0,0,1,1,1,0,0,1,3,0,0,18,0,0,10,0,0,1,0,0,6,0,0,10,0,0,1,0,0,1,0,0,1,0,0,1,0,0,6,0,0,1,0,0,4,0,0,4,0,0
201520K012745,-1.995091,52.534594,1,2,1,2,22.48,6,6,30,3,4,6,0,0,4,2,2,0,0,1,19,9,0,18,2,0,10,10,0,2,1,0,2,6,0,4,13,0,1,9,0,4,12,0,1,1,0,1,1,0,2,6,0,1,2,0,7,8,0,13,12,0
201520K625375,-1.959573,52.522721,1,2,2,5,16.30,6,6,60,0,0,0,0,0,1,2,2,0,0,2,9,10,0,18,18,0,10,10,0,9,9,0,1,6,0,13,13,0,7,9,0,12,12,0,4,1,0,1,1,0,6,1,0,1,1,0,7,9,0,15,5,0
201520L000345,-1.76224,52.383413,1,2,1,4,6.53,6,6,40,8,4,6,0,0,4,1,2,0,0,1,9,3,0,9,18,0,10,10,0,6,8,0,6,6,0,13,13,0,9,7,0,12,12,0,1,1,0,1,1,0,6,6,0,2,1,0,11,6,0,4,5,0
201520L005475,-1.781175,52.416623,1,1,1,7,12.10,4,6,30,0,0,0,0,0,1,1,1,0,0,1,9,0,0,18,0,0,10,0,0,9,0,0,6,0,0,13,0,0,9,0,0,12,0,0,1,0,0,1,0,0,6,0,0,1,0,0,6,0,0,7,0,0
201520L006345,-1.623801,52.439962,1,2,5,1,11.16,3,3,60,0,0,0,0,0,1,1,1,0,0,2,11,9,0,18,18,0,10,10,0,9,9,0,6,6,0,13,13,0,9,2,0,12,7,0,1,2,0,1,1,0,1,6,0,1,2,0,6,6,0,4,8,0
201520M012225,-1.460292,52.433755,1,2,3,7,20.3,6,6,30,0,0,0,0,0,1,1,1,0,0,1,5,9,0,18,18,0,10,10,0,9,9,0,6,6,0,13,13,0,9,9,0,12,12,0,1,1,0,1,1,0,6,6,0,1,2,0,7,8,0,13,11,0
201520M012685,-1.495737,52.408289,1,1,1,2,21.18,3,3,30,3,2,6,0,5,4,1,1,0,0,1,9,0,0,18,0,0,10,0,0,1,0,0,6,0,0,13,0,0,9,0,0,12,0,0,1,0,0,1,0,0,6,0,0,1,0,0,6,0,0,1,0,0
201520N009895,-1.768253,52.553876,1,2,4,7,18.8,6,6,60,3,4,6,0,0,6,1,1,0,0,2,9,9,0,17,16,0,10,10,0,2,1,0,6,6,0,10,13,0,9,9,0,12,12,0,1,1,0,1,1,0,6,6,0,2,1,0,6,6,0,5,18,0
201520N038645,-1.857187,52.508617,1,1,1,5,22.35,2,3,40,0,0,0,0,0,4,1,1,0,0,1,3,0,0,16,0,0,10,0,0,9,0,0,5,0,0,10,0,0,4,0,0,10,0,0,3,0,0,1,0,0,6,0,0,1,0,0,5,0,0,1,0,0
201520S013245,-1.975394,52.431746,1,2,3,1,18.38,4,3,40,6,4,6,0,0,4,1,1,0,0,1,9,9,0,18,18,0,10,10,0,6,8,0,1,1,0,10,10,0,1,7,0,12,12,0,3,1,0,1,1,0,6,6,0,2,1,0,7,4,0,12,3,0
201520S016135,-2.013772,52.401721,1,1,1,4,21.53,6,6,30,3,4,6,0,0,4,1,1,0,0,1,3,0,0,18,0,0,10,0,0,2,0,0,5,0,0,10,0,0,2,0,0,2,0,0,4,0,0,1,0,0,6,0,0,1,0,0,5,0,0,10,0,0
201520S023335,-1.948468,52.440099,1,1,5,5,16.0,6,6,30,0,0,0,0,0,1,1,1,0,0,1,9,0,0,18,0,0,10,0,0,9,0,0,6,0,0,10,0,0,7,0,0,4,0,0,1,0,0,1,0,0,6,0,0,2,0,0,5,0,0,8,0,0
201520S039185,-1.959337,52.458802,1,1,1,3,10.46,3,6,30,0,0,0,0,0,1,1,1,0,0,1,9,0,0,18,0,0,9,0,0,9,0,0,6,0,0,10,0,0,1,0,0,10,0,0,1,0,0,1,0,0,6,0,0,2,0,0,10,0,0,5,0,0
201520S058035,-2.00393,52.462585,1,2,1,4,20.23,3,3,40,0,0,0,0,0,4,1,1,0,0,1,9,19,0,18,18,0,10,10,0,9,9,0,6,6,0,13,13,0,9,9,0,12,12,0,3,1,0,1,1,0,6,6,0,1,1,0,5,8,0,11,3,0
201520T019335,-1.797368,52.476706,1,1,1,2,17.3,6,6,30,8,4,6,0,0,1,1,1,0,0,1,20,0,0,5,0,0,10,0,0,6,0,0,6,0,0,13,0,0,9,0,0,10,0,0,4,0,0,1,0,0,1,0,0,1,0,0,7,0,0,11,0,0
201520T049545,-1.846008,52.460956,1,1,4,6,23.25,3,3,40,3,4,6,0,0,4,1,1,0,0,1,9,0,0,18,0,0,10,0,0,1,0,0,2,0,0,10,0,0,2,0,0,2,0,0,1,0,0,1,0,0,6,0,0,1,0,0,5,0,0,12,0,0
201520W019685,-1.884204,52.48797,1,2,1,4,16.43,3,3,40,0,0,0,0,0,1,1,1,0,0,1,5,8,0,13,12,0,10,10,0,9,9,0,6,6,0,10,13,0,7,9,0,1,12,0,4,3,0,1,1,0,6,6,0,1,1,0,8,7,0,12,12,0
201520W036885,-1.931735,52.511381,1,1,5,1,12.3,6,6,30,0,0,0,0,8,1,1,1,0,0,1,9,0,0,14,0,0,10,0,0,9,0,0,6,0,0,13,0,0,9,0,0,12,0,0,1,0,0,1,0,0,6,0,0,1,0,0,6,0,0,11,0,0
201520W045845,-1.875066,52.490478,1,1,5,1,0.27,6,6,30,3,4,6,0,0,4,1,1,0,0,1,9,0,0,18,0,0,10,0,0,2,0,0,1,0,0,10,0,0,7,0,0,10,0,0,1,0,0,1,0,0,6,0,0,1,0,0,4,0,0,17,0,0
201520W055705,-1.887682,52.509999,1,1,1,3,18.46,6,6,30,0,0,0,0,0,1,1,1,0,0,1,9,0,0,18,0,0,10,0,0,9,0,0,6,0,0,13,0,0,9,0,0,12,0,0,1,0,0,1,0,0,6,0,0,1,0,0,6,0,0,10,0,0
201520W058555,-1.877675,52.505673,1,2,1,3,20.21,6,6,30,3,4,6,0,0,4,1,1,0,0,1,9,5,0,9,18,0,10,10,0,8,8,0,6,6,0,13,13,0,9,9,0,12,12,0,4,1,0,1,1,0,6,6,0,2,1,0,7,5,0,9,14,0
2015210025072,-1.877681,53.006984,1,1,1,3,6.0,5,6,60,0,0,0,0,0,1,1,2,0,0,2,9,0,0,17,0,0,10,0,0,9,0,0,6,0,0,10,0,0,1,0,0,11,0,0,1,0,0,1,0,0,6,0,0,1,0,0,4,0,0,10,0,0
2015210025459,-1.780075,52.820334,1,4,3,6,22.0,3,6,60,6,3,4,0,0,6,2,2,0,0,2,9,98,9,18,18,18,10,10,10,6,8,1,6,6,6,13,13,13,9,9,9,12,12,12,1,4,3,1,1,1,6,6,6,2,1,1,6,9,7,10,4,3
2015210026022,-1.70614,52.709153,1,2,1,5,8.50,3,6,60,8,4,6,0,0,1,1,1,0,0,2,5,98,0,16,9,0,10,10,0,8,6,0,6,6,0,13,13,0,9,9,0,12,12,0,1,3,0,1,1,0,6,2,0,1,1,0,5,8,0,15,10,0
2015210026454,-2.057598,52.645873,1,2,1,5,8.5,1,3,70,5,4,1,0,0,1,1,1,4,0,2,9,21,0,18,18,0,10,10,0,8,8,0,6,6,0,13,13,0,9,9,0,12,12,0,1,2,0,1,1,0,6,1,0,1,1,0,9,8,0,12,8,0
2015210026549,-2.258725,52.694059,1,5,7,2,14.20,3,6,60,0,0,0,0,0,1,1,1,0,0,2,9,9,9,13,18,18,10,10,10,9,9,9,5,2,6,13,13,13,9,9,9,12,12,12,1,1,1,1,1,1,6,6,6,1,1,1,8,4,10,10,4,5
2015210026729,-1.897217,52.913398,1,2,1,3,4.45,3,3,70,0,0,0,0,0,1,1,1,0,0,2,21,21,0,18,13,0,10,10,0,9,9,0,4,6,0,13,13,0,9,9,0,12,12,0,5,1,0,1,1,0,1,1,0,1,1,0,7,9,0,2,8,0
2015210028138,-2.202419,53.017742,1,3,3,7,4.44,3,3,50,0,0,0,0,0,4,1,2,0,0,1,9,98,9,18,18,18,10,10,10,9,9,9,6,6,6,13,13,13,5,9,9,6,12,12,1,2,3,1,1,1,6,1,1,1,1,1,5,7,7,11,6,1
2015210031468,-1.87389,52.906687,1,1,1,7,17.30,3,6,30,0,0,0,0,0,4,1,1,0,0,1,9,0,0,18,0,0,10,0,0,9,0,0,6,0,0,13,0,0,9,0,0,12,0,0,1,0,0,1,0,0,6,0,0,2,0,0,5,0,0,3,0,0
2015210031592,-1.857237,52.933798,1,1,2,1,2.30,4,6,60,0,0,0,0,0,5,7,2,0,0,2,9,0,0,17,0,0,10,0,0,9,0,0,6,0,0,13,0,0,1,0,0,4,0,0,1,0,0,1,0,0,6,0,0,1,0,0,5,0,0,13,0,0
2015210034191,-1.711157,52.623961,1,2,1,6,15.10,3,3,70,0,0,0,0,0,1,1,1,0,0,2,5,5,0,18,4,0,10,10,0,9,9,0,6,6,0,13,13,0,9,9,0,12,12,0,1,2,0,1,1,0,6,6,0,1,1,0,7,6,0,2,4,0
2015210057277,-2.225967,53.011191,1,1,2,7,22.15,6,6,30,0,0,0,0,0,4,1,1,0,0,1,9,0,0,18,0,0,10,0,0,9,0,0,6,0,0,13,0,0,9,0,0,12,0,0,1,0,0,1,0,0,1,0,0,1,0,0,7,0,0,11,0,0
2015215000904,-2.269013,53.064219,1,1,2,1,10.54,3,3,70,0,0,0,0,0,1,1,1,0,0,2,9,0,0,18,0,0,10,0,0,9,0,0,6,0,0,13,0,0,9,0,0,12,0,0,1,0,0,1,0,0,6,0,0,2,0,0,7,0,0,4,0,0
2015215001010,-2.100691,52.688923,1,1,1,7,2.39,3,6,50,0,0,0,0,0,6,2,2,0,0,2,9,0,0,18,0,0,10,0,0,9,0,0,5,0,0,7,0,0,9,0,0,12,0,0,1,0,0,1,0,0,5,0,0,2,0,0,6,0,0,17,0,0
2015215001461,-1.705601,52.703416,1,1,1,6,11.5,3,6,60,3,4,5,0,0,1,1,1,0,0,2,9,0,0,18,0,0,10,0,0,8,0,0,6,0,0,13,0,0,7,0,0,4,0,0,1,0,0,1,0,0,6,0,0,1,0,0,8,0,0,7,0,0
2015215001616,-2.203764,52.644624,1,1,1,1,8.18,1,3,70,0,0,0,0,0,1,5,2,0,0,2,9,0,0,18,0,0,10,0,0,9,0,0,5,0,0,13,0,0,1,0,0,4,0,0,4,0,0,1,0,0,1,0,0,1,0,0,7,0,0,15,0,0
2015215001759,-2.020931,53.105844,1,1,1,5,10.0,3,6,30,3,4,6,0,1,1,1,1,0,0,1,21,0,0,5,0,0,10,0,0,1,0,0,6,0,0,13,0,0,9,0,0,12,0,0,1,0,0,1,0,0,1,0,0,1,0,0,7,0,0,1,0,0
2015215001762,-2.100203,52.734024,1,2,1,2,17.40,5,6,60,0,0,0,0,0,1,1,1,0,0,2,5,9,0,16,17,0,10,10,0,9,9,0,6,6,0,13,13,0,7,9,0,10,12,0,3,1,0,1,1,0,5,5,0,1,1,0,6,8,0,19,12,0
2015215002064,-2.132425,52.87902,1,1,1,3,16.0,3,3,60,0,0,0,0,0,1,1,1,0,0,2,4,0,0,18,0,0,10,0,0,9,0,0,6,0,0,13,0,0,9,0,0,12,0,0,1,0,0,1,0,0,6,0,0,1,0,0,8,0,0,9,0,0
2015220033172,-2.735043,51.982578,1,2,2,5,10.57,3,6,60,0,0,0,0,0,1,2,2,0,0,2,9,21,0,18,18,0,10,10,0,9,9,0,6,6,0,13,13,0,1,7,0,4,4,0,1,1,0,1,1,0,6,1,0,1,1,0,7,6,0,14,8,0
2015220034628,-2.254526,52.251032,1,2,1,7,16.58,3,6,60,0,0,0,0,0,6,1,1,0,0,2,9,9,0,18,18,0,10,10,0,9,9,0,6,6,0,13,13,0,9,9,0,12,12,0,1,1,0,1,1,0,5,5,0,1,1,0,7,7,0,5,13,0
2015220037413,-2.746091,52.737121,1,2,2,4,11.10,3,6,40,3,4,6,0,0,1,1,2,0,0,1,9,19,0,9,18,0,10,10,0,6,8,0,6,6,0,10,10,0,3,7,0,4,4,0,3,1,0,1,1,0,5,5,0,1,1,0,11,6,0,10,14,0
2015220038163,-2.286199,52.381093,1,1,1,1,17.52,3,3,60,0,0,0,0,0,6,1,2,0,0,2,9,0,0,18,0,0,10,0,0,9,0,0,6,0,0,13,0,0,1,0,0,12,0,0,1,0,0,1,0,0,2,0,0,1,0,0,6,0,0,11,0,0
201522C500649,-2.12979,52.268776,1,3,8,3,16.49,1,3,70,0,0,0,0,0,1,1,1,0,0,2,90,9,9,18,4,4,10,10,10,9,9,9,6,6,6,13,13,13,4,9,9,6,12,12,1,2,2,1,1,1,1,2,6,1,1,1,8,7,6,5,9,2
201522C502654,-2.22779,52.261974,1,1,1,4,9.55,3,3,70,0,0,0,0,0,1,1,1,0,0,2,5,0,0,16,0,0,10,0,0,9,0,0,6,0,0,10,0,0,7,0,0,4,0,0,1,0,0,1,0,0,6,0,0,1,0,0,7,0,0,8,0,0
201522C503976,-1.920213,52.282306,1,2,2,2,1.28,6,6,40,0,0,0,0,0,4,1,1,0,0,2,3,3,0,11,11,0,10,10,0,9,9,0,6,6,0,10,13,0,1,9,0,1,12,0,1,5,0,1,1,0,6,6,0,1,1,0,4,4,0,11,8,0
201522D500093,-2.00877,52.379876,1,1,3,4,23.55,4,6,40,0,0,0,0,0,4,1,2,0,0,2,9,0,0,16,0,0,10,0,0,9,0,0,6,0,0,13,0,0,7,0,0,4,0,0,1,0,0,1,0,0,6,0,0,1,0,0,6,0,0,1,0,0
201522D500122,-2.236914,52.406519,1,2,1,1,18.53,4,6,40,0,0,0,0,0,6,1,1,0,0,1,9,9,0,18,18,0,10,10,0,9,9,0,6,6,0,13,13,0,9,9,0,12,12,0,1,1,0,1,1,0,6,6,0,1,2,0,10,6,0,11,11,0
201522D500124,-2.283578,52.34807,1,1,1,2,10.27,4,6,30,0,0,0,0,0,1,1,2,0,0,1,21,0,0,17,0,0,10,0,0,9,0,0,6,0,0,10,0,0,1,0,0,4,0,0,1,0,0,1,0,0,1,0,0,1,0,0,8,0,0,13,0,0
201522D500187,-2.31193,52.350875,1,2,4,5,17.50,4,6,60,0,0,0,0,0,6,5,2,0,0,2,9,9,0,17,18,0,10,10,0,9,9,0,6,6,0,13,13,0,9,9,0,12,12,0,4,1,0,1,1,0,6,6,0,1,1,0,5,9,0,18,5,0
201522D500985,-1.931643,52.284471,1,1,1,3,14.20,3,3,70,0,0,0,0,0,1,1,1,0,0,2,9,0,0,16,0,0,10,0,0,9,0,0,2,0,0,13,0,0,6,0,0,2,0,0,4,0,0,1,0,0,6,0,0,1,0,0,8,0,0,10,0,0
201522D501256,-1.889232,52.361844,1,1,1,3,1.20,3,7,70,0,0,0,0,0,6,1,1,0,0,2,9,0,0,18,0,0,10,0,0,9,0,0,6,0,0,13,0,0,1,0,0,4,0,0,1,0,0,1,0,0,6,0,0,2,0,0,6,0,0,11,0,0
201522D502644,-2.250575,52.378891,1,1,1,4,11.0,3,3,40,0,0,0,0,0,1,1,1,0,0,1,9,0,0,13,0,0,10,0,0,9,0,0,1,0,0,13,0,0,9,0,0,12,0,0,4,0,0,1,0,0,6,0,0,1,0,0,7,0,0,13,0,0
201522D503198,-2.252942,52.356051,1,1,1,7,1.15,6,6,60,0,0,0,0,0,6,1,1,0,0,2,9,0,0,18,0,0,10,0,0,9,0,0,6,0,0,13,0,0,9,0,0,12,0,0,1,0,0,1,0,0,6,0,0,1,0,0,5,0,0,21,0,0
201522E501721,-2.866877,52.215226,1,1,1,2,8.50,3,6,60,0,0,0,0,0,1,2,2,0,0,2,9,0,0,16,0,0,10,0,0,9,0,0,6,0,0,13,0,0,8,0,0,12,0,0,1,0,0,1,0,0,2,0,0,2,0,0,6,0,0,10,0,0
201522E502376,-2.451445,52.023081,1,2,3,6,15.19,3,6,60,9,4,6,0,0,1,1,1,0,0,2,9,21,0,7,18,0,10,10,0,6,8,0,6,6,0,13,13,0,9,9,0,12,12,0,3,1,0,1,1,0,6,1,0,2,1,0,9,9,0,1,9,0
201522E502719,-3.084203,52.117677,1,1,1,4,19.5,4,6,60,0,0,0,0,0,6,1,1,0,0,2,9,0,0,16,0,0,10,0,0,9,0,0,2,0,0,13,0,0,7,0,0,4,0,0,1,0,0,1,0,0,6,0,0,1,0,0,5,0,0,21,0,0
201522E504220,-2.730036,51.974661,1,2,3,6,21.21,3,6,60,0,0,0,0,0,6,1,2,0,0,2,9,9,0,13,18,0,10,10,0,9,9,0,6,6,0,13,13,0,9,9,0,12,12,0,1,1,0,1,1,0,6,6,0,1,1,0,6,5,0,10,5,0
201522F501535,-2.671461,52.967161,1,2,1,5,12.49,4,6,30,0,0,0,0,0,1,1,1,0,0,2,9,9,0,18,18,0,10,10,0,9,9,0,6,6,0,13,13,0,9,9,0,12,12,0,1,1,0,1,1,0,6,6,0,2,1,0,10,9,0,7,7,0
201522F501935,-2.697767,52.806906,1,3,1,2,17.45,3,6,60,3,4,6,0,0,1,1,1,0,0,2,4,9,9,17,9,16,10,10,10,8,5,8,1,6,6,13,13,13,9,9,9,12,12,12,1,2,1,1,1,1,6,6,6,1,1,1,6,11,9,25,20,2
201522F502545,-2.782645,52.560054,1,2,1,7,7.46,3,6,60,7,4,6,0,0,1,1,2,0,0,2,19,21,0,16,18,0,10,10,0,8,8,0,1,3,0,13,13,0,7,1,0,12,12,0,4,1,0,1,1,0,1,1,0,1,1,0,9,9,0,6,8,0
201522F502808,-2.827745,52.463912,1,2,1,6,18.55,3,6,60,0,0,0,0,0,1,1,1,0,0,2,5,20,0,16,17,0,10,10,0,9,9,0,1,2,0,13,13,0,9,1,0,12,12,0,1,1,0,1,1,0,6,6,0,1,2,0,6,6,0,11,11,0
201522F502891,-2.702862,52.791683,1,3,4,4,15.19,3,6,60,9,4,6,0,0,1,1,1,0,0,2,19,9,19,18,10,18,10,10,10,8,8,8,1,6,6,13,13,13,1,9,9,12,12,12,1,2,1,1,1,1,6,6,6,1,1,1,7,6,9,7,12,11
201522G501012,-2.426171,52.627051,1,1,1,3,23.0,3,6,60,0,0,0,0,0,6,1,2,0,0,2,9,0,0,18,0,0,10,0,0,9,0,0,6,0,0,13,0,0,9,0,0,12,0,0,1,0,0,1,0,0,6,0,0,1,0,0,7,0,0,8,0,0
201522G501324,-2.247846,52.625581,1,2,1,3,19.30,3,6,60,6,4,6,0,0,1,1,1,0,0,2,9,5,0,5,18,0,10,10,0,6,8,0,6,1,0,13,13,0,9,9,0,12,12,0,3,1,0,1,1,0,6,6,0,1,1,0,8,6,0,6,5,0
201522G502624,-2.631028,52.520684,1,1,1,5,16.58,4,6,60,0,0,0,0,0,1,1,1,0,0,2,5,0,0,16,0,0,10,0,0,9,0,0,6,0,0,13,0,0,1,0,0,4,0,0,3,0,0,1,0,0,6,0,0,1,0,0,8,0,0,6,0,0
2015230034082,-1.663557,52.22802,1,2,1,4,14.5,3,6,50,0,0,0,0,0,1,2,2,0,0,2,4,11,0,18,18,0,10,10,0,9,9,0,1,6,0,13,13,0,9,9,0,12,12,0,1,1,0,1,1,0,6,1,0,1,1,0,5,9,0,31,3,0
2015230039215,-1.598749,52.206214,1,1,2,7,18.1,3,6,50,0,0,0,0,0,1,1,2,0,0,2,9,0,0,17,0,0,10,0,0,9,0,0,1,0,0,6,0,0,7,0,0,11,0,0,3,0,0,1,0,0,6,0,0,1,0,0,6,0,0,11,0,0
201523M064999,-1.720337,52.481331,1,2,1,3,10.8,1,3,70,0,0,0,0,0,1,1,1,0,0,2,21,21,0,18,18,0,10,10,0,9,9,0,6,6,0,13,13,0,9,9,0,12,12,0,1,2,0,1,1,0,1,1,0,1,1,0,8,9,0,10,4,0
201523N025459,-1.438386,52.46884,1,1,1,3,21.40,4,6,50,0,0,0,0,0,4,1,1,0,0,2,9,0,0,18,0,0,10,0,0,9,0,0,6,0,0,13,0,0,9,0,0,12,0,0,4,0,0,1,0,0,6,0,0,1,0,0,5,0,0,4,0,0
201523N025568,-1.646968,52.598616,1,3,2,7,0.30,6,6,60,3,4,6,0,0,6,1,1,0,0,2,9,21,21,16,17,18,10,10,10,2,1,1,6,6,6,13,13,13,9,7,9,12,12,12,1,1,3,1,1,1,6,1,1,2,1,1,4,7,9,7,2,9
201523N026251,-1.743351,52.557402,1,2,3,4,16.15,3,6,50,3,4,6,0,0,1,1,1,0,0,2,9,21,0,9,17,0,10,10,0,6,8,0,6,1,0,13,13,0,9,9,0,12,12,0,3,1,0,1,1,0,6,1,0,2,1,0,10,8,0,16,4,0