Accident_Index,Longitude,Latitude,SV,Number_of_Vehicles,Number_of_Casualties,Day_of_Week,Time,1st_Road_Class,Road_Type,Speed_limit,Junction_Detail,Junction_Control,2nd_Road_Class,Pedestrian_Crossing-Human_Control,Pedestrian_Crossing-Physical_Facilities,Light_Conditions,Weather_Conditions,Road_Surface_Conditions,Special_Conditions_at_Site,Carriageway_Hazards,Urban_or_Rural_Area,Vehicle1_Type,Vehicle2_Type,Vehicle3_Type,Vehicle1_Manoeuvre,Vehicle2_Manoeuvre,Vehicle3_Manoeuvre,Vehicle1_Location-Restricted_Lane,Vehicle2_Location-Restricted_Lane,Vehicle3_Location-Restricted_Lane,Junction1_Location,Junction2_Location,Junction3_Location,Skidding1_and_Overturning,Skidding2_and_Overturning,Skidding3_and_Overturning,Hit_Object_in_Carriageway1,Hit_Object_in_Carriageway2,Hit_Object_in_Carriageway3,Vehicle1_Leaving_Carriageway,Vehicle2_Leaving_Carriageway,Vehicle3_Leaving_Carriageway,Hit_Object_off_Carriageway1,Hit_Object_off_Carriageway2,Hit_Object_off_Carriageway3,1st_Point_of_Impact1,1st_Point_of_Impact2,1st_Point_of_Impact3,Was_Vehicle 1_Left_Hand_Drive?,Was_Vehicle2_Left_Hand_Drive?,Was_Vehicle 3_Left_Hand_Drive?,Journey_Purpose_of_Driver1,Journey_Purpose_of_Driver2,Journey_Purpose_of_Driver3,Sex_of_Driver1,Sex_of_Driver2,Sex_of_Driver3,Age_Band_of_Driver1,Age_Band_of_Driver2,Age_Band_of_Driver3,Age_of_Vehicle1,Age_of_Vehicle2,Age_of_Vehicle3
201523N026515,-1.688533,52.508222,1,2,1,1,4.20,4,6,60,0,0,0,0,0,6,1,1,0,0,2,19,9,0,18,18,0,10,10,0,9,9,0,6,6,0,13,13,0,9,9,0,12,12,0,1,1,0,1,1,0,6,6,0,1,2,0,8,10,0,11,9,0
201523N030758,-1.376478,52.352593,1,1,1,1,12.48,3,3,60,0,0,0,0,0,1,1,2,0,0,2,9,0,0,18,0,0,10,0,0,9,0,0,1,0,0,10,0,0,1,0,0,4,0,0,4,0,0,1,0,0,6,0,0,1,0,0,5,0,0,18,0,0
201523N035015,-1.225072,52.42255,1,1,2,1,10.47,3,1,70,1,4,3,0,0,1,7,2,0,0,2,9,0,0,18,0,0,10,0,0,4,0,0,5,0,0,9,0,0,9,0,0,12,0,0,1,0,0,1,0,0,6,0,0,1,0,0,11,0,0,22,0,0
201523N035237,-1.408211,52.333535,1,1,1,7,0.2,4,6,50,0,0,0,0,0,6,2,2,0,0,2,9,0,0,18,0,0,10,0,0,9,0,0,6,0,0,13,0,0,9,0,0,12,0,0,1,0,0,1,0,0,2,0,0,1,0,0,7,0,0,9,0,0
201523N035983,-1.425548,52.346746,1,2,1,7,21.22,3,6,60,8,4,6,0,0,6,1,1,0,0,2,5,9,0,18,9,0,10,10,0,1,8,0,1,6,0,13,13,0,9,9,0,12,12,0,1,4,0,1,1,0,1,6,0,1,1,0,6,6,0,20,7,0
201523S010516,-1.776037,52.310458,1,2,2,7,17.28,3,6,40,9,4,6,0,0,1,1,1,0,0,2,5,9,0,13,9,0,10,10,0,8,5,0,6,6,0,13,13,0,9,9,0,12,12,0,1,4,0,1,1,0,6,1,0,1,1,0,5,6,0,8,9,0
201523S010609,-1.519565,52.285079,1,1,5,7,2.45,3,6,30,0,0,0,0,0,4,1,2,0,0,1,9,0,0,17,0,0,10,0,0,9,0,0,1,0,0,13,0,0,7,0,0,10,0,0,3,0,0,1,0,0,6,0,0,1,0,0,4,0,0,11,0,0
201523S030585,-1.727793,52.214925,1,3,1,1,14.40,3,6,50,8,4,6,0,0,1,1,1,0,0,2,5,9,9,13,7,18,10,10,10,1,6,1,6,6,6,13,13,13,1,9,9,12,12,12,1,1,1,1,1,1,6,6,6,1,1,1,7,6,10,3,10,5
201523S030644,-1.522587,52.212547,1,3,2,7,14.0,4,6,60,0,0,0,0,0,1,1,1,0,0,2,5,5,9,13,18,18,10,10,10,9,9,9,6,6,6,13,13,13,9,9,9,12,12,12,3,1,5,1,1,1,6,6,6,1,1,1,10,7,8,8,2,11
201523S031109,-1.745649,52.286635,1,4,2,2,19.10,3,6,50,0,0,0,0,0,6,1,1,0,0,2,9,9,9,17,16,17,10,10,10,9,9,9,6,6,6,13,13,13,7,9,9,12,12,12,4,1,1,1,1,1,6,6,6,1,1,2,11,7,6,4,15,11
2015300012428,-1.428857,53.234395,1,1,1,4,13.23,6,6,30,3,4,6,0,0,1,1,1,0,0,1,11,0,0,9,0,0,10,0,0,8,0,0,6,0,0,13,0,0,9,0,0,12,0,0,3,0,0,1,0,0,1,0,0,1,0,0,8,0,0,4,0,0
2015300012494,-1.571733,52.742113,1,1,1,7,18.45,3,6,40,3,4,6,0,0,4,1,2,0,0,1,9,0,0,16,0,0,10,0,0,8,0,0,6,0,0,13,0,0,9,0,0,12,0,0,1,0,0,1,0,0,6,0,0,1,0,0,7,0,0,10,0,0
2015300013844,-1.360568,53.19225,1,1,1,5,18.0,6,6,30,0,0,0,0,0,1,1,1,0,0,1,4,0,0,17,0,0,10,0,0,9,0,0,6,0,0,13,0,0,1,0,0,12,0,0,5,0,0,1,0,0,2,0,0,1,0,0,7,0,0,10,0,0
2015300014018,-1.886781,53.487211,1,1,1,7,19.0,4,6,50,0,0,0,0,0,1,1,1,0,0,2,5,0,0,17,0,0,10,0,0,9,0,0,6,0,0,13,0,0,1,0,0,4,0,0,1,0,0,1,0,0,6,0,0,1,0,0,6,0,0,13,0,0
2015300014029,-1.557266,52.781165,1,1,1,2,5.25,5,6,30,3,4,6,0,0,1,1,1,5,0,1,4,0,0,18,0,0,10,0,0,8,0,0,6,0,0,13,0,0,8,0,0,4,0,0,1,0,0,1,0,0,2,0,0,1,0,0,5,0,0,2,0,0
2015300014124,-1.478847,52.966479,1,2,1,6,15.36,3,6,50,0,0,0,0,0,1,1,1,0,0,2,9,21,0,18,18,0,10,10,0,9,9,0,6,1,0,13,13,0,7,9,0,12,12,0,1,1,0,1,1,0,6,1,0,1,1,0,11,6,0,4,4,0
2015300014548,-1.315085,53.266246,1,1,1,3,20.45,4,6,50,0,0,0,0,0,1,1,1,0,0,2,5,0,0,17,0,0,10,0,0,9,0,0,1,0,0,13,0,0,1,0,0,12,0,0,1,0,0,1,0,0,6,0,0,1,0,0,9,0,0,11,0,0
2015300015040,-1.755141,53.237669,1,2,2,6,23.20,3,6,50,0,0,0,0,0,6,1,2,0,0,2,3,9,0,16,17,0,10,10,0,9,9,0,6,1,0,13,13,0,1,9,0,12,12,0,1,4,0,1,1,0,2,6,0,1,1,0,5,8,0,1,14,0
2015300015067,-1.415598,52.875842,1,2,6,1,17.12,5,6,60,0,0,0,0,0,1,2,2,0,0,2,9,9,0,16,17,0,10,10,0,9,9,0,6,6,0,13,13,0,9,1,0,12,12,0,3,1,0,1,1,0,6,1,0,1,1,0,4,9,0,9,12,0
2015300015274,-1.635119,52.973893,1,1,1,1,6.10,3,6,50,0,0,0,0,0,1,1,1,0,0,2,9,0,0,16,0,0,10,0,0,9,0,0,5,0,0,10,0,0,8,0,0,4,0,0,3,0,0,1,0,0,6,0,0,1,0,0,4,0,0,9,0,0
2015300015496,-1.708437,53.341654,1,2,2,1,8.59,3,6,50,8,4,6,0,0,1,1,1,0,0,2,5,5,0,13,9,0,10,10,0,8,8,0,5,5,0,13,13,0,7,9,0,10,12,0,4,3,0,1,1,0,6,6,0,1,1,0,8,8,0,5,4,0
2015300015638,-1.399229,53.092493,1,1,1,2,3.50,3,6,40,0,0,0,0,0,4,2,2,0,0,2,8,0,0,18,0,0,10,0,0,9,0,0,6,0,0,13,0,0,9,0,0,12,0,0,1,0,0,1,0,0,1,0,0,1,0,0,9,0,0,9,0,0
2015300015900,-1.422788,52.916239,1,2,1,1,11.59,3,3,50,3,4,6,0,0,1,1,1,0,0,2,9,5,0,7,18,0,10,10,0,2,2,0,6,5,0,13,10,0,9,4,0,12,6,0,3,4,0,1,1,0,6,6,0,1,1,0,10,6,0,9,14,0
2015300016427,-1.834452,53.18531,1,2,4,2,11.30,5,6,60,6,4,5,0,0,1,1,1,0,0,2,9,19,0,18,18,0,10,10,0,6,8,0,6,2,0,13,13,0,1,1,0,10,12,0,4,1,0,1,1,0,6,1,0,1,1,0,11,5,0,11,14,0
2015300016684,-1.836168,53.206167,1,1,2,5,0.50,3,6,50,0,0,0,0,0,6,1,1,0,0,2,9,0,0,18,0,0,10,0,0,9,0,0,5,0,0,13,0,0,1,0,0,4,0,0,4,0,0,1,0,0,6,0,0,1,0,0,6,0,0,11,0,0
2015300017217,-1.750985,52.971945,1,2,3,7,14.55,3,6,50,0,0,0,0,0,1,2,2,0,0,2,9,9,0,16,17,0,10,10,0,9,9,0,6,6,0,13,13,0,9,9,0,12,12,0,1,1,0,1,1,0,6,6,0,1,1,0,11,7,0,17,4,0
201531A049615,-1.25348,53.164489,1,1,1,1,20.2,6,6,60,0,0,0,0,0,6,1,1,0,0,2,9,0,0,16,0,0,10,0,0,9,0,0,6,0,0,13,0,0,8,0,0,4,0,0,1,0,0,1,0,0,6,0,0,1,0,0,8,0,0,9,0,0
201531A178415,-1.267016,53.120598,1,3,1,4,15.21,6,6,30,0,0,0,0,0,1,2,2,0,0,1,3,9,21,18,3,14,10,10,10,9,9,9,1,6,6,13,13,13,9,9,9,12,12,12,1,2,3,1,1,1,2,6,1,1,1,1,5,5,8,3,11,2
201531A235115,-1.2314,53.148708,1,2,5,1,10.13,3,6,40,0,0,0,0,0,1,1,2,0,0,1,9,9,0,16,18,0,10,10,0,9,9,0,1,6,0,13,13,0,7,9,0,12,12,0,1,1,0,1,1,0,6,6,0,1,2,0,5,9,0,14,14,0
201531B079515,-0.867608,53.363301,1,1,1,2,12.30,3,6,50,3,4,6,0,0,1,1,1,0,0,2,5,0,0,17,0,0,10,0,0,2,0,0,1,0,0,10,0,0,1,0,0,9,0,0,4,0,0,1,0,0,6,0,0,1,0,0,6,0,0,4,0,0
201531B117415,-0.911041,53.363183,1,1,2,1,13.44,4,6,60,0,0,0,0,0,1,1,1,0,0,2,19,0,0,18,0,0,10,0,0,9,0,0,6,0,0,13,0,0,1,0,0,4,0,0,1,0,0,1,0,0,6,0,0,1,0,0,7,0,0,4,0,0
201531B127915,-1.023542,53.232017,1,2,1,4,1.20,3,6,60,0,0,0,0,0,6,1,1,0,0,2,9,21,0,18,18,0,10,10,0,9,9,0,6,6,0,13,13,0,9,9,0,12,12,0,1,1,0,1,1,0,6,1,0,1,1,0,5,6,0,2,6,0
201531B134115,-1.163586,53.291277,1,1,1,7,2.59,3,6,60,0,0,0,0,0,4,2,2,0,0,2,9,0,0,18,0,0,10,0,0,9,0,0,6,0,0,13,0,0,2,0,0,11,0,0,4,0,0,1,0,0,6,0,0,1,0,0,5,0,0,12,0,0
201531B172115,-0.938044,53.102882,1,1,3,3,12.10,3,6,50,0,0,0,0,0,1,8,5,0,0,2,9,0,0,18,0,0,10,0,0,9,0,0,6,0,0,13,0,0,7,0,0,4,0,0,1,0,0,1,0,0,6,0,0,1,0,0,10,0,0,2,0,0
201531B178515,-1.099136,53.396104,1,2,2,4,17.0,4,6,60,0,0,0,0,0,1,2,2,0,0,2,9,19,0,17,16,0,10,10,0,9,9,0,2,6,0,13,13,0,9,9,0,12,12,0,1,1,0,1,1,0,2,2,0,1,1,0,6,7,0,24,3,0
201531B235215,-0.718149,53.13637,1,2,2,1,16.32,3,3,60,3,4,6,0,0,1,1,2,0,0,2,9,9,0,9,18,0,10,10,0,6,1,0,6,6,0,13,13,0,4,9,0,6,12,0,3,1,0,1,1,0,6,6,0,1,1,0,11,5,0,26,6,0
201531C056615,-1.102669,52.960154,1,1,1,7,10.40,6,6,30,0,0,0,0,0,1,1,1,0,0,1,9,0,0,18,0,0,10,0,0,9,0,0,6,0,0,13,0,0,9,0,0,12,0,0,3,0,0,1,0,0,6,0,0,1,0,0,9,0,0,11,0,0
201531C091815,-1.191858,52.996077,1,2,1,5,23.18,4,6,30,3,4,6,0,4,4,1,1,0,0,1,8,3,0,6,18,0,10,10,0,8,8,0,6,1,0,13,13,0,9,9,0,12,12,0,3,1,0,1,1,0,1,6,0,1,1,0,7,4,0,5,14,0
201531C149515,-1.164734,52.958539,1,2,3,1,1.47,6,6,30,6,4,6,0,0,4,1,1,0,0,1,9,9,0,1,2,0,10,10,0,1,1,0,6,6,0,4,13,0,9,9,0,12,12,0,2,3,0,1,1,0,6,6,0,1,2,0,4,5,0,8,9,0
201531D041115,-1.294035,53.002634,1,3,3,4,14.55,3,3,70,0,0,0,0,0,1,1,1,0,0,2,9,5,5,12,4,18,10,10,10,9,9,9,6,1,1,13,13,13,9,5,5,12,6,6,5,3,4,1,1,1,2,6,6,2,1,1,4,5,4,11,17,12
201531D169615,-1.132274,52.986452,1,1,3,6,12.34,6,6,30,0,0,0,0,0,1,1,1,0,0,1,9,0,0,17,0,0,10,0,0,9,0,0,6,0,0,10,0,0,1,0,0,2,0,0,1,0,0,1,0,0,6,0,0,1,0,0,5,0,0,2,0,0
201531D243315,-0.915574,53.004433,1,2,4,6,18.24,3,3,60,0,0,0,0,0,6,1,2,0,0,2,9,9,0,18,2,0,10,10,0,9,9,0,1,6,0,13,13,0,1,9,0,11,12,0,1,5,0,1,1,0,6,2,0,1,1,0,5,6,0,8,9,0
201531D258715,-1.032979,52.848046,1,1,3,5,22.35,3,3,70,0,0,0,0,0,6,5,5,0,3,2,19,0,0,18,0,0,10,0,0,9,0,0,2,0,0,13,0,0,1,0,0,7,0,0,1,0,0,1,0,0,1,0,0,1,0,0,6,0,0,6,0,0
201531P128015,-1.241347,52.98451,1,2,2,3,9.59,1,3,70,5,4,1,0,0,1,1,1,0,0,2,21,19,0,18,18,0,10,10,0,8,8,0,6,2,0,13,13,0,9,1,0,12,12,0,1,2,0,1,1,0,1,1,0,1,1,0,7,8,0,3,12,0
2015320004239,-0.377471,52.914079,1,2,1,3,13.7,3,6,60,6,4,5,0,0,1,1,2,0,0,2,9,19,0,5,18,0,10,10,0,6,8,0,1,1,0,13,13,0,9,9,0,12,12,0,1,1,0,1,1,0,6,1,0,1,1,0,11,7,0,17,1,0
2015320007800,-0.114789,53.208342,1,1,1,4,12.34,3,6,30,3,2,6,0,5,1,1,1,0,0,2,21,0,0,5,0,0,10,0,0,1,0,0,6,0,0,13,0,0,9,0,0,12,0,0,1,0,0,1,0,0,1,0,0,1,0,0,10,0,0,7,0,0
2015320014041,0.226322,53.356726,1,1,1,6,19.35,3,6,50,0,0,0,0,0,4,1,1,0,0,2,19,0,0,18,0,0,10,0,0,9,0,0,6,0,0,13,0,0,9,0,0,12,0,0,1,0,0,1,0,0,2,0,0,1,0,0,6,0,0,12,0,0
2015320018920,-0.230788,53.380687,1,4,2,4,9.52,3,6,60,0,0,0,0,0,1,1,1,0,0,2,9,21,9,18,18,18,10,10,10,9,9,9,6,6,5,13,13,13,9,9,1,12,12,10,3,3,1,1,1,1,6,1,6,1,1,1,8,6,4,10,10,7
2015320019682,-0.757146,52.934722,1,3,1,2,17.27,3,6,60,3,4,6,0,0,1,1,1,0,0,2,9,19,9,18,18,18,10,10,10,8,8,8,1,6,2,13,13,13,9,9,1,12,12,3,1,5,1,1,1,1,6,1,6,1,1,1,5,6,9,13,6,11
2015320019729,-0.369782,52.754305,1,2,1,2,12.15,3,6,60,0,0,0,0,0,1,1,1,0,0,2,9,19,0,18,18,0,10,10,0,9,9,0,6,6,0,13,13,0,9,9,0,12,12,0,1,1,0,1,1,0,2,1,0,1,1,0,11,10,0,5,9,0
2015320021341,-0.326902,52.687276,1,2,2,5,16.36,3,1,60,1,4,3,0,0,1,1,1,0,0,2,9,90,0,18,18,0,10,10,0,8,3,0,6,6,0,13,13,0,9,1,0,12,9,0,1,1,0,1,1,0,6,1,0,1,1,0,8,8,0,5,9,0
2015320026629,-0.213343,53.378638,1,2,1,2,11.19,4,6,60,6,4,5,0,0,1,1,1,0,0,2,9,5,0,18,18,0,10,10,0,1,1,0,6,6,0,13,13,0,9,9,0,12,12,0,3,1,0,1,1,0,6,6,0,1,1,0,10,8,0,8,7,0
2015320040238,-0.219372,53.217736,1,2,2,3,10.10,6,6,60,0,0,0,0,0,1,5,2,5,0,2,9,5,0,16,17,0,10,10,0,9,9,0,6,6,0,13,13,0,9,1,0,12,12,0,4,1,0,1,1,0,1,1,0,2,1,0,4,8,0,13,6,0
2015320047180,-0.737751,53.320126,1,1,1,2,18.44,3,6,60,0,0,0,0,0,1,1,1,0,0,2,5,0,0,17,0,0,10,0,0,9,0,0,5,0,0,13,0,0,1,0,0,4,0,0,1,0,0,1,0,0,6,0,0,1,0,0,8,0,0,4,0,0
2015320047955,-0.116438,53.012747,1,2,1,4,16.19,4,6,40,9,4,6,0,0,1,1,1,0,0,2,9,5,0,9,18,0,10,10,0,6,8,0,6,1,0,13,13,0,9,1,0,12,12,0,2,1,0,1,1,0,6,6,0,2,1,0,6,8,0,4,8,0
2015320051673,-0.459267,53.01592,1,3,1,4,18.7,3,6,60,0,0,0,0,0,1,1,1,0,0,2,9,5,98,18,18,18,10,10,10,9,9,9,6,6,6,13,13,13,7,9,9,4,12,12,1,1,3,1,1,1,1,6,1,1,1,1,6,7,8,7,1,12
2015320069249,-0.168537,53.438263,1,2,5,3,12.16,4,6,60,0,0,0,0,0,1,1,2,0,0,2,9,9,0,16,17,0,10,10,0,9,9,0,6,6,0,13,13,0,9,1,0,12,10,0,1,1,0,1,1,0,6,6,0,1,1,0,5,9,0,11,2,0
2015320075678,0.027944,53.145339,1,3,1,1,16.0,3,6,60,0,0,0,0,0,1,1,1,0,0,2,9,5,9,13,13,18,10,10,10,9,9,9,6,6,6,13,13,13,9,7,9,12,3,12,3,4,5,1,1,1,6,6,6,1,1,1,6,7,10,7,10,14
2015320075723,-0.57021,53.211728,1,2,2,3,15.47,4,6,30,6,2,4,0,5,1,1,1,0,0,1,9,5,0,9,18,0,10,10,0,8,8,0,6,6,0,13,13,0,9,9,0,12,12,0,4,1,0,1,1,0,2,2,0,2,1,0,5,8,0,12,4,0
2015320081635,0.181014,53.280784,1,1,1,1,8.19,3,6,60,0,0,0,0,0,1,1,1,0,0,2,9,0,0,18,0,0,10,0,0,9,0,0,6,0,0,13,0,0,1,0,0,4,0,0,1,0,0,1,0,0,6,0,0,1,0,0,5,0,0,8,0,0
2015320101654,-0.621047,53.404224,1,1,1,1,11.50,3,6,60,9,4,6,0,0,1,1,1,0,0,2,5,0,0,18,0,0,10,0,0,8,0,0,6,0,0,13,0,0,1,0,0,10,0,0,1,0,0,1,0,0,6,0,0,1,0,0,9,0,0,10,0,0
2015320105400,0.099186,53.028214,1,4,1,1,13.0,3,6,50,3,4,6,0,0,1,1,1,0,0,2,5,9,17,18,18,18,10,10,10,8,8,8,6,6,6,13,13,13,9,9,9,12,12,12,1,2,1,1,1,1,6,6,1,1,2,1,10,7,6,35,9,4
2015320109374,-0.362659,52.718604,1,2,2,2,13.16,3,6,60,3,4,5,0,0,1,1,1,0,0,2,19,4,0,9,18,0,10,10,0,5,1,0,6,1,0,13,13,0,9,1,0,12,12,0,1,1,0,1,1,0,1,6,0,1,1,0,7,7,0,2,27,0
2015320142240,-0.48491,53.124731,1,2,3,7,9.39,3,6,60,0,0,0,0,0,1,4,2,0,0,2,9,9,0,18,18,0,10,10,0,9,9,0,1,5,0,13,13,0,9,1,0,12,11,0,1,1,0,1,1,0,6,6,0,1,1,0,6,7,0,8,11,0
2015320143538,-0.141715,52.795365,1,1,1,2,22.25,3,6,30,0,0,0,0,0,4,1,1,0,0,1,4,0,0,17,0,0,10,0,0,9,0,0,1,0,0,13,0,0,1,0,0,1,0,0,4,0,0,1,0,0,6,0,0,1,0,0,5,0,0,22,0,0
2015331500013,-1.075952,52.700317,1,1,1,5,12.34,6,6,30,3,4,6,0,0,1,1,2,0,0,1,9,0,0,5,0,0,10,0,0,2,0,0,6,0,0,13,0,0,9,0,0,12,0,0,1,0,0,1,0,0,6,0,0,2,0,0,9,0,0,20,0,0
2015331500014,-1.192372,52.469809,1,1,1,7,19.53,1,3,70,0,0,0,0,0,6,1,1,0,0,2,9,0,0,18,0,0,10,0,0,9,0,0,6,0,0,13,0,0,9,0,0,12,0,0,1,0,0,1,0,0,6,0,0,1,0,0,9,0,0,7,0,0
2015331500028,-1.103999,52.645873,1,2,6,7,20.25,6,6,30,3,4,6,0,0,4,1,1,0,0,1,9,9,0,18,18,0,10,10,0,1,2,0,6,6,0,13,13,0,9,9,0,12,12,0,1,1,0,1,1,0,6,6,0,1,1,0,5,9,0,16,9,0
2015331500169,-0.494653,52.685488,1,2,2,2,15.42,5,6,60,3,4,6,0,0,1,2,2,0,0,2,20,20,0,16,17,0,10,10,0,8,8,0,6,6,0,13,13,0,9,9,0,12,12,0,1,1,0,1,1,0,1,1,0,1,1,0,7,8,0,14,3,0
2015331500174,-1.189459,52.616237,1,2,1,6,13.21,6,6,30,0,0,0,0,0,1,1,1,0,0,1,5,9,0,13,14,0,10,10,0,9,9,0,6,6,0,13,13,0,7,9,0,12,12,0,4,3,0,1,1,0,6,6,0,1,1,0,7,7,0,16,13,0
2015331500303,-1.205152,52.405885,1,3,2,3,23.31,1,3,70,0,0,0,0,0,4,1,1,0,0,2,21,21,21,18,18,18,10,10,10,9,9,9,6,6,6,13,13,13,9,9,9,12,12,12,1,2,2,1,1,1,1,1,1,1,1,1,9,7,6,9,5,8
2015331500306,-0.955193,52.818027,1,2,3,7,12.16,3,6,60,0,0,0,0,0,1,1,1,0,0,2,9,9,0,18,18,0,10,10,0,9,9,0,6,6,0,13,13,0,9,9,0,12,12,0,1,1,0,1,1,0,6,1,0,1,1,0,8,9,0,7,11,0
2015331500614,-1.162056,52.616496,1,1,1,6,12.22,3,3,30,0,0,0,0,0,1,1,1,0,0,1,5,0,0,18,0,0,10,0,0,9,0,0,6,0,0,13,0,0,1,0,0,2,0,0,1,0,0,1,0,0,6,0,0,1,0,0,6,0,0,13,0,0
2015331500618,-1.289124,52.481352,1,2,2,5,23.21,3,6,60,0,0,0,0,0,6,1,1,0,0,2,19,9,0,18,18,0,10,10,0,9,9,0,6,6,0,13,13,0,9,9,0,12,12,0,1,1,0,1,1,0,6,1,0,1,1,0,6,7,0,12,3,0
2015331500830,-1.280815,52.625053,1,1,2,7,0.36,4,6,40,0,0,0,0,0,6,2,2,0,0,2,9,0,0,16,0,0,10,0,0,9,0,0,1,0,0,13,0,0,1,0,0,4,0,0,3,0,0,1,0,0,6,0,0,1,0,0,4,0,0,13,0,0
2015331500833,-1.023115,52.727088,1,2,1,7,16.17,3,6,50,8,4,6,0,0,1,1,1,0,0,2,5,17,0,16,9,0,10,10,0,8,6,0,1,6,0,13,13,0,9,9,0,12,12,0,1,2,0,1,1,0,6,1,0,1,1,0,6,4,0,2,6,0
2015331500858,-0.723566,52.721456,1,1,1,3,19.36,5,6,60,0,0,0,0,0,1,1,1,0,0,2,9,0,0,18,0,0,10,0,0,9,0,0,6,0,0,13,0,0,1,0,0,11,0,0,1,0,0,1,0,0,6,0,0,1,0,0,10,0,0,6,0,0
2015331500859,-1.122749,52.665387,1,3,1,6,10.49,3,6,50,0,0,0,0,0,1,1,1,0,0,2,21,3,9,4,18,18,10,10,10,9,9,9,6,6,6,13,13,13,9,9,9,12,12,12,2,1,5,1,1,1,1,6,1,1,1,1,7,10,6,3,29,2
2015331500928,-0.851665,52.765558,1,2,1,2,13.37,4,6,60,0,0,0,0,0,1,1,1,0,0,2,19,4,0,9,18,0,7,10,0,9,9,0,6,6,0,13,13,0,9,7,0,12,12,0,3,1,0,1,1,0,1,1,0,1,1,0,9,9,0,3,2,0
2015331501108,-1.022967,52.700567,1,1,1,6,17.28,5,3,60,0,0,0,0,0,1,1,1,0,0,2,3,0,0,18,0,0,10,0,0,9,0,0,6,0,0,13,0,0,1,0,0,9,0,0,1,0,0,1,0,0,6,0,0,1,0,0,7,0,0,6,0,0
2015331501183,-1.133381,52.658633,1,1,1,1,22.55,3,3,40,3,4,6,0,4,4,1,1,0,0,1,9,0,0,18,0,0,10,0,0,2,0,0,6,0,0,13,0,0,9,0,0,12,0,0,3,0,0,1,0,0,6,0,0,1,0,0,6,0,0,11,0,0
2015331501261,-1.256063,52.577568,1,1,3,7,18.31,1,3,70,0,0,0,0,0,1,1,1,0,0,2,9,0,0,18,0,0,10,0,0,9,0,0,2,0,0,13,0,0,1,0,0,7,0,0,1,0,0,1,0,0,6,0,0,2,0,0,7,0,0,12,0,0
2015331501311,-1.120987,52.627931,1,1,1,6,8.40,5,6,30,3,2,3,0,5,1,1,1,0,0,1,11,0,0,9,0,0,10,0,0,5,0,0,6,0,0,13,0,0,9,0,0,12,0,0,1,0,0,1,0,0,6,0,0,1,0,0,7,0,0,11,0,0
2015331501315,-1.177453,52.650002,1,1,1,7,4.27,3,6,30,0,0,0,0,0,4,1,1,0,0,1,9,0,0,18,0,0,10,0,0,9,0,0,6,0,0,13,0,0,7,0,0,4,0,0,1,0,0,1,0,0,6,0,0,1,0,0,6,0,0,2,0,0
2015331501470,-0.909835,52.830924,1,2,3,2,12.50,5,6,60,0,0,0,0,0,1,2,2,0,0,2,9,9,0,16,17,0,10,10,0,9,9,0,6,6,0,13,13,0,7,9,0,12,12,0,1,1,0,1,1,0,6,6,0,1,1,0,11,8,0,12,9,0
2015331501472,-1.121359,52.465302,1,1,1,6,21.31,5,6,60,0,0,0,0,0,6,1,1,0,0,2,9,0,0,17,0,0,10,0,0,9,0,0,5,0,0,13,0,0,1,0,0,4,0,0,1,0,0,1,0,0,6,0,0,1,0,0,5,0,0,12,0,0
2015331501473,-1.00015,52.649897,1,1,1,3,7.20,5,6,60,0,0,0,0,0,1,1,1,0,0,2,9,0,0,17,0,0,10,0,0,9,0,0,2,0,0,13,0,0,1,0,0,4,0,0,3,0,0,1,0,0,1,0,0,1,0,0,9,0,0,10,0,0
2015331501474,-0.782732,52.845781,1,2,2,4,20.47,3,6,60,0,0,0,0,0,6,2,2,0,0,2,9,9,0,16,18,0,10,10,0,9,9,0,1,6,0,13,13,0,7,9,0,12,12,0,4,1,0,1,1,0,1,6,0,1,2,0,7,8,0,12,1,0
2015331501579,-1.433089,52.7307,1,1,1,4,11.50,5,6,60,0,0,0,0,0,1,2,2,0,0,2,9,0,0,16,0,0,10,0,0,9,0,0,5,0,0,13,0,0,7,0,0,12,0,0,4,0,0,1,0,0,1,0,0,1,0,0,6,0,0,5,0,0
2015331501682,-0.836482,52.723516,1,1,1,1,16.56,3,6,60,0,0,0,0,0,6,1,1,0,7,2,5,0,0,18,0,0,10,0,0,9,0,0,6,0,0,12,0,0,1,0,0,10,0,0,1,0,0,1,0,0,6,0,0,1,0,0,8,0,0,6,0,0
2015331501801,-0.527269,52.669823,1,1,2,1,22.13,3,3,70,0,0,0,0,0,6,1,1,0,0,2,9,0,0,18,0,0,10,0,0,9,0,0,5,0,0,13,0,0,1,0,0,4,0,0,3,0,0,1,0,0,1,0,0,1,0,0,6,0,0,13,0,0
2015331501853,-1.469608,52.747679,1,1,1,4,14.45,5,6,30,0,0,0,0,4,1,1,1,0,0,1,9,0,0,2,0,0,10,0,0,9,0,0,6,0,0,10,0,0,9,0,0,12,0,0,1,0,0,1,0,0,6,0,0,1,0,0,11,0,0,1,0,0