Accident_Index,Longitude,Latitude,SV,Number_of_Vehicles,Number_of_Casualties,Day_of_Week,Time,1st_Road_Class,Road_Type,Speed_limit,Junction_Detail,Junction_Control,2nd_Road_Class,Pedestrian_Crossing-Human_Control,Pedestrian_Crossing-Physical_Facilities,Light_Conditions,Weather_Conditions,Road_Surface_Conditions,Special_Conditions_at_Site,Carriageway_Hazards,Urban_or_Rural_Area,Vehicle1_Type,Vehicle2_Type,Vehicle3_Type,Vehicle1_Manoeuvre,Vehicle2_Manoeuvre,Vehicle3_Manoeuvre,Vehicle1_Location-Restricted_Lane,Vehicle2_Location-Restricted_Lane,Vehicle3_Location-Restricted_Lane,Junction1_Location,Junction2_Location,Junction3_Location,Skidding1_and_Overturning,Skidding2_and_Overturning,Skidding3_and_Overturning,Hit_Object_in_Carriageway1,Hit_Object_in_Carriageway2,Hit_Object_in_Carriageway3,Vehicle1_Leaving_Carriageway,Vehicle2_Leaving_Carriageway,Vehicle3_Leaving_Carriageway,Hit_Object_off_Carriageway1,Hit_Object_off_Carriageway2,Hit_Object_off_Carriageway3,1st_Point_of_Impact1,1st_Point_of_Impact2,1st_Point_of_Impact3,Was_Vehicle 1_Left_Hand_Drive?,Was_Vehicle2_Left_Hand_Drive?,Was_Vehicle 3_Left_Hand_Drive?,Journey_Purpose_of_Driver1,Journey_Purpose_of_Driver2,Journey_Purpose_of_Driver3,Sex_of_Driver1,Sex_of_Driver2,Sex_of_Driver3,Age_Band_of_Driver1,Age_Band_of_Driver2,Age_Band_of_Driver3,Age_of_Vehicle1,Age_of_Vehicle2,Age_of_Vehicle3
2015331501907,-0.593417,52.714589,1,2,1,5,0.58,3,3,70,0,0,0,0,0,6,1,1,0,0,2,9,21,0,18,18,0,10,10,0,9,9,0,6,6,0,13,13,0,9,9,0,12,12,0,1,2,0,1,1,0,6,1,0,1,1,0,8,6,0,18,2,0
2015331501909,-0.58754,52.600836,1,2,1,3,9.38,3,6,60,0,0,0,0,0,1,7,2,0,0,2,9,9,0,16,18,0,10,10,0,9,9,0,2,6,0,13,13,0,9,9,0,12,12,0,4,1,0,1,1,0,1,6,0,2,1,0,5,8,0,9,3,0
2015331501957,-1.271969,52.824122,1,2,4,1,15.45,3,6,60,0,0,0,0,0,1,8,2,0,0,2,9,9,0,17,16,0,10,10,0,9,9,0,2,6,0,13,13,0,7,9,0,10,12,0,1,1,0,1,1,0,6,6,0,1,1,0,8,4,0,11,13,0
2015331502044,-0.706155,52.639321,1,2,5,4,5.45,3,6,60,0,0,0,0,0,6,1,1,0,0,2,9,21,0,17,16,0,10,10,0,9,9,0,1,1,0,13,13,0,7,1,0,12,12,0,1,1,0,1,1,0,6,1,0,1,1,0,5,8,0,3,8,0
2015331502045,-1.174897,52.656232,1,1,2,5,21.42,3,6,40,0,0,0,0,0,4,1,2,0,0,2,9,0,0,18,0,0,10,0,0,9,0,0,6,0,0,13,0,0,7,0,0,4,0,0,2,0,0,1,0,0,6,0,0,1,0,0,6,0,0,8,0,0
2015331502046,-1.267555,52.46342,1,2,2,3,18.13,3,3,70,0,0,0,0,0,6,1,1,0,0,2,9,5,0,18,18,0,10,10,0,9,9,0,6,6,0,13,13,0,9,1,0,12,12,0,1,1,0,1,1,0,6,1,0,2,1,0,11,8,0,25,24,0
201534TC80025,-0.712688,52.485071,1,2,1,7,12.0,5,6,40,0,0,0,0,0,1,1,2,0,0,1,9,9,0,13,18,0,10,10,0,9,9,0,6,6,0,13,13,0,1,9,0,12,12,0,1,5,0,1,1,0,6,6,0,1,1,0,6,8,0,13,13,0
201534TC80145,-0.674778,52.490569,1,1,2,6,2.20,3,3,40,0,0,0,0,0,7,1,1,0,0,1,9,0,0,18,0,0,10,0,0,9,0,0,6,0,0,10,0,0,1,0,0,1,0,0,1,0,0,1,0,0,6,0,0,1,0,0,5,0,0,16,0,0
201534TC80225,-0.715982,52.474112,1,2,2,7,19.29,3,6,40,0,0,0,0,0,5,2,2,0,0,1,9,9,0,18,18,0,10,10,0,9,9,0,6,6,0,13,13,0,9,9,0,12,12,0,5,5,0,1,1,0,6,6,0,1,2,0,5,8,0,6,4,0
201534TD80055,-0.904441,52.28628,1,1,1,4,20.30,3,6,60,0,0,0,0,0,1,1,1,0,0,2,9,0,0,18,0,0,10,0,0,9,0,0,1,0,0,13,0,0,9,0,0,12,0,0,1,0,0,1,0,0,6,0,0,1,0,0,5,0,0,13,0,0
201534TD80215,-1.141528,52.324221,1,2,2,1,0.15,3,6,60,0,0,0,0,0,7,1,1,0,0,2,9,21,0,16,17,0,10,10,0,9,9,0,6,6,0,13,13,0,9,9,0,12,12,0,1,1,0,1,1,0,6,1,0,1,1,0,6,7,0,5,2,0
201534TD80245,-1.183506,52.374469,1,2,2,5,9.15,3,6,60,0,0,0,0,0,1,1,1,0,0,2,9,9,0,6,18,0,10,10,0,9,9,0,6,6,0,13,13,0,9,9,0,12,12,0,5,1,0,1,1,0,6,6,0,1,1,0,6,6,0,8,7,0
201534TE80175,-0.471112,52.538434,1,1,1,6,14.10,6,6,30,3,4,6,0,0,1,1,1,0,0,2,4,0,0,16,0,0,10,0,0,8,0,0,6,0,0,13,0,0,9,0,0,12,0,0,4,0,0,1,0,0,6,0,0,1,0,0,11,0,0,1,0,0
201534TE80255,-0.589456,52.396547,1,2,2,2,11.49,5,6,60,0,0,0,0,0,1,1,2,0,0,2,9,9,0,16,17,0,10,10,0,9,9,0,6,6,0,13,13,0,9,9,0,12,12,0,1,1,0,1,1,0,2,6,0,2,2,0,7,7,0,11,10,0
201534TK80105,-0.790714,52.355918,1,3,5,1,16.37,3,6,60,0,0,0,0,0,1,1,1,0,0,2,9,9,9,18,18,18,10,10,10,9,9,9,6,6,6,13,13,13,9,9,9,12,12,12,1,2,1,1,1,1,6,6,6,2,1,1,8,6,7,4,9,8
201534TK80125,-0.726057,52.409183,1,1,1,3,14.0,6,6,30,0,0,0,0,0,1,1,1,0,0,1,9,0,0,18,0,0,10,0,0,9,0,0,6,0,0,13,0,0,9,0,0,12,0,0,1,0,0,1,0,0,6,0,0,2,0,0,9,0,0,10,0,0
201534TK80265,-0.786703,52.364049,1,2,1,2,15.34,3,6,60,0,0,0,0,0,6,2,2,0,0,2,9,21,0,18,18,0,10,10,0,9,9,0,6,6,0,13,13,0,9,9,0,12,12,0,1,1,0,1,1,0,6,1,0,1,1,0,4,9,0,14,3,0
201534TN80165,-0.881661,52.178375,1,2,1,6,0.48,1,3,40,0,0,0,0,0,4,1,1,4,0,2,19,21,0,18,3,0,10,10,0,9,9,0,6,6,0,13,13,0,9,9,0,12,12,0,1,2,0,1,1,0,6,1,0,2,1,0,5,6,0,12,6,0
201534TS80015,-0.972233,52.214559,1,1,1,3,18.55,5,6,60,3,4,6,0,0,6,2,2,0,0,2,9,0,0,16,0,0,10,0,0,8,0,0,6,0,0,13,0,0,7,0,0,4,0,0,1,0,0,1,0,0,6,0,0,1,0,0,5,0,0,14,0,0
201534TS80065,-1.047654,52.076932,1,1,1,5,5.47,3,3,70,0,0,0,0,0,6,1,1,0,0,2,9,0,0,18,0,0,10,0,0,9,0,0,2,0,0,13,0,0,1,0,0,4,0,0,1,0,0,1,0,0,1,0,0,1,0,0,7,0,0,9,0,0
201534TS80075,-0.980738,52.146699,1,2,1,2,22.36,3,3,70,3,4,5,0,0,7,1,1,0,0,2,9,9,0,9,18,0,10,10,0,8,8,0,6,1,0,13,13,0,1,9,0,12,12,0,2,1,0,1,1,0,6,2,0,1,1,0,11,9,0,16,2,0
201534TS80185,-1.1715,52.121454,1,1,1,3,13.25,5,6,60,0,0,0,0,0,1,1,1,0,0,2,9,0,0,18,0,0,10,0,0,9,0,0,6,0,0,13,0,0,7,0,0,10,0,0,1,0,0,1,0,0,6,0,0,1,0,0,10,0,0,2,0,0
201534TS80195,-1.014915,52.101262,1,1,2,4,19.28,3,6,60,0,0,0,0,0,6,1,1,0,0,2,9,0,0,18,0,0,10,0,0,9,0,0,5,0,0,13,0,0,8,0,0,4,0,0,1,0,0,1,0,0,6,0,0,1,0,0,6,0,0,22,0,0
201534TW80235,-0.760344,52.2547,1,1,1,1,23.5,3,3,70,0,0,0,0,0,4,1,1,0,0,2,9,0,0,18,0,0,10,0,0,9,0,0,2,0,0,10,0,0,2,0,0,1,0,0,4,0,0,1,0,0,6,0,0,1,0,0,4,0,0,12,0,0
201534TW80285,-0.865746,52.249781,1,2,1,4,17.22,3,6,30,3,4,6,0,0,4,4,1,0,0,1,9,5,0,6,18,0,10,10,0,8,8,0,6,6,0,13,13,0,9,9,0,12,12,0,5,1,0,1,1,0,3,6,0,2,1,0,6,6,0,8,15,0
201534TW80295,-0.700461,52.248949,1,1,1,3,13.59,5,6,60,0,0,0,0,0,1,1,1,0,0,2,5,0,0,16,0,0,10,0,0,9,0,0,6,0,0,13,0,0,9,0,0,12,0,0,5,0,0,1,0,0,6,0,0,1,0,0,9,0,0,13,0,0
2015350017215,0.099557,52.080593,1,2,2,7,1.3,3,6,60,0,0,0,0,0,6,1,2,0,0,2,9,9,0,18,18,0,10,10,0,9,9,0,6,6,0,13,13,0,9,9,0,12,12,0,1,1,0,1,1,0,6,2,0,1,1,0,7,6,0,4,11,0
2015350017315,0.077619,52.361887,1,2,2,5,18.50,3,6,60,0,0,0,0,0,6,1,2,0,0,2,9,3,0,17,16,0,10,10,0,9,9,0,6,6,0,13,13,0,7,1,0,9,12,0,1,1,0,1,1,0,6,6,0,1,1,0,8,4,0,9,10,0
2015350021815,-0.140806,52.347183,1,3,2,3,14.34,3,6,40,0,0,0,0,0,1,1,1,0,0,2,21,21,19,17,16,18,10,10,10,9,9,9,2,1,1,13,13,13,9,9,1,12,12,4,2,1,1,1,1,1,1,1,1,1,1,1,5,9,5,5,4,12
2015350031115,0.364392,52.497849,1,4,3,4,6.45,3,6,60,0,0,0,0,0,1,1,2,0,0,2,9,9,21,13,16,16,10,10,10,9,9,9,1,6,6,13,13,13,9,9,9,12,12,12,1,1,3,1,1,1,6,2,1,1,1,1,6,5,10,14,29,6
2015350033315,0.019072,52.414603,1,1,1,6,7.15,4,6,60,0,0,0,0,0,1,1,1,0,0,2,9,0,0,16,0,0,10,0,0,9,0,0,5,0,0,13,0,0,7,0,0,4,0,0,3,0,0,1,0,0,2,0,0,1,0,0,6,0,0,11,0,0
2015350033415,0.412661,52.162455,1,3,5,2,8.10,4,6,60,0,0,0,0,0,1,1,1,0,0,2,9,17,9,17,16,17,10,10,10,9,9,9,6,5,6,13,13,13,1,7,1,12,12,12,1,1,1,1,1,1,1,1,1,2,1,1,6,6,5,9,1,21
2015350033515,0.183759,52.387667,1,2,4,1,12.40,3,6,60,3,4,5,0,0,1,1,1,0,0,2,9,9,0,7,18,0,10,10,0,6,8,0,6,6,0,13,13,0,9,9,0,12,12,0,4,1,0,1,1,0,6,6,0,2,2,0,11,6,0,19,5,0
2015350042415,-0.196355,52.306235,1,2,1,5,20.50,4,6,60,0,0,0,0,0,6,1,1,0,0,2,19,9,0,16,18,0,10,10,0,9,9,0,6,6,0,13,13,0,7,9,0,4,12,0,5,1,0,1,1,0,6,6,0,1,1,0,7,7,0,9,5,0
2015350051415,0.475572,52.286775,1,1,1,3,5.10,4,6,60,0,0,0,0,0,1,2,2,0,0,2,9,0,0,17,0,0,10,0,0,9,0,0,1,0,0,13,0,0,8,0,0,4,0,0,4,0,0,1,0,0,6,0,0,1,0,0,9,0,0,10,0,0
2015350059815,-0.132272,52.354601,1,2,1,4,15.48,3,1,60,1,4,4,0,0,1,1,1,0,0,2,9,9,0,18,4,0,10,10,0,1,1,0,6,6,0,13,13,0,9,7,0,12,12,0,1,2,0,1,1,0,6,6,0,2,1,0,11,6,0,12,3,0
2015350079315,0.084915,52.226612,1,1,1,5,1.30,3,6,40,0,0,0,0,0,4,1,1,0,0,1,9,0,0,18,0,0,10,0,0,9,0,0,6,0,0,13,0,0,9,0,0,12,0,0,4,0,0,1,0,0,6,0,0,1,0,0,10,0,0,3,0,0
2015350106315,-0.192284,52.610792,1,2,2,3,12.7,3,6,60,0,0,0,0,0,1,1,1,0,0,2,9,19,0,18,18,0,10,10,0,9,9,0,6,6,0,13,13,0,9,9,0,12,12,0,1,1,0,1,1,0,6,1,0,1,1,0,6,10,0,12,4,0
2015350106415,-0.227894,52.353916,1,4,2,2,15.53,3,3,70,0,0,0,0,0,1,1,1,0,0,2,21,9,9,18,3,3,10,10,10,9,9,9,1,6,6,13,13,13,9,9,9,12,12,12,1,2,2,1,1,1,1,2,1,1,1,1,9,6,5,6,14,1
2015350115815,-0.294154,52.463504,1,2,1,2,16.49,4,6,60,9,4,6,0,0,1,1,1,0,0,2,9,4,0,9,16,0,8,10,0,6,8,0,6,6,0,13,13,0,9,9,0,12,12,0,3,1,0,1,1,0,6,6,0,1,1,0,7,9,0,3,1,0
2015350121215,0.110521,52.149006,1,1,1,6,19.16,1,3,70,0,0,0,0,0,1,1,1,0,0,2,9,0,0,18,0,0,10,0,0,9,0,0,6,0,0,13,0,0,1,0,0,4,0,0,4,0,0,1,0,0,6,0,0,1,0,0,6,0,0,3,0,0
2015350147715,-0.142696,52.389652,1,2,5,7,19.40,5,6,60,6,4,5,0,0,6,1,1,0,0,2,9,9,0,18,18,0,10,10,0,6,8,0,6,6,0,13,13,0,7,1,0,12,12,0,4,1,0,1,1,0,6,6,0,2,2,0,11,6,0,13,4,0
2015350150615,-0.095844,52.303578,1,1,1,1,5.10,3,3,70,0,0,0,0,0,6,1,1,0,0,2,9,0,0,18,0,0,10,0,0,9,0,0,2,0,0,13,0,0,1,0,0,7,0,0,4,0,0,1,0,0,2,0,0,1,0,0,7,0,0,10,0,0
2015350150915,-0.280996,52.58577,1,2,2,3,11.12,3,3,70,5,4,3,0,0,1,1,1,0,0,1,9,9,0,18,18,0,10,10,0,8,8,0,6,6,0,13,13,0,9,9,0,12,12,0,1,1,0,1,1,0,6,6,0,2,2,0,11,9,0,20,8,0
2015350160015,0.211921,52.345421,1,2,1,4,15.53,3,6,40,3,4,6,0,0,1,1,1,0,0,2,19,4,0,9,13,0,10,10,0,5,8,0,6,6,0,13,13,0,9,7,0,12,10,0,3,1,0,1,1,0,2,6,0,1,1,0,6,6,0,1,9,0
2015350167115,0.063556,52.214399,1,1,1,6,20.56,3,6,50,0,0,0,0,0,6,1,2,0,0,2,9,0,0,16,0,0,10,0,0,9,0,0,1,0,0,13,0,0,1,0,0,4,0,0,3,0,0,1,0,0,6,0,0,1,0,0,5,0,0,7,0,0
2015350196215,0.072709,52.228626,1,2,2,3,13.57,1,3,70,0,0,0,0,0,1,1,1,0,0,2,21,21,0,18,4,0,10,10,0,9,9,0,6,6,0,13,13,0,9,9,0,12,12,0,1,2,0,1,1,0,1,1,0,1,1,0,7,7,0,4,2,0
2015360086841,0.951969,52.687899,1,2,1,7,2.45,5,6,60,0,0,0,0,0,6,4,1,0,0,2,9,9,0,18,4,0,10,10,0,9,9,0,6,6,0,13,13,0,7,9,0,12,12,0,1,5,0,1,1,0,6,6,0,1,1,0,5,10,0,5,6,0
2015360087807,0.877525,52.570524,1,2,4,5,18.0,4,6,60,0,0,0,0,0,6,1,1,0,0,2,9,9,0,18,18,0,10,10,0,9,9,0,6,6,0,13,13,0,9,1,0,12,12,0,1,1,0,1,1,0,6,6,0,2,1,0,9,10,0,1,5,0
2015360087833,1.046729,52.530945,1,3,6,7,23.27,3,3,70,0,0,0,0,0,6,1,2,0,0,2,9,9,9,18,13,18,10,10,10,9,9,9,6,6,6,13,13,13,9,9,9,12,12,12,1,1,1,1,1,1,6,6,6,2,2,1,8,6,5,16,10,14
2015360087995,1.275042,52.660151,1,1,1,6,9.26,3,6,30,3,4,6,0,4,1,1,2,0,0,1,11,0,0,18,0,0,10,0,0,2,0,0,6,0,0,13,0,0,9,0,0,12,0,0,1,0,0,1,0,0,1,0,0,1,0,0,9,0,0,12,0,0
2015360088148,0.713503,52.419736,1,1,1,5,11.35,4,6,60,0,0,0,0,0,1,2,2,0,0,2,19,0,0,18,0,0,10,0,0,9,0,0,6,0,0,13,0,0,9,0,0,12,0,0,3,0,0,1,0,0,6,0,0,1,0,0,7,0,0,10,0,0
2015360088169,0.446648,52.536038,1,1,2,7,18.55,4,6,60,3,4,5,0,0,6,5,2,0,0,2,9,0,0,17,0,0,10,0,0,2,0,0,2,0,0,13,0,0,1,0,0,8,0,0,1,0,0,1,0,0,6,0,0,2,0,0,6,0,0,14,0,0
2015360088227,0.539712,52.764039,1,1,1,3,7.22,6,6,60,0,0,0,0,0,1,9,2,7,0,2,9,0,0,18,0,0,10,0,0,9,0,0,5,0,0,13,0,0,1,0,0,9,0,0,4,0,0,1,0,0,6,0,0,1,0,0,11,0,0,3,0,0
2015360089087,1.134362,52.631143,1,1,1,7,6.44,5,6,60,0,0,0,0,0,1,8,2,0,0,2,9,0,0,17,0,0,10,0,0,9,0,0,5,0,0,13,0,0,1,0,0,3,0,0,3,0,0,1,0,0,6,0,0,1,0,0,5,0,0,19,0,0
2015360089255,1.213495,52.613561,1,2,1,7,13.45,3,3,70,0,0,0,0,0,1,1,1,0,0,2,9,21,0,18,2,0,6,6,0,9,9,0,6,6,0,4,13,0,9,9,0,12,12,0,1,2,0,1,1,0,6,1,0,1,1,0,8,9,0,3,4,0
2015360090720,0.840476,52.556311,1,3,1,4,7.18,3,6,60,0,0,0,0,0,1,1,1,0,0,2,5,21,19,16,17,17,10,10,10,9,9,9,6,6,6,13,13,13,9,9,1,12,12,12,3,3,3,1,1,1,6,1,1,1,1,1,5,5,7,16,7,9
2015360090818,1.117921,52.720357,1,1,2,7,13.44,3,6,40,0,0,0,0,0,1,1,1,0,0,2,9,0,0,18,0,0,10,0,0,9,0,0,6,0,0,13,0,0,7,0,0,11,0,0,1,0,0,1,0,0,6,0,0,2,0,0,11,0,0,12,0,0
2015360091762,0.426787,52.729655,1,3,5,1,15.40,3,6,60,0,0,0,0,0,1,1,1,0,0,2,9,9,9,16,17,17,10,10,10,9,9,9,6,6,6,13,13,13,7,1,9,9,12,12,1,3,1,1,1,1,6,6,6,1,2,2,11,9,8,21,3,8
2015360092053,0.492157,52.842359,1,2,4,3,14.20,3,6,60,0,0,0,0,0,1,1,1,0,0,2,9,9,0,18,18,0,10,10,0,9,9,0,6,6,0,13,13,0,7,1,0,12,12,0,1,1,0,1,1,0,6,6,0,1,2,0,10,10,0,2,5,0
2015360093091,1.090623,52.805904,1,2,1,1,16.21,5,6,60,0,0,0,0,0,1,2,2,0,0,2,9,9,0,18,18,0,10,10,0,9,9,0,6,6,0,13,13,0,9,9,0,12,12,0,1,1,0,1,1,0,6,6,0,1,1,0,4,11,0,11,23,0
2015360093114,0.426502,52.729859,1,2,3,4,15.30,3,6,60,0,0,0,0,0,1,1,1,0,0,2,9,21,0,16,17,0,10,10,0,9,9,0,6,6,0,13,13,0,9,1,0,12,12,0,1,1,0,1,1,0,6,1,0,1,1,0,11,8,0,3,7,0
2015360093869,0.864036,52.673008,1,1,1,6,22.39,5,6,60,0,0,0,0,0,6,1,1,0,0,2,9,0,0,17,0,0,10,0,0,9,0,0,1,0,0,13,0,0,1,0,0,4,0,0,3,0,0,1,0,0,6,0,0,2,0,0,5,0,0,12,0,0
2015360094038,0.382832,52.718075,1,2,1,1,17.40,5,6,60,0,0,0,0,0,1,1,1,0,0,2,5,9,0,13,16,0,10,10,0,9,9,0,6,6,0,13,13,0,7,9,0,10,12,0,1,5,0,1,1,0,6,1,0,1,1,0,7,8,0,4,8,0
2015360094041,0.201998,52.674709,1,1,1,7,22.7,3,6,60,0,0,0,0,0,6,1,1,0,0,2,9,0,0,18,0,0,10,0,0,9,0,0,6,0,0,13,0,0,9,0,0,12,0,0,1,0,0,1,0,0,6,0,0,1,0,0,7,0,0,14,0,0
2015360095504,0.304052,52.678649,1,1,1,3,5.15,5,6,60,0,0,0,0,0,6,2,2,0,0,2,9,0,0,18,0,0,10,0,0,9,0,0,2,0,0,13,0,0,7,0,0,8,0,0,1,0,0,1,0,0,2,0,0,1,0,0,6,0,0,15,0,0
2015360095819,0.644556,52.475317,1,1,1,3,8.51,3,6,60,0,0,0,0,0,1,2,2,0,0,2,21,0,0,18,0,0,10,0,0,9,0,0,6,0,0,13,0,0,1,0,0,4,0,0,1,0,0,1,0,0,1,0,0,1,0,0,9,0,0,7,0,0
2015360096298,0.295989,52.746584,1,2,3,2,13.58,3,6,60,3,4,5,0,0,1,2,2,0,0,2,9,21,0,9,18,0,10,10,0,6,8,0,6,6,0,13,13,0,9,9,0,12,12,0,3,1,0,1,1,0,6,1,0,2,1,0,5,8,0,13,3,0
2015360096308,1.26174,52.538107,1,1,1,1,11.48,3,6,30,0,0,0,0,0,1,1,1,0,0,2,9,0,0,18,0,0,10,0,0,9,0,0,6,0,0,13,0,0,9,0,0,12,0,0,4,0,0,1,0,0,6,0,0,2,0,0,6,0,0,12,0,0
2015360096531,1.117264,52.912843,1,1,1,5,17.6,3,6,40,0,0,0,0,0,7,1,1,0,0,2,9,0,0,18,0,0,10,0,0,9,0,0,6,0,0,13,0,0,9,0,0,12,0,0,3,0,0,1,0,0,6,0,0,1,0,0,9,0,0,8,0,0
201537EA86559,1.112638,52.098185,1,2,2,1,20.55,3,3,70,0,0,0,0,0,6,1,2,0,0,2,9,3,0,18,18,0,10,10,0,9,9,0,1,1,0,13,13,0,1,1,0,12,12,0,1,2,0,1,1,0,6,6,0,1,1,0,5,4,0,11,2,0
201537EA87258,1.332638,51.953491,1,1,1,6,13.50,3,6,30,8,4,6,0,0,1,1,1,0,0,1,21,0,0,7,0,0,9,0,0,6,0,0,6,0,0,13,0,0,9,0,0,10,0,0,3,0,0,1,0,0,1,0,0,1,0,0,10,0,0,20,0,0
201537EA88090,0.739046,52.038891,1,1,1,4,13.12,3,6,30,0,0,0,0,0,1,1,2,0,0,1,21,0,0,18,0,0,10,0,0,9,0,0,6,0,0,13,0,0,9,0,0,12,0,0,4,0,0,1,0,0,1,0,0,1,0,0,7,0,0,3,0,0
201537EA88337,0.716569,52.275251,1,2,1,4,9.34,3,3,70,0,0,0,0,0,1,1,1,0,0,2,9,21,0,18,2,0,6,6,0,9,9,0,6,6,0,13,13,0,1,9,0,12,12,0,1,3,0,1,1,0,6,1,0,1,1,0,8,9,0,11,10,0
201537EA88857,0.83011,52.004406,1,1,1,2,19.50,3,6,60,0,0,0,0,0,6,8,2,0,0,2,9,0,0,16,0,0,10,0,0,9,0,0,2,0,0,13,0,0,7,0,0,4,0,0,1,0,0,1,0,0,6,0,0,1,0,0,4,0,0,1,0,0
201537EA90329,0.719669,52.198957,1,1,1,5,11.21,5,6,30,0,0,0,0,0,1,1,1,0,0,2,9,0,0,17,0,0,10,0,0,9,0,0,1,0,0,13,0,0,1,0,0,4,0,0,3,0,0,1,0,0,6,0,0,1,0,0,9,0,0,12,0,0
201537EA90632,0.797078,52.235807,1,1,2,3,12.37,3,3,70,0,0,0,0,0,1,1,1,0,0,2,9,0,0,18,0,0,10,0,0,9,0,0,1,0,0,13,0,0,1,0,0,11,0,0,3,0,0,1,0,0,6,0,0,1,0,0,4,0,0,10,0,0
201537EA90814,0.749537,52.257905,1,2,2,1,11.45,3,6,60,0,0,0,0,0,1,1,1,0,0,2,5,9,0,13,17,0,10,10,0,9,9,0,6,6,0,13,13,0,9,9,0,12,12,0,1,1,0,1,1,0,6,6,0,1,2,0,7,8,0,27,2,0
201537EA91187,1.634926,52.362711,1,2,2,5,14.16,3,6,60,0,0,0,0,0,1,1,1,0,0,2,9,21,0,18,18,0,10,10,0,9,9,0,6,1,0,13,13,0,1,2,0,4,4,0,1,1,0,1,1,0,6,1,0,1,1,0,8,8,0,5,2,0
201537EA91313,0.817988,52.28746,1,4,1,4,15.57,3,6,60,0,0,0,0,0,1,1,1,0,0,2,9,9,9,13,14,4,10,10,10,9,9,9,6,6,6,13,13,13,7,9,9,4,12,12,3,3,5,1,1,1,6,6,6,2,1,1,11,8,10,6,15,6
201537EA91464,1.318567,52.09349,1,1,1,4,14.5,4,6,30,3,4,6,0,0,1,1,1,0,0,1,9,0,0,18,0,0,10,0,0,2,0,0,6,0,0,13,0,0,9,0,0,11,0,0,1,0,0,1,0,0,6,0,0,1,0,0,11,0,0,10,0,0
201537EA91930,1.735789,52.468715,1,1,1,5,17.5,3,6,40,0,0,0,0,4,1,1,1,0,0,1,9,0,0,18,0,0,10,0,0,9,0,0,6,0,0,13,0,0,9,0,0,12,0,0,1,0,0,1,0,0,2,0,0,2,0,0,6,0,0,11,0,0
201537EA92048,0.470613,52.330177,1,2,4,6,20.13,4,6,60,0,0,0,0,0,1,1,1,0,0,2,9,9,0,18,18,0,10,10,0,9,9,0,6,6,0,13,13,0,7,9,0,12,12,0,1,1,0,1,1,0,6,6,0,1,1,0,5,11,0,6,6,0
201537EA93611,0.631475,52.298879,1,2,3,7,14.6,3,6,60,0,0,0,0,0,1,1,1,0,0,2,5,9,0,16,18,0,10,10,0,9,9,0,6,6,0,13,13,0,9,9,0,12,12,0,1,1,0,1,1,0,6,6,0,1,1,0,8,10,0,20,12,0
201537EA94032,0.536054,52.337998,1,2,1,6,13.25,3,6,60,0,0,0,0,0,1,1,1,0,0,2,5,9,0,16,18,0,10,10,0,9,9,0,6,6,0,13,13,0,9,1,0,12,12,0,1,1,0,1,1,0,6,6,0,1,1,0,4,9,0,6,1,0
201537EA95200,1.620094,52.376983,1,1,2,5,1.30,6,6,60,0,0,0,0,0,6,1,1,0,0,2,9,0,0,18,0,0,10,0,0,9,0,0,1,0,0,13,0,0,1,0,0,4,0,0,4,0,0,1,0,0,6,0,0,1,0,0,6,0,0,15,0,0
201537EA95300,1.499532,52.168852,1,1,1,5,14.22,4,6,30,3,4,6,0,0,1,1,1,0,0,2,19,0,0,18,0,0,10,0,0,2,0,0,6,0,0,13,0,0,1,0,0,11,0,0,1,0,0,1,0,0,6,0,0,1,0,0,8,0,0,10,0,0
201537EA95304,1.117928,52.331188,1,2,3,1,20.20,3,6,50,0,0,0,0,0,6,1,1,0,0,2,9,21,0,13,18,0,10,10,0,9,9,0,6,3,0,13,13,0,9,1,0,12,12,0,1,1,0,1,1,0,6,1,0,2,1,0,5,7,0,11,7,0
201537EA95557,0.825688,52.013092,1,1,1,3,22.9,3,6,60,0,0,0,0,0,6,1,2,0,0,2,9,0,0,17,0,0,10,0,0,9,0,0,1,0,0,13,0,0,1,0,0,4,0,0,1,0,0,1,0,0,6,0,0,1,0,0,9,0,0,6,0,0
2015405BA0467,-0.231789,52.105812,1,2,2,3,13.23,4,6,60,0,0,0,0,0,1,1,1,0,0,2,9,9,0,16,17,0,10,10,0,9,9,0,6,6,0,13,13,0,9,9,0,12,12,0,1,1,0,1,1,0,6,6,0,2,1,0,11,9,0,12,11,0
2015405BA0814,-0.268153,52.071006,1,3,2,3,7.58,4,6,60,3,4,5,0,0,1,1,1,0,0,2,9,5,9,9,18,10,10,10,10,8,8,8,6,6,6,13,13,13,9,9,9,12,12,12,4,1,5,1,1,1,6,6,6,2,1,2,7,6,6,5,13,10
2015405CA0856,-0.484643,51.891236,1,2,2,1,2.11,3,1,30,1,4,3,0,7,4,1,1,0,0,1,5,8,0,18,18,0,10,10,0,4,8,0,6,6,0,13,13,0,9,9,0,12,12,0,1,4,0,1,1,0,6,1,0,1,1,0,4,8,0,16,5,0