Accident_Index,Longitude,Latitude,SV,Number_of_Vehicles,Number_of_Casualties,Day_of_Week,Time,1st_Road_Class,Road_Type,Speed_limit,Junction_Detail,Junction_Control,2nd_Road_Class,Pedestrian_Crossing-Human_Control,Pedestrian_Crossing-Physical_Facilities,Light_Conditions,Weather_Conditions,Road_Surface_Conditions,Special_Conditions_at_Site,Carriageway_Hazards,Urban_or_Rural_Area,Vehicle1_Type,Vehicle2_Type,Vehicle3_Type,Vehicle1_Manoeuvre,Vehicle2_Manoeuvre,Vehicle3_Manoeuvre,Vehicle1_Location-Restricted_Lane,Vehicle2_Location-Restricted_Lane,Vehicle3_Location-Restricted_Lane,Junction1_Location,Junction2_Location,Junction3_Location,Skidding1_and_Overturning,Skidding2_and_Overturning,Skidding3_and_Overturning,Hit_Object_in_Carriageway1,Hit_Object_in_Carriageway2,Hit_Object_in_Carriageway3,Vehicle1_Leaving_Carriageway,Vehicle2_Leaving_Carriageway,Vehicle3_Leaving_Carriageway,Hit_Object_off_Carriageway1,Hit_Object_off_Carriageway2,Hit_Object_off_Carriageway3,1st_Point_of_Impact1,1st_Point_of_Impact2,1st_Point_of_Impact3,Was_Vehicle 1_Left_Hand_Drive?,Was_Vehicle2_Left_Hand_Drive?,Was_Vehicle 3_Left_Hand_Drive?,Journey_Purpose_of_Driver1,Journey_Purpose_of_Driver2,Journey_Purpose_of_Driver3,Sex_of_Driver1,Sex_of_Driver2,Sex_of_Driver3,Age_Band_of_Driver1,Age_Band_of_Driver2,Age_Band_of_Driver3,Age_of_Vehicle1,Age_of_Vehicle2,Age_of_Vehicle3
2015405CA0943,-0.479444,51.89241,1,1,1,1,20.32,3,3,30,3,4,6,0,0,1,1,1,0,0,1,9,0,0,18,0,0,10,0,0,2,0,0,6,0,0,13,0,0,9,0,0,12,0,0,1,0,0,1,0,0,6,0,0,1,0,0,6,0,0,10,0,0
2015405DA0636,-0.496924,51.935596,1,1,2,7,23.55,1,3,70,0,0,0,0,0,6,1,1,0,0,2,9,0,0,18,0,0,10,0,0,9,0,0,2,0,0,13,0,0,1,0,0,7,0,0,1,0,0,1,0,0,6,0,0,1,0,0,6,0,0,13,0,0
2015405DA0691,-0.573909,51.899158,1,2,1,6,0.54,3,6,60,0,0,0,0,0,6,1,1,0,0,2,9,9,0,13,18,0,10,10,0,9,9,0,2,6,0,13,13,0,7,9,0,4,12,0,1,5,0,1,1,0,6,6,0,1,1,0,6,6,0,10,13,0
2015405DA0732,-0.527272,51.951463,1,2,1,4,6.25,3,6,30,0,0,0,0,0,1,1,1,0,0,2,9,21,0,18,18,0,10,10,0,9,9,0,6,6,0,13,13,0,9,9,0,12,12,0,1,1,0,1,1,0,2,1,0,1,1,0,5,6,0,4,5,0
2015405DA0987,-0.516035,51.949362,1,2,5,3,23.18,4,6,60,0,0,0,0,0,6,1,1,0,1,2,9,9,0,18,18,0,10,10,0,9,9,0,1,6,0,13,13,0,2,9,0,12,12,0,4,1,0,1,1,0,6,6,0,1,1,0,4,9,0,10,1,0
20154100A0199,0.025514,51.780419,1,2,2,3,11.27,4,6,60,3,4,6,0,0,1,1,1,0,0,2,9,5,0,9,18,0,10,10,0,6,8,0,6,6,0,13,13,0,9,9,0,12,12,0,4,1,0,1,1,0,6,6,0,2,1,0,7,9,0,3,10,0
20154100C0420,-0.371532,51.626802,1,2,2,5,16.50,3,6,40,0,0,0,0,0,1,1,1,0,0,1,9,9,0,18,18,0,10,10,0,9,9,0,6,6,0,13,13,0,9,1,0,12,12,0,1,1,0,1,1,0,6,6,0,2,2,0,11,6,0,3,5,0
20154100F0004,-0.356142,51.816102,1,1,2,3,11.20,6,2,30,3,4,6,0,0,1,1,1,0,0,1,9,0,0,18,0,0,9,0,0,8,0,0,6,0,0,13,0,0,3,0,0,10,0,0,1,0,0,1,0,0,6,0,0,2,0,0,11,0,0,6,0,0
20154100F0607,-0.374512,51.737364,1,1,1,2,1.20,3,3,70,0,0,0,0,0,4,1,1,0,0,2,9,0,0,18,0,0,10,0,0,9,0,0,6,0,0,13,0,0,1,0,0,4,0,0,1,0,0,1,0,0,6,0,0,2,0,0,6,0,0,9,0,0
20154100G0272,-0.37537,51.91919,1,1,2,7,17.11,3,3,70,0,0,0,0,0,1,1,1,0,0,2,5,0,0,17,0,0,10,0,0,9,0,0,1,0,0,13,0,0,9,0,0,12,0,0,1,0,0,1,0,0,6,0,0,1,0,0,6,0,0,7,0,0
20154100G0488,-0.273699,51.927463,1,1,2,1,3.7,5,6,60,0,0,0,0,0,6,1,1,0,0,2,9,0,0,17,0,0,10,0,0,9,0,0,5,0,0,10,0,0,2,0,0,10,0,0,4,0,0,1,0,0,6,0,0,1,0,0,5,0,0,17,0,0
20154100J0601,-0.195118,51.712121,1,1,1,6,16.53,5,6,60,0,0,0,0,0,6,1,2,0,0,2,9,0,0,18,0,0,10,0,0,9,0,0,6,0,0,13,0,0,9,0,0,12,0,0,1,0,0,1,0,0,6,0,0,2,0,0,6,0,0,6,0,0
20154100K0650,-0.023955,51.721902,1,1,1,6,11.30,6,6,30,1,4,6,0,8,1,1,1,0,0,1,19,0,0,18,0,0,10,0,0,1,0,0,6,0,0,13,0,0,1,0,0,12,0,0,1,0,0,1,0,0,6,0,0,1,0,0,8,0,0,9,0,0
20154100T1017,-0.392178,51.734613,1,2,4,1,9.40,1,3,70,0,0,0,0,0,1,1,1,0,0,2,9,9,0,18,3,0,10,10,0,9,9,0,6,6,0,13,13,0,1,9,0,12,12,0,1,2,0,1,1,0,6,6,0,1,2,0,7,8,0,2,9,0
20154100T2017,-0.198483,51.847692,1,1,1,3,5.54,2,3,70,0,0,0,0,0,1,1,1,0,0,2,9,0,0,18,0,0,10,0,0,9,0,0,6,0,0,13,0,0,1,0,0,7,0,0,1,0,0,1,0,0,2,0,0,1,0,0,7,0,0,8,0,0
2015420031677,0.934367,51.885323,1,1,1,6,9.10,6,6,30,0,0,0,0,0,1,9,1,0,0,1,9,0,0,1,0,0,5,0,0,9,0,0,6,0,0,13,0,0,9,0,0,12,0,0,4,0,0,1,0,0,6,0,0,1,0,0,7,0,0,12,0,0
2015420032878,0.493403,51.572917,1,1,1,7,18.5,3,3,50,1,4,6,0,8,4,8,2,0,0,1,9,0,0,18,0,0,10,0,0,3,0,0,6,0,0,13,0,0,1,0,0,12,0,0,1,0,0,1,0,0,5,0,0,1,0,0,4,0,0,5,0,0
2015420037984,0.558528,51.554014,1,1,1,4,17.24,4,2,30,0,0,0,0,1,4,9,1,0,0,1,19,0,0,18,0,0,10,0,0,9,0,0,6,0,0,13,0,0,9,0,0,12,0,0,1,0,0,1,0,0,5,0,0,1,0,0,8,0,0,4,0,0
201542I014601,0.91061,51.889898,1,1,1,6,16.56,6,6,30,3,4,6,0,0,4,1,1,0,0,1,11,0,0,18,0,0,10,0,0,2,0,0,6,0,0,13,0,0,9,0,0,12,0,0,1,0,0,1,0,0,1,0,0,1,0,0,9,0,0,2,0,0
201542I026901,0.058727,51.643336,1,2,1,4,18.52,6,6,30,0,0,0,0,0,4,1,1,0,0,1,9,9,0,18,18,0,10,10,0,9,9,0,6,6,0,13,13,0,9,9,0,12,12,0,1,5,0,1,1,0,6,6,0,1,1,0,11,7,0,11,7,0
201542I029301,0.617842,51.594551,1,1,4,1,3.15,4,6,30,0,0,0,0,0,5,1,1,0,0,1,9,0,0,17,0,0,10,0,0,9,0,0,5,0,0,13,0,0,1,0,0,3,0,0,1,0,0,1,0,0,6,0,0,1,0,0,6,0,0,15,0,0
201542I030202,0.929345,51.887211,1,1,1,1,3.45,3,6,40,0,0,0,0,0,5,1,2,0,0,1,9,0,0,18,0,0,10,0,0,9,0,0,6,0,0,13,0,0,9,0,0,12,0,0,1,0,0,1,0,0,6,0,0,1,0,0,6,0,0,15,0,0
201542I065003,0.502249,51.747134,1,1,1,5,8.5,4,6,40,3,4,6,0,0,1,1,1,0,0,1,9,0,0,17,0,0,10,0,0,8,0,0,6,0,0,13,0,0,9,0,0,12,0,0,1,0,0,1,0,0,6,0,0,1,0,0,8,0,0,9,0,0
201542I065102,0.272148,51.664048,1,1,1,6,20.10,3,6,40,0,0,0,0,0,6,1,1,0,0,2,9,0,0,18,0,0,10,0,0,9,0,0,6,0,0,13,0,0,9,0,0,12,0,0,1,0,0,1,0,0,6,0,0,1,0,0,9,0,0,6,0,0
201542I115304,0.910669,51.897559,1,1,1,4,7.50,3,3,40,3,2,6,0,4,1,1,1,0,0,1,9,0,0,18,0,0,10,0,0,1,0,0,6,0,0,13,0,0,9,0,0,12,0,0,1,0,0,1,0,0,2,0,0,2,0,0,5,0,0,9,0,0
201542I138105,1.131032,51.828148,1,2,4,3,15.25,3,6,60,0,0,0,0,0,1,1,1,0,0,2,9,9,0,18,18,0,10,10,0,9,9,0,6,6,0,13,13,0,9,1,0,12,10,0,1,1,0,1,1,0,6,6,0,1,1,0,11,9,0,3,2,0
201542I138705,0.537164,51.76081,1,1,1,3,18.10,4,6,40,0,0,0,0,0,1,1,1,0,0,2,9,0,0,5,0,0,10,0,0,9,0,0,6,0,0,13,0,0,1,0,0,2,0,0,1,0,0,1,0,0,6,0,0,2,0,0,9,0,0,5,0,0
201542I140705,0.490172,51.592474,1,3,1,4,17.0,3,3,70,0,0,0,0,0,1,1,1,0,0,2,5,9,9,18,4,18,10,10,10,9,9,9,1,6,6,13,13,13,9,4,9,12,6,12,1,2,1,1,1,1,6,2,2,1,2,1,8,9,6,12,9,1
201542I152805,0.066383,51.625117,1,1,2,1,8.5,4,6,30,0,0,0,0,0,1,1,1,0,0,2,9,0,0,18,0,0,10,0,0,9,0,0,6,0,0,13,0,0,1,0,0,4,0,0,4,0,0,1,0,0,6,0,0,1,0,0,4,0,0,8,0,0
201542I180206,0.084021,51.640183,1,1,1,2,22.53,1,3,70,0,0,0,0,0,6,1,1,0,0,2,21,0,0,18,0,0,10,0,0,9,0,0,6,0,0,13,0,0,9,0,0,12,0,0,1,0,0,1,0,0,1,0,0,1,0,0,9,0,0,5,0,0
201542I195507,0.81982,51.835721,1,1,1,1,8.53,6,6,30,0,0,0,0,0,1,1,1,0,0,2,17,0,0,18,0,0,10,0,0,9,0,0,6,0,0,13,0,0,7,0,0,11,0,0,1,0,0,1,0,0,1,0,0,1,0,0,9,0,0,3,0,0
201542I195607,0.460685,51.739162,1,1,1,5,20.22,3,6,30,0,0,0,0,0,1,1,1,0,0,1,9,0,0,18,0,0,10,0,0,9,0,0,6,0,0,13,0,0,9,0,0,12,0,0,1,0,0,1,0,0,6,0,0,1,0,0,5,0,0,13,0,0
201542I207306,0.325206,51.475181,1,2,1,6,19.0,4,6,30,3,4,6,0,1,1,1,1,0,0,1,9,5,0,9,18,0,10,10,0,8,8,0,6,6,0,13,13,0,9,9,0,12,12,0,4,1,0,1,1,0,6,6,0,2,1,0,9,6,0,1,3,0
201542I260808,0.504416,51.563482,1,1,1,7,2.55,3,1,30,1,4,4,0,7,4,1,1,0,0,2,9,0,0,18,0,0,10,0,0,4,0,0,5,0,0,9,0,0,3,0,0,7,0,0,1,0,0,1,0,0,6,0,0,1,0,0,5,0,0,16,0,0
201542I278809,0.233344,52.012958,1,2,2,5,22.3,4,6,60,0,0,0,0,0,6,1,1,0,0,1,9,9,0,18,18,0,10,10,0,9,9,0,6,6,0,13,13,0,9,9,0,12,12,0,1,1,0,1,1,0,6,6,0,1,2,0,6,8,0,5,3,0
201542I311309,1.085754,51.792425,1,1,2,4,19.1,6,6,60,0,0,0,0,0,6,1,1,0,0,2,5,0,0,18,0,0,10,0,0,9,0,0,1,0,0,13,0,0,1,0,0,4,0,0,1,0,0,1,0,0,6,0,0,1,0,0,7,0,0,22,0,0
201542I328910,0.486915,51.803953,1,3,2,2,20.14,3,6,60,3,4,6,0,0,6,1,1,0,0,2,9,9,9,18,18,18,10,10,10,2,1,2,6,6,6,7,13,13,9,9,9,12,12,12,1,3,1,1,1,1,1,1,6,1,1,2,10,7,7,13,2,1
201543N031105,-0.804208,51.563227,1,3,1,3,13.46,3,6,60,3,4,6,0,0,1,1,1,0,0,2,5,9,9,7,18,18,10,10,10,1,1,1,1,6,6,13,13,13,9,9,9,12,12,12,1,1,1,1,1,1,6,6,6,1,1,1,6,6,10,7,9,4
201543N033125,-0.65403,51.535668,1,1,1,2,18.16,6,6,30,0,0,0,0,0,5,1,2,0,0,1,9,0,0,18,0,0,10,0,0,9,0,0,6,0,0,13,0,0,9,0,0,12,0,0,1,0,0,1,0,0,6,0,0,2,0,0,10,0,0,12,0,0
201543N046095,-0.921238,51.775735,1,1,2,5,13.53,5,6,30,0,0,0,0,0,1,1,1,0,0,2,90,0,0,18,0,0,10,0,0,9,0,0,6,0,0,13,0,0,1,0,0,12,0,0,1,0,0,1,0,0,6,0,0,1,0,0,11,0,0,10,0,0
201543N077105,-0.619902,51.643786,1,2,2,1,19.22,3,6,60,0,0,0,0,0,7,1,1,0,0,2,9,9,0,16,17,0,10,10,0,9,9,0,1,1,0,10,10,0,1,1,0,12,12,0,1,1,0,1,1,0,6,6,0,1,2,0,9,6,0,14,2,0
201543N134075,-0.847856,51.830237,1,2,4,6,16.25,3,6,40,0,0,0,0,0,1,1,1,0,0,2,9,21,0,18,18,0,10,10,0,9,9,0,6,6,0,13,13,0,9,1,0,12,12,0,1,1,0,1,1,0,6,1,0,1,1,0,11,8,0,10,10,0
201543N137115,-0.753389,51.614671,1,1,1,6,23.30,1,3,70,0,0,0,0,0,6,9,1,0,0,1,5,0,0,18,0,0,10,0,0,9,0,0,6,0,0,13,0,0,1,0,0,12,0,0,4,0,0,1,0,0,6,0,0,1,0,0,6,0,0,15,0,0
201543N144015,-0.831347,51.896718,1,2,2,4,13.15,3,6,60,0,0,0,0,0,1,1,2,0,0,2,9,19,0,16,18,0,10,10,0,9,9,0,1,6,0,13,13,0,1,9,0,12,12,0,1,1,0,1,1,0,6,1,0,2,2,0,6,7,0,11,1,0
201543N156015,-0.624817,51.577798,1,1,1,6,2.0,3,6,50,0,0,0,0,0,6,1,2,0,0,2,9,0,0,16,0,0,10,0,0,9,0,0,6,0,0,13,0,0,7,0,0,11,0,0,1,0,0,1,0,0,6,0,0,1,0,0,7,0,0,8,0,0
201543N189025,-0.817242,51.737941,1,2,1,3,21.51,3,6,40,0,0,0,0,0,6,1,1,0,1,2,3,9,0,17,17,0,10,10,0,9,9,0,1,6,0,10,13,0,2,9,0,11,12,0,1,1,0,1,1,0,6,6,0,1,2,0,5,11,0,6,5,0
201543N220015,-0.492796,51.558121,1,3,1,3,12.44,3,6,40,0,0,0,0,0,1,1,1,0,0,2,9,4,9,18,3,3,10,10,10,9,9,9,6,6,6,13,13,13,9,9,9,12,12,12,1,2,2,1,1,1,6,6,6,1,1,1,6,8,7,10,8,1
201543N234035,-0.699968,51.918232,1,2,5,6,14.17,3,3,70,0,0,0,0,0,1,1,1,0,0,2,21,9,0,2,18,0,10,10,0,9,9,0,6,6,0,13,4,0,1,1,0,7,7,0,1,2,0,1,1,0,6,1,0,1,2,0,6,7,0,6,10,0
201543P001015,-1.604501,51.666414,1,1,1,5,22.18,3,6,60,0,0,0,0,0,6,2,2,0,0,2,9,0,0,17,0,0,10,0,0,9,0,0,2,0,0,13,0,0,8,0,0,4,0,0,1,0,0,1,0,0,6,0,0,1,0,0,7,0,0,13,0,0
201543P001035,-1.099287,51.774959,1,1,2,2,15.6,1,3,70,0,0,0,0,0,1,1,1,0,0,2,9,0,0,18,0,0,10,0,0,9,0,0,6,0,0,6,0,0,1,0,0,7,0,0,1,0,0,1,0,0,6,0,0,1,0,0,10,0,0,5,0,0
201543P018015,-1.089279,51.738548,1,2,1,2,18.9,3,6,50,9,4,6,0,0,6,1,1,0,0,2,21,9,0,9,18,0,8,10,0,6,1,0,6,6,0,13,13,0,9,9,0,12,12,0,3,1,0,1,1,0,1,6,0,1,1,0,8,11,0,6,11,0
201543P021015,-1.536214,51.673222,1,3,2,5,17.49,3,6,50,6,4,6,0,0,6,1,1,0,0,2,9,21,19,10,18,18,10,10,10,8,8,8,6,6,6,13,13,13,9,7,1,12,11,11,2,1,1,1,1,1,3,2,2,2,1,1,7,6,5,2,8,2
201543P064055,-1.383038,51.647891,1,2,2,6,14.7,3,6,50,0,0,0,0,0,1,1,1,0,0,2,9,19,0,18,18,0,10,10,0,9,9,0,6,6,0,13,13,0,9,9,0,12,12,0,1,1,0,1,1,0,6,1,0,1,1,0,11,8,0,9,4,0
201543P069105,-1.640103,51.59654,1,1,1,7,17.5,6,6,60,0,0,0,0,0,1,1,1,0,0,2,9,0,0,17,0,0,10,0,0,9,0,0,1,0,0,13,0,0,1,0,0,11,0,0,1,0,0,1,0,0,6,0,0,1,0,0,8,0,0,8,0,0
201543P087045,-1.39118,51.675636,1,3,1,2,16.28,3,6,60,8,4,6,0,0,1,1,1,0,0,2,3,9,19,18,10,18,10,10,10,1,1,8,1,6,6,13,13,13,9,9,9,12,12,12,1,2,1,1,1,1,6,1,1,1,1,1,4,7,8,2,1,1
201543P102075,-0.933394,51.504884,1,2,6,6,15.30,6,6,30,6,4,6,0,0,1,1,1,0,0,2,9,9,0,18,18,0,10,10,0,8,1,0,6,6,0,13,13,0,9,9,0,12,12,0,3,1,0,1,1,0,6,3,0,1,2,0,11,7,0,11,2,0
201543P125075,-1.216852,51.857512,1,5,3,1,15.27,3,3,70,0,0,0,0,0,1,9,1,0,0,2,21,9,9,18,18,18,10,10,10,9,9,9,6,6,6,13,13,13,9,1,9,12,10,12,1,2,2,1,1,1,1,6,6,1,2,2,7,10,8,3,4,4
201543P175015,-1.015609,51.506771,1,2,3,5,8.6,3,6,50,0,0,0,0,0,1,1,4,0,0,2,9,9,0,17,16,0,10,10,0,9,9,0,1,6,0,13,13,0,9,9,0,12,12,0,1,1,0,1,1,0,2,3,0,2,2,0,4,8,0,12,2,0
201543P281125,-1.325228,51.942204,1,3,2,4,8.6,3,3,70,0,0,0,0,0,1,4,1,0,0,2,19,9,9,18,2,16,10,10,10,9,9,9,6,6,6,13,13,13,9,9,1,12,12,4,2,5,1,1,1,1,1,1,6,1,1,1,8,10,4,1,1,13
201543P282075,-1.200637,51.87944,1,1,2,2,20.44,1,3,70,0,0,0,0,0,1,1,1,0,0,2,9,0,0,18,0,0,10,0,0,9,0,0,6,0,0,13,0,0,1,0,0,7,0,0,1,0,0,1,0,0,6,0,0,1,0,0,6,0,0,8,0,0
201543P296075,-1.551322,51.667778,1,4,2,3,9.10,3,6,50,0,0,0,0,0,1,1,1,0,0,2,19,9,19,16,17,17,10,10,10,9,9,9,5,6,6,13,13,13,9,9,9,12,12,12,1,1,1,1,1,1,1,2,1,1,2,1,5,6,10,1,1,5
201543P336115,-1.669803,51.872394,1,5,4,6,12.34,3,6,60,3,4,6,0,0,1,1,2,0,0,2,9,9,9,18,4,18,10,10,10,1,1,1,6,6,6,13,13,13,9,9,9,12,12,12,1,2,1,1,1,1,6,6,6,2,1,1,11,9,10,9,8,17
201543R061125,-0.628588,51.517677,1,3,3,2,14.30,3,6,40,3,2,6,0,0,1,1,1,0,0,1,9,9,9,18,18,9,10,10,10,5,5,8,6,6,6,13,13,13,9,9,9,12,12,12,1,1,3,1,1,1,6,6,6,1,1,1,5,6,9,14,9,13
201543R066015,-0.672831,51.424021,1,2,3,6,8.40,3,6,60,0,0,0,0,0,1,1,2,0,0,2,9,9,0,18,18,0,10,10,0,9,9,0,6,6,0,13,13,0,9,1,0,12,9,0,1,1,0,1,1,0,6,6,0,1,1,0,10,9,0,8,7,0
201543R074055,-0.769779,51.377169,1,2,4,5,20.17,3,6,60,0,0,0,0,0,1,2,2,0,0,2,19,19,0,13,18,0,10,10,0,9,9,0,6,6,0,13,13,0,7,9,0,12,12,0,1,1,0,1,1,0,6,6,0,1,1,0,5,7,0,1,15,0
201543R188085,-0.74389,51.46731,1,1,1,7,1.38,6,1,50,1,4,3,0,0,6,1,1,0,0,2,9,0,0,18,0,0,10,0,0,4,0,0,5,0,0,9,0,0,3,0,0,12,0,0,1,0,0,1,0,0,6,0,0,1,0,0,8,0,0,10,0,0
201543R208065,-0.728605,51.451607,1,1,1,2,18.58,3,6,60,0,0,0,0,0,1,1,1,0,0,2,2,0,0,17,0,0,10,0,0,9,0,0,6,0,0,13,0,0,2,0,0,1,0,0,1,0,0,1,0,0,6,0,0,1,0,0,7,0,0,10,0,0
201543R222115,-0.592494,51.510353,1,1,1,5,14.24,3,3,30,3,2,6,0,5,1,1,2,0,0,1,8,0,0,18,0,0,10,0,0,1,0,0,6,0,0,13,0,0,9,0,0,12,0,0,1,0,0,1,0,0,1,0,0,1,0,0,7,0,0,7,0,0
201543S055045,-0.805682,52.014443,1,1,1,6,16.40,5,6,60,0,0,0,0,0,1,1,1,0,0,2,9,0,0,18,0,0,10,0,0,9,0,0,6,0,0,13,0,0,9,0,0,12,0,0,1,0,0,1,0,0,6,0,0,2,0,0,4,0,0,13,0,0
201543S058125,-0.711283,52.008009,1,2,1,6,22.40,3,3,70,0,0,0,0,0,6,1,1,0,0,2,9,9,0,18,18,0,10,10,0,9,9,0,6,6,0,13,13,0,9,9,0,12,12,0,1,1,0,1,1,0,6,6,0,2,1,0,6,6,0,12,10,0
201543S114055,-0.672883,52.049662,1,2,2,6,7.0,1,3,70,0,0,0,0,0,1,1,1,0,0,2,21,21,0,18,2,0,10,10,0,9,9,0,3,6,0,13,13,0,9,9,0,12,12,0,1,2,0,1,1,0,1,1,0,1,1,0,6,8,0,1,1,0
201543W026075,-1.412302,51.413011,1,2,2,6,18.19,3,6,60,0,0,0,0,0,1,1,1,0,0,2,9,9,0,18,18,0,10,10,0,9,9,0,6,6,0,13,13,0,9,1,0,12,11,0,4,1,0,1,1,0,6,6,0,1,2,0,5,9,0,22,2,0
201543W057115,-0.842061,51.410951,1,1,1,5,13.59,3,2,30,6,2,3,0,5,1,2,2,0,0,1,21,0,0,5,0,0,10,0,0,1,0,0,6,0,0,13,0,0,9,0,0,12,0,0,1,0,0,1,0,0,1,0,0,1,0,0,6,0,0,6,0,0
201543W249105,-1.573468,51.487943,1,1,2,7,19.4,1,3,70,0,0,0,0,0,6,1,1,0,0,2,9,0,0,18,0,0,10,0,0,9,0,0,6,0,0,13,0,0,9,0,0,12,0,0,1,0,0,1,0,0,6,0,0,1,0,0,9,0,0,8,0,0
2015440000246,-1.125427,51.245339,1,1,1,5,0.30,3,6,40,0,0,0,0,0,4,1,2,0,0,1,8,0,0,18,0,0,10,0,0,9,0,0,6,0,0,13,0,0,9,0,0,12,0,0,1,0,0,1,0,0,1,0,0,1,0,0,6,0,0,6,0,0
2015440034716,-1.646585,50.753802,1,1,1,6,17.40,6,6,30,0,0,0,0,0,4,1,1,0,0,1,9,0,0,18,0,0,10,0,0,9,0,0,6,0,0,13,0,0,9,0,0,12,0,0,1,0,0,1,0,0,6,0,0,1,0,0,5,0,0,16,0,0
2015440095215,-1.049705,51.008054,1,2,1,6,15.10,6,6,60,0,0,0,0,0,1,1,1,0,0,2,5,9,0,13,18,0,10,10,0,9,9,0,1,6,0,13,13,0,9,9,0,12,12,0,1,5,0,1,1,0,6,6,0,1,1,0,8,10,0,14,11,0
2015440102000,-1.262656,50.876448,1,5,2,5,9.0,1,3,70,0,0,0,0,0,1,1,2,0,0,2,21,9,9,18,4,18,10,10,10,9,9,9,6,6,6,13,13,13,9,9,9,12,12,12,1,2,2,1,1,1,6,2,2,1,1,1,8,7,7,1,13,4
2015440106687,-1.372415,50.81791,1,1,1,2,7.8,6,6,30,8,4,6,0,8,1,1,2,0,0,1,9,0,0,9,0,0,10,0,0,8,0,0,6,0,0,13,0,0,9,0,0,12,0,0,3,0,0,1,0,0,6,0,0,2,0,0,6,0,0,2,0,0
2015440138459,-1.364177,50.902917,1,3,1,6,17.40,6,6,30,0,0,0,0,0,1,1,1,0,0,1,5,9,8,18,5,18,10,10,10,9,9,9,1,6,6,13,13,13,9,9,9,12,12,12,1,2,1,1,1,1,6,6,1,1,1,1,4,7,6,1,12,2
2015440139956,-1.432852,50.934456,1,1,1,7,22.30,6,6,30,0,0,0,0,4,4,9,2,0,0,1,19,0,0,18,0,0,10,0,0,9,0,0,6,0,0,13,0,0,9,0,0,12,0,0,1,0,0,1,0,0,6,0,0,1,0,0,5,0,0,9,0,0
2015440148835,-1.19843,51.31001,1,2,2,1,7.14,3,6,60,0,0,0,0,0,1,2,2,0,0,2,9,9,0,16,17,0,10,10,0,9,9,0,1,6,0,13,13,0,9,1,0,12,12,0,1,1,0,1,1,0,6,2,0,1,1,0,9,5,0,2,12,0
2015440173317,-1.22823,51.19433,1,2,1,7,0.20,3,3,70,0,0,0,0,0,6,1,2,0,0,2,9,9,0,18,18,0,10,10,0,9,9,0,6,6,0,13,13,0,9,9,0,12,12,0,1,1,0,1,1,0,6,6,0,1,1,0,7,9,0,7,2,0
2015440175317,-1.188254,50.611323,1,2,5,1,16.55,3,6,60,0,0,0,0,0,1,1,1,0,0,2,5,9,0,16,17,0,10,10,0,9,9,0,1,1,0,13,13,0,7,9,0,12,12,0,1,1,0,1,1,0,6,6,0,1,1,0,8,7,0,12,5,0
2015440202487,-1.211655,50.851421,1,2,3,2,13.0,3,3,30,3,2,6,0,0,1,1,1,0,0,1,5,9,0,18,9,0,10,10,0,8,8,0,6,6,0,13,13,0,9,9,0,12,12,0,1,4,0,1,1,0,6,1,0,2,2,0,8,6,0,12,3,0
2015440237257,-1.383664,51.111329,1,1,2,7,3.45,6,6,60,0,0,0,0,0,6,1,1,0,0,2,9,0,0,18,0,0,10,0,0,9,0,0,5,0,0,13,0,0,7,0,0,4,0,0,1,0,0,1,0,0,6,0,0,1,0,0,8,0,0,29,0,0
2015440262619,-1.458053,51.151109,1,2,2,5,21.0,3,6,60,0,0,0,0,0,6,1,1,0,0,2,5,9,0,18,18,0,10,10,0,9,9,0,6,6,0,13,13,0,7,9,0,12,12,0,1,1,0,1,1,0,6,2,0,1,1,0,6,7,0,8,11,0
2015440265027,-1.102893,50.856724,1,2,4,7,18.30,6,6,40,0,0,0,0,0,1,1,1,0,0,2,9,5,0,17,16,0,10,10,0,9,9,0,6,6,0,13,13,0,9,9,0,12,12,0,1,1,0,1,1,0,6,6,0,1,1,0,7,5,0,4,11,0
2015440292365,-1.572374,50.834775,1,4,3,7,22.54,3,6,60,0,0,0,0,0,5,2,2,0,0,2,9,90,9,18,18,18,10,10,10,9,9,9,6,6,6,13,13,13,7,1,9,4,4,12,1,1,1,1,1,1,6,1,6,1,1,2,5,6,5,14,4,4
2015440301341,-1.699877,50.762063,1,2,5,1,14.28,3,6,40,0,0,0,0,0,1,1,1,0,0,2,9,9,0,18,18,0,10,10,0,9,9,0,6,6,0,13,13,0,9,9,0,12,12,0,1,1,0,1,1,0,6,6,0,1,2,0,9,10,0,14,4,0
2015440301647,-1.505584,50.669657,1,1,1,1,19.40,3,6,60,0,0,0,0,0,1,1,2,0,0,2,9,0,0,17,0,0,10,0,0,9,0,0,2,0,0,13,0,0,7,0,0,12,0,0,1,0,0,1,0,0,6,0,0,1,0,0,8,0,0,4,0,0
2015440310822,-1.241322,51.149141,1,2,1,2,15.43,1,3,70,0,0,0,0,0,1,1,1,0,0,2,9,9,0,18,18,0,10,10,0,9,9,0,5,6,0,13,13,0,1,9,0,7,12,0,1,2,0,1,1,0,2,6,0,1,2,0,6,8,0,3,4,0