Accident_Index,Longitude,Latitude,SV,Number_of_Vehicles,Number_of_Casualties,Day_of_Week,Time,1st_Road_Class,Road_Type,Speed_limit,Junction_Detail,Junction_Control,2nd_Road_Class,Pedestrian_Crossing-Human_Control,Pedestrian_Crossing-Physical_Facilities,Light_Conditions,Weather_Conditions,Road_Surface_Conditions,Special_Conditions_at_Site,Carriageway_Hazards,Urban_or_Rural_Area,Vehicle1_Type,Vehicle2_Type,Vehicle3_Type,Vehicle1_Manoeuvre,Vehicle2_Manoeuvre,Vehicle3_Manoeuvre,Vehicle1_Location-Restricted_Lane,Vehicle2_Location-Restricted_Lane,Vehicle3_Location-Restricted_Lane,Junction1_Location,Junction2_Location,Junction3_Location,Skidding1_and_Overturning,Skidding2_and_Overturning,Skidding3_and_Overturning,Hit_Object_in_Carriageway1,Hit_Object_in_Carriageway2,Hit_Object_in_Carriageway3,Vehicle1_Leaving_Carriageway,Vehicle2_Leaving_Carriageway,Vehicle3_Leaving_Carriageway,Hit_Object_off_Carriageway1,Hit_Object_off_Carriageway2,Hit_Object_off_Carriageway3,1st_Point_of_Impact1,1st_Point_of_Impact2,1st_Point_of_Impact3,Was_Vehicle 1_Left_Hand_Drive?,Was_Vehicle2_Left_Hand_Drive?,Was_Vehicle 3_Left_Hand_Drive?,Journey_Purpose_of_Driver1,Journey_Purpose_of_Driver2,Journey_Purpose_of_Driver3,Sex_of_Driver1,Sex_of_Driver2,Sex_of_Driver3,Age_Band_of_Driver1,Age_Band_of_Driver2,Age_Band_of_Driver3,Age_of_Vehicle1,Age_of_Vehicle2,Age_of_Vehicle3
2015440312702,-0.979372,50.847041,1,4,2,4,9.50,3,3,70,5,4,3,0,0,1,1,1,0,0,1,9,9,21,4,12,18,10,10,10,8,8,8,6,6,1,13,13,13,9,9,9,12,12,12,5,2,1,1,1,1,6,6,1,2,2,1,7,6,8,7,4,8
2015440333288,-1.544109,51.167086,1,2,1,6,5.35,3,6,60,0,0,0,0,0,6,1,1,0,0,2,9,21,0,16,17,0,10,10,0,9,9,0,1,6,0,13,13,0,9,9,0,12,12,0,3,3,0,1,1,0,6,1,0,1,1,0,7,6,0,10,1,0
2015440344848,-1.3635,50.617088,1,2,1,1,14.42,3,6,60,0,0,0,0,0,1,1,1,0,0,2,9,3,0,13,13,0,10,10,0,9,9,0,1,1,0,13,13,0,7,7,0,12,12,0,3,1,0,1,1,0,6,6,0,1,1,0,10,5,0,15,9,0
2015440357164,-1.455545,51.109095,1,2,2,4,11.19,4,6,60,0,0,0,0,0,1,1,1,0,0,2,9,9,0,13,18,0,10,10,0,9,9,0,6,2,0,13,13,0,9,1,0,12,12,0,1,1,0,1,1,0,6,6,0,2,1,0,10,7,0,12,13,0
2015440379984,-1.097125,51.275688,1,2,1,1,14.22,6,6,30,6,4,6,0,7,1,7,2,0,0,1,3,9,0,18,18,0,10,10,0,8,8,0,6,6,0,13,13,0,9,9,0,12,12,0,1,4,0,1,1,0,6,6,0,1,1,0,5,9,0,3,3,0
2015440417941,-1.473227,50.930554,1,4,4,3,17.15,1,3,70,5,4,1,0,0,6,1,1,0,0,1,21,21,9,4,4,4,10,10,10,8,8,8,6,6,6,13,13,13,9,1,9,12,12,12,2,2,2,1,1,1,1,1,2,1,1,1,6,6,6,2,3,6
2015440441338,-1.620934,50.89334,1,1,1,4,23.53,6,6,40,0,0,0,0,0,6,2,2,0,0,2,9,0,0,17,0,0,10,0,0,9,0,0,5,0,0,13,0,0,1,0,0,4,0,0,4,0,0,1,0,0,6,0,0,2,0,0,6,0,0,14,0,0
2015450020944,-0.535328,51.437077,1,1,1,1,2.51,1,3,70,5,4,3,0,0,4,1,1,0,0,2,9,0,0,18,0,0,10,0,0,6,0,0,6,0,0,13,0,0,9,0,0,12,0,0,1,0,0,1,0,0,6,0,0,1,0,0,7,0,0,1,0,0
2015450021727,-0.699812,51.098424,1,1,1,7,1.45,3,6,40,0,0,0,0,0,4,1,1,0,0,1,9,0,0,18,0,0,10,0,0,9,0,0,6,0,0,13,0,0,9,0,0,12,0,0,5,0,0,1,0,0,1,0,0,1,0,0,9,0,0,12,0,0
2015450023718,-0.325376,51.132123,1,2,4,1,22.9,3,6,50,0,0,0,0,0,6,4,1,0,0,2,9,9,0,18,18,0,10,10,0,9,9,0,1,6,0,13,13,0,7,9,0,12,12,0,4,1,0,1,1,0,6,6,0,1,2,0,4,6,0,7,8,0
2015450024810,-0.625707,51.264819,1,1,1,2,22.58,3,6,40,0,0,0,0,0,7,1,1,0,0,2,9,0,0,18,0,0,10,0,0,9,0,0,2,0,0,13,0,0,7,0,0,4,0,0,1,0,0,1,0,0,6,0,0,1,0,0,6,0,0,21,0,0
2015450024849,-0.387679,51.382004,1,4,4,5,6.40,5,6,40,0,0,0,0,0,1,1,1,0,0,2,19,9,21,18,18,18,10,10,10,9,9,9,6,6,6,13,13,13,9,9,9,12,12,12,1,2,1,1,1,1,6,2,1,1,1,1,6,8,8,11,5,7
2015450024862,-0.430476,51.215387,1,1,1,4,10.54,3,6,30,0,0,0,0,0,1,1,1,0,0,2,9,0,0,18,0,0,10,0,0,9,0,0,6,0,0,13,0,0,9,0,0,12,0,0,1,0,0,1,0,0,6,0,0,2,0,0,10,0,0,6,0,0
2015450025494,-0.58451,51.248097,1,1,1,3,7.50,3,3,40,0,0,0,0,5,1,1,1,0,0,1,5,0,0,17,0,0,10,0,0,9,0,0,6,0,0,13,0,0,1,0,0,12,0,0,1,0,0,1,0,0,6,0,0,1,0,0,7,0,0,13,0,0
2015450027156,-0.353477,51.311503,1,2,1,3,20.42,3,6,40,0,0,0,0,0,1,1,1,0,0,2,5,9,0,16,17,0,10,10,0,9,9,0,1,6,0,13,13,0,1,1,0,12,12,0,3,1,0,1,1,0,6,6,0,1,1,0,7,9,0,8,13,0
2015450029076,-0.048669,51.234032,1,2,3,3,11.57,3,6,50,0,0,0,0,0,1,1,1,0,0,2,9,9,0,17,16,0,10,10,0,9,9,0,6,6,0,10,13,0,9,9,0,12,12,0,1,1,0,1,1,0,6,6,0,1,1,0,11,8,0,12,12,0
2015450030048,-0.742909,51.304785,1,2,1,7,21.37,3,3,70,0,0,0,0,0,6,1,1,0,0,1,9,9,0,18,18,0,10,10,0,9,9,0,2,2,0,13,13,0,2,2,0,12,12,0,1,1,0,1,1,0,6,2,0,1,1,0,7,9,0,16,8,0
2015450030642,-0.730764,51.087883,1,1,1,4,13.25,4,6,30,3,2,6,0,4,1,1,1,0,0,1,21,0,0,3,0,0,10,0,0,1,0,0,6,0,0,13,0,0,9,0,0,12,0,0,4,0,0,1,0,0,1,0,0,1,0,0,8,0,0,2,0,0
2015450030665,-0.602247,51.240585,1,2,1,3,11.15,5,6,30,1,4,6,0,0,1,1,1,0,0,1,4,9,0,7,18,0,10,10,0,8,4,0,6,6,0,13,13,0,9,9,0,12,12,0,1,1,0,1,1,0,6,6,0,1,1,0,11,7,0,3,6,0
2015450030915,-0.485403,51.140663,1,2,3,3,14.22,4,6,30,1,4,4,0,8,1,1,1,0,0,1,9,9,0,18,5,0,10,10,0,4,3,0,5,6,0,7,13,0,7,9,0,12,12,0,4,5,0,1,1,0,6,6,0,2,2,0,11,9,0,11,5,0
2015450032072,-0.566763,51.350151,1,2,2,1,16.17,3,6,60,0,0,0,0,0,6,1,2,0,0,2,5,9,0,16,17,0,10,10,0,9,9,0,6,6,0,13,13,0,9,9,0,12,12,0,1,1,0,1,1,0,6,6,0,2,1,0,8,8,0,13,1,0
2015450032519,-0.503841,51.397644,1,1,2,6,19.29,1,3,70,0,0,0,0,0,6,1,1,0,0,2,9,0,0,13,0,0,10,0,0,9,0,0,1,0,0,13,0,0,9,0,0,12,0,0,1,0,0,1,0,0,2,0,0,1,0,0,7,0,0,1,0,0
2015450032642,-0.533418,51.193917,1,2,2,6,17.50,4,6,40,0,0,0,0,0,6,1,1,0,0,2,9,9,0,13,18,0,10,10,0,9,9,0,6,6,0,13,13,0,1,9,0,12,12,0,4,1,0,1,1,0,6,6,0,1,1,0,6,9,0,13,2,0
2015450034671,-0.487727,51.226096,1,1,1,4,22.30,3,3,60,9,4,3,0,0,6,1,2,7,0,2,9,0,0,17,0,0,10,0,0,2,0,0,1,0,0,13,0,0,1,0,0,4,0,0,1,0,0,1,0,0,2,0,0,1,0,0,4,0,0,14,0,0
2015450037202,-0.650439,51.343807,1,1,2,6,23.47,4,1,40,1,4,3,0,0,4,1,2,0,0,2,9,0,0,18,0,0,10,0,0,4,0,0,6,0,0,13,0,0,3,0,0,4,0,0,1,0,0,1,0,0,6,0,0,2,0,0,10,0,0,3,0,0
2015460252961,0.86364,51.003573,1,2,1,1,10.5,3,6,60,0,0,0,0,0,1,1,1,0,0,2,9,9,0,18,4,0,10,10,0,9,9,0,1,6,0,13,13,0,1,1,0,12,4,0,1,2,0,1,1,0,6,6,0,1,2,0,5,9,0,7,13,0
2015460253283,0.350952,51.331054,1,2,4,5,19.10,6,6,60,0,0,0,0,0,6,1,2,0,0,2,9,9,0,17,18,0,10,10,0,9,9,0,6,6,0,13,13,0,1,9,0,4,12,0,3,1,0,1,1,0,6,6,0,1,1,0,4,10,0,12,4,0
2015460254763,0.414092,51.311422,1,1,1,3,11.25,1,3,70,0,0,0,0,0,1,4,1,0,0,2,9,0,0,18,0,0,10,0,0,9,0,0,1,0,0,13,0,0,1,0,0,7,0,0,3,0,0,1,0,0,6,0,0,1,0,0,6,0,0,3,0,0
2015460255250,0.214085,51.383454,1,2,1,6,11.35,3,6,60,3,4,6,0,0,1,1,1,0,0,2,9,2,0,18,18,0,10,10,0,1,1,0,6,6,0,13,13,0,9,7,0,12,12,0,3,1,0,1,1,0,1,6,0,1,1,0,8,8,0,13,1,0
2015460255468,1.122233,51.361143,1,3,5,1,0.33,3,6,40,3,4,6,0,0,4,1,1,0,0,2,9,9,9,18,18,9,10,10,10,1,1,8,6,2,6,13,13,13,9,9,9,12,12,12,3,1,4,1,1,1,6,6,6,1,1,1,5,4,8,18,3,4
2015460255713,0.541158,51.307474,1,3,2,7,20.29,5,6,40,0,0,0,0,0,6,1,1,0,0,2,9,9,9,13,18,18,10,10,10,9,9,9,2,6,6,13,13,13,7,9,9,9,12,12,3,3,5,1,1,1,6,2,6,1,2,1,6,4,9,7,1,11
2015460256166,0.808417,50.981438,1,2,6,1,15.50,3,6,60,8,4,6,0,0,1,1,1,0,0,2,9,5,0,9,18,0,10,10,0,5,1,0,6,1,0,13,13,0,7,9,0,12,12,0,4,1,0,1,1,0,6,6,0,1,1,0,7,8,0,5,5,0
2015460256240,0.168741,51.266312,1,1,1,7,2.42,3,3,70,0,0,0,0,0,6,1,2,0,0,2,9,0,0,18,0,0,10,0,0,9,0,0,5,0,0,13,0,0,2,0,0,4,0,0,1,0,0,1,0,0,6,0,0,1,0,0,7,0,0,7,0,0
2015460256644,1.171326,51.208621,1,1,2,6,4.5,3,3,70,0,0,0,0,0,6,1,2,0,0,2,19,0,0,18,0,0,10,0,0,9,0,0,6,0,0,13,0,0,9,0,0,12,0,0,1,0,0,1,0,0,6,0,0,1,0,0,7,0,0,8,0,0
2015460256887,1.11938,51.34242,1,1,3,6,1.55,3,6,40,0,0,0,0,0,6,1,1,0,0,2,9,0,0,18,0,0,9,0,0,9,0,0,6,0,0,13,0,0,1,0,0,10,0,0,5,0,0,1,0,0,6,0,0,1,0,0,5,0,0,14,0,0
2015460257338,0.189653,51.389489,1,1,2,7,3.15,3,3,70,5,4,6,0,0,6,1,1,0,0,1,9,0,0,11,0,0,10,0,0,5,0,0,5,0,0,13,0,0,2,0,0,1,0,0,3,0,0,1,0,0,6,0,0,1,0,0,7,0,0,16,0,0
2015460257686,0.238379,51.401248,1,2,3,1,22.6,3,6,30,6,3,6,0,0,4,1,1,0,0,2,9,9,0,18,18,0,10,10,0,1,1,0,6,6,0,13,13,0,7,9,0,10,12,0,1,2,0,1,1,0,6,6,0,1,1,0,6,7,0,15,16,0
2015460258816,1.052595,51.284008,1,3,4,6,12.20,3,6,50,0,0,0,0,0,1,1,1,0,0,1,11,9,20,17,16,17,10,10,10,9,9,9,6,6,6,13,13,13,9,9,9,12,12,12,1,1,1,1,1,1,1,6,6,2,2,1,8,7,7,5,3,9
2015460258945,1.369846,51.332598,1,2,1,3,0.17,3,3,50,0,0,0,0,0,6,1,1,0,0,2,5,9,0,16,16,0,10,10,0,9,9,0,1,6,0,10,13,0,7,9,0,6,12,0,3,5,0,1,1,0,6,6,0,1,1,0,7,6,0,16,15,0
2015460259031,0.527496,51.265139,1,2,1,5,17.5,3,2,30,3,4,6,0,0,1,1,1,0,0,1,3,11,0,18,17,0,10,10,0,1,1,0,6,6,0,13,13,0,1,9,0,4,12,0,1,2,0,1,1,0,2,1,0,1,1,0,7,9,0,13,7,0
2015460259562,0.501872,51.381834,1,3,1,7,18.55,4,6,30,3,4,6,0,0,1,1,1,0,0,1,9,9,9,18,18,18,9,10,10,2,8,2,6,6,6,13,13,13,1,9,9,10,12,12,1,1,3,1,1,1,6,6,1,1,2,1,7,6,6,8,7,3
2015460259777,0.70905,51.066084,1,1,1,3,18.26,4,6,60,0,0,0,0,0,1,1,1,0,0,2,9,0,0,17,0,0,10,0,0,9,0,0,6,0,0,13,0,0,7,0,0,4,0,0,1,0,0,1,0,0,6,0,0,1,0,0,4,0,0,5,0,0
2015460259932,0.133319,51.315526,1,1,1,5,18.29,6,6,30,3,4,6,0,0,6,1,1,0,0,2,9,0,0,16,0,0,10,0,0,2,0,0,6,0,0,13,0,0,7,0,0,4,0,0,1,0,0,1,0,0,6,0,0,1,0,0,11,0,0,1,0,0
2015460260777,1.107499,51.300552,1,1,3,1,0.24,5,6,60,0,0,0,0,0,6,1,2,0,0,2,9,0,0,17,0,0,10,0,0,9,0,0,6,0,0,13,0,0,1,0,0,4,0,0,1,0,0,1,0,0,6,0,0,1,0,0,4,0,0,12,0,0
2015460261050,0.773892,51.333489,1,2,1,1,10.10,3,6,30,3,4,6,0,0,1,1,1,0,0,1,9,5,0,9,18,0,10,10,0,5,8,0,6,6,0,13,13,0,9,9,0,12,12,0,3,1,0,1,1,0,6,6,0,1,1,0,4,8,0,4,5,0
2015460261189,0.33559,51.22362,1,1,1,6,14.30,6,6,30,0,0,0,0,0,1,1,1,0,0,2,19,0,0,1,0,0,10,0,0,9,0,0,6,0,0,13,0,0,9,0,0,12,0,0,2,0,0,1,0,0,1,0,0,1,0,0,7,0,0,2,0,0
2015460262193,0.20961,51.311413,1,1,1,6,7.35,6,6,30,3,4,6,0,0,1,1,1,0,0,2,9,0,0,18,0,0,10,0,0,1,0,0,6,0,0,13,0,0,9,0,0,12,0,0,1,0,0,1,0,0,2,0,0,1,0,0,5,0,0,14,0,0
2015460262386,1.024045,51.33188,1,1,3,5,0.25,3,6,40,0,0,0,0,0,6,1,2,0,0,2,9,0,0,18,0,0,10,0,0,9,0,0,6,0,0,13,0,0,1,0,0,3,0,0,3,0,0,1,0,0,6,0,0,2,0,0,4,0,0,6,0,0
2015460262584,0.616221,51.26238,1,3,1,4,6.45,1,3,70,0,0,0,0,0,6,1,1,0,0,2,19,9,9,18,18,18,10,10,10,9,9,9,6,6,6,13,13,13,9,9,9,12,12,12,1,1,1,1,1,1,1,6,6,1,2,1,8,7,8,2,11,6
2015460262731,0.771018,51.430961,1,2,1,5,10.5,3,6,40,9,4,6,0,0,1,8,2,0,0,2,9,3,0,17,18,0,10,10,0,1,1,0,1,6,0,13,13,0,7,9,0,12,12,0,2,4,0,1,1,0,6,6,0,1,1,0,5,9,0,14,9,0
2015460262773,0.301933,51.398488,1,1,2,1,17.10,4,1,30,1,4,6,0,4,1,1,1,0,0,1,9,0,0,18,0,0,9,0,0,3,0,0,6,0,0,13,0,0,3,0,0,10,0,0,1,0,0,1,0,0,6,0,0,1,0,0,9,0,0,2,0,0
2015460264096,0.202401,51.385563,1,2,1,5,18.15,3,3,60,3,4,6,0,0,6,2,2,0,0,2,9,5,0,9,18,0,10,10,0,1,1,0,6,1,0,13,13,0,9,9,0,12,12,0,3,3,0,1,1,0,2,6,0,1,1,0,5,8,0,10,7,0
2015460264386,0.301687,51.364948,1,2,1,7,0.1,5,6,30,6,4,6,0,0,4,1,2,0,0,1,9,9,0,18,18,0,10,10,0,8,8,0,6,5,0,13,13,0,9,7,0,12,10,0,1,4,0,1,1,0,6,6,0,1,1,0,6,9,0,17,10,0
2015460264411,1.343807,51.383178,1,1,1,6,17.20,5,6,30,3,4,6,0,0,4,1,2,0,6,1,9,0,0,18,0,0,10,0,0,1,0,0,6,0,0,13,0,0,9,0,0,12,0,0,1,0,0,1,0,0,2,0,0,1,0,0,8,0,0,14,0,0
2015460264602,1.255222,51.145419,1,1,1,1,22.25,6,6,50,0,0,0,0,0,6,1,2,0,0,2,9,0,0,16,0,0,10,0,0,9,0,0,6,0,0,13,0,0,1,0,0,4,0,0,1,0,0,1,0,0,6,0,0,1,0,0,5,0,0,11,0,0
2015460264626,0.448568,51.427891,1,2,7,7,20.30,5,6,50,0,0,0,0,0,6,1,2,0,0,2,9,9,0,16,18,0,10,10,0,9,9,0,1,6,0,13,13,0,9,9,0,12,12,0,1,1,0,1,1,0,6,6,0,1,1,0,5,8,0,1,6,0
2015471500475,-0.21547,51.049641,1,1,1,6,0.30,4,6,60,0,0,0,0,0,6,1,4,0,0,2,9,0,0,18,0,0,10,0,0,9,0,0,1,0,0,13,0,0,7,0,0,4,0,0,1,0,0,1,0,0,6,0,0,1,0,0,5,0,0,12,0,0
2015471500801,-0.742838,50.971028,1,1,1,7,17.27,3,6,50,3,4,6,0,0,6,1,2,0,7,2,9,0,0,18,0,0,10,0,0,1,0,0,6,0,0,13,0,0,9,0,0,12,0,0,1,0,0,1,0,0,6,0,0,1,0,0,5,0,0,10,0,0
2015471500824,-0.315438,50.973002,1,2,2,2,12.12,4,6,50,0,0,0,0,0,1,1,2,0,0,2,9,17,0,18,10,0,10,10,0,9,9,0,1,6,0,13,13,0,1,9,0,9,12,0,1,5,0,1,1,0,6,1,0,1,1,0,11,6,0,8,1,0
2015471501828,0.037277,50.975683,1,2,2,5,13.4,3,6,60,0,0,0,0,0,1,1,1,0,0,2,9,21,0,13,18,0,10,10,0,9,9,0,6,1,0,13,13,0,1,1,0,12,11,0,1,1,0,1,1,0,6,1,0,1,1,0,11,9,0,4,4,0
2015471501868,-0.100214,51.009954,1,1,1,7,16.1,6,6,30,3,4,6,0,0,1,1,1,0,0,1,5,0,0,17,0,0,10,0,0,1,0,0,6,0,0,10,0,0,1,0,0,11,0,0,1,0,0,1,0,0,6,0,0,1,0,0,6,0,0,10,0,0
2015471501897,-0.026732,51.075277,1,2,2,2,15.11,6,6,60,3,4,6,0,0,1,1,1,0,0,2,9,9,0,9,18,0,10,10,0,6,8,0,6,6,0,13,13,0,9,9,0,12,12,0,3,1,0,1,1,0,6,6,0,1,1,0,11,5,0,12,39,0
2015471501991,0.190117,51.046232,1,1,2,1,0.42,4,6,30,3,4,6,0,0,4,1,1,0,0,1,9,0,0,16,0,0,10,0,0,8,0,0,2,0,0,13,0,0,1,0,0,11,0,0,3,0,0,1,0,0,6,0,0,1,0,0,4,0,0,13,0,0
2015471501996,-0.669463,50.810205,1,2,2,1,6.51,3,3,40,3,4,6,0,0,1,1,1,5,0,2,9,9,0,15,18,0,10,10,0,8,8,0,1,6,0,13,13,0,4,9,0,4,12,0,3,4,0,1,1,0,6,2,0,1,2,0,5,8,0,16,1,0
2015471502427,-0.631125,50.802944,1,2,3,1,16.37,3,6,60,0,0,0,0,0,1,1,1,0,0,2,9,19,0,18,18,0,10,10,0,9,9,0,6,6,0,13,13,0,9,9,0,12,12,0,1,1,0,1,1,0,6,6,0,2,1,0,10,8,0,6,10,0
2015471502644,-0.294468,50.961807,1,1,1,5,22.20,4,6,40,0,0,0,0,0,6,2,2,0,0,2,9,0,0,17,0,0,10,0,0,9,0,0,6,0,0,10,0,0,7,0,0,4,0,0,4,0,0,1,0,0,6,0,0,2,0,0,4,0,0,8,0,0
2015471503310,-0.385391,50.833563,1,1,5,7,0.52,5,6,30,0,0,0,0,0,4,2,2,0,0,1,19,0,0,17,0,0,10,0,0,9,0,0,1,0,0,13,0,0,1,0,0,4,0,0,1,0,0,1,0,0,6,0,0,1,0,0,6,0,0,10,0,0
2015471503631,0.650135,50.914938,1,2,3,1,10.15,3,6,60,8,4,6,0,0,1,1,1,0,0,2,5,9,0,13,9,0,10,7,0,1,1,0,6,6,0,13,13,0,9,9,0,12,12,0,1,3,0,1,1,0,6,6,0,1,1,0,9,8,0,14,12,0
2015471503833,-0.871687,50.867039,1,2,2,2,0.2,6,6,60,0,0,0,0,0,6,1,1,0,0,2,9,9,0,18,16,0,10,10,0,9,9,0,6,6,0,13,13,0,9,9,0,12,12,0,1,1,0,1,1,0,6,6,0,1,1,0,7,10,0,15,12,0
2015471504064,0.527365,50.897362,1,2,3,4,21.40,3,6,60,0,0,0,0,0,1,1,1,0,0,2,9,5,0,18,18,0,10,10,0,9,9,0,1,6,0,13,13,0,7,1,0,12,12,0,4,1,0,1,1,0,6,6,0,1,1,0,4,10,0,5,1,0
2015471504409,0.027529,51.107264,1,1,1,7,23.55,6,6,60,0,0,0,0,0,6,1,1,0,0,1,9,0,0,16,0,0,10,0,0,9,0,0,1,0,0,13,0,0,2,0,0,11,0,0,1,0,0,1,0,0,2,0,0,1,0,0,5,0,0,15,0,0
2015471504509,-0.029378,50.866531,1,2,1,5,18.36,3,3,50,3,4,6,0,0,1,1,1,0,0,2,5,17,0,18,9,0,10,10,0,1,8,0,6,6,0,13,13,0,9,9,0,12,12,0,1,4,0,1,1,0,6,1,0,1,1,0,6,4,0,1,2,0
2015471504640,0.289231,50.76877,1,1,1,4,23.3,3,2,30,6,4,6,0,0,4,1,1,0,0,1,9,0,0,18,0,0,10,0,0,1,0,0,6,0,0,13,0,0,9,0,0,12,0,0,1,0,0,1,0,0,6,0,0,1,0,0,7,0,0,3,0,0
2015471504683,-0.850918,50.867897,1,2,3,6,14.14,4,6,60,0,0,0,0,0,1,2,2,0,0,2,9,21,0,13,2,0,10,6,0,9,9,0,1,6,0,13,13,0,7,9,0,12,12,0,3,2,0,1,1,0,6,1,0,2,1,0,5,7,0,8,2,0
2015471504920,-0.421272,50.870314,1,2,2,3,18.31,3,6,60,0,0,0,0,0,1,1,2,0,0,2,9,9,0,17,16,0,10,10,0,9,9,0,6,6,0,13,13,0,7,9,0,12,12,0,4,1,0,1,1,0,6,6,0,1,1,0,4,6,0,16,8,0
2015471505284,-0.211552,51.101318,1,1,1,1,12.30,3,3,40,0,0,0,0,0,1,1,1,0,0,1,3,0,0,18,0,0,10,0,0,9,0,0,6,0,0,13,0,0,1,0,0,4,0,0,1,0,0,1,0,0,6,0,0,1,0,0,4,0,0,4,0,0
2015471505499,0.530141,50.896114,1,2,2,2,22.17,3,6,60,0,0,0,0,0,6,1,2,0,0,2,9,9,0,13,18,0,10,10,0,9,9,0,6,6,0,13,13,0,9,9,0,12,12,0,4,1,0,1,2,0,6,2,0,1,2,0,6,8,0,9,9,0
2015471505617,0.694144,50.920631,1,5,4,1,11.45,3,6,60,8,4,6,0,0,1,1,1,0,0,2,5,9,5,13,10,13,10,10,10,1,1,1,6,6,6,13,13,13,9,9,1,12,12,12,1,2,1,1,1,1,6,6,6,1,2,2,7,8,6,8,12,4
2015471505878,-0.165154,51.127794,1,2,1,4,21.20,3,3,70,0,0,0,0,0,6,1,1,0,0,1,19,9,0,18,2,0,10,10,0,9,9,0,6,6,0,4,13,0,9,9,0,12,12,0,1,2,0,1,1,0,1,6,0,1,1,0,8,11,0,9,9,0
2015471505917,0.246273,51.106071,1,1,1,6,3.44,6,2,60,0,0,0,0,0,6,1,1,0,0,2,9,0,0,16,0,0,10,0,0,9,0,0,6,0,0,13,0,0,8,0,0,4,0,0,1,0,0,1,0,0,6,0,0,1,0,0,8,0,0,3,0,0
2015471505967,-0.278995,50.892234,1,2,2,1,12.40,3,6,60,8,4,6,0,0,1,1,1,0,0,2,9,5,0,9,18,0,10,10,0,8,1,0,6,6,0,13,13,0,9,9,0,12,12,0,1,1,0,1,1,0,6,6,0,2,1,0,9,6,0,7,8,0
2015471506231,-0.071582,50.845292,1,1,1,7,21.35,4,6,60,0,0,0,0,0,6,1,2,0,0,2,9,0,0,17,0,0,10,0,0,9,0,0,5,0,0,13,0,0,7,0,0,11,0,0,1,0,0,1,0,0,6,0,0,1,0,0,8,0,0,11,0,0
2015471506744,-0.269518,51.001307,1,2,3,7,12.44,3,6,60,0,0,0,0,0,1,2,2,0,0,2,9,9,0,16,18,0,10,10,0,9,9,0,1,6,0,13,13,0,2,9,0,12,12,0,4,1,0,1,1,0,6,6,0,2,2,0,4,5,0,16,3,0
2015471506757,0.434725,50.938024,1,3,1,1,11.58,4,6,60,0,0,0,0,0,1,2,2,0,0,2,5,19,9,13,18,18,10,10,10,9,9,9,1,6,6,13,13,13,1,9,9,12,12,12,1,5,1,1,1,1,6,6,6,1,1,2,8,6,6,20,12,1
2015471506959,0.051692,50.843999,1,2,4,4,11.5,3,6,60,0,0,0,0,0,1,1,2,0,0,2,9,9,0,17,16,0,10,10,0,9,9,0,1,6,0,13,13,0,9,9,0,12,12,0,4,1,0,1,1,0,2,6,0,1,2,0,5,8,0,7,3,0
2015471507031,0.103116,50.986361,1,1,1,7,0.48,6,6,60,0,0,0,0,0,6,1,2,0,0,1,9,0,0,18,0,0,10,0,0,9,0,0,6,0,0,13,0,0,2,0,0,4,0,0,1,0,0,1,0,0,6,0,0,1,0,0,6,0,0,16,0,0
2015471507303,-0.265414,50.917915,1,2,5,5,9.21,3,6,60,0,0,0,0,0,1,1,2,0,0,2,9,9,0,17,18,0,10,10,0,9,9,0,2,6,0,13,13,0,7,9,0,11,12,0,4,1,0,1,1,0,6,6,0,1,2,0,5,7,0,15,6,0
2015471507526,-0.423476,50.911559,1,1,2,7,10.26,3,6,50,3,4,6,0,8,1,1,2,0,0,2,3,0,0,18,0,0,10,0,0,1,0,0,1,0,0,13,0,0,9,0,0,12,0,0,4,0,0,1,0,0,6,0,0,1,0,0,10,0,0,1,0,0
2015471507684,0.25964,50.762179,1,1,1,2,20.10,6,6,30,0,0,0,0,0,6,1,1,0,0,2,9,0,0,17,0,0,10,0,0,9,0,0,2,0,0,13,0,0,2,0,0,10,0,0,1,0,0,2,0,0,6,0,0,1,0,0,6,0,0,9,0,0
201550AH2S001,-5.123549,50.194868,1,1,1,6,11.32,3,6,60,0,0,0,0,0,1,2,2,5,0,2,9,0,0,13,0,0,10,0,0,9,0,0,1,0,0,13,0,0,1,0,0,4,0,0,3,0,0,1,0,0,6,0,0,1,0,0,6,0,0,6,0,0
201550AY2E004,-5.445205,50.170884,1,2,1,4,7.10,3,6,40,3,4,6,0,8,1,1,1,0,0,2,9,4,0,9,18,0,10,10,0,6,8,0,6,6,0,13,13,0,9,9,0,12,12,0,3,1,0,1,1,0,6,2,0,2,1,0,7,5,0,7,23,0
201550BW3S011,-4.760644,50.494656,1,2,5,7,19.18,4,6,30,0,0,0,0,0,6,4,1,0,0,2,9,9,0,16,17,0,10,10,0,9,9,0,6,5,0,13,13,0,9,9,0,12,12,0,1,1,0,1,1,0,6,6,0,1,2,0,6,8,0,10,1,0