Accident_Index,Longitude,Latitude,SV,Number_of_Vehicles,Number_of_Casualties,Day_of_Week,Time,1st_Road_Class,Road_Type,Speed_limit,Junction_Detail,Junction_Control,2nd_Road_Class,Pedestrian_Crossing-Human_Control,Pedestrian_Crossing-Physical_Facilities,Light_Conditions,Weather_Conditions,Road_Surface_Conditions,Special_Conditions_at_Site,Carriageway_Hazards,Urban_or_Rural_Area,Vehicle1_Type,Vehicle2_Type,Vehicle3_Type,Vehicle1_Manoeuvre,Vehicle2_Manoeuvre,Vehicle3_Manoeuvre,Vehicle1_Location-Restricted_Lane,Vehicle2_Location-Restricted_Lane,Vehicle3_Location-Restricted_Lane,Junction1_Location,Junction2_Location,Junction3_Location,Skidding1_and_Overturning,Skidding2_and_Overturning,Skidding3_and_Overturning,Hit_Object_in_Carriageway1,Hit_Object_in_Carriageway2,Hit_Object_in_Carriageway3,Vehicle1_Leaving_Carriageway,Vehicle2_Leaving_Carriageway,Vehicle3_Leaving_Carriageway,Hit_Object_off_Carriageway1,Hit_Object_off_Carriageway2,Hit_Object_off_Carriageway3,1st_Point_of_Impact1,1st_Point_of_Impact2,1st_Point_of_Impact3,Was_Vehicle 1_Left_Hand_Drive?,Was_Vehicle2_Left_Hand_Drive?,Was_Vehicle 3_Left_Hand_Drive?,Journey_Purpose_of_Driver1,Journey_Purpose_of_Driver2,Journey_Purpose_of_Driver3,Sex_of_Driver1,Sex_of_Driver2,Sex_of_Driver3,Age_Band_of_Driver1,Age_Band_of_Driver2,Age_Band_of_Driver3,Age_of_Vehicle1,Age_of_Vehicle2,Age_of_Vehicle3
201550CB2F001,-4.131768,51.042616,1,4,1,4,6.53,3,6,60,0,0,0,0,0,5,1,2,0,0,2,9,21,9,17,16,17,10,10,10,9,9,9,1,2,1,6,13,13,1,7,9,11,10,12,1,1,1,1,1,1,6,1,6,1,1,1,9,8,9,12,3,8
201550CB2W013,-4.066147,51.07565,1,2,1,1,15.5,3,6,30,1,2,3,0,0,1,1,1,0,0,2,9,4,0,12,18,0,10,10,0,8,8,0,6,1,0,13,10,0,9,7,0,12,1,0,3,1,0,1,1,0,6,6,0,2,1,0,6,4,0,13,6,0
201550CH3A004,-4.239586,50.786273,1,2,2,6,16.27,3,6,60,0,0,0,0,0,1,2,2,0,0,2,9,9,0,16,18,0,10,10,0,9,9,0,6,6,0,13,13,0,9,1,0,12,9,0,1,1,0,1,1,0,6,6,0,2,1,0,5,7,0,13,1,0
201550CI2C001,-4.152003,51.135309,1,2,3,6,17.45,3,6,60,0,0,0,0,0,1,2,2,0,0,2,9,9,0,17,18,0,10,10,0,9,9,0,6,6,0,13,13,0,7,9,0,12,12,0,4,1,0,1,1,0,6,6,0,1,2,0,6,7,0,13,16,0
201550DE2I034,-3.533744,50.72171,1,1,1,7,12.57,6,6,30,6,2,6,0,0,1,1,1,0,0,1,21,0,0,18,0,0,10,0,0,1,0,0,6,0,0,13,0,0,9,0,0,12,0,0,1,0,0,1,0,0,1,0,0,1,0,0,6,0,0,3,0,0
201550EL2R016,-4.111214,50.426686,1,1,1,4,9.35,6,6,40,0,0,0,0,0,1,1,2,0,0,1,5,0,0,18,0,0,10,0,0,9,0,0,6,0,0,13,0,0,9,0,0,12,0,0,1,0,0,1,0,0,6,0,0,1,0,0,7,0,0,7,0,0
201550GP2K004,-5.107311,50.207862,1,2,3,4,4.48,3,6,50,0,0,0,0,0,6,2,2,0,0,2,9,9,0,18,18,0,10,10,0,9,9,0,1,6,0,13,13,0,9,9,0,12,12,0,4,1,0,1,1,0,6,6,0,1,1,0,6,8,0,6,8,0
201550GR2B015,-5.128854,50.330661,1,1,1,6,22.45,3,6,40,9,4,6,0,0,6,1,1,0,0,2,9,0,0,17,0,0,10,0,0,2,0,0,6,0,0,13,0,0,1,0,0,10,0,0,1,0,0,1,0,0,6,0,0,1,0,0,11,0,0,10,0,0
201550JC2B008,-3.585569,50.619265,1,1,1,4,0.11,3,3,70,0,0,0,0,0,6,1,1,0,0,2,9,0,0,17,0,0,10,0,0,9,0,0,2,0,0,13,0,0,1,0,0,4,0,0,3,0,0,1,0,0,6,0,0,1,0,0,5,0,0,10,0,0
201550JC4O001,-3.597379,50.723679,1,2,4,3,12.39,6,6,60,0,0,0,0,0,1,1,1,0,0,2,9,9,0,18,18,0,10,10,0,9,9,0,1,1,0,13,13,0,9,9,0,4,4,0,1,1,0,1,1,0,6,6,0,1,2,0,8,10,0,15,1,0
201550JC4U004,-3.54933,50.645717,1,1,1,1,8.55,3,3,70,0,0,0,0,0,1,1,2,0,0,2,9,0,0,16,0,0,10,0,0,9,0,0,1,0,0,13,0,0,1,0,0,4,0,0,4,0,0,1,0,0,6,0,0,1,0,0,5,0,0,8,0,0
201550JT2M003,-4.094443,50.642928,1,2,6,1,19.52,3,6,60,0,0,0,0,0,1,1,2,0,0,2,9,9,0,16,17,0,10,10,0,9,9,0,6,6,0,13,13,0,9,9,0,12,12,0,1,1,0,1,1,0,6,6,0,2,2,0,6,7,0,13,15,0
201550KC5F002,-3.827514,50.869247,1,1,2,3,12.12,3,6,50,3,4,3,0,0,1,1,1,0,0,2,9,0,0,17,0,0,10,0,0,1,0,0,2,0,0,6,0,0,1,0,0,4,0,0,1,0,0,1,0,0,6,0,0,1,0,0,8,0,0,7,0,0
201550KN3E001,-3.17084,50.721613,1,2,1,4,11.35,6,6,60,0,0,0,0,0,1,2,2,0,0,2,9,17,0,16,17,0,10,10,0,9,9,0,1,1,0,13,13,0,9,9,0,12,12,0,1,1,0,1,1,0,6,1,0,1,1,0,7,5,0,16,3,0
201550KU2J001,-3.392812,50.836828,1,2,1,3,12.10,1,3,70,0,0,0,0,0,1,1,1,4,0,2,21,9,0,16,2,0,10,10,0,9,9,0,6,6,0,13,13,0,1,1,0,12,12,0,1,2,0,1,1,0,1,6,0,1,2,0,9,9,0,6,12,0
2015520502557,-2.88838,50.932955,1,2,2,7,21.40,6,6,60,0,0,0,0,0,6,1,1,0,0,2,9,9,0,17,16,0,10,10,0,9,9,0,6,6,0,13,13,0,9,9,0,12,12,0,1,1,0,1,1,0,6,6,0,1,1,0,6,8,0,13,14,0
2015520503468,-3.074601,51.146723,1,2,1,6,14.32,3,1,30,1,4,6,0,0,1,1,1,0,0,2,9,11,0,18,18,0,10,10,0,8,8,0,6,6,0,13,13,0,9,9,0,12,12,0,1,1,0,1,1,0,6,6,0,1,1,0,10,9,0,12,11,0
2015520503876,-2.894399,51.226023,1,1,1,7,5.19,4,6,30,3,4,6,0,0,1,1,1,0,0,2,9,0,0,7,0,0,10,0,0,1,0,0,6,0,0,13,0,0,3,0,0,12,0,0,5,0,0,1,0,0,6,0,0,1,0,0,6,0,0,14,0,0
2015520505395,-2.913932,50.94496,1,2,4,4,20.14,3,6,60,0,0,0,0,0,1,1,1,0,0,2,9,9,0,18,18,0,10,10,0,9,9,0,6,6,0,13,13,0,9,9,0,12,12,0,1,1,0,1,1,0,6,6,0,2,1,0,7,5,0,2,2,0
2015520506986,-2.527251,51.034564,1,1,3,1,2.45,3,6,30,9,4,6,0,0,6,1,1,0,7,2,9,0,0,18,0,0,10,0,0,1,0,0,5,0,0,12,0,0,2,0,0,10,0,0,1,0,0,1,0,0,6,0,0,1,0,0,4,0,0,13,0,0
2015520507016,-2.993546,50.879581,1,2,1,7,14.40,3,6,60,3,4,6,0,0,1,1,1,0,0,2,5,17,0,18,9,0,10,10,0,8,8,0,6,6,0,13,13,0,9,9,0,12,12,0,1,2,0,1,1,0,6,6,0,1,1,0,6,8,0,9,15,0
2015520508477,-3.071855,51.006511,1,2,3,1,21.18,1,3,70,0,0,0,0,0,7,1,1,0,0,2,19,9,0,18,18,0,10,10,0,9,9,0,5,6,0,13,13,0,5,9,0,6,12,0,3,5,0,1,1,0,6,6,0,1,2,0,8,6,0,10,10,0
2015521500293,-2.518992,51.512664,1,2,1,3,10.45,1,3,70,1,4,1,0,0,1,2,2,0,0,1,21,9,0,16,16,0,10,10,0,8,8,0,6,6,0,13,13,0,9,9,0,12,12,0,3,4,0,1,1,0,6,6,0,1,2,0,8,9,0,9,10,0
2015521500619,-2.55079,51.387885,1,1,1,1,9.0,3,6,60,0,0,0,0,0,1,9,1,0,0,2,9,0,0,18,0,0,10,0,0,9,0,0,5,0,0,13,0,0,1,0,0,4,0,0,1,0,0,1,0,0,6,0,0,1,0,0,6,0,0,17,0,0
2015521501492,-2.409471,51.332168,1,2,1,7,16.30,3,6,40,0,0,0,0,0,1,1,1,0,0,2,9,9,0,18,16,0,10,10,0,9,9,0,6,6,0,13,7,0,9,7,0,12,4,0,1,1,0,1,1,0,6,6,0,1,1,0,4,8,0,17,13,0
2015521504295,-2.549269,51.394052,1,1,1,5,11.29,3,9,60,0,0,0,0,0,1,1,1,0,0,2,9,0,0,18,0,0,10,0,0,9,0,0,5,0,0,13,0,0,1,0,0,4,0,0,4,0,0,1,0,0,6,0,0,1,0,0,11,0,0,9,0,0
2015521505635,-2.414018,51.614756,1,3,1,2,15.52,4,6,60,0,0,0,0,0,1,1,1,0,0,2,9,9,20,13,18,18,10,10,10,9,9,9,6,6,6,13,13,13,9,9,9,12,12,12,1,1,2,1,1,1,6,6,6,1,1,1,6,9,8,14,5,7
2015521506896,-2.936465,51.3616,1,1,1,6,20.8,6,6,30,0,0,0,0,0,1,1,1,0,0,1,9,0,0,16,0,0,10,0,0,9,0,0,6,0,0,10,0,0,2,0,0,11,0,0,1,0,0,1,0,0,6,0,0,1,0,0,11,0,0,15,0,0
2015521507603,-2.652125,51.484098,1,2,1,7,6.18,3,3,30,0,0,0,0,0,6,1,1,0,0,1,9,9,0,13,18,0,10,10,0,9,9,0,6,1,0,13,13,0,9,4,0,12,12,0,4,3,0,1,1,0,6,6,0,1,1,0,7,4,0,12,5,0
2015521508973,-2.56543,51.470269,1,1,1,1,4.37,1,3,40,0,0,0,0,0,6,5,2,0,0,1,9,0,0,18,0,0,10,0,0,9,0,0,6,0,0,13,0,0,9,0,0,12,0,0,1,0,0,1,0,0,6,0,0,1,0,0,4,0,0,18,0,0
2015530037253,-1.705432,51.928196,1,2,2,7,14.25,3,6,60,0,0,0,0,0,1,4,1,5,0,2,9,20,0,18,18,0,10,10,0,9,9,0,6,2,0,13,13,0,9,9,0,12,12,0,1,1,0,1,1,0,6,6,0,1,1,0,10,6,0,6,8,0
2015530209327,-1.805323,52.019741,1,1,2,1,15.30,3,6,60,0,0,0,0,0,1,7,4,0,0,2,9,0,0,17,0,0,10,0,0,9,0,0,5,0,0,13,0,0,1,0,0,4,0,0,1,0,0,1,0,0,6,0,0,1,0,0,10,0,0,9,0,0
2015530209332,-2.268759,51.661817,1,1,2,6,16.15,3,6,50,0,0,0,0,0,1,1,1,0,0,2,9,0,0,18,0,0,10,0,0,9,0,0,6,0,0,13,0,0,1,0,0,4,0,0,1,0,0,1,0,0,6,0,0,1,0,0,11,0,0,11,0,0
2015530209334,-1.800714,51.85958,1,1,1,6,10.20,3,6,60,0,0,0,0,0,1,1,2,0,0,2,9,0,0,18,0,0,10,0,0,9,0,0,6,0,0,13,0,0,1,0,0,4,0,0,3,0,0,1,0,0,6,0,0,2,0,0,5,0,0,18,0,0
2015530209460,-2.279695,51.815153,1,1,1,6,2.10,3,3,70,1,4,3,0,0,4,2,2,0,0,1,9,0,0,18,0,0,10,0,0,1,0,0,1,0,0,9,0,0,5,0,0,4,0,0,1,0,0,1,0,0,6,0,0,1,0,0,7,0,0,12,0,0
2015530209582,-1.944544,51.739508,1,1,1,1,4.50,3,6,60,0,0,0,0,0,1,1,1,0,0,2,19,0,0,18,0,0,10,0,0,9,0,0,6,0,0,13,0,0,9,0,0,12,0,0,1,0,0,1,0,0,2,0,0,1,0,0,8,0,0,3,0,0
2015530209628,-1.800194,52.075474,1,3,2,7,15.30,4,6,40,0,0,0,0,0,1,1,1,0,0,2,9,5,5,17,16,16,10,10,10,9,9,9,6,2,6,13,13,13,1,7,7,12,12,12,1,1,1,1,1,1,6,6,6,2,1,1,5,7,7,1,13,5
2015530209629,-2.364249,51.701201,1,2,1,4,13.5,3,1,30,2,4,5,0,0,1,1,1,0,0,1,90,3,0,18,18,0,10,10,0,4,8,0,1,6,0,13,13,0,9,9,0,12,12,0,1,4,0,1,1,0,1,6,0,1,1,0,8,10,0,3,8,0
2015530209630,-2.502223,51.846259,1,2,3,3,20.8,3,6,60,0,0,0,0,0,1,2,2,0,0,2,9,9,0,17,18,0,10,10,0,9,9,0,1,6,0,13,13,0,7,9,0,4,12,0,4,1,0,1,1,0,6,6,0,1,2,0,4,7,0,7,11,0
2015530209810,-2.043372,51.936567,1,2,1,6,17.46,5,6,60,0,0,0,0,0,1,1,1,0,0,2,19,9,0,18,18,0,10,10,0,9,9,0,6,6,0,13,13,0,9,1,0,12,12,0,1,1,0,1,1,0,2,6,0,1,2,0,8,9,0,11,18,0
2015530209811,-2.113424,51.896412,1,2,1,1,14.48,3,6,40,3,4,6,0,0,1,1,2,0,0,1,3,9,0,12,18,0,10,10,0,1,2,0,6,6,0,13,13,0,9,9,0,12,12,0,1,1,0,1,1,0,6,6,0,1,1,0,6,8,0,7,5,0
2015530209813,-1.884722,51.800424,1,3,3,5,1.15,3,6,40,0,0,0,0,0,4,1,1,0,0,2,9,9,21,16,16,17,10,10,10,9,9,9,2,6,6,13,13,13,1,7,9,12,9,12,1,3,1,1,1,1,6,6,1,1,1,1,6,5,6,15,9,2
2015530209814,-2.320559,51.776171,1,2,2,7,8.46,3,3,50,9,4,3,0,0,1,1,1,0,0,2,5,9,0,18,6,0,10,10,0,1,1,0,6,6,0,13,13,0,9,9,0,12,12,0,1,4,0,1,1,0,2,1,0,1,2,0,6,8,0,3,6,0
2015530210037,-2.027726,51.687198,1,1,1,6,0.50,3,6,60,0,0,0,0,0,6,1,1,0,0,2,9,0,0,18,0,0,10,0,0,9,0,0,6,0,0,13,0,0,2,0,0,10,0,0,1,0,0,1,0,0,6,0,0,1,0,0,11,0,0,2,0,0
2015530210040,-2.315685,51.765296,1,2,1,5,5.29,1,3,70,0,0,0,0,0,6,1,1,0,0,2,9,21,0,18,18,0,10,10,0,9,9,0,1,1,0,13,13,0,5,9,0,7,12,0,1,3,0,1,1,0,2,1,0,1,1,0,5,9,0,2,1,0
2015530210206,-2.221907,51.763164,1,2,2,6,6.43,3,6,50,0,0,0,0,0,6,1,2,0,0,2,9,9,0,17,18,0,10,10,0,9,9,0,1,6,0,13,13,0,9,9,0,12,12,0,4,1,0,1,1,0,6,6,0,2,1,0,8,6,0,6,7,0
2015540565115,-2.22895,51.301243,1,1,2,1,0.42,3,6,40,0,0,0,0,0,4,2,2,0,0,2,9,0,0,17,0,0,10,0,0,9,0,0,2,0,0,13,0,0,7,0,0,9,0,0,2,0,0,1,0,0,6,0,0,1,0,0,5,0,0,14,0,0
2015543638915,-2.259045,51.094923,1,1,2,1,19.22,3,3,70,0,0,0,0,0,1,1,1,0,0,2,5,0,0,18,0,0,10,0,0,9,0,0,1,0,0,13,0,0,9,0,0,12,0,0,4,0,0,1,0,0,6,0,0,1,0,0,8,0,0,4,0,0
2015544111015,-2.175513,51.103944,1,3,3,2,13.56,3,6,60,0,0,0,0,0,1,1,1,0,0,2,9,9,19,18,18,18,10,10,10,9,9,9,6,6,6,13,13,13,9,9,9,12,12,12,1,1,4,1,1,1,6,6,1,2,1,1,9,9,9,6,7,1
2015544361115,-2.006571,51.452122,1,1,1,3,6.8,3,6,50,1,4,6,0,0,1,1,2,0,0,2,5,0,0,16,0,0,10,0,0,1,0,0,1,0,0,7,0,0,9,0,0,12,0,0,3,0,0,1,0,0,2,0,0,1,0,0,5,0,0,8,0,0
2015544868615,-2.037386,51.105788,1,1,1,5,1.0,5,6,60,0,0,0,0,0,6,1,1,0,0,2,5,0,0,16,0,0,10,0,0,9,0,0,6,0,0,13,0,0,7,0,0,9,0,0,1,0,0,1,0,0,6,0,0,1,0,0,6,0,0,6,0,0
2015545129115,-2.213116,51.103333,1,2,2,5,14.4,3,6,60,0,0,0,0,0,1,1,1,0,0,2,4,9,0,16,18,0,10,10,0,9,9,0,6,6,0,13,13,0,9,9,0,12,12,0,1,3,0,1,1,0,6,6,0,1,1,0,7,8,0,30,1,0
2015546288415,-2.139581,51.185577,1,3,4,2,16.38,3,6,60,0,0,0,0,0,1,1,2,0,0,2,9,21,9,18,18,18,10,10,10,9,9,9,6,3,6,13,13,13,7,9,1,4,12,4,1,1,3,2,1,1,6,1,6,1,1,1,9,10,9,13,3,12
2015546451315,-2.284707,51.408014,1,3,3,6,19.31,3,6,60,3,4,5,0,0,1,1,1,0,0,2,9,9,21,16,16,18,10,10,10,2,2,1,1,6,1,13,13,13,7,9,1,12,12,12,1,5,1,1,1,1,6,6,1,1,1,1,8,7,9,4,7,7
2015546621615,-2.055605,51.159652,1,2,2,4,17.57,3,6,60,3,4,5,0,0,1,1,1,0,0,2,9,5,0,5,18,0,10,10,0,6,8,0,5,6,0,13,13,0,9,9,0,12,12,0,3,1,0,1,1,0,6,6,0,1,1,0,9,8,0,8,14,0
2015546728215,-1.578088,51.489839,1,2,4,1,2.5,1,3,70,0,0,0,0,0,6,1,1,0,0,2,8,9,0,18,18,0,10,10,0,9,9,0,6,6,0,13,13,0,2,5,0,7,6,0,1,1,0,1,1,0,1,6,0,1,1,0,6,9,0,9,13,0
2015546853215,-1.821625,51.19806,1,1,1,5,0.51,6,6,30,6,4,6,0,0,4,1,1,0,0,2,9,0,0,18,0,0,10,0,0,8,0,0,6,0,0,13,0,0,9,0,0,12,0,0,1,0,0,1,0,0,1,0,0,1,0,0,9,0,0,7,0,0
2015547434315,-1.736034,51.54923,1,1,1,1,21.35,4,6,40,1,4,6,0,0,4,1,1,0,0,1,5,0,0,18,0,0,10,0,0,1,0,0,6,0,0,7,0,0,7,0,0,2,0,0,1,0,0,1,0,0,6,0,0,1,0,0,6,0,0,9,0,0
2015548445215,-1.819525,51.537331,1,2,1,5,14.20,4,6,50,3,4,6,0,0,1,1,1,0,0,2,3,19,0,16,18,0,10,10,0,2,1,0,1,6,0,13,13,0,9,9,0,12,12,0,1,1,0,1,1,0,2,2,0,1,1,0,6,10,0,10,11,0
2015549780415,-1.932564,51.398675,1,2,2,5,6.26,3,6,60,0,0,0,0,0,1,1,2,0,0,2,9,19,0,13,18,0,10,10,0,9,9,0,1,6,0,13,13,0,9,1,0,12,12,0,1,1,0,1,1,0,2,1,0,1,1,0,9,6,0,12,1,0
201554A309515,-1.710181,51.471114,1,3,4,1,23.43,3,6,60,0,0,0,0,0,6,1,1,0,0,2,9,9,9,13,18,18,10,10,10,9,9,9,6,6,6,13,13,13,9,9,9,12,12,12,4,3,1,1,1,1,6,6,6,1,2,1,4,6,5,10,7,15
201554A373415,-1.795642,51.241682,1,3,2,3,13.14,3,6,50,3,4,6,0,0,1,1,2,0,0,2,19,9,9,18,10,18,10,10,10,1,1,1,6,6,6,13,13,13,9,9,9,12,12,12,1,2,1,1,1,1,6,6,6,1,2,2,6,5,11,2,12,9
201554A494115,-1.789323,51.408405,1,1,1,7,10.44,5,6,30,3,4,5,0,0,1,1,1,0,0,2,9,0,0,16,0,0,10,0,0,2,0,0,6,0,0,13,0,0,9,0,0,12,0,0,4,0,0,1,0,0,1,0,0,2,0,0,5,0,0,1,0,0
201554B066415,-1.949575,51.524403,1,3,3,4,11.25,3,6,60,3,4,5,0,0,1,1,1,0,0,2,9,21,9,18,18,18,10,10,10,1,2,1,6,1,6,13,13,13,1,7,1,12,10,10,1,1,3,1,1,1,6,1,6,2,1,2,11,8,6,8,3,11
201554B226515,-2.126622,51.421176,1,3,4,2,20.40,3,6,60,0,0,0,0,0,4,1,2,0,0,2,9,9,21,13,18,18,10,10,10,9,9,9,6,6,5,13,13,13,7,1,1,12,12,12,1,1,3,1,1,1,6,6,1,2,1,1,8,6,8,5,10,4
2015551500072,-2.420395,50.646574,1,1,1,6,10.5,3,6,30,0,0,0,0,4,1,1,1,0,0,1,21,0,0,9,0,0,10,0,0,9,0,0,6,0,0,13,0,0,9,0,0,12,0,0,1,0,0,1,0,0,1,0,0,1,0,0,8,0,0,2,0,0
2015551500503,-1.995621,50.792429,1,2,5,4,16.13,3,6,60,0,0,0,0,0,5,1,1,0,0,2,9,9,0,16,17,0,10,10,0,9,9,0,6,6,0,13,13,0,9,1,0,12,11,0,1,1,0,1,1,0,2,6,0,1,2,0,5,8,0,13,6,0
2015551500766,-2.07649,50.757837,1,2,2,6,12.53,5,6,30,6,4,5,0,0,1,1,1,0,0,2,19,9,0,18,18,0,10,10,0,8,8,0,6,6,0,13,13,0,7,7,0,11,11,0,3,1,0,1,1,0,6,6,0,1,1,0,11,11,0,7,6,0
2015551500799,-2.45487,50.648791,1,2,1,3,7.55,3,6,40,3,4,5,0,0,1,1,1,0,0,1,19,5,0,9,18,0,10,10,0,2,1,0,6,1,0,13,13,0,9,9,0,12,12,0,1,1,0,1,1,0,1,2,0,1,1,0,7,8,0,9,7,0
2015551500828,-1.987813,50.866203,1,1,5,1,21.20,4,6,60,0,0,0,0,0,1,1,1,0,0,2,9,0,0,16,0,0,10,0,0,9,0,0,2,0,0,13,0,0,8,0,0,11,0,0,3,0,0,1,0,0,6,0,0,1,0,0,6,0,0,12,0,0
2015551500878,-2.753125,50.728684,1,2,1,3,5.4,3,6,40,0,0,0,0,0,4,1,1,0,0,1,9,21,0,18,18,0,10,10,0,9,9,0,5,1,0,13,13,0,9,9,0,12,12,0,1,1,0,1,1,0,6,1,0,1,1,0,10,8,0,15,2,0
2015551500885,-2.351339,50.99173,1,2,3,5,18.19,3,6,60,0,0,0,0,0,1,1,1,0,0,2,5,9,0,13,9,0,10,10,0,9,9,0,6,6,0,13,13,0,9,7,0,12,12,0,1,3,0,1,1,0,6,6,0,1,1,0,8,6,0,14,6,0
2015551501110,-2.161285,50.873592,1,3,6,2,15.5,3,6,60,0,0,0,0,0,1,1,1,0,0,2,9,9,9,18,18,18,10,10,10,9,9,9,1,6,6,13,13,13,9,9,9,12,12,12,3,1,3,1,1,1,6,6,6,2,2,1,5,9,7,18,2,13
2015551501224,-2.436451,50.630148,1,2,2,1,17.7,4,6,50,0,0,0,0,0,1,1,1,0,0,2,5,5,0,18,18,0,10,10,0,9,9,0,6,6,0,13,13,0,1,9,0,2,12,0,1,5,0,1,1,0,6,6,0,1,1,0,6,6,0,14,21,0
2015551501243,-1.905205,50.728265,1,1,2,3,22.20,3,3,40,0,0,0,0,4,6,1,2,0,0,1,9,0,0,18,0,0,10,0,0,9,0,0,6,0,0,13,0,0,9,0,0,12,0,0,1,0,0,1,0,0,6,0,0,1,0,0,5,0,0,9,0,0
2015551501607,-1.821223,50.745109,1,1,4,1,19.27,3,6,40,6,2,6,0,5,4,1,1,0,2,1,9,0,0,18,0,0,10,0,0,2,0,0,6,0,0,11,0,0,9,0,0,12,0,0,1,0,0,1,0,0,6,0,0,1,0,0,5,0,0,13,0,0
2015551501654,-1.970645,50.82452,1,2,2,5,5.35,5,6,60,0,0,0,0,0,6,9,1,0,3,2,9,19,0,18,18,0,10,10,0,9,9,0,2,1,0,13,1,0,1,7,0,4,12,0,1,1,0,1,1,0,6,6,0,1,1,0,5,6,0,15,10,0
2015551600088,-2.549521,50.945976,1,1,2,4,1.3,3,3,70,0,0,0,1,0,6,1,1,0,0,2,9,0,0,18,0,0,10,0,0,9,0,0,6,0,0,13,0,0,4,0,0,6,0,0,1,0,0,1,0,0,2,0,0,1,0,0,6,0,0,14,0,0
2015551600188,-2.604063,50.720226,1,2,5,1,18.32,3,6,60,0,0,0,0,0,6,2,2,0,0,2,9,9,0,17,18,0,10,10,0,9,9,0,1,6,0,13,13,0,9,1,0,12,12,0,4,1,0,1,1,0,6,6,0,2,1,0,6,8,0,10,2,0
2015551600632,-2.462356,50.663555,1,4,2,7,12.11,3,6,60,5,4,6,0,0,1,4,1,0,0,2,5,9,9,16,17,18,10,10,10,1,1,1,1,1,6,13,13,13,1,9,9,7,12,12,1,3,3,1,1,1,2,6,6,1,1,1,6,10,9,7,4,1
2015555997887,-1.920283,50.726828,1,1,2,6,6.20,3,6,30,0,0,0,0,4,4,1,1,4,0,1,9,0,0,18,0,0,10,0,0,9,0,0,6,0,0,13,0,0,9,0,0,12,0,0,1,0,0,1,0,0,6,0,0,1,0,0,6,0,0,6,0,0
2015555998771,-1.849072,50.723521,1,1,2,7,1.10,3,6,30,6,2,6,0,4,4,1,1,0,0,1,9,0,0,18,0,0,10,0,0,2,0,0,1,0,0,13,0,0,9,0,0,12,0,0,1,0,0,1,0,0,6,0,0,1,0,0,5,0,0,14,0,0
2015555999496,-2.939716,50.757257,1,2,1,5,17.27,3,3,70,3,4,6,0,0,1,1,1,0,0,2,21,3,0,9,18,0,10,10,0,6,8,0,6,1,0,13,13,0,9,9,0,12,12,0,3,1,0,1,1,0,1,2,0,1,1,0,5,6,0,1,3,0
2015556000110,-2.464622,50.838382,1,1,1,7,21.42,5,6,60,0,0,0,0,0,6,1,1,0,0,2,9,0,0,17,0,0,10,0,0,9,0,0,2,0,0,13,0,0,7,0,0,10,0,0,1,0,0,1,0,0,6,0,0,2,0,0,5,0,0,16,0,0
2015556000356,-2.544021,50.788111,1,3,6,6,22.15,3,6,60,0,0,0,0,0,6,7,1,0,0,2,19,9,9,13,18,18,10,10,10,9,9,9,6,6,6,13,13,13,9,9,9,12,12,12,1,1,5,1,1,1,6,6,6,1,1,2,7,6,5,13,1,4
2015556000403,-2.57735,50.836889,1,2,3,4,12.6,3,6,60,3,4,5,0,0,1,1,1,0,0,2,9,11,0,9,18,0,10,10,0,8,8,0,6,6,0,13,13,0,1,9,0,1,12,0,4,1,0,1,1,0,6,1,0,1,2,0,11,8,0,12,8,0
201591NE08555,-5.580912,57.817136,1,4,1,6,12.55,3,6,60,0,0,0,0,0,1,2,2,0,0,2,5,90,9,13,16,17,10,10,10,9,9,9,1,6,6,13,13,13,9,9,9,12,12,12,1,1,5,1,1,1,6,6,6,1,1,1,7,9,7,12,9,13
201591NE11450,-3.992074,57.749842,1,2,1,6,7.23,4,6,60,0,0,0,0,0,1,1,2,0,0,2,9,9,0,16,16,0,10,10,0,9,9,0,1,6,0,13,13,0,7,9,0,12,12,0,4,1,0,1,1,0,2,6,0,2,1,0,6,7,0,13,5,0
201591NH03137,-6.542301,58.348159,1,1,1,7,13.15,3,6,60,0,0,0,0,0,1,5,2,0,0,2,5,0,0,18,0,0,10,0,0,9,0,0,1,0,0,13,0,0,1,0,0,3,0,0,1,0,0,1,0,0,6,0,0,1,0,0,7,0,0,11,0,0
201591NJ01018,-3.147635,58.512098,1,1,2,5,15.40,3,6,60,0,0,0,0,0,1,1,2,0,0,2,9,0,0,16,0,0,10,0,0,9,0,0,2,0,0,13,0,0,7,0,0,11,0,0,1,0,0,1,0,0,6,0,0,1,0,0,6,0,0,13,0,0
201591NL00068,-1.349115,60.391536,1,2,2,2,11.46,3,6,30,0,0,0,0,0,1,1,2,0,0,2,9,11,0,18,8,0,10,10,0,9,9,0,6,6,0,13,13,0,9,9,0,12,12,0,1,2,0,1,1,0,6,1,0,1,1,0,11,9,0,6,10,0
201591NM09195,-3.871998,57.584431,1,1,2,5,15.30,3,6,30,3,2,6,0,5,1,1,1,0,0,2,21,0,0,5,0,0,10,0,0,1,0,0,6,0,0,13,0,0,9,0,0,12,0,0,4,0,0,1,0,0,1,0,0,1,0,0,8,0,0,4,0,0