Accident_Index,Longitude,Latitude,SV,Number_of_Vehicles,Number_of_Casualties,Day_of_Week,Time,1st_Road_Class,Road_Type,Speed_limit,Junction_Detail,Junction_Control,2nd_Road_Class,Pedestrian_Crossing-Human_Control,Pedestrian_Crossing-Physical_Facilities,Light_Conditions,Weather_Conditions,Road_Surface_Conditions,Special_Conditions_at_Site,Carriageway_Hazards,Urban_or_Rural_Area,Vehicle1_Type,Vehicle2_Type,Vehicle3_Type,Vehicle1_Manoeuvre,Vehicle2_Manoeuvre,Vehicle3_Manoeuvre,Vehicle1_Location-Restricted_Lane,Vehicle2_Location-Restricted_Lane,Vehicle3_Location-Restricted_Lane,Junction1_Location,Junction2_Location,Junction3_Location,Skidding1_and_Overturning,Skidding2_and_Overturning,Skidding3_and_Overturning,Hit_Object_in_Carriageway1,Hit_Object_in_Carriageway2,Hit_Object_in_Carriageway3,Vehicle1_Leaving_Carriageway,Vehicle2_Leaving_Carriageway,Vehicle3_Leaving_Carriageway,Hit_Object_off_Carriageway1,Hit_Object_off_Carriageway2,Hit_Object_off_Carriageway3,1st_Point_of_Impact1,1st_Point_of_Impact2,1st_Point_of_Impact3,Was_Vehicle 1_Left_Hand_Drive?,Was_Vehicle2_Left_Hand_Drive?,Was_Vehicle 3_Left_Hand_Drive?,Journey_Purpose_of_Driver1,Journey_Purpose_of_Driver2,Journey_Purpose_of_Driver3,Sex_of_Driver1,Sex_of_Driver2,Sex_of_Driver3,Age_Band_of_Driver1,Age_Band_of_Driver2,Age_Band_of_Driver3,Age_of_Vehicle1,Age_of_Vehicle2,Age_of_Vehicle3
201591NN12506,-4.048748,57.554095,1,2,3,7,8.14,4,6,60,0,0,0,0,0,1,1,1,0,0,2,9,9,0,16,18,0,10,10,0,9,9,0,2,6,0,13,13,0,9,9,0,12,12,0,3,1,0,1,1,0,2,6,0,1,1,0,5,7,0,5,3,0
201591NP07168,-5.84627,56.938327,1,1,1,7,3.29,3,6,60,0,0,0,0,0,6,1,2,0,0,2,9,0,0,16,0,0,10,0,0,9,0,0,6,0,0,13,0,0,7,0,0,11,0,0,1,0,0,1,0,0,6,0,0,1,0,0,4,0,0,9,0,0
201591NP09320,-5.448114,57.402431,1,1,1,3,13.5,3,6,60,0,0,0,0,0,1,1,1,0,0,2,5,0,0,16,0,0,10,0,0,9,0,0,1,0,0,13,0,0,7,0,0,12,0,0,4,0,0,1,0,0,6,0,0,1,0,0,9,0,0,23,0,0
2015921500043,-2.214272,57.587448,1,1,1,7,8.15,3,6,60,0,0,0,0,0,6,4,2,0,0,2,9,0,0,17,0,0,10,0,0,9,0,0,2,0,0,13,0,0,7,0,0,11,0,0,1,0,0,1,0,0,6,0,0,1,0,0,5,0,0,7,0,0
2015921500111,-2.354004,57.243321,1,1,1,6,2.10,3,3,70,0,0,0,0,0,6,1,2,0,0,2,21,0,0,18,0,0,10,0,0,9,0,0,6,0,0,13,0,0,9,0,0,12,0,0,1,0,0,1,0,0,1,0,0,1,0,0,7,0,0,5,0,0
2015921500126,-2.664363,57.261476,1,1,1,5,14.30,6,6,60,0,0,0,0,0,1,1,1,0,0,2,19,0,0,16,0,0,10,0,0,9,0,0,6,0,0,13,0,0,7,0,0,12,0,0,1,0,0,1,0,0,1,0,0,1,0,0,8,0,0,1,0,0
2015921500374,-2.129966,57.167012,1,3,2,4,20.50,6,6,30,6,4,6,0,1,4,1,2,0,0,1,5,9,9,18,9,2,10,10,10,8,8,2,6,6,6,13,4,13,1,7,9,12,12,12,1,1,2,1,1,1,6,6,6,1,1,1,5,7,4,14,5,9
2015921500399,-2.454341,57.583983,1,2,1,5,7.45,3,6,60,0,0,0,0,0,1,1,1,0,0,2,5,9,0,12,13,0,10,10,0,9,9,0,5,6,0,13,13,0,7,9,0,11,12,0,4,3,0,1,1,0,2,2,0,1,2,0,8,5,0,5,2,0
2015921500677,-2.092885,57.137006,1,2,1,1,10.59,6,6,30,0,0,0,0,0,1,1,2,0,0,1,9,9,0,11,11,0,10,10,0,9,9,0,6,6,0,13,13,0,9,9,0,12,12,0,4,1,0,1,1,0,6,6,0,1,2,0,5,7,0,1,9,0
2015921500701,-2.57874,56.99799,1,2,1,7,14.0,6,6,60,0,0,0,0,0,1,1,1,0,0,2,5,9,0,16,17,0,10,10,0,9,9,0,6,6,0,13,13,0,7,1,0,12,12,0,1,1,0,1,1,0,6,6,0,1,1,0,7,9,0,18,5,0
2015921500708,-2.279174,56.850091,1,1,1,2,16.26,3,6,60,0,0,0,0,0,1,1,1,0,0,2,9,0,0,16,0,0,10,0,0,9,0,0,5,0,0,13,0,0,7,0,0,7,0,0,1,0,0,1,0,0,6,0,0,2,0,0,8,0,0,2,0,0
2015921501173,-2.427297,57.126439,1,2,1,6,14.50,4,6,60,0,0,0,0,0,1,1,1,0,0,2,5,9,0,16,17,0,10,10,0,9,9,0,6,6,0,13,13,0,7,9,0,12,12,0,1,1,0,1,2,0,6,6,0,1,2,0,6,8,0,9,6,0
2015921501192,-2.090101,57.201622,1,2,2,7,9.18,3,3,70,1,4,4,0,0,1,2,2,0,0,1,9,9,0,18,18,0,10,4,0,4,4,0,6,6,0,9,13,0,6,1,0,1,12,0,1,1,0,1,1,0,6,6,0,1,1,0,8,9,0,3,1,0
2015921501197,-2.34893,57.384806,1,2,1,2,3.25,3,6,60,0,0,0,0,0,6,1,1,0,0,2,9,21,0,18,18,0,10,10,0,9,9,0,6,6,0,13,13,0,1,9,0,11,12,0,1,1,0,1,1,0,2,1,0,1,1,0,8,6,0,3,2,0
2015921501210,-2.779701,57.441175,1,1,1,5,17.25,3,6,60,3,4,6,0,0,6,1,2,0,0,2,9,0,0,18,0,0,10,0,0,1,0,0,6,0,0,13,0,0,9,0,0,12,0,0,1,0,0,1,0,0,1,0,0,1,0,0,7,0,0,6,0,0
2015921501352,-2.430158,57.175145,1,2,2,7,14.42,3,6,60,0,0,0,0,0,1,2,2,0,0,2,17,9,0,18,18,0,10,10,0,9,9,0,4,6,0,13,13,0,7,9,0,12,12,0,3,3,0,1,1,0,1,6,0,1,1,0,5,9,0,4,7,0
2015921501414,-2.116099,57.095143,1,2,2,5,12.0,3,6,40,0,0,0,0,0,1,1,2,0,0,2,9,9,0,17,16,0,10,10,0,9,9,0,1,6,0,13,13,0,9,9,0,12,12,0,4,1,0,1,1,0,6,2,0,2,1,0,7,9,0,14,1,0
2015921501420,-2.094373,57.144173,1,1,1,4,8.20,3,3,30,3,2,6,0,5,1,1,2,0,0,1,21,0,0,7,0,0,10,0,0,8,0,0,6,0,0,13,0,0,9,0,0,12,0,0,1,0,0,1,0,0,1,0,0,1,0,0,9,0,0,3,0,0
2015921600024,-3.298182,57.702099,1,1,1,7,1.44,3,6,60,0,0,0,0,0,6,1,2,0,0,2,9,0,0,18,0,0,10,0,0,9,0,0,6,0,0,13,0,0,9,0,0,12,0,0,1,0,0,1,0,0,6,0,0,1,0,0,5,0,0,2,0,0
2015930000265,-3.875647,56.764742,1,2,1,5,2.25,3,6,60,0,0,0,0,0,6,1,1,0,0,2,19,21,0,18,18,0,10,10,0,9,9,0,6,6,0,13,13,0,9,9,0,12,12,0,1,1,0,1,1,0,1,1,0,1,1,0,6,8,0,8,6,0
2015930000272,-2.999611,56.460616,1,1,1,1,10.10,6,6,30,7,4,6,0,0,1,2,2,0,0,1,9,0,0,1,0,0,10,0,0,1,0,0,6,0,0,13,0,0,9,0,0,12,0,0,2,0,0,1,0,0,6,0,0,1,0,0,8,0,0,1,0,0
2015930000298,-3.565544,56.552698,1,2,2,5,16.7,3,3,60,0,0,0,0,0,1,1,1,0,0,2,9,9,0,18,18,0,10,10,0,9,9,0,6,6,0,13,13,0,7,1,0,12,12,0,1,1,0,1,1,0,6,2,0,1,1,0,8,8,0,15,9,0
2015930000379,-3.765964,56.53072,1,1,1,4,15.55,3,6,60,0,0,0,0,0,1,1,2,0,0,2,5,0,0,17,0,0,10,0,0,9,0,0,1,0,0,13,0,0,9,0,0,12,0,0,1,0,0,1,0,0,6,0,0,1,0,0,8,0,0,13,0,0
2015930000436,-2.629384,56.765411,1,2,1,6,2.23,3,3,70,0,0,0,0,0,7,5,2,0,0,2,9,21,0,13,18,0,10,10,0,9,9,0,6,6,0,13,13,0,9,9,0,12,12,0,1,5,0,1,1,0,1,1,0,1,1,0,9,8,0,8,2,0
2015930000511,-3.156049,56.451495,1,1,1,6,21.15,3,3,70,0,0,0,0,0,6,1,1,0,0,2,9,0,0,18,0,0,10,0,0,9,0,0,6,0,0,13,0,0,9,0,0,12,0,0,1,0,0,1,0,0,6,0,0,2,0,0,11,0,0,1,0,0
2015930000534,-2.479677,56.695366,1,1,1,5,19.41,5,6,60,0,0,0,0,0,1,1,1,0,0,2,9,0,0,18,0,0,10,0,0,9,0,0,6,0,0,13,0,0,1,0,0,4,0,0,1,0,0,1,0,0,6,0,0,1,0,0,11,0,0,12,0,0
2015930000587,-2.544412,56.598838,1,1,1,7,7.0,5,6,60,0,0,0,0,0,6,1,1,0,0,2,9,0,0,17,0,0,10,0,0,9,0,0,5,0,0,13,0,0,7,0,0,11,0,0,1,0,0,1,0,0,6,0,0,1,0,0,6,0,0,8,0,0
2015941500107,-3.576937,56.08732,1,1,1,4,21.11,3,6,30,0,0,0,0,0,4,1,2,0,0,2,9,0,0,18,0,0,10,0,0,9,0,0,6,0,0,13,0,0,9,0,0,12,0,0,1,0,0,1,0,0,6,0,0,2,0,0,5,0,0,12,0,0
2015941500121,-3.156644,56.211826,1,1,1,3,17.35,3,6,50,0,0,0,0,0,4,1,2,0,0,1,9,0,0,18,0,0,10,0,0,9,0,0,6,0,0,13,0,0,9,0,0,12,0,0,4,0,0,1,0,0,2,0,0,1,0,0,7,0,0,7,0,0
2015941500153,-3.149736,56.249287,1,2,2,4,10.45,3,6,40,6,3,5,0,0,1,1,2,0,0,2,17,9,0,18,18,0,10,10,0,1,1,0,1,6,0,13,13,0,9,1,0,12,12,0,4,1,0,1,1,0,1,6,0,1,2,0,4,8,0,3,1,0
2015941500388,-2.784775,56.261475,1,1,1,7,19.25,4,6,60,0,0,0,0,0,1,1,1,0,0,2,5,0,0,16,0,0,10,0,0,9,0,0,1,0,0,13,0,0,7,0,0,11,0,0,1,0,0,1,0,0,6,0,0,1,0,0,8,0,0,16,0,0
2015941500425,-3.108823,56.142001,1,1,2,6,0.50,3,6,40,0,0,0,0,0,6,1,1,0,0,2,9,0,0,16,0,0,10,0,0,9,0,0,2,0,0,13,0,0,1,0,0,4,0,0,4,0,0,1,0,0,6,0,0,1,0,0,4,0,0,17,0,0
2015941500447,-3.471313,56.040937,1,2,2,5,11.37,3,6,50,3,4,4,0,0,1,1,1,0,0,2,19,5,0,9,18,0,10,10,0,6,8,0,6,1,0,13,13,0,9,9,0,12,12,0,3,1,0,1,1,0,1,6,0,1,1,0,7,10,0,2,14,0
2015941500522,-3.185759,56.299945,1,1,1,1,11.30,3,6,60,3,4,6,0,0,1,1,1,0,0,2,5,0,0,13,0,0,10,0,0,1,0,0,6,0,0,13,0,0,7,0,0,4,0,0,3,0,0,1,0,0,6,0,0,1,0,0,7,0,0,5,0,0
2015941500913,-2.941265,56.355962,1,2,2,3,19.5,3,6,60,3,4,6,0,0,6,1,2,0,0,2,19,9,0,18,18,0,10,10,0,1,1,0,6,6,0,13,13,0,9,1,0,12,12,0,1,1,0,1,1,0,1,6,0,1,2,0,6,6,0,12,6,0
2015941500948,-3.639456,56.066098,1,2,1,1,7.0,3,6,60,0,0,0,0,0,6,1,2,0,0,2,9,19,0,18,18,0,10,10,0,9,9,0,6,6,0,13,13,0,9,9,0,12,12,0,1,1,0,1,1,0,2,6,0,1,1,0,5,6,0,6,3,0
2015950001713,-2.583038,55.501576,1,2,3,2,14.8,3,6,60,0,0,0,0,0,1,1,1,0,0,2,9,9,0,13,18,0,10,10,0,9,9,0,2,6,0,13,13,0,1,9,0,1,12,0,1,1,0,1,1,0,6,6,0,1,2,0,4,8,0,13,9,0
2015950001972,-2.843644,55.697508,1,1,1,6,19.30,4,6,60,0,0,0,0,0,1,2,2,0,0,2,19,0,0,17,0,0,10,0,0,9,0,0,5,0,0,13,0,0,7,0,0,11,0,0,1,0,0,1,0,0,2,0,0,1,0,0,8,0,0,1,0,0
2015950002085,-2.6402,56.020646,1,1,1,2,11.30,3,6,60,0,0,0,0,0,1,1,1,0,0,2,9,0,0,18,0,0,10,0,0,9,0,0,6,0,0,6,0,0,7,0,0,12,0,0,1,0,0,1,0,0,6,0,0,1,0,0,10,0,0,3,0,0
2015950002718,-3.160919,55.827016,1,1,1,7,7.0,3,6,60,0,0,0,0,0,1,1,2,0,0,2,9,0,0,17,0,0,10,0,0,9,0,0,6,0,0,13,0,0,1,0,0,4,0,0,1,0,0,1,0,0,2,0,0,1,0,0,6,0,0,11,0,0
2015950003371,-3.511681,55.917612,1,4,3,2,8.40,1,3,70,0,0,0,0,0,1,1,1,0,0,1,19,9,9,18,3,3,10,10,10,9,9,9,5,6,6,13,13,13,1,9,9,12,12,12,1,1,1,1,1,1,6,6,1,1,1,1,6,8,6,1,15,5
2015950003793,-3.563797,55.988687,1,3,3,5,17.15,3,6,60,5,4,1,0,0,1,1,1,0,0,2,9,9,9,9,18,10,10,10,10,2,1,1,6,6,6,13,13,13,9,9,9,12,12,12,4,1,1,1,1,1,6,2,6,2,2,1,8,5,5,1,2,9
2015950003852,-3.199575,55.951652,1,1,1,4,10.40,5,6,30,3,2,3,0,5,1,1,1,0,0,1,11,0,0,7,0,0,10,0,0,8,0,0,6,0,0,13,0,0,9,0,0,12,0,0,1,0,0,1,0,0,1,0,0,1,0,0,8,0,0,9,0,0
2015950004047,-3.224805,55.853911,1,1,1,3,17.45,3,6,60,0,0,0,0,0,1,1,1,0,0,2,19,0,0,18,0,0,10,0,0,9,0,0,6,0,0,13,0,0,9,0,0,12,0,0,1,0,0,1,0,0,1,0,0,1,0,0,6,0,0,2,0,0
2015950004501,-3.206908,55.904227,1,1,1,5,19.55,6,6,40,0,0,0,0,5,1,1,1,0,0,1,9,0,0,18,0,0,10,0,0,9,0,0,6,0,0,13,0,0,9,0,0,12,0,0,1,0,0,1,0,0,6,0,0,1,0,0,9,0,0,7,0,0
2015950005640,-2.923998,55.345791,1,2,2,5,9.20,3,6,60,0,0,0,0,0,1,1,2,0,0,2,19,9,0,18,18,0,10,10,0,9,9,0,6,5,0,13,13,0,7,1,0,11,9,0,1,1,0,1,1,0,1,1,0,1,1,0,9,9,0,10,20,0
2015950005734,-3.409276,55.918162,1,1,1,5,10.41,4,6,30,9,4,6,0,0,1,1,2,0,0,2,9,0,0,18,0,0,10,0,0,1,0,0,1,0,0,13,0,0,1,0,0,10,0,0,1,0,0,1,0,0,6,0,0,1,0,0,4,0,0,12,0,0
2015961500685,-4.556378,56.405279,1,3,2,4,16.20,3,6,60,0,0,0,0,0,1,1,1,0,0,2,5,9,9,16,17,16,10,10,10,9,9,9,6,6,6,13,13,13,1,9,9,11,12,12,1,1,5,1,1,1,6,6,1,1,1,1,9,5,9,8,9,12
2015961501099,-3.935383,56.081797,1,1,2,4,9.51,1,3,70,5,4,1,0,0,1,1,2,0,0,2,9,0,0,18,0,0,10,0,0,1,0,0,1,0,0,13,0,0,1,0,0,4,0,0,3,0,0,1,0,0,6,0,0,1,0,0,6,0,0,10,0,0
2015961501153,-3.93877,56.122327,1,1,1,6,14.0,6,6,30,3,4,6,0,0,1,1,1,0,0,1,19,0,0,18,0,0,10,0,0,1,0,0,6,0,0,13,0,0,9,0,0,12,0,0,4,0,0,1,0,0,6,0,0,1,0,0,9,0,0,3,0,0
2015961501156,-3.875228,56.064538,1,1,1,1,10.10,3,6,30,3,4,6,0,0,1,4,1,0,0,2,11,0,0,18,0,0,10,0,0,8,0,0,6,0,0,13,0,0,9,0,0,12,0,0,5,0,0,1,0,0,1,0,0,1,0,0,8,0,0,9,0,0
2015961501295,-3.789182,56.044895,1,1,1,5,23.30,1,3,70,0,0,0,0,0,6,1,1,0,0,2,9,0,0,18,0,0,10,0,0,9,0,0,6,0,0,13,0,0,9,0,0,12,0,0,1,0,0,1,0,0,6,0,0,1,0,0,9,0,0,7,0,0
2015961501320,-3.90842,56.114685,1,1,1,2,22.30,6,6,30,1,4,6,0,0,4,1,1,0,0,1,5,0,0,18,0,0,10,0,0,1,0,0,1,0,0,10,0,0,3,0,0,1,0,0,1,0,0,1,0,0,2,0,0,1,0,0,5,0,0,2,0,0
2015961502052,-3.966737,56.174438,1,5,3,4,16.20,4,3,50,0,0,0,0,0,4,1,2,0,0,2,9,9,9,18,3,3,10,10,10,9,9,9,6,6,6,13,13,13,9,9,9,12,12,12,1,2,2,1,1,1,6,6,6,1,1,1,10,8,7,7,1,1
2015961502057,-3.932241,56.091255,1,1,1,4,23.40,3,6,30,0,0,0,0,4,4,2,2,0,0,1,9,0,0,18,0,0,10,0,0,9,0,0,6,0,0,13,0,0,9,0,0,12,0,0,1,0,0,1,0,0,2,0,0,2,0,0,7,0,0,1,0,0
201597AB70108,-4.257067,55.858354,1,1,1,7,19.8,3,6,30,9,2,6,0,5,1,1,1,0,0,1,11,0,0,5,0,0,10,0,0,8,0,0,6,0,0,13,0,0,9,0,0,12,0,0,4,0,0,1,0,0,1,0,0,1,0,0,6,0,0,10,0,0
201597AB70405,-4.252759,55.857921,1,1,2,6,14.33,6,2,30,9,2,6,0,4,1,1,1,0,0,1,11,0,0,7,0,0,10,0,0,8,0,0,6,0,0,13,0,0,9,0,0,12,0,0,4,0,0,1,0,0,1,0,0,1,0,0,9,0,0,6,0,0
201597AE01907,-4.365874,55.893312,1,1,1,2,14.0,6,6,30,7,2,6,0,5,1,1,1,0,0,1,9,0,0,7,0,0,10,0,0,1,0,0,6,0,0,13,0,0,9,0,0,12,0,0,3,0,0,1,0,0,6,0,0,1,0,0,10,0,0,14,0,0
201597AE70105,-4.372907,55.912347,1,1,1,7,22.56,6,6,30,0,0,0,0,0,4,1,1,0,0,1,9,0,0,18,0,0,10,0,0,9,0,0,6,0,0,13,0,0,9,0,0,12,0,0,1,0,0,1,0,0,6,0,0,1,0,0,6,0,0,8,0,0
201597AE70409,-4.35135,55.879803,1,1,1,7,12.15,6,6,30,0,0,0,0,4,1,1,1,0,0,1,9,0,0,18,0,0,10,0,0,9,0,0,1,0,0,13,0,0,9,0,0,12,0,0,1,0,0,1,0,0,6,0,0,2,0,0,7,0,0,1,0,0
201597BA02001,-4.179907,55.856744,1,2,1,3,13.0,6,6,30,6,4,6,0,0,1,4,4,0,0,1,9,9,0,18,18,0,10,10,0,8,8,0,6,6,0,13,13,0,7,9,0,10,12,0,4,1,0,1,1,0,6,6,0,2,1,0,6,10,0,3,2,0
201597BA70103,-4.22639,55.855354,1,1,1,6,20.44,3,6,30,6,2,6,0,5,4,1,1,0,0,1,9,0,0,18,0,0,10,0,0,8,0,0,6,0,0,13,0,0,9,0,0,12,0,0,1,0,0,1,0,0,6,0,0,1,0,0,6,0,0,8,0,0
201597BA70104,-4.162713,55.862188,1,1,1,7,14.25,3,3,40,0,0,0,0,4,1,4,1,0,0,1,9,0,0,18,0,0,10,0,0,9,0,0,6,0,0,13,0,0,9,0,0,12,0,0,1,0,0,1,0,0,6,0,0,2,0,0,6,0,0,5,0,0
201597BC70111,-4.232973,55.874297,1,1,1,4,19.30,3,3,40,3,2,6,0,5,4,1,1,0,0,1,9,0,0,18,0,0,10,0,0,1,0,0,6,0,0,13,0,0,9,0,0,12,0,0,1,0,0,1,0,0,1,0,0,1,0,0,7,0,0,5,0,0
201597BC70212,-4.197251,55.89562,1,1,1,7,19.45,4,6,30,0,0,0,0,0,6,2,2,0,0,1,9,0,0,18,0,0,10,0,0,9,0,0,6,0,0,13,0,0,9,0,0,12,0,0,1,0,0,1,0,0,2,0,0,1,0,0,5,0,0,7,0,0
201597BF70103,-4.370856,55.978589,1,3,1,1,16.50,3,6,60,0,0,0,0,0,1,1,1,0,0,2,5,9,9,13,18,18,10,10,10,9,9,9,1,6,6,13,13,13,7,9,9,4,12,12,1,1,5,1,1,1,6,6,6,1,1,1,8,8,7,8,8,5
201597GA70111,-4.313237,55.862146,1,1,1,3,14.40,6,3,30,0,0,0,0,5,1,1,1,0,0,1,11,0,0,18,0,0,2,0,0,9,0,0,6,0,0,13,0,0,9,0,0,12,0,0,1,0,0,1,0,0,1,0,0,1,0,0,8,0,0,7,0,0
201597GC70301,-4.322394,55.800534,1,2,2,2,10.55,3,3,30,1,4,4,0,0,1,5,2,0,0,2,9,19,0,18,18,0,10,10,0,4,3,0,6,6,0,13,13,0,9,9,0,12,12,0,1,1,0,1,1,0,2,1,0,1,1,0,10,9,0,3,3,0
201597GE70201,-4.265809,55.833675,1,1,1,5,14.45,6,6,30,3,2,6,0,5,1,1,2,0,0,1,19,0,0,9,0,0,10,0,0,8,0,0,6,0,0,13,0,0,9,0,0,12,0,0,1,0,0,1,0,0,1,0,0,1,0,0,7,0,0,4,0,0
201597KC04410,-4.818024,55.945414,1,1,1,4,17.15,6,6,30,3,4,6,0,0,4,2,2,0,0,1,9,0,0,18,0,0,10,0,0,1,0,0,6,0,0,13,0,0,9,0,0,12,0,0,1,0,0,1,0,0,6,0,0,1,0,0,6,0,0,9,0,0
201597LA05506,-4.538883,56.038229,1,2,1,5,7.40,3,6,60,0,0,0,0,0,1,1,2,0,0,2,9,21,0,17,16,0,10,10,0,9,9,0,1,6,0,13,13,0,9,1,0,12,12,0,4,1,0,1,1,0,1,1,0,1,1,0,5,8,0,14,4,0
201597LB03204,-5.217307,56.432025,1,1,1,4,11.30,3,6,60,9,4,6,0,0,1,1,1,0,0,2,5,0,0,17,0,0,10,0,0,2,0,0,6,0,0,13,0,0,1,0,0,7,0,0,1,0,0,1,0,0,6,0,0,1,0,0,6,0,0,20,0,0
201597LB05012,-5.512482,56.335975,1,2,2,4,17.30,3,6,60,0,0,0,0,0,6,2,2,0,0,2,9,9,0,13,18,0,10,10,0,9,9,0,6,6,0,13,13,0,9,9,0,12,12,0,1,1,0,1,1,0,6,2,0,1,2,0,6,9,0,18,4,0
201597NC70305,-4.06651,55.907914,1,3,4,7,17.30,1,3,70,0,0,0,0,0,1,1,1,0,0,2,11,9,21,18,4,18,10,10,10,9,9,9,6,6,1,13,13,13,4,2,9,12,7,12,1,2,4,1,1,1,1,6,1,1,2,1,7,6,7,7,2,3
201597ND70211,-3.976468,55.82142,1,2,1,1,0.36,3,6,30,0,0,0,0,4,4,1,1,0,0,1,9,9,0,16,2,0,10,10,0,9,9,0,2,6,0,4,13,0,1,9,0,1,12,0,3,3,0,1,1,0,6,6,0,1,1,0,6,6,0,10,4,0
201597NE70307,-3.912972,55.818956,1,2,4,2,9.0,3,6,60,0,0,0,0,0,1,1,2,2,0,2,9,9,0,13,18,0,10,10,0,9,9,0,6,6,0,13,13,0,7,9,0,12,12,0,1,1,0,1,1,0,6,6,0,1,1,0,6,8,0,9,6,0
201597NE70505,-3.858273,55.788539,1,1,1,4,23.15,3,6,60,0,0,0,0,0,6,1,1,0,0,1,9,0,0,18,0,0,10,0,0,9,0,0,5,0,0,13,0,0,1,0,0,7,0,0,1,0,0,1,0,0,6,0,0,1,0,0,8,0,0,13,0,0
201597NE70609,-3.965132,55.771042,1,1,1,1,20.15,6,6,30,0,0,0,0,0,4,1,1,0,0,1,9,0,0,17,0,0,9,0,0,9,0,0,6,0,0,13,0,0,1,0,0,11,0,0,1,0,0,1,0,0,6,0,0,1,0,0,5,0,0,9,0,0
201597QB01201,-4.048798,55.763393,1,1,1,4,2.0,4,6,30,2,4,6,0,0,4,5,2,0,0,1,9,0,0,18,0,0,10,0,0,3,0,0,1,0,0,13,0,0,9,0,0,12,0,0,1,0,0,1,0,0,2,0,0,1,0,0,6,0,0,7,0,0
201597UA01501,-4.647742,55.735457,1,2,3,5,16.30,3,6,60,0,0,0,0,0,6,1,2,0,0,2,9,9,0,18,18,0,10,10,0,9,9,0,6,6,0,13,13,0,7,9,0,11,12,0,4,1,0,1,1,0,2,2,0,1,1,0,6,5,0,8,2,0
201597UA02203,-4.563626,55.726699,1,2,1,3,13.30,3,6,60,0,0,0,0,0,1,1,1,0,0,2,9,21,0,18,18,0,10,10,0,9,9,0,6,2,0,13,13,0,1,1,0,12,11,0,1,1,0,1,1,0,6,1,0,1,1,0,7,8,0,6,1,0
201597UD70406,-4.576849,55.48668,1,1,1,4,6.50,3,6,60,2,3,6,0,0,5,2,2,2,2,2,21,0,0,2,0,0,10,0,0,1,0,0,6,0,0,13,0,0,7,0,0,11,0,0,3,0,0,1,0,0,1,0,0,1,0,0,10,0,0,10,0,0
201597UD70409,-4.613301,55.578796,1,1,1,5,12.30,3,6,60,0,0,0,0,0,1,1,1,0,0,2,9,0,0,17,0,0,10,0,0,9,0,0,6,0,0,13,0,0,1,0,0,4,0,0,1,0,0,1,0,0,1,0,0,1,0,0,8,0,0,2,0,0
201597UD70511,-4.653448,55.539101,1,1,1,1,20.0,6,6,30,6,4,6,0,0,4,5,2,0,0,1,9,0,0,18,0,0,10,0,0,2,0,0,6,0,0,13,0,0,9,0,0,12,0,0,1,0,0,1,0,0,6,0,0,2,0,0,10,0,0,9,0,0
201597UD71008,-4.839376,55.240075,1,2,1,1,10.15,6,3,60,3,4,6,0,0,1,1,1,0,0,2,5,19,0,13,9,0,10,10,0,8,8,0,6,6,0,13,13,0,7,9,0,11,12,0,1,3,0,1,1,0,6,1,0,1,1,0,9,5,0,27,1,0
2015981107115,-4.615534,54.782059,1,2,2,2,21.27,3,6,60,0,0,0,0,0,6,1,1,0,0,2,9,21,0,18,18,0,10,10,0,9,9,0,5,6,0,13,13,0,1,9,0,10,12,0,1,5,0,1,1,0,6,1,0,1,1,0,5,8,0,10,1,0
2015981109515,-4.365259,54.868639,1,2,1,7,11.50,3,6,60,0,0,0,0,0,1,1,1,0,0,2,9,5,0,13,18,0,10,10,0,9,9,0,5,5,0,13,13,0,7,1,0,11,12,0,1,1,0,1,1,0,6,6,0,1,1,0,9,8,0,4,23,0
2015983109315,-3.639847,55.07191,1,2,2,5,19.48,3,6,60,0,0,0,0,0,6,1,1,0,0,1,9,21,0,18,18,0,10,10,0,9,9,0,6,1,0,13,13,0,9,1,0,12,12,0,1,1,0,1,1,0,6,1,0,1,1,0,8,6,0,14,11,0
2015983110815,-3.7721,55.248807,1,1,1,2,1.10,3,6,60,0,0,0,0,0,6,7,1,0,0,2,9,0,0,18,0,0,10,0,0,9,0,0,6,0,0,13,0,0,9,0,0,12,0,0,1,0,0,1,0,0,6,0,0,1,0,0,6,0,0,14,0,0
2015984113015,-2.98339,55.131382,1,1,1,7,11.0,3,6,60,0,0,0,0,0,6,1,2,0,0,2,9,0,0,16,0,0,10,0,0,9,0,0,5,0,0,13,0,0,7,0,0,1,0,0,1,0,0,1,0,0,6,0,0,1,0,0,6,0,0,1,0,0
2015984125315,-3.08874,55.009635,1,1,5,1,19.5,2,3,70,5,4,6,0,0,1,1,1,0,0,2,9,0,0,16,0,0,10,0,0,1,0,0,1,0,0,13,0,0,7,0,0,7,0,0,1,0,0,1,0,0,6,0,0,2,0,0,8,0,0,1,0,0
201401CP00221,-0.080582,51.515575,1,1,1,3,10.56,3,6,30,3,4,3,0,0,1,1,1,0,0,1,20,0,0,18,0,0,10,0,0,1,0,0,6,0,0,13,0,0,9,0,0,12,0,0,1,0,0,1,0,0,1,0,0,1,0,0,8,0,0,3,0,0