Accident_Index,Longitude,Latitude,SV,Number_of_Vehicles,Number_of_Casualties,Day_of_Week,Time,1st_Road_Class,Road_Type,Speed_limit,Junction_Detail,Junction_Control,2nd_Road_Class,Pedestrian_Crossing-Human_Control,Pedestrian_Crossing-Physical_Facilities,Light_Conditions,Weather_Conditions,Road_Surface_Conditions,Special_Conditions_at_Site,Carriageway_Hazards,Urban_or_Rural_Area,Vehicle1_Type,Vehicle2_Type,Vehicle3_Type,Vehicle1_Manoeuvre,Vehicle2_Manoeuvre,Vehicle3_Manoeuvre,Vehicle1_Location-Restricted_Lane,Vehicle2_Location-Restricted_Lane,Vehicle3_Location-Restricted_Lane,Junction1_Location,Junction2_Location,Junction3_Location,Skidding1_and_Overturning,Skidding2_and_Overturning,Skidding3_and_Overturning,Hit_Object_in_Carriageway1,Hit_Object_in_Carriageway2,Hit_Object_in_Carriageway3,Vehicle1_Leaving_Carriageway,Vehicle2_Leaving_Carriageway,Vehicle3_Leaving_Carriageway,Hit_Object_off_Carriageway1,Hit_Object_off_Carriageway2,Hit_Object_off_Carriageway3,1st_Point_of_Impact1,1st_Point_of_Impact2,1st_Point_of_Impact3,Was_Vehicle 1_Left_Hand_Drive?,Was_Vehicle2_Left_Hand_Drive?,Was_Vehicle 3_Left_Hand_Drive?,Journey_Purpose_of_Driver1,Journey_Purpose_of_Driver2,Journey_Purpose_of_Driver3,Sex_of_Driver1,Sex_of_Driver2,Sex_of_Driver3,Age_Band_of_Driver1,Age_Band_of_Driver2,Age_Band_of_Driver3,Age_of_Vehicle1,Age_of_Vehicle2,Age_of_Vehicle3
201401TD00001,-0.193209,51.492185,1,1,1,2,15.29,3,6,30,3,4,6,0,4,1,1,1,0,0,1,21,0,0,5,0,0,10,0,0,1,0,0,6,0,0,13,0,0,9,0,0,12,0,0,4,0,0,1,0,0,1,0,0,1,0,0,6,0,0,5,0,0
201401TD00002,0.055694,51.53314,1,1,1,4,0.3,3,6,30,0,0,0,0,0,4,5,2,0,0,1,9,0,0,18,0,0,10,0,0,9,0,0,6,0,0,13,0,0,9,0,0,12,0,0,1,0,0,1,0,0,6,0,0,1,0,0,5,0,0,7,0,0
201401TD00007,-0.201318,51.524054,1,2,1,1,8.20,3,6,30,3,2,4,0,5,1,1,1,0,0,1,21,3,0,2,18,0,10,10,0,2,2,0,6,6,0,13,13,0,9,9,0,12,12,0,2,1,0,1,1,0,1,6,0,1,1,0,9,7,0,1,4,0
201401TD00008,-0.119848,51.51756,1,1,4,6,23.4,3,6,30,0,0,0,0,5,4,1,1,0,0,1,9,0,0,3,0,0,10,0,0,9,0,0,6,0,0,13,0,0,9,0,0,12,0,0,1,0,0,1,0,0,6,0,0,2,0,0,8,0,0,6,0,0
201401TD00009,0.011332,51.511337,1,2,1,7,19.48,3,6,30,3,2,3,0,5,4,1,1,0,0,1,5,9,0,18,9,0,10,10,0,8,8,0,6,6,0,13,13,0,9,9,0,12,12,0,1,4,0,1,1,0,6,6,0,1,1,0,6,8,0,10,10,0
201401TD00011,-0.099013,51.578285,1,1,1,6,10.20,3,6,30,0,0,0,0,4,1,1,1,0,0,1,21,0,0,5,0,0,10,0,0,9,0,0,6,0,0,13,0,0,9,0,0,12,0,0,4,0,0,1,0,0,1,0,0,1,0,0,8,0,0,3,0,0
201401TD00014,-0.13154,51.527729,1,1,1,3,21.4,3,6,30,3,2,3,0,5,4,1,1,0,0,1,11,0,0,9,0,0,10,0,0,1,0,0,6,0,0,13,0,0,9,0,0,12,0,0,1,0,0,1,0,0,1,0,0,1,0,0,6,0,0,11,0,0
201401TD00019,-0.158468,51.389037,1,1,1,4,16.2,3,6,30,3,4,5,0,0,1,1,1,0,0,1,20,0,0,18,0,0,10,0,0,2,0,0,6,0,0,13,0,0,9,0,0,12,0,0,4,0,0,1,0,0,1,0,0,1,0,0,7,0,0,6,0,0
201401TD00021,-0.022262,51.527646,1,1,1,2,21.46,3,6,30,3,4,6,0,4,4,1,2,0,0,1,9,0,0,18,0,0,10,0,0,1,0,0,6,0,0,13,0,0,9,0,0,12,0,0,3,0,0,1,0,0,6,0,0,2,0,0,6,0,0,9,0,0
201401TD00022,-0.428022,51.429204,1,1,1,1,1.37,3,6,30,0,0,0,0,0,4,2,2,0,0,2,9,0,0,18,0,0,10,0,0,9,0,0,6,0,0,10,0,0,7,0,0,2,0,0,4,0,0,1,0,0,6,0,0,1,0,0,5,0,0,12,0,0
201401TD00023,-0.456916,51.489567,1,4,4,5,16.3,6,1,30,1,4,3,0,0,1,1,1,0,0,1,9,9,9,18,17,7,10,10,10,1,8,8,6,6,6,4,10,13,7,1,9,10,10,12,1,2,4,1,1,1,6,6,6,2,1,1,6,9,6,1,7,6
201401TD00024,0.060426,51.554909,1,1,1,2,0.35,3,6,30,3,4,6,0,0,4,1,1,0,0,1,9,0,0,18,0,0,10,0,0,2,0,0,6,0,0,13,0,0,9,0,0,12,0,0,4,0,0,1,0,0,6,0,0,1,0,0,5,0,0,10,0,0
201401TD00025,0.029909,51.462365,1,1,1,5,17.25,3,3,50,0,0,0,0,0,1,1,1,0,0,1,5,0,0,13,0,0,10,0,0,9,0,0,6,0,0,13,0,0,4,0,0,1,0,0,3,0,0,1,0,0,6,0,0,1,0,0,7,0,0,18,0,0
201401TD00026,0.025259,51.552374,1,1,3,1,1.45,3,6,30,3,2,4,0,5,4,1,1,0,0,1,9,0,0,18,0,0,10,0,0,2,0,0,6,0,0,10,0,0,7,0,0,1,0,0,1,0,0,1,0,0,6,0,0,1,0,0,5,0,0,13,0,0
201401TD00027,-0.124544,51.441826,1,1,1,3,15.5,3,3,40,3,4,6,0,4,1,1,1,0,0,1,19,0,0,18,0,0,10,0,0,1,0,0,6,0,0,13,0,0,9,0,0,12,0,0,3,0,0,1,0,0,1,0,0,1,0,0,7,0,0,4,0,0
201401TD00028,-0.206098,51.420711,1,1,1,2,19.50,3,2,30,3,2,3,0,5,1,1,1,0,0,1,21,0,0,5,0,0,10,0,0,1,0,0,6,0,0,13,0,0,9,0,0,12,0,0,4,0,0,1,0,0,1,0,0,1,0,0,8,0,0,3,0,0
201401TD00029,0.07419,51.581556,1,1,1,6,2.40,3,6,30,3,4,6,0,0,4,1,2,0,0,1,9,0,0,17,0,0,10,0,0,2,0,0,6,0,0,10,0,0,1,0,0,10,0,0,4,0,0,1,0,0,6,0,0,1,0,0,5,0,0,12,0,0
201401TD00030,-0.1227,51.500789,1,1,1,1,1.50,3,6,30,0,0,0,0,0,4,1,1,0,0,2,8,0,0,18,0,0,10,0,0,9,0,0,6,0,0,13,0,0,9,0,0,12,0,0,3,0,0,1,0,0,1,0,0,1,0,0,8,0,0,3,0,0
201401TD00031,-0.006374,51.425937,1,1,1,7,18.26,3,6,30,0,0,0,0,0,4,1,1,0,0,1,19,0,0,18,0,0,2,0,0,9,0,0,6,0,0,13,0,0,9,0,0,12,0,0,4,0,0,1,0,0,1,0,0,1,0,0,6,0,0,2,0,0
201401TD00033,-0.074085,51.560252,1,1,1,7,11.41,3,6,30,0,0,0,0,1,1,1,1,0,0,1,90,0,0,5,0,0,10,0,0,9,0,0,6,0,0,13,0,0,9,0,0,12,0,0,1,0,0,1,0,0,1,0,0,1,0,0,5,0,0,9,0,0
201401TD00034,-0.093152,51.473424,1,1,1,5,22.20,3,6,30,0,0,0,0,5,4,5,2,0,0,1,9,0,0,13,0,0,10,0,0,9,0,0,6,0,0,13,0,0,9,0,0,12,0,0,1,0,0,1,0,0,6,0,0,1,0,0,7,0,0,9,0,0
201401TD00035,0.063654,51.371036,1,1,1,3,10.18,3,6,30,0,0,0,0,0,1,1,1,0,0,1,9,0,0,18,0,0,10,0,0,9,0,0,6,0,0,13,0,0,9,0,0,12,0,0,3,0,0,1,0,0,6,0,0,1,0,0,11,0,0,5,0,0
201401TD00036,-0.009,51.444957,1,3,1,6,7.10,3,6,30,3,4,6,0,4,4,1,2,0,0,1,21,9,9,18,9,18,10,10,10,1,1,1,6,6,6,13,13,13,9,9,9,12,12,12,1,2,1,1,1,1,1,6,6,1,1,1,5,11,9,13,15,3
201401TD00042,-0.032303,51.441843,1,1,1,6,11.18,3,6,30,3,4,6,0,0,1,1,1,0,0,1,21,0,0,18,0,0,10,0,0,1,0,0,6,0,0,13,0,0,9,0,0,12,0,0,1,0,0,1,0,0,1,0,0,1,0,0,6,0,0,9,0,0
201401TD00043,-0.19304,51.430852,1,1,1,7,10.17,3,6,30,0,0,0,0,8,1,1,1,0,0,1,9,0,0,18,0,0,10,0,0,9,0,0,6,0,0,13,0,0,9,0,0,12,0,0,3,0,0,1,0,0,6,0,0,1,0,0,6,0,0,9,0,0
201401TD00044,-0.470087,51.461863,1,1,1,3,3.55,6,2,30,0,0,0,0,0,4,4,2,0,0,1,9,0,0,9,0,0,10,0,0,9,0,0,6,0,0,13,0,0,9,0,0,12,0,0,3,0,0,1,0,0,2,0,0,1,0,0,7,0,0,7,0,0
201401TD00046,-0.223541,51.490131,1,1,1,1,2.20,3,6,30,0,0,0,0,4,4,1,1,0,0,1,9,0,0,18,0,0,10,0,0,9,0,0,6,0,0,13,0,0,9,0,0,12,0,0,4,0,0,1,0,0,6,0,0,1,0,0,7,0,0,9,0,0
201401TD00049,-0.151558,51.514018,1,1,1,3,14.52,3,6,30,6,2,5,0,5,1,1,1,0,0,1,11,0,0,18,0,0,10,0,0,2,0,0,6,0,0,13,0,0,9,0,0,12,0,0,4,0,0,1,0,0,1,0,0,1,0,0,9,0,0,10,0,0
201401TD00055,0.082587,51.585274,1,1,2,5,10.16,6,6,30,0,0,0,0,0,1,1,1,0,0,1,9,0,0,17,0,0,10,0,0,9,0,0,6,0,0,10,0,0,7,0,0,4,0,0,1,0,0,1,0,0,6,0,0,2,0,0,11,0,0,17,0,0
201401TD00060,-0.005545,51.444988,1,1,1,4,7.35,3,6,30,3,4,6,0,1,1,1,1,0,0,1,20,0,0,18,0,0,10,0,0,2,0,0,6,0,0,13,0,0,9,0,0,12,0,0,1,0,0,1,0,0,1,0,0,1,0,0,7,0,0,2,0,0
201401TD00062,-0.026857,51.458028,1,2,1,1,1.35,4,6,30,0,0,0,0,4,4,1,1,0,0,1,5,9,0,18,4,0,10,10,0,9,9,0,6,6,0,13,13,0,9,9,0,12,12,0,1,3,0,1,1,0,2,6,0,1,1,0,8,7,0,7,3,0
201401TD00063,0.135365,51.580998,1,1,2,1,22.10,3,3,50,0,0,0,0,0,4,1,1,0,0,1,9,0,0,18,0,0,10,0,0,9,0,0,6,0,0,10,0,0,2,0,0,2,0,0,4,0,0,1,0,0,6,0,0,1,0,0,5,0,0,12,0,0
201401TD00064,-0.071386,51.572888,1,1,1,3,9.10,3,6,30,3,4,6,0,0,1,1,1,0,0,1,9,0,0,9,0,0,10,0,0,2,0,0,6,0,0,13,0,0,9,0,0,12,0,0,1,0,0,1,0,0,1,0,0,1,0,0,6,0,0,14,0,0
201401TD00066,-0.077713,51.474161,1,1,1,4,22.18,3,6,30,3,4,4,0,1,4,1,1,0,0,1,3,0,0,18,0,0,10,0,0,1,0,0,6,0,0,7,0,0,9,0,0,12,0,0,3,0,0,1,0,0,6,0,0,1,0,0,6,0,0,5,0,0
201401TD00067,0.133486,51.494609,1,1,1,5,18.18,6,6,30,3,4,6,0,0,1,1,1,0,0,1,9,0,0,18,0,0,10,0,0,2,0,0,6,0,0,13,0,0,9,0,0,12,0,0,4,0,0,1,0,0,6,0,0,1,0,0,7,0,0,10,0,0
201401TD00069,-0.19996,51.5877,1,1,1,3,20.0,3,6,30,3,4,6,0,0,1,1,1,0,0,1,9,0,0,18,0,0,10,0,0,1,0,0,6,0,0,13,0,0,9,0,0,12,0,0,1,0,0,1,0,0,6,0,0,1,0,0,7,0,0,11,0,0
201401TD00070,-0.009896,51.334897,1,2,2,1,0.11,6,6,30,0,0,0,0,0,4,1,1,0,0,1,9,11,0,18,18,0,10,10,0,9,9,0,6,6,0,13,13,0,9,9,0,12,12,0,1,1,0,1,1,0,6,1,0,2,1,0,7,7,0,13,11,0
201401TD00071,0.084597,51.357625,1,1,1,1,19.10,5,3,30,2,4,4,0,0,1,1,1,0,0,1,9,0,0,18,0,0,10,0,0,1,0,0,5,0,0,6,0,0,3,0,0,4,0,0,3,0,0,1,0,0,6,0,0,1,0,0,8,0,0,4,0,0
201401TD00072,0.050677,51.485655,1,1,2,3,15.55,4,6,30,0,0,0,0,4,1,1,1,0,0,1,9,0,0,18,0,0,10,0,0,9,0,0,6,0,0,7,0,0,1,0,0,10,0,0,4,0,0,1,0,0,6,0,0,2,0,0,9,0,0,11,0,0
201401TD00074,-0.444634,51.562603,1,4,1,2,17.47,4,6,30,0,0,0,0,0,1,1,1,0,0,1,5,9,9,14,4,4,10,10,10,9,9,9,1,6,6,13,13,13,9,9,9,12,12,12,3,2,1,1,1,1,6,6,6,1,1,2,8,6,6,15,14,7
201401TD00078,-0.043459,51.349132,1,1,2,7,9.0,3,6,30,3,4,6,0,4,1,1,1,0,0,1,9,0,0,18,0,0,10,0,0,2,0,0,6,0,0,13,0,0,9,0,0,12,0,0,1,0,0,1,0,0,6,0,0,1,0,0,9,0,0,13,0,0
201401TD00080,-0.137681,51.462,1,1,1,5,16.58,3,6,30,7,2,3,0,5,1,1,1,1,1,1,9,0,0,18,0,0,10,0,0,2,0,0,6,0,0,13,0,0,9,0,0,12,0,0,1,0,0,1,0,0,6,0,0,2,0,0,9,0,0,10,0,0
201401TD00081,0.276816,51.557744,1,2,1,2,17.6,4,6,30,3,4,6,0,0,1,1,1,0,0,2,3,19,0,13,10,0,10,10,0,1,1,0,6,6,0,13,13,0,9,9,0,12,12,0,1,2,0,1,1,0,6,1,0,1,1,0,6,8,0,2,7,0
201401TD00083,-0.344257,51.406468,1,1,1,1,19.22,3,6,30,0,0,0,0,0,4,1,1,0,0,1,19,0,0,18,0,0,10,0,0,9,0,0,6,0,0,13,0,0,9,0,0,12,0,0,4,0,0,1,0,0,1,0,0,1,0,0,5,0,0,4,0,0
201401TD00084,-0.031757,51.611618,1,1,1,3,8.39,3,6,30,3,2,3,0,5,1,1,1,0,0,1,90,0,0,9,0,0,10,0,0,8,0,0,6,0,0,10,0,0,9,0,0,12,0,0,4,0,0,1,0,0,1,0,0,1,0,0,8,0,0,3,0,0
201401TD00089,0.178198,51.58021,1,2,1,3,22.2,3,3,30,1,4,3,0,0,4,1,1,0,0,1,9,11,0,17,3,0,10,10,0,2,1,0,6,6,0,4,13,0,6,9,0,7,12,0,1,3,0,1,1,0,6,1,0,1,1,0,6,9,0,7,11,0
201401TD00097,-0.039989,51.557979,1,1,1,7,11.36,6,6,30,3,4,6,0,0,1,1,1,0,0,1,5,0,0,16,0,0,10,0,0,2,0,0,1,0,0,10,0,0,9,0,0,12,0,0,4,0,0,1,0,0,6,0,0,1,0,0,6,0,0,6,0,0
201401TD00098,-0.106645,51.453589,1,1,1,7,20.10,3,6,30,3,4,6,0,0,4,1,1,0,0,1,9,0,0,18,0,0,10,0,0,1,0,0,6,0,0,13,0,0,9,0,0,12,0,0,4,0,0,1,0,0,6,0,0,1,0,0,4,0,0,6,0,0
201401TD00099,0.247599,51.600125,1,1,1,4,19.15,6,6,30,0,0,0,0,0,4,2,2,0,0,1,9,0,0,5,0,0,10,0,0,9,0,0,6,0,0,13,0,0,9,0,0,12,0,0,4,0,0,1,0,0,6,0,0,1,0,0,5,0,0,6,0,0
201401TD00101,-0.099779,51.379736,1,1,1,5,14.31,3,6,30,3,2,3,0,5,1,1,1,0,0,1,21,0,0,5,0,0,10,0,0,1,0,0,6,0,0,13,0,0,9,0,0,12,0,0,1,0,0,1,0,0,1,0,0,1,0,0,8,0,0,2,0,0
201401TD00105,-0.05057,51.374431,1,1,1,1,20.52,3,6,30,3,4,6,0,4,4,1,1,0,0,1,9,0,0,18,0,0,10,0,0,1,0,0,6,0,0,13,0,0,9,0,0,12,0,0,4,0,0,1,0,0,6,0,0,1,0,0,5,0,0,10,0,0
201401TD00106,-0.229842,51.505963,1,1,1,1,2.6,3,6,30,0,0,0,0,0,4,1,1,0,0,1,9,0,0,18,0,0,10,0,0,9,0,0,6,0,0,13,0,0,9,0,0,12,0,0,1,0,0,1,0,0,1,0,0,1,0,0,5,0,0,6,0,0
201401TD00107,-0.000138,51.512702,1,1,1,3,13.10,3,3,40,3,2,3,0,5,1,1,1,0,0,1,5,0,0,5,0,0,10,0,0,8,0,0,6,0,0,13,0,0,9,0,0,12,0,0,1,0,0,1,0,0,1,0,0,1,0,0,7,0,0,4,0,0
201401TD00108,-0.027996,51.511735,1,2,1,5,19.35,3,6,30,3,2,3,0,5,1,1,1,0,0,1,9,9,0,18,18,0,10,10,0,1,2,0,6,6,0,13,13,0,9,9,0,12,12,0,3,3,0,1,1,0,6,6,0,1,2,0,7,8,0,8,7,0
201401TD00109,0.11843,51.496141,1,1,1,6,17.12,6,6,30,0,0,0,0,8,1,1,1,0,0,1,11,0,0,18,0,0,10,0,0,9,0,0,6,0,0,13,0,0,9,0,0,12,0,0,4,0,0,1,0,0,1,0,0,1,0,0,8,0,0,3,0,0
201401TD00111,0.139847,51.368859,1,1,1,5,8.25,6,6,30,0,0,0,0,0,1,1,1,0,0,2,9,0,0,1,0,0,10,0,0,9,0,0,6,0,0,10,0,0,1,0,0,12,0,0,4,0,0,1,0,0,6,0,0,1,0,0,9,0,0,9,0,0
201401TD00117,-0.133758,51.427585,1,1,1,6,17.24,3,6,30,6,2,5,0,5,5,1,1,0,0,1,11,0,0,7,0,0,10,0,0,2,0,0,6,0,0,13,0,0,9,0,0,12,0,0,4,0,0,1,0,0,1,0,0,1,0,0,6,0,0,10,0,0
201401TD00118,-0.264706,51.54785,1,1,1,6,20.15,3,3,40,0,0,0,0,0,4,8,2,0,0,1,5,0,0,17,0,0,10,0,0,9,0,0,6,0,0,10,0,0,1,0,0,7,0,0,1,0,0,1,0,0,6,0,0,1,0,0,8,0,0,6,0,0
201401TD00119,-0.198151,51.596935,1,2,1,7,20.2,3,6,30,6,2,3,0,5,4,1,1,0,0,1,9,3,0,18,9,0,10,10,0,8,8,0,6,6,0,13,13,0,9,9,0,12,12,0,1,4,0,1,1,0,6,6,0,1,1,0,6,6,0,11,10,0
201401TD00120,-0.201787,51.654722,1,1,1,7,15.28,3,6,30,3,4,6,0,4,1,1,1,0,0,1,11,0,0,9,0,0,10,0,0,2,0,0,6,0,0,13,0,0,9,0,0,12,0,0,1,0,0,1,0,0,1,0,0,1,0,0,8,0,0,6,0,0
201401TD00123,-0.056105,51.558967,1,1,1,1,3.55,3,6,30,3,2,6,0,5,4,1,1,0,0,1,8,0,0,18,0,0,10,0,0,2,0,0,6,0,0,13,0,0,9,0,0,12,0,0,1,0,0,1,0,0,1,0,0,1,0,0,6,0,0,6,0,0
201401TD00125,-0.181675,51.481575,1,1,1,3,14.23,3,2,30,6,2,3,0,5,1,1,1,0,0,1,21,0,0,5,0,0,10,0,0,8,0,0,6,0,0,13,0,0,9,0,0,12,0,0,1,0,0,1,0,0,1,0,0,1,0,0,7,0,0,1,0,0
201401TD00126,-0.201463,51.483769,1,1,1,6,12.34,4,6,30,3,4,6,0,1,1,1,1,0,0,1,20,0,0,5,0,0,10,0,0,1,0,0,6,0,0,13,0,0,9,0,0,12,0,0,1,0,0,1,0,0,1,0,0,1,0,0,7,0,0,7,0,0
201401TD00128,-0.057474,51.587766,1,2,1,3,19.45,3,3,40,3,2,6,0,5,4,1,1,0,0,1,9,3,0,18,9,0,10,10,0,8,8,0,6,6,0,10,13,0,1,9,0,4,12,0,1,4,0,1,1,0,6,6,0,1,1,0,6,7,0,4,10,0
201401TD00129,-0.378943,51.559825,1,1,1,4,17.4,5,6,30,3,4,6,0,0,1,1,2,0,0,1,9,0,0,18,0,0,10,0,0,2,0,0,6,0,0,13,0,0,9,0,0,12,0,0,1,0,0,1,0,0,6,0,0,1,0,0,6,0,0,6,0,0
201401TD00130,-0.032696,51.472875,1,1,1,6,8.58,3,6,30,6,2,3,0,5,1,1,1,0,0,1,9,0,0,18,0,0,10,0,0,8,0,0,6,0,0,13,0,0,9,0,0,12,0,0,3,0,0,1,0,0,6,0,0,1,0,0,5,0,0,2,0,0
201401TD00131,-0.114421,51.544271,1,3,1,6,19.54,5,6,30,3,4,6,0,0,4,1,1,0,0,1,3,8,9,18,18,4,10,10,10,1,1,2,6,6,6,13,13,13,9,9,9,12,12,12,1,2,1,1,1,1,6,6,6,1,1,1,4,9,7,7,5,8
201401TD00132,-0.227252,51.572649,1,2,1,6,19.55,3,3,50,0,0,0,0,0,4,1,1,0,0,1,4,9,0,11,18,0,10,10,0,9,9,0,6,6,0,13,13,0,9,9,0,12,12,0,2,1,0,1,1,0,6,6,0,1,1,0,7,7,0,3,16,0
201401TD00133,-0.091762,51.56189,1,1,2,7,16.15,3,6,30,0,0,0,0,1,1,1,1,0,0,1,5,0,0,18,0,0,10,0,0,9,0,0,1,0,0,10,0,0,1,0,0,2,0,0,1,0,0,1,0,0,6,0,0,1,0,0,6,0,0,11,0,0
201401TD00134,-0.119677,51.493727,1,1,1,3,16.36,6,6,30,3,4,6,0,0,1,1,1,0,0,1,19,0,0,6,0,0,9,0,0,2,0,0,6,0,0,13,0,0,9,0,0,12,0,0,1,0,0,1,0,0,1,0,0,1,0,0,7,0,0,7,0,0
201401TD00135,-0.208605,51.371289,1,1,1,3,12.28,3,6,30,6,2,5,0,5,1,1,1,0,0,1,9,0,0,18,0,0,10,0,0,8,0,0,6,0,0,13,0,0,9,0,0,12,0,0,4,0,0,1,0,0,6,0,0,1,0,0,7,0,0,10,0,0
201401TD00136,-0.100071,51.584057,1,2,2,4,18.12,3,6,30,3,2,6,0,5,1,1,1,0,0,1,3,19,0,18,3,0,2,10,0,1,1,0,6,6,0,13,13,0,9,9,0,12,12,0,1,2,0,1,1,0,6,1,0,1,1,0,5,8,0,8,1,0
201401TD00137,-0.168369,51.385865,1,1,1,6,20.25,5,6,30,0,0,0,0,0,4,1,2,0,0,1,9,0,0,18,0,0,10,0,0,9,0,0,6,0,0,13,0,0,9,0,0,12,0,0,1,0,0,1,0,0,6,0,0,1,0,0,6,0,0,14,0,0
201401TD00139,-0.222927,51.650188,1,1,1,2,21.23,3,6,30,0,0,0,0,0,4,1,1,0,0,1,9,0,0,18,0,0,10,0,0,9,0,0,6,0,0,13,0,0,9,0,0,12,0,0,1,0,0,1,0,0,6,0,0,1,0,0,4,0,0,11,0,0
201401TD00140,-0.107968,51.383286,1,2,1,2,1.3,3,6,30,0,0,0,0,5,4,1,2,0,0,1,3,9,0,18,6,0,10,10,0,9,9,0,1,6,0,13,13,0,9,9,0,12,12,0,1,3,0,1,1,0,6,6,0,1,1,0,5,5,0,5,13,0
2.01403E+12,-3.023284,54.852202,1,2,2,3,7.55,3,6,60,0,0,0,0,0,1,1,2,0,0,2,9,21,0,18,18,0,10,10,0,9,9,0,1,1,0,13,13,0,7,9,0,10,12,0,4,1,0,1,1,0,2,1,0,1,1,0,6,9,0,6,7,0
2.01403E+12,-3.542521,54.50212,1,2,3,7,9.36,3,6,40,0,0,0,0,0,1,5,2,0,0,2,9,9,0,16,17,0,10,10,0,9,9,0,1,6,0,13,13,0,9,1,0,12,7,0,1,1,0,1,1,0,6,6,0,2,1,0,11,7,0,6,2,0
2.01403E+12,-3.222591,54.270924,1,2,1,4,13.30,3,6,60,0,0,0,0,0,1,1,1,0,0,2,9,21,0,18,16,0,10,10,0,9,9,0,6,6,0,13,13,0,1,1,0,12,12,0,1,1,0,1,1,0,6,1,0,1,1,0,8,7,0,12,2,0
2.01403E+12,-3.292859,54.660355,1,2,2,1,12.56,3,6,60,0,0,0,0,0,1,1,1,0,0,2,5,9,0,18,6,0,10,10,0,9,9,0,6,5,0,13,13,0,9,9,0,12,12,0,1,3,0,1,1,0,6,6,0,1,1,0,8,11,0,7,4,0
2.01403E+12,-3.283311,54.253126,1,2,2,1,15.30,3,6,60,3,4,6,0,0,1,1,1,0,0,2,5,9,0,16,17,0,10,10,0,8,8,0,2,6,0,13,13,0,9,9,0,12,12,0,1,1,0,1,1,0,6,6,0,1,1,0,10,10,0,9,11,0
2.01403E+12,-3.455366,54.743626,1,1,1,3,23.20,4,6,60,0,0,0,0,0,6,1,1,0,0,2,9,0,0,18,0,0,10,0,0,9,0,0,2,0,0,13,0,0,1,0,0,12,0,0,5,0,0,1,0,0,6,0,0,2,0,0,8,0,0,10,0,0
2.01403E+12,-3.222396,54.10851,1,1,1,5,17.10,6,6,30,0,0,0,0,0,1,1,1,0,0,1,9,0,0,18,0,0,10,0,0,9,0,0,6,0,0,13,0,0,1,0,0,12,0,0,1,0,0,1,0,0,6,0,0,1,0,0,8,0,0,40,0,0
2.01403E+12,-3.13439,54.814997,1,2,1,5,11.45,4,6,60,3,4,6,0,0,1,1,1,0,0,2,9,20,0,9,17,0,10,10,0,6,1,0,6,1,0,13,13,0,9,9,0,12,12,0,1,1,0,1,1,0,6,6,0,1,1,0,11,7,0,7,3,0
2.01403E+12,-3.101367,54.170618,1,2,2,2,13.20,6,6,60,0,0,0,0,0,1,1,1,0,0,2,9,9,0,16,18,0,10,10,0,9,9,0,2,6,0,13,13,0,2,9,0,10,12,0,1,5,0,1,1,0,6,6,0,1,2,0,5,7,0,11,7,0
2.01403E+12,-2.918543,54.19516,1,1,1,2,11.50,6,6,30,0,0,0,0,0,1,1,1,0,0,2,9,0,0,18,0,0,10,0,0,9,0,0,6,0,0,13,0,0,9,0,0,10,0,0,1,0,0,1,0,0,6,0,0,1,0,0,10,0,0,9,0,0
2.01403E+12,-2.816049,54.259891,1,3,2,6,8.10,3,3,70,3,4,6,0,0,1,1,1,0,0,2,9,9,9,9,17,9,10,10,10,2,1,1,6,5,6,13,13,13,9,7,9,12,12,12,3,1,5,1,1,1,6,1,6,2,1,1,11,7,11,11,4,4
2.01403E+12,-2.775782,54.249282,1,1,1,4,22.30,3,6,60,0,0,0,0,0,6,1,1,0,0,2,9,0,0,18,0,0,10,0,0,9,0,0,6,0,0,13,0,0,7,0,0,4,0,0,1,0,0,1,0,0,6,0,0,1,0,0,4,0,0,10,0,0
2.01403E+12,-2.318862,54.52448,1,3,1,1,18.43,3,3,70,0,0,0,0,0,6,1,1,0,0,2,9,9,21,18,18,18,10,10,10,9,9,9,1,1,6,13,13,13,5,5,9,7,7,12,1,1,5,1,1,1,6,6,6,2,1,1,4,6,7,9,1,1
2.01403E+12,-2.956571,54.889682,1,1,1,1,17.10,3,6,30,3,4,6,0,8,4,1,1,0,0,1,9,0,0,18,0,0,10,0,0,1,0,0,6,0,0,13,0,0,9,0,0,12,0,0,1,0,0,1,0,0,6,0,0,1,0,0,8,0,0,7,0,0
2.01403E+12,-2.776588,54.251344,1,1,1,6,11.50,3,6,60,3,4,6,0,0,1,2,5,0,0,2,9,0,0,18,0,0,10,0,0,1,0,0,2,0,0,13,0,0,2,0,0,4,0,0,3,0,0,1,0,0,6,0,0,1,0,0,11,0,0,5,0,0
2.01403E+12,-2.673343,54.480247,1,1,1,4,9.0,3,6,60,0,0,0,0,0,1,1,4,0,0,2,9,0,0,18,0,0,10,0,0,9,0,0,2,0,0,13,0,0,1,0,0,4,0,0,4,0,0,1,0,0,6,0,0,2,0,0,8,0,0,7,0,0
201404AL14003,-2.881995,53.784907,1,1,3,4,7.23,4,6,20,0,0,0,0,0,4,1,2,0,0,1,9,0,0,18,0,0,10,0,0,9,0,0,1,0,0,13,0,0,1,0,0,4,0,0,4,0,0,1,0,0,6,0,0,1,0,0,6,0,0,14,0,0
201404AL14074,-2.925015,53.744449,1,2,3,2,21.0,3,6,50,0,0,0,0,0,4,1,1,0,0,2,9,9,0,16,18,0,10,10,0,9,9,0,1,6,0,13,13,0,9,9,0,12,12,0,4,1,0,1,1,0,6,6,0,1,1,0,6,5,0,13,1,0