Accident_Index,Longitude,Latitude,SV,Number_of_Vehicles,Number_of_Casualties,Day_of_Week,Time,1st_Road_Class,Road_Type,Speed_limit,Junction_Detail,Junction_Control,2nd_Road_Class,Pedestrian_Crossing-Human_Control,Pedestrian_Crossing-Physical_Facilities,Light_Conditions,Weather_Conditions,Road_Surface_Conditions,Special_Conditions_at_Site,Carriageway_Hazards,Urban_or_Rural_Area,Vehicle1_Type,Vehicle2_Type,Vehicle3_Type,Vehicle1_Manoeuvre,Vehicle2_Manoeuvre,Vehicle3_Manoeuvre,Vehicle1_Location-Restricted_Lane,Vehicle2_Location-Restricted_Lane,Vehicle3_Location-Restricted_Lane,Junction1_Location,Junction2_Location,Junction3_Location,Skidding1_and_Overturning,Skidding2_and_Overturning,Skidding3_and_Overturning,Hit_Object_in_Carriageway1,Hit_Object_in_Carriageway2,Hit_Object_in_Carriageway3,Vehicle1_Leaving_Carriageway,Vehicle2_Leaving_Carriageway,Vehicle3_Leaving_Carriageway,Hit_Object_off_Carriageway1,Hit_Object_off_Carriageway2,Hit_Object_off_Carriageway3,1st_Point_of_Impact1,1st_Point_of_Impact2,1st_Point_of_Impact3,Was_Vehicle 1_Left_Hand_Drive?,Was_Vehicle2_Left_Hand_Drive?,Was_Vehicle 3_Left_Hand_Drive?,Journey_Purpose_of_Driver1,Journey_Purpose_of_Driver2,Journey_Purpose_of_Driver3,Sex_of_Driver1,Sex_of_Driver2,Sex_of_Driver3,Age_Band_of_Driver1,Age_Band_of_Driver2,Age_Band_of_Driver3,Age_of_Vehicle1,Age_of_Vehicle2,Age_of_Vehicle3
201404BC14049,-3.027966,53.894914,1,2,2,6,13.19,3,6,50,0,0,0,0,0,1,1,1,0,0,2,5,9,0,13,18,0,10,10,0,9,9,0,5,1,0,13,13,0,9,9,0,12,12,0,1,3,0,1,1,0,2,2,0,1,2,0,8,8,0,7,10,0
201404CA14016,-2.620376,53.642812,1,3,3,4,16.8,3,6,40,0,0,0,0,0,1,1,1,0,0,1,3,9,9,13,18,18,10,10,10,9,9,9,6,6,6,13,13,13,9,9,9,12,12,12,3,3,3,1,1,1,6,6,6,1,2,2,5,9,10,1,4,4
201404CA14064,-2.615406,53.631818,1,3,1,7,13.30,3,6,40,3,4,6,0,0,1,1,1,0,0,1,9,5,9,9,18,3,10,10,10,5,8,8,1,2,6,13,13,13,9,9,9,12,12,12,4,1,3,1,1,1,6,6,6,1,1,1,8,7,8,4,3,12
201404CA14160,-2.737828,53.661534,1,1,1,1,3.35,6,6,60,0,0,0,0,0,6,1,1,0,0,2,9,0,0,18,0,0,10,0,0,9,0,0,6,0,0,13,0,0,9,0,0,12,0,0,1,0,0,1,0,0,1,0,0,1,0,0,8,0,0,10,0,0
201404CJ14159,-2.805812,53.518823,1,2,2,2,8.30,3,3,60,0,0,0,0,0,1,1,1,0,0,2,5,9,0,18,9,0,10,10,0,9,9,0,2,6,0,10,13,0,9,9,0,12,12,0,1,3,0,1,1,0,2,2,0,1,2,0,8,8,0,23,12,0
201404CL14110,-2.695043,53.694418,1,3,3,2,13.5,6,6,30,0,0,0,0,0,1,1,1,0,0,1,9,9,9,12,2,2,9,10,10,9,9,9,6,6,6,10,13,13,7,9,9,12,12,12,1,2,2,1,1,1,6,6,6,2,1,1,11,8,8,7,4,16
201404DF14106,-2.686555,53.789844,1,1,1,3,15.38,4,6,40,0,0,0,0,0,1,1,1,0,0,2,9,0,0,18,0,0,10,0,0,9,0,0,1,0,0,13,0,0,8,0,0,2,0,0,1,0,0,1,0,0,2,0,0,1,0,0,8,0,0,10,0,0
201404EA14264,-2.451189,53.643075,1,2,3,4,15.55,3,6,50,3,4,6,0,0,1,1,1,0,0,2,5,9,0,16,17,0,10,10,0,8,8,0,6,6,0,13,13,0,9,9,0,12,12,0,1,1,0,1,1,0,6,6,0,1,1,0,7,5,0,4,5,0
201404ED14014,-2.372825,53.755267,1,2,6,6,23.24,3,6,30,6,2,6,0,5,4,1,2,0,0,1,9,9,0,18,18,0,10,10,0,8,8,0,5,5,0,7,7,0,9,1,0,12,2,0,1,3,0,1,1,0,6,6,0,1,1,0,5,7,0,2,11,0
201404EF14086,-2.211566,53.787155,1,1,1,6,17.50,6,6,30,3,4,6,0,0,5,2,2,0,0,1,8,0,0,18,0,0,10,0,0,8,0,0,6,0,0,13,0,0,9,0,0,12,0,0,1,0,0,1,0,0,1,0,0,1,0,0,8,0,0,9,0,0
201404EL14078,-2.382731,53.773797,1,1,1,7,22.16,3,6,30,0,0,0,0,0,4,1,1,0,0,1,9,0,0,18,0,0,10,0,0,9,0,0,1,0,0,13,0,0,9,0,0,12,0,0,1,0,0,1,0,0,6,0,0,1,0,0,10,0,0,1,0,0
201404EL14080,-2.3682,53.75183,1,1,1,7,7.55,6,6,30,2,4,6,0,0,1,1,1,0,0,1,9,0,0,18,0,0,10,0,0,1,0,0,6,0,0,13,0,0,7,0,0,10,0,0,3,0,0,1,0,0,6,0,0,1,0,0,10,0,0,10,0,0
201404EL14146,-2.408781,53.712644,1,2,6,1,8.25,4,6,50,0,0,0,0,0,1,1,2,0,0,2,9,9,0,18,16,0,10,10,0,9,9,0,2,2,0,13,13,0,9,9,0,12,12,0,1,1,0,1,1,0,6,6,0,1,1,0,4,9,0,23,8,0
201404EN14001,-2.392475,53.87321,1,1,1,5,11.30,6,6,30,3,4,6,0,0,1,1,2,0,0,1,9,0,0,18,0,0,10,0,0,1,0,0,6,0,0,13,0,0,9,0,0,12,0,0,1,0,0,1,0,0,1,0,0,1,0,0,8,0,0,8,0,0
201404EN14021,-2.346194,53.792361,1,3,1,1,16.39,3,6,40,8,4,6,0,8,1,1,1,0,0,2,17,5,17,9,18,3,10,10,10,5,1,1,6,2,3,13,13,13,9,9,9,12,12,12,4,1,5,1,1,1,1,6,1,1,1,1,4,7,4,7,12,9
201404FB14035,-2.31412,53.784485,1,1,2,1,5.42,6,6,30,0,0,0,0,0,1,1,1,0,0,2,9,0,0,16,0,0,10,0,0,9,0,0,2,0,0,10,0,0,8,0,0,10,0,0,4,0,0,1,0,0,6,0,0,1,0,0,4,0,0,3,0,0
201404FB14039,-2.28528,53.78622,1,3,3,7,2.5,1,3,70,0,0,0,0,0,5,1,1,0,3,2,9,9,9,18,18,18,10,10,10,9,9,9,6,5,5,13,13,1,2,2,9,7,7,12,2,2,1,1,1,1,6,6,6,1,1,1,4,8,6,9,18,9
201404FG14060,-2.217315,53.839375,1,1,1,2,10.39,6,6,20,9,4,6,0,0,1,1,1,0,0,1,9,0,0,16,0,0,10,0,0,5,0,0,6,0,0,13,0,0,1,0,0,10,0,0,1,0,0,1,0,0,6,0,0,1,0,0,10,0,0,2,0,0
201404FL14013,-2.277358,53.655073,1,1,2,3,23.58,3,6,50,0,0,0,0,0,6,1,2,0,0,2,9,0,0,18,0,0,10,0,0,9,0,0,5,0,0,13,0,0,2,0,0,10,0,0,1,0,0,1,0,0,6,0,0,1,0,0,6,0,0,1,0,0
201404SA14029,-2.728338,53.730732,1,1,1,6,20.25,6,6,40,0,0,0,0,0,4,1,1,0,0,2,9,0,0,18,0,0,10,0,0,9,0,0,6,0,0,10,0,0,1,0,0,4,0,0,1,0,0,1,0,0,6,0,0,1,0,0,7,0,0,13,0,0
201404SB14053,-2.74371,53.59073,1,2,2,7,9.20,3,6,60,0,0,0,0,0,1,1,4,0,0,2,9,9,0,17,18,0,10,10,0,9,9,0,1,1,0,13,13,0,8,9,0,10,12,0,4,1,0,1,1,0,6,6,0,1,1,0,11,6,0,4,7,0
201404SB14065,-2.870584,53.525074,1,1,2,6,20.27,1,3,70,0,0,0,0,0,6,8,2,0,0,2,9,0,0,18,0,0,10,0,0,9,0,0,2,0,0,13,0,0,1,0,0,12,0,0,3,0,0,1,0,0,6,0,0,1,0,0,10,0,0,2,0,0
201404SC14094,-2.650827,53.638992,1,2,1,3,16.50,4,6,40,3,4,6,0,0,4,2,2,0,0,2,9,9,0,9,18,0,10,10,0,2,1,0,6,6,0,13,13,0,9,9,0,12,12,0,1,3,0,1,1,0,6,6,0,1,1,0,11,8,0,12,3,0
201404TA14024,-2.677218,53.703923,1,5,1,3,18.0,1,3,70,0,0,0,0,0,5,1,2,0,0,2,21,21,9,18,18,18,10,10,10,9,9,9,1,6,6,13,13,13,9,9,9,12,12,12,1,1,1,1,1,1,1,1,2,1,1,2,7,8,6,8,7,7
201404WA14076,-2.863794,53.778136,1,1,1,3,19.59,3,6,50,0,0,0,0,0,4,2,2,0,0,2,9,0,0,18,0,0,10,0,0,9,0,0,1,0,0,13,0,0,7,0,0,12,0,0,4,0,0,1,0,0,6,0,0,1,0,0,9,0,0,12,0,0
201404WB14104,-2.7583,54.071667,1,2,1,3,16.59,3,6,60,0,0,0,0,0,6,1,1,0,0,2,9,9,0,16,16,0,10,10,0,9,9,0,6,6,0,13,13,0,9,9,0,12,12,0,3,1,0,1,1,0,6,6,0,1,2,0,11,10,0,10,4,0
2.01405E+12,-2.724185,53.448019,1,1,1,3,4.19,6,6,30,0,0,0,0,0,4,5,2,0,0,1,9,0,0,18,0,0,10,0,0,9,0,0,6,0,0,6,0,0,1,0,0,11,0,0,1,0,0,1,0,0,6,0,0,1,0,0,9,0,0,4,0,0
2.01405E+12,-2.894258,53.426443,1,1,2,6,15.25,6,6,20,0,0,0,0,0,1,1,1,0,0,1,19,0,0,18,0,0,10,0,0,9,0,0,6,0,0,13,0,0,9,0,0,12,0,0,3,0,0,1,0,0,1,0,0,1,0,0,7,0,0,3,0,0
2.01405E+12,-3.083195,53.342277,1,1,1,4,19.0,3,6,30,0,0,0,0,0,5,1,2,0,0,2,9,0,0,18,0,0,10,0,0,9,0,0,6,0,0,13,0,0,9,0,0,12,0,0,5,0,0,1,0,0,2,0,0,1,0,0,8,0,0,2,0,0
2.01405E+12,-2.953642,53.464628,1,2,3,1,1.25,6,6,30,0,0,0,0,0,4,1,2,0,0,1,9,9,0,18,18,0,10,10,0,9,9,0,6,6,0,13,13,0,9,1,0,12,11,0,1,1,0,1,1,0,6,6,0,1,1,0,5,10,0,9,9,0
2.01405E+12,-2.885141,53.436049,1,1,1,7,23.50,6,6,30,6,1,6,0,5,4,2,2,0,0,1,9,0,0,18,0,0,10,0,0,2,0,0,6,0,0,13,0,0,9,0,0,12,0,0,1,0,0,1,0,0,6,0,0,1,0,0,11,0,0,14,0,0
2.01405E+12,-2.834895,53.402351,1,1,1,6,17.34,3,6,30,0,0,0,0,0,4,2,2,0,0,1,9,0,0,18,0,0,10,0,0,9,0,0,6,0,0,13,0,0,9,0,0,12,0,0,1,0,0,1,0,0,6,0,0,1,0,0,7,0,0,9,0,0
201405AA02283,-3.153541,53.364712,1,1,1,2,1.40,3,6,40,0,0,0,0,0,4,1,1,0,0,2,9,0,0,17,0,0,10,0,0,9,0,0,2,0,0,13,0,0,7,0,0,4,0,0,1,0,0,1,0,0,6,0,0,1,0,0,5,0,0,8,0,0
201405AA02355,-3.163775,53.401082,1,2,3,7,11.55,3,6,30,0,0,0,0,0,1,1,1,0,0,1,9,9,0,1,18,0,10,10,0,9,9,0,6,6,0,13,13,0,9,9,0,12,12,0,2,4,0,1,1,0,6,6,0,2,2,0,7,6,0,1,2,0
201405AA04307,-3.084723,53.385331,1,1,1,1,11.12,1,3,70,0,0,0,0,0,1,1,1,0,0,1,9,0,0,18,0,0,10,0,0,9,0,0,6,0,0,13,0,0,1,0,0,11,0,0,1,0,0,1,0,0,6,0,0,1,0,0,7,0,0,16,0,0
201405AA04593,-3.049296,53.377854,1,2,1,5,8.16,4,6,30,0,0,0,0,0,1,1,1,0,0,1,9,9,0,16,17,0,10,10,0,9,9,0,6,6,0,13,13,0,1,9,0,2,12,0,1,1,0,1,1,0,6,3,0,1,1,0,10,10,0,4,4,0
201405BB01704,-2.968248,53.661385,1,1,1,1,16.52,3,6,30,0,0,0,0,0,4,2,2,0,0,1,9,0,0,18,0,0,10,0,0,9,0,0,6,0,0,13,0,0,1,0,0,2,0,0,1,0,0,1,0,0,6,0,0,2,0,0,10,0,0,5,0,0
201405BB03066,-2.973418,53.494824,1,1,1,1,0.28,3,6,30,0,0,0,0,0,4,1,1,0,0,1,9,0,0,18,0,0,10,0,0,9,0,0,6,0,0,13,0,0,9,0,0,12,0,0,1,0,0,1,0,0,6,0,0,1,0,0,5,0,0,16,0,0
201405BB03312,-3.022419,53.478909,1,2,1,1,23.0,6,6,30,3,4,6,0,0,4,1,1,0,0,1,9,3,0,9,18,0,10,10,0,1,1,0,6,6,0,13,13,0,9,9,0,12,12,0,3,1,0,1,1,0,6,6,0,2,1,0,7,6,0,7,12,0
201405CC01745,-2.767366,53.388485,1,1,1,3,13.20,3,6,50,0,0,0,0,0,1,2,2,0,0,1,9,0,0,18,0,0,10,0,0,9,0,0,6,0,0,13,0,0,1,0,0,11,0,0,4,0,0,1,0,0,6,0,0,1,0,0,10,0,0,11,0,0
201405CC02541,-2.875675,53.461755,1,2,1,6,12.35,4,1,40,1,4,1,0,0,1,1,1,0,0,1,21,3,0,18,18,0,10,10,0,8,8,0,6,1,0,13,10,0,9,7,0,12,12,0,4,1,0,2,1,0,1,1,0,1,1,0,8,7,0,1,2,0
201405CC03930,-2.844256,53.489937,1,3,1,7,11.0,6,6,50,0,0,0,0,0,1,2,2,0,0,2,98,9,98,18,18,18,10,10,10,9,9,9,6,6,6,13,13,13,9,9,9,12,12,12,3,4,1,1,1,1,1,6,1,1,2,1,9,5,5,10,8,11
201405CC04108,-2.813546,53.409168,1,1,2,5,6.18,1,3,70,0,0,0,0,0,1,1,1,0,0,2,9,0,0,18,0,0,10,0,0,9,0,0,6,0,0,13,0,0,1,0,0,4,0,0,3,0,0,1,0,0,2,0,0,1,0,0,6,0,0,12,0,0
201405DD01726,-2.73084,53.444481,1,2,1,6,21.55,3,3,70,0,0,0,0,0,4,1,2,0,0,2,9,9,0,18,18,0,10,10,0,9,9,0,6,1,0,13,13,0,5,9,0,6,12,0,3,4,0,1,1,0,6,6,0,1,2,0,10,8,0,6,11,0
201406A084035,-2.244139,53.48075,1,1,1,7,4.30,6,2,20,8,4,6,0,0,4,1,1,0,0,1,9,0,0,18,0,0,10,0,0,2,0,0,6,0,0,13,0,0,9,0,0,12,0,0,1,0,0,1,0,0,6,0,0,1,0,0,5,0,0,9,0,0
201406A089573,-2.200942,53.513783,1,1,2,7,17.31,5,6,30,3,4,6,0,0,1,9,1,0,0,1,9,0,0,18,0,0,10,0,0,8,0,0,6,0,0,13,0,0,9,0,0,5,0,0,1,0,0,1,0,0,6,0,0,2,0,0,8,0,0,11,0,0
201406A093578,-2.212716,53.515884,1,1,1,2,22.45,3,6,30,3,4,6,0,0,4,2,2,0,0,1,9,0,0,18,0,0,10,0,0,8,0,0,6,0,0,13,0,0,9,0,0,12,0,0,1,0,0,1,0,0,6,0,0,2,0,0,7,0,0,6,0,0
201406E088084,-2.259624,53.390965,1,1,1,3,20.40,6,2,20,3,4,6,0,0,1,1,1,0,0,1,5,0,0,18,0,0,10,0,0,2,0,0,1,0,0,10,0,0,1,0,0,10,0,0,1,0,0,1,0,0,6,0,0,1,0,0,4,0,0,16,0,0
201406E094850,-2.271521,53.391397,1,1,2,5,18.44,5,6,30,0,0,0,0,0,4,2,2,0,0,1,9,0,0,18,0,0,10,0,0,9,0,0,6,0,0,13,0,0,9,0,0,12,0,0,1,0,0,1,0,0,6,0,0,1,0,0,7,0,0,18,0,0
201406E095043,-2.231651,53.439912,1,1,1,4,18.4,5,6,30,3,4,6,0,0,4,2,2,0,0,1,9,0,0,18,0,0,10,0,0,2,0,0,6,0,0,10,0,0,1,0,0,12,0,0,3,0,0,1,0,0,6,0,0,1,0,0,7,0,0,5,0,0
201406E095132,-2.245299,53.462366,1,1,2,3,22.0,3,3,40,6,2,5,0,5,4,5,2,0,0,1,9,0,0,18,0,0,10,0,0,1,0,0,6,0,0,13,0,0,9,0,0,12,0,0,1,0,0,1,0,0,6,0,0,1,0,0,4,0,0,12,0,0
201406F083399,-2.335048,53.507469,1,1,2,5,18.26,3,6,30,3,4,6,0,0,4,1,1,0,0,1,9,0,0,18,0,0,10,0,0,1,0,0,1,0,0,13,0,0,9,0,0,12,0,0,1,0,0,1,0,0,6,0,0,1,0,0,6,0,0,13,0,0
201406F094346,-2.305874,53.499457,1,1,2,7,17.35,3,3,50,0,0,0,0,0,4,1,1,0,0,1,9,0,0,18,0,0,10,0,0,9,0,0,1,0,0,13,0,0,9,0,0,12,0,0,1,0,0,1,0,0,2,0,0,2,0,0,6,0,0,5,0,0
201406G084145,-2.085701,53.477679,1,1,1,5,10.58,4,6,30,3,4,6,0,8,1,4,1,0,0,1,20,0,0,18,0,0,10,0,0,1,0,0,6,0,0,13,0,0,9,0,0,12,0,0,4,0,0,1,0,0,1,0,0,1,0,0,8,0,0,10,0,0
201406G084527,-2.078371,53.473702,1,1,2,3,17.21,4,6,30,0,0,0,0,8,1,1,1,0,0,1,9,0,0,18,0,0,10,0,0,9,0,0,6,0,0,10,0,0,1,0,0,2,0,0,1,0,0,1,0,0,6,0,0,1,0,0,11,0,0,8,0,0
201406G086127,-2.137557,53.456894,1,1,1,6,20.20,3,3,40,1,4,3,0,0,4,1,1,0,0,1,9,0,0,16,0,0,10,0,0,3,0,0,5,0,0,10,0,0,1,0,0,2,0,0,3,0,0,1,0,0,6,0,0,1,0,0,9,0,0,14,0,0
201406G092351,-2.118341,53.441049,1,1,1,4,23.11,3,6,30,0,0,0,0,0,4,2,2,0,0,2,9,0,0,17,0,0,10,0,0,9,0,0,6,0,0,13,0,0,1,0,0,4,0,0,3,0,0,1,0,0,6,0,0,1,0,0,6,0,0,9,0,0
201406J082475,-2.163497,53.403639,1,1,1,5,17.46,5,6,30,3,4,6,0,4,4,2,2,0,0,1,9,0,0,16,0,0,10,0,0,1,0,0,6,0,0,13,0,0,9,0,0,12,0,0,4,0,0,1,0,0,6,0,0,1,0,0,5,0,0,10,0,0
201406J083737,-2.169083,53.401321,1,1,2,3,23.0,6,6,30,0,0,0,0,0,4,1,1,0,0,1,11,0,0,18,0,0,10,0,0,9,0,0,6,0,0,13,0,0,9,0,0,12,0,0,1,0,0,1,0,0,1,0,0,1,0,0,8,0,0,10,0,0
201406J086916,-2.184132,53.354629,1,1,1,2,6.31,5,6,30,0,0,0,0,0,1,1,1,0,0,1,9,0,0,17,0,0,10,0,0,9,0,0,6,0,0,13,0,0,1,0,0,4,0,0,1,0,0,1,0,0,6,0,0,1,0,0,8,0,0,12,0,0
201406J094556,-2.200987,53.424391,1,1,1,3,18.25,5,6,30,0,0,0,0,0,4,2,2,0,0,1,9,0,0,18,0,0,10,0,0,9,0,0,6,0,0,13,0,0,9,0,0,12,0,0,1,0,0,1,0,0,6,0,0,2,0,0,7,0,0,5,0,0
201406K081229,-2.385686,53.549643,1,2,2,2,11.11,3,3,50,0,0,0,0,0,1,1,1,0,0,1,9,9,0,18,18,0,10,10,0,9,9,0,2,6,0,13,13,0,1,9,0,10,12,0,3,5,0,1,1,0,6,6,0,1,1,0,5,5,0,13,4,0
201406K086423,-2.442555,53.604367,1,1,1,6,14.5,6,6,30,0,0,0,0,0,1,1,1,0,0,1,11,0,0,18,0,0,10,0,0,9,0,0,6,0,0,13,0,0,9,0,0,12,0,0,1,0,0,1,0,0,1,0,0,1,0,0,9,0,0,13,0,0
201406K089557,-2.395297,53.546044,1,1,1,1,15.30,6,6,30,3,4,6,0,0,1,9,1,0,0,1,5,0,0,18,0,0,10,0,0,1,0,0,6,0,0,13,0,0,1,0,0,12,0,0,1,0,0,1,0,0,1,0,0,1,0,0,7,0,0,9,0,0
201406K091178,-2.398243,53.547948,1,1,1,1,16.30,5,6,30,0,0,0,0,0,1,1,1,0,0,1,5,0,0,18,0,0,10,0,0,9,0,0,5,0,0,13,0,0,2,0,0,10,0,0,4,0,0,1,0,0,6,0,0,1,0,0,8,0,0,18,0,0
201406K094700,-2.435969,53.548895,1,1,1,3,19.20,4,6,30,0,0,0,0,8,4,5,2,0,0,1,3,0,0,18,0,0,10,0,0,9,0,0,6,0,0,10,0,0,8,0,0,2,0,0,1,0,0,1,0,0,6,0,0,1,0,0,7,0,0,10,0,0
201406L092012,-2.526208,53.508578,1,1,2,1,5.45,5,6,30,0,0,0,0,0,4,1,1,0,0,1,9,0,0,17,0,0,10,0,0,9,0,0,6,0,0,13,0,0,1,0,0,10,0,0,4,0,0,1,0,0,6,0,0,2,0,0,5,0,0,10,0,0
201406M089001,-2.312507,53.462533,1,2,2,6,23.0,5,3,30,6,2,6,0,0,4,1,1,0,0,1,3,21,0,18,9,0,10,10,0,8,5,0,1,6,0,13,13,0,9,9,0,12,12,0,1,4,0,1,1,0,6,1,0,1,1,0,5,8,0,9,2,0
201406P093227,-2.182036,53.613208,1,2,5,1,4.35,4,6,30,6,2,4,0,0,4,1,1,0,0,1,9,9,0,18,18,0,10,10,0,8,8,0,6,6,0,13,13,0,9,7,0,12,10,0,1,3,0,1,1,0,6,6,0,1,1,0,6,5,0,1,5,0
201406P093814,-2.223828,53.543971,1,1,1,1,0.45,3,6,30,3,4,6,0,4,4,1,1,0,0,1,9,0,0,18,0,0,10,0,0,2,0,0,6,0,0,13,0,0,9,0,0,12,0,0,1,0,0,1,0,0,6,0,0,1,0,0,10,0,0,13,0,0
201406Q081881,-2.152848,53.56321,1,1,2,7,8.55,2,3,70,0,0,0,0,0,1,1,2,0,0,2,9,0,0,16,0,0,10,0,0,9,0,0,1,0,0,13,0,0,1,0,0,4,0,0,3,0,0,1,0,0,2,0,0,2,0,0,5,0,0,13,0,0
201406Q088250,-2.035012,53.603823,1,2,1,1,11.54,3,6,50,0,0,0,0,0,1,1,1,0,0,2,9,9,0,2,2,0,6,6,0,9,9,0,6,6,0,13,13,0,9,9,0,12,12,0,1,2,0,1,1,0,6,6,0,1,1,0,11,8,0,4,5,0
201406Q090912,-2.169101,53.523495,1,1,1,7,14.39,3,3,40,3,4,6,0,4,1,9,1,0,0,1,9,0,0,18,0,0,10,0,0,1,0,0,6,0,0,13,0,0,1,0,0,2,0,0,1,0,0,1,0,0,6,0,0,1,0,0,11,0,0,6,0,0
201406X084310,-2.557918,53.58659,1,1,3,7,23.29,1,3,70,0,0,0,0,0,6,1,1,0,0,2,9,0,0,18,0,0,10,0,0,9,0,0,6,0,0,13,0,0,9,0,0,12,0,0,1,0,0,1,0,0,6,0,0,1,0,0,8,0,0,3,0,0
201406X088518,-2.186893,53.583422,1,2,1,2,3.25,1,3,70,0,0,0,0,0,4,1,1,0,0,2,9,21,0,18,18,0,10,10,0,9,9,0,6,6,0,13,13,0,1,1,0,12,12,0,1,2,0,1,1,0,6,1,0,1,1,0,8,7,0,8,3,0
201406X090740,-2.54172,53.572121,1,3,1,3,22.56,1,3,70,5,4,1,0,0,6,1,1,0,0,2,9,9,9,18,18,18,10,10,10,1,5,5,6,6,6,13,13,13,9,9,9,12,12,12,1,1,1,1,1,1,6,6,6,1,1,2,8,5,7,1,7,9
2.01407E+12,-2.706712,53.310529,1,1,1,2,17.48,1,3,70,0,0,0,0,0,6,5,2,0,0,1,21,0,0,18,0,0,10,0,0,9,0,0,6,0,0,13,0,0,9,0,0,12,0,0,1,0,0,1,0,0,1,0,0,1,0,0,9,0,0,6,0,0
2.01407E+12,-2.474257,53.195451,1,1,1,7,23.49,3,6,60,0,0,0,0,0,6,1,1,0,0,2,9,0,0,16,0,0,10,0,0,9,0,0,6,0,0,13,0,0,7,0,0,4,0,0,1,0,0,1,0,0,6,0,0,1,0,0,4,0,0,8,0,0
2.01407E+12,-2.295963,53.229566,1,2,2,5,7.12,4,6,60,0,0,0,0,0,1,1,1,0,2,2,9,9,0,18,18,0,10,10,0,9,9,0,6,6,0,11,13,0,1,9,0,12,12,0,1,1,0,1,1,0,2,2,0,1,2,0,6,7,0,10,2,0
2.01407E+12,-2.584771,53.372476,1,1,1,4,15.58,4,6,30,3,4,6,0,0,1,1,1,0,0,1,9,0,0,17,0,0,10,0,0,6,0,0,6,0,0,13,0,0,1,0,0,8,0,0,1,0,0,1,0,0,3,0,0,2,0,0,10,0,0,4,0,0
2.01407E+12,-2.97325,53.238212,1,2,4,5,21.30,3,3,70,0,0,0,0,0,6,1,2,0,0,2,9,9,0,18,18,0,10,10,0,9,9,0,6,6,0,13,13,0,9,9,0,12,12,0,1,1,0,1,1,0,6,6,0,1,2,0,11,5,0,23,6,0
2.01407E+12,-2.573693,53.408215,1,2,1,4,17.56,6,6,30,3,4,6,0,0,1,1,1,0,0,1,9,3,0,9,18,0,10,10,0,8,1,0,6,5,0,13,13,0,9,9,0,12,12,0,4,1,0,1,1,0,6,6,0,1,1,0,6,5,0,13,11,0
2.01407E+12,-2.738086,53.338646,1,2,1,3,16.12,3,3,30,0,0,0,0,0,1,1,1,0,0,1,5,21,0,16,16,0,10,10,0,9,9,0,6,6,0,13,13,0,9,9,0,12,12,0,3,4,0,1,1,0,2,1,0,1,1,0,9,8,0,7,2,0
2.01407E+12,-2.376871,53.188545,1,2,4,7,22.45,1,3,70,0,0,0,0,0,6,1,1,0,2,2,9,9,0,18,2,0,10,10,0,9,9,0,1,6,0,4,13,0,9,9,0,12,12,0,1,2,0,1,1,0,6,6,0,1,1,0,9,8,0,5,11,0
2.01407E+12,-2.222133,53.196377,1,1,5,3,20.14,3,6,60,0,0,0,0,0,1,1,1,0,0,2,9,0,0,17,0,0,10,0,0,9,0,0,1,0,0,13,0,0,1,0,0,4,0,0,4,0,0,1,0,0,6,0,0,1,0,0,4,0,0,19,0,0
2.01407E+12,-2.879748,53.162044,1,1,1,2,0.6,3,3,70,0,0,0,0,0,6,1,1,0,0,2,21,0,0,18,0,0,10,0,0,9,0,0,1,0,0,13,0,0,9,0,0,12,0,0,1,0,0,1,0,0,1,0,0,1,0,0,8,0,0,5,0,0
2.01407E+12,-2.643495,53.347481,1,2,1,2,23.0,3,6,60,0,0,0,0,0,4,1,1,0,0,2,9,21,0,18,18,0,10,10,0,9,9,0,2,1,0,13,13,0,9,9,0,12,12,0,1,1,0,1,1,0,6,1,0,1,1,0,8,7,0,5,1,0
2.01407E+12,-2.700378,53.376519,1,1,1,3,19.52,3,3,50,3,4,6,0,0,1,1,1,0,0,2,5,0,0,18,0,0,10,0,0,1,0,0,6,0,0,10,0,0,7,0,0,2,0,0,1,0,0,1,0,0,2,0,0,1,0,0,6,0,0,6,0,0
2.01407E+12,-2.709896,53.30882,1,1,1,3,10.15,1,3,70,0,0,0,0,0,1,1,1,0,0,2,21,0,0,11,0,0,10,0,0,9,0,0,5,0,0,13,0,0,1,0,0,7,0,0,4,0,0,1,0,0,1,0,0,1,0,0,8,0,0,9,0,0
2.01407E+12,-2.908667,53.250812,1,1,1,1,22.13,3,6,60,0,0,0,0,0,6,1,2,0,0,2,9,0,0,18,0,0,10,0,0,9,0,0,2,0,0,13,0,0,7,0,0,12,0,0,1,0,0,1,0,0,6,0,0,1,0,0,6,0,0,12,0,0
2.01407E+12,-2.630543,53.343208,1,1,1,2,3.43,3,3,40,3,2,3,0,8,5,1,2,0,0,2,9,0,0,18,0,0,10,0,0,1,0,0,6,0,0,13,0,0,9,0,0,12,0,0,1,0,0,1,0,0,1,0,0,1,0,0,6,0,0,2,0,0
2.01407E+12,-2.73998,53.081488,1,3,1,1,14.0,3,6,50,8,4,6,0,0,1,1,1,0,0,2,5,9,9,18,9,18,10,10,10,1,8,1,5,6,6,13,13,13,9,9,9,12,12,12,1,4,1,1,1,1,6,6,6,1,1,1,5,11,7,6,3,8
2.01407E+12,-2.296959,53.085395,1,2,1,7,16.44,5,6,60,0,0,0,0,0,1,1,1,0,0,2,5,17,0,16,17,0,10,10,0,9,9,0,6,6,0,13,13,0,9,9,0,12,12,0,1,3,0,1,1,0,6,1,0,1,1,0,7,8,0,18,2,0