Accident_Index,Longitude,Latitude,SV,Number_of_Vehicles,Number_of_Casualties,Day_of_Week,Time,1st_Road_Class,Road_Type,Speed_limit,Junction_Detail,Junction_Control,2nd_Road_Class,Pedestrian_Crossing-Human_Control,Pedestrian_Crossing-Physical_Facilities,Light_Conditions,Weather_Conditions,Road_Surface_Conditions,Special_Conditions_at_Site,Carriageway_Hazards,Urban_or_Rural_Area,Vehicle1_Type,Vehicle2_Type,Vehicle3_Type,Vehicle1_Manoeuvre,Vehicle2_Manoeuvre,Vehicle3_Manoeuvre,Vehicle1_Location-Restricted_Lane,Vehicle2_Location-Restricted_Lane,Vehicle3_Location-Restricted_Lane,Junction1_Location,Junction2_Location,Junction3_Location,Skidding1_and_Overturning,Skidding2_and_Overturning,Skidding3_and_Overturning,Hit_Object_in_Carriageway1,Hit_Object_in_Carriageway2,Hit_Object_in_Carriageway3,Vehicle1_Leaving_Carriageway,Vehicle2_Leaving_Carriageway,Vehicle3_Leaving_Carriageway,Hit_Object_off_Carriageway1,Hit_Object_off_Carriageway2,Hit_Object_off_Carriageway3,1st_Point_of_Impact1,1st_Point_of_Impact2,1st_Point_of_Impact3,Was_Vehicle 1_Left_Hand_Drive?,Was_Vehicle2_Left_Hand_Drive?,Was_Vehicle 3_Left_Hand_Drive?,Journey_Purpose_of_Driver1,Journey_Purpose_of_Driver2,Journey_Purpose_of_Driver3,Sex_of_Driver1,Sex_of_Driver2,Sex_of_Driver3,Age_Band_of_Driver1,Age_Band_of_Driver2,Age_Band_of_Driver3,Age_of_Vehicle1,Age_of_Vehicle2,Age_of_Vehicle3
201442I393711,-0.004951,51.657693,1,1,1,5,17.26,3,6,30,0,0,0,0,0,4,1,1,0,0,2,19,0,0,18,0,0,10,0,0,9,0,0,6,0,0,13,0,0,9,0,0,12,0,0,1,0,0,1,0,0,6,0,0,1,0,0,6,0,0,6,0,0
201442I406211,0.447995,51.57999,1,2,1,7,1.0,3,3,50,0,0,0,0,0,5,1,1,0,0,2,9,9,0,18,18,0,10,10,0,9,9,0,6,6,0,13,13,0,9,9,0,12,12,0,1,1,0,1,1,0,6,6,0,2,2,0,5,6,0,3,7,0
201442I410412,0.410233,51.744224,1,1,1,2,6.7,3,6,60,0,0,0,0,0,6,1,1,0,0,2,19,0,0,18,0,0,10,0,0,9,0,0,6,0,0,13,0,0,9,0,0,12,0,0,1,0,0,1,0,0,1,0,0,1,0,0,6,0,0,8,0,0
201442I419912,0.588853,51.923463,1,2,5,1,16.50,3,6,40,0,0,0,0,0,7,9,1,0,0,2,9,9,0,12,18,0,10,10,0,9,9,0,6,6,0,13,13,0,9,9,0,12,12,0,1,1,0,1,1,0,6,6,0,1,1,0,6,5,0,13,16,0
201442I429312,1.238464,51.839551,1,2,1,6,22.25,4,6,30,3,4,6,0,0,4,1,2,0,0,1,21,9,0,18,9,0,10,10,0,8,8,0,1,6,0,13,13,0,9,3,0,12,12,0,1,3,0,1,1,0,6,6,0,1,1,0,8,11,0,8,12,0
201442I435912,0.57581,51.908039,1,2,2,5,7.50,3,6,40,3,4,6,0,0,1,1,2,0,0,1,5,9,0,11,18,0,10,10,0,1,1,0,1,6,0,13,13,0,1,9,0,10,12,0,5,1,0,1,1,0,2,2,0,1,2,0,7,9,0,20,17,0
201442I447912,0.051682,51.747229,1,2,1,4,4.10,6,6,40,0,0,0,0,0,6,1,1,0,0,1,9,3,0,17,16,0,10,10,0,9,9,0,6,1,0,13,13,0,9,7,0,12,12,0,1,3,0,1,1,0,6,2,0,2,1,0,5,5,0,5,16,0
201443N003034,-0.721253,51.722169,1,2,3,3,5.54,3,6,60,0,0,0,0,0,6,1,4,0,0,2,9,9,0,18,18,0,10,10,0,9,9,0,1,6,0,13,13,0,9,1,0,12,12,0,1,1,0,1,1,0,2,2,0,1,1,0,6,9,0,13,4,0
201443N030054,-0.555211,51.527355,1,2,2,1,13.1,3,3,60,3,4,6,0,0,1,1,1,0,0,2,5,9,0,18,9,0,10,10,0,8,8,0,6,6,0,13,13,0,9,9,0,12,12,0,1,4,0,1,1,0,6,6,0,1,1,0,7,9,0,6,15,0
201443N033064,-0.923499,51.667557,1,2,2,1,11.30,3,6,60,3,4,6,0,0,1,1,1,0,2,2,9,5,0,9,18,0,10,10,0,6,8,0,6,6,0,13,13,0,9,9,0,12,12,0,3,1,0,1,1,0,6,6,0,1,1,0,8,7,0,10,10,0
201443N047114,-0.681461,51.861093,1,2,5,2,6.30,5,6,60,0,0,0,0,0,1,1,2,0,0,2,19,9,0,16,17,0,10,10,0,9,9,0,6,6,0,13,13,0,9,1,0,12,9,0,3,3,0,1,1,0,1,1,0,1,1,0,7,5,0,6,2,0
201443N097094,-0.658782,51.681998,1,1,1,1,22.0,3,3,70,0,0,0,0,0,6,1,1,0,0,2,9,0,0,18,0,0,10,0,0,9,0,0,1,0,0,13,0,0,9,0,0,12,0,0,1,0,0,1,0,0,6,0,0,1,0,0,8,0,0,1,0,0
201443N123024,-0.892701,51.842204,1,3,9,5,11.9,3,6,60,0,0,0,0,0,1,1,2,0,0,2,9,9,9,18,18,18,10,10,10,9,9,9,6,6,6,13,13,13,1,1,9,12,12,12,1,1,3,1,1,1,6,6,6,2,1,2,4,7,6,5,16,11
201443N128074,-0.668929,51.597382,1,2,6,6,5.10,1,3,70,0,0,0,0,0,1,2,5,1,0,2,9,9,0,18,18,0,10,10,0,9,9,0,1,2,0,13,13,0,5,9,0,6,12,0,1,2,0,1,1,0,6,6,0,1,1,0,6,7,0,4,3,0
201443N132024,-0.839094,51.825799,1,2,2,5,22.0,3,1,30,2,4,5,0,8,4,1,2,1,0,1,9,9,0,18,9,0,10,10,0,4,4,0,6,6,0,13,13,0,7,9,0,9,12,0,1,3,0,1,1,0,6,6,0,1,2,0,6,9,0,1,15,0
201443N224034,-0.901152,51.843874,1,2,1,1,18.38,3,6,60,3,4,5,0,0,1,1,1,0,0,2,9,9,0,9,18,0,10,10,0,6,1,0,1,1,0,13,13,0,3,9,0,9,12,0,3,1,0,1,1,0,6,1,0,1,2,0,11,7,0,13,5,0
201443N233024,-0.603092,51.681052,1,1,1,2,23.24,6,6,30,0,0,0,0,0,4,1,1,0,0,1,8,0,0,18,0,0,10,0,0,9,0,0,6,0,0,13,0,0,9,0,0,12,0,0,1,0,0,1,0,0,1,0,0,1,0,0,6,0,0,9,0,0
201443N237024,-0.5377,51.580282,1,5,1,4,22.38,3,3,70,0,0,0,0,0,6,1,1,0,0,2,9,9,9,18,18,18,10,10,10,9,9,9,6,6,6,13,13,13,9,9,9,12,12,12,4,1,1,1,1,1,6,6,6,1,1,1,6,8,6,2,2,7
201443P001114,-1.426011,51.814833,1,1,2,1,17.40,3,6,40,0,0,0,0,0,6,1,2,0,0,2,9,0,0,16,0,0,10,0,0,9,0,0,2,0,0,13,0,0,1,0,0,4,0,0,3,0,0,1,0,0,6,0,0,1,0,0,5,0,0,10,0,0
201443P003094,-1.531687,51.777655,1,2,3,2,14.35,6,6,60,0,0,0,0,0,1,1,1,0,0,2,9,9,0,13,18,0,10,10,0,9,9,0,6,6,0,13,13,0,9,9,0,12,12,0,1,1,0,1,1,0,6,6,0,2,1,0,9,11,0,5,16,0
201443P015054,-0.993403,51.700655,1,1,1,2,5.15,1,3,70,0,0,0,0,0,1,1,1,0,0,2,9,0,0,18,0,0,10,0,0,9,0,0,1,0,0,13,0,0,5,0,0,6,0,0,1,0,0,1,0,0,6,0,0,1,0,0,6,0,0,6,0,0
201443P022044,-1.480115,51.679109,1,3,3,1,3.58,3,6,50,0,0,0,0,0,6,1,2,0,0,2,9,21,21,16,17,16,10,10,10,9,9,9,6,6,6,13,13,13,9,9,9,12,12,12,1,1,3,1,1,1,6,1,1,1,1,1,6,9,6,1,3,4
201443P034044,-1.094302,51.713175,1,2,4,2,9.50,3,6,50,0,0,0,0,0,1,1,2,0,0,2,9,9,0,16,17,0,10,10,0,9,9,0,1,6,0,13,13,0,7,9,0,12,12,0,4,1,0,1,1,0,6,6,0,2,2,0,6,8,0,12,7,0
201443P044104,-1.051738,51.529965,1,2,1,2,2.1,3,6,60,8,4,6,0,0,6,1,1,0,0,2,5,17,0,13,9,0,10,10,0,1,5,0,6,6,0,13,13,0,9,9,0,12,12,0,1,3,0,1,1,0,6,6,0,1,1,0,8,7,0,14,1,0
201443P079064,-1.201995,51.88222,1,2,1,6,11.21,1,3,70,0,0,0,0,0,1,1,1,0,0,2,9,21,0,18,18,0,10,10,0,9,9,0,6,6,0,13,13,0,9,9,0,12,12,0,1,2,0,1,1,0,6,6,0,2,1,0,6,8,0,13,3,0
201443P125124,-1.648041,51.80499,1,2,3,3,10.37,3,6,60,0,0,0,0,0,1,1,1,0,0,2,9,9,0,18,18,0,10,10,0,9,9,0,6,6,0,13,13,0,9,1,0,12,10,0,1,1,0,1,1,0,2,6,0,1,1,0,8,10,0,11,6,0
201443P134124,-1.526786,51.95085,1,2,3,6,14.40,3,6,60,0,0,0,0,0,1,1,1,0,0,2,21,9,0,18,18,0,10,10,0,9,9,0,1,5,0,13,13,0,7,1,0,11,12,0,3,3,0,1,1,0,1,6,0,1,1,0,9,10,0,2,2,0
201443P145054,-1.225689,51.741844,1,1,1,6,15.50,4,6,30,0,0,0,0,8,1,1,1,0,0,1,90,0,0,18,0,0,10,0,0,9,0,0,1,0,0,13,0,0,9,0,0,12,0,0,1,0,0,1,0,0,1,0,0,1,0,0,7,0,0,2,0,0
201443P169024,-1.314198,51.661416,1,4,2,6,2.58,3,3,70,0,0,0,0,0,6,1,1,0,7,2,9,21,21,2,4,3,10,10,10,9,9,9,6,3,6,13,13,13,9,9,9,12,12,12,5,1,2,1,1,1,1,1,1,1,1,1,6,9,8,3,2,3
201443P263124,-1.63354,51.571834,1,1,1,7,14.20,4,6,60,0,0,0,0,0,1,4,2,0,0,2,9,0,0,16,0,0,10,0,0,9,0,0,1,0,0,10,0,0,7,0,0,4,0,0,3,0,0,1,0,0,6,0,0,1,0,0,6,0,0,10,0,0
201443P268064,-1.499748,51.783512,1,1,4,2,8.10,3,6,30,0,0,0,0,0,1,1,1,0,0,1,9,0,0,18,0,0,9,0,0,9,0,0,6,0,0,13,0,0,7,0,0,12,0,0,1,0,0,1,0,0,2,0,0,1,0,0,4,0,0,8,0,0
201443P268124,-1.258342,51.828893,1,1,1,7,22.20,3,3,70,5,4,3,0,0,6,1,2,0,0,2,9,0,0,16,0,0,10,0,0,5,0,0,1,0,0,13,0,0,1,0,0,4,0,0,3,0,0,1,0,0,2,0,0,2,0,0,5,0,0,8,0,0
201443P304094,-1.229589,51.773987,1,2,1,6,11.59,4,6,30,3,4,3,0,0,1,1,1,0,0,2,9,5,0,9,18,0,10,10,0,6,8,0,6,6,0,13,13,0,9,9,0,12,12,0,1,4,0,1,1,0,6,6,0,1,1,0,6,10,0,4,11,0
201443P312044,-1.288839,51.662344,1,1,1,2,20.10,6,6,30,3,4,6,0,0,1,1,1,0,0,1,9,0,0,9,0,0,10,0,0,8,0,0,6,0,0,13,0,0,9,0,0,12,0,0,1,0,0,1,0,0,6,0,0,1,0,0,6,0,0,15,0,0
201443R105104,-0.618816,51.477288,1,2,2,4,15.12,3,3,40,0,0,0,0,0,1,1,2,0,0,1,9,9,0,18,18,0,10,10,0,9,9,0,6,6,0,10,13,0,6,9,0,12,12,0,1,1,0,1,1,0,6,6,0,1,2,0,10,10,0,5,2,0
201443R145014,-0.544493,51.497287,1,1,1,4,17.28,4,6,30,3,4,6,0,4,4,1,1,0,0,1,8,0,0,6,0,0,10,0,0,8,0,0,6,0,0,13,0,0,9,0,0,12,0,0,1,0,0,1,0,0,1,0,0,1,0,0,6,0,0,6,0,0
201443R173014,-0.772317,51.469392,1,2,1,7,20.8,1,3,70,0,0,0,0,0,6,1,2,0,0,2,9,9,0,18,18,0,10,10,0,9,9,0,2,1,0,13,13,0,1,9,0,6,12,0,3,3,0,1,1,0,6,6,0,1,2,0,6,8,0,5,7,0
201443R232124,-0.728681,51.416422,1,2,1,6,19.45,6,6,30,3,4,6,0,0,4,1,1,0,0,1,9,3,0,9,18,0,10,10,0,6,8,0,6,1,0,13,13,0,9,9,0,12,12,0,3,1,0,1,1,0,6,6,0,2,1,0,6,5,0,14,2,0
201443S001034,-0.700736,52.046244,1,1,1,2,7.55,3,3,70,0,0,0,0,7,1,1,2,0,0,2,9,0,0,18,0,0,10,0,0,9,0,0,6,0,0,13,0,0,9,0,0,12,0,0,1,0,0,1,0,0,2,0,0,1,0,0,8,0,0,1,0,0
201443S001054,-0.815171,52.038765,1,1,1,5,15.30,5,6,60,3,4,6,0,0,1,1,1,0,0,1,9,0,0,18,0,0,10,0,0,8,0,0,6,0,0,13,0,0,9,0,0,12,0,0,1,0,0,1,0,0,6,0,0,1,0,0,10,0,0,6,0,0
201443S007054,-0.81637,52.051329,1,3,4,6,9.47,5,6,60,3,4,6,0,0,1,1,1,0,0,2,9,9,19,18,10,18,10,10,10,1,8,1,1,6,6,13,13,13,9,9,9,12,12,12,1,2,1,1,1,1,6,6,1,1,2,2,5,8,7,8,9,3
201443S045124,-0.726082,52.022047,1,1,1,5,17.15,5,3,70,0,0,0,0,7,4,2,2,0,0,2,9,0,0,18,0,0,10,0,0,9,0,0,6,0,0,13,0,0,9,0,0,12,0,0,1,0,0,1,0,0,6,0,0,1,0,0,6,0,0,7,0,0
201443S051094,-0.714338,52.019932,1,3,3,5,13.10,5,3,70,3,4,6,0,0,1,1,1,0,0,2,9,9,19,9,18,10,10,10,10,8,1,1,6,6,6,13,13,13,9,9,9,12,12,12,4,1,1,1,1,1,6,6,6,1,2,1,11,6,8,9,8,9
201443S101044,-0.762508,52.029286,1,2,4,6,11.51,5,3,70,3,4,6,0,0,1,1,1,0,0,1,9,20,0,9,18,0,10,10,0,8,1,0,6,6,0,13,13,0,9,9,0,12,12,0,4,1,0,1,1,0,6,1,0,1,1,0,5,7,0,14,8,0
201443S131074,-0.69353,52.113267,1,1,1,2,5.35,3,6,60,0,0,0,0,0,1,1,1,0,0,2,21,0,0,18,0,0,10,0,0,9,0,0,1,0,0,13,0,0,9,0,0,12,0,0,1,0,0,1,0,0,1,0,0,1,0,0,6,0,0,3,0,0
201443W001084,-1.371657,51.379406,1,1,4,2,4.5,6,6,60,0,0,0,0,0,6,1,1,0,0,2,9,0,0,18,0,0,10,0,0,9,0,0,1,0,0,13,0,0,8,0,0,4,0,0,3,0,0,1,0,0,6,0,0,1,0,0,4,0,0,7,0,0
201443W070014,-1.001799,51.452174,1,1,1,2,3.30,6,6,30,0,0,0,0,0,4,1,2,0,0,1,20,0,0,18,0,0,10,0,0,9,0,0,6,0,0,13,0,0,9,0,0,12,0,0,1,0,0,1,0,0,1,0,0,1,0,0,6,0,0,9,0,0
201443W138034,-1.364251,51.372577,1,1,1,2,5.5,3,3,70,0,0,0,0,0,6,1,4,0,0,2,21,0,0,18,0,0,10,0,0,9,0,0,5,0,0,13,0,0,5,0,0,7,0,0,4,0,0,1,0,0,1,0,0,1,0,0,10,0,0,2,0,0
201443W147064,-0.972193,51.456729,1,1,1,6,7.45,6,6,30,6,2,6,0,5,1,1,1,0,0,1,11,0,0,7,0,0,2,0,0,8,0,0,6,0,0,13,0,0,9,0,0,12,0,0,4,0,0,1,0,0,1,0,0,1,0,0,9,0,0,6,0,0
201443W180054,-0.876284,51.428235,1,1,1,6,16.13,3,6,40,3,2,6,0,5,1,1,1,2,0,1,9,0,0,18,0,0,10,0,0,8,0,0,6,0,0,13,0,0,9,0,0,12,0,0,1,0,0,1,0,0,6,0,0,1,0,0,7,0,0,9,0,0
201443W203104,-0.827076,51.443345,1,1,1,6,22.4,1,3,70,0,0,0,0,0,6,1,1,0,0,2,9,0,0,18,0,0,10,0,0,9,0,0,6,0,0,13,0,0,9,0,0,12,0,0,1,0,0,1,0,0,6,0,0,2,0,0,8,0,0,9,0,0
201443W204024,-1.395228,51.411622,1,2,2,4,10.44,3,6,60,0,0,0,0,0,1,1,2,0,0,2,9,9,0,18,18,0,10,10,0,9,9,0,6,6,0,13,13,0,7,1,0,10,10,0,1,1,0,1,1,0,6,6,0,2,2,0,5,10,0,16,7,0
201443W211084,-0.947231,51.452524,1,1,2,4,13.45,3,6,30,0,0,0,0,0,1,1,1,0,0,1,9,0,0,18,0,0,10,0,0,9,0,0,6,0,0,13,0,0,9,0,0,12,0,0,1,0,0,1,0,0,1,0,0,1,0,0,7,0,0,2,0,0
201443W297124,-0.975233,51.462376,1,3,3,7,21.5,3,6,30,0,0,0,0,0,4,1,1,0,0,1,9,9,9,18,18,2,10,10,10,9,9,9,1,6,6,13,13,13,1,9,9,11,12,12,1,5,3,1,1,1,6,6,6,1,1,1,5,6,6,12,12,12
2.01444E+12,-1.203154,50.943655,1,2,1,5,13.45,4,6,50,8,4,6,0,0,1,1,1,0,0,2,9,5,0,9,18,0,10,10,0,8,8,0,6,6,0,13,13,0,9,1,0,12,4,0,4,1,0,1,1,0,6,6,0,2,1,0,5,7,0,13,10,0
2.01444E+12,-1.204172,50.682598,1,2,5,5,15.15,6,6,60,0,0,0,0,0,1,1,1,0,0,2,9,9,0,17,18,0,10,10,0,9,9,0,1,6,0,13,13,0,9,9,0,12,12,0,4,4,0,1,1,0,6,6,0,1,1,0,4,10,0,11,11,0
2.01444E+12,-1.376134,50.971774,1,1,2,7,16.50,1,3,70,0,0,0,0,0,4,5,2,0,0,1,20,0,0,12,0,0,10,0,0,9,0,0,6,0,0,13,0,0,4,0,0,6,0,0,1,0,0,1,0,0,1,0,0,1,0,0,9,0,0,2,0,0
2.01444E+12,-0.961283,50.850485,1,1,1,2,19.52,3,3,70,5,4,3,0,0,4,2,2,0,0,2,9,0,0,18,0,0,10,0,0,2,0,0,2,0,0,13,0,0,1,0,0,7,0,0,1,0,0,1,0,0,6,0,0,1,0,0,5,0,0,14,0,0
2.01444E+12,-0.842364,51.304675,1,2,1,3,15.6,6,6,60,8,4,6,0,0,1,1,2,0,0,2,19,9,0,9,13,0,10,10,0,8,8,0,6,1,0,13,13,0,9,8,0,12,4,0,3,4,0,1,1,0,1,6,0,1,1,0,9,11,0,1,12,0
2.01444E+12,-1.043591,50.819956,1,2,2,3,18.40,3,3,50,3,2,6,0,0,4,1,1,0,0,2,9,5,0,1,15,0,10,10,0,8,8,0,6,1,0,13,13,0,9,9,0,12,12,0,4,1,0,1,1,0,6,6,0,2,1,0,7,6,0,2,18,0
2.01444E+12,-1.706597,50.866438,1,2,2,4,18.17,3,3,70,0,0,0,0,0,6,1,2,0,7,2,5,5,0,18,18,0,10,10,0,9,9,0,1,1,0,12,12,0,9,1,0,12,1,0,1,1,0,1,1,0,2,6,0,1,1,0,6,8,0,12,16,0
2.01444E+12,-1.336839,51.261193,1,2,5,5,6.20,6,6,60,0,0,0,0,0,6,1,1,0,0,2,19,9,0,18,18,0,10,10,0,9,9,0,6,6,0,13,13,0,1,9,0,4,12,0,1,1,0,1,1,0,1,1,0,1,1,0,9,5,0,19,13,0
2.01444E+12,-1.404913,50.948787,1,1,1,1,16.2,3,6,40,3,4,6,0,0,1,1,1,0,0,1,9,0,0,18,0,0,10,0,0,1,0,0,6,0,0,13,0,0,9,0,0,12,0,0,4,0,0,1,0,0,6,0,0,1,0,0,5,0,0,14,0,0
2.01444E+12,-1.497724,51.01387,1,2,1,2,9.59,6,6,30,3,4,6,0,0,1,1,2,0,0,2,9,90,0,16,17,0,10,10,0,2,1,0,6,6,0,13,13,0,9,9,0,12,12,0,1,1,0,1,1,0,6,1,0,2,1,0,10,6,0,10,5,0
2.01444E+12,-1.335162,50.921549,1,2,1,3,8.42,3,6,40,3,4,6,0,0,1,1,2,0,0,1,9,5,0,9,18,0,10,10,0,8,8,0,6,6,0,13,13,0,9,9,0,12,12,0,1,1,0,1,1,0,1,1,0,1,2,0,6,8,0,3,33,0
2.01444E+12,-1.336829,51.09935,1,1,2,2,18.30,3,3,70,0,0,0,0,0,6,1,2,0,0,2,9,0,0,16,0,0,10,0,0,9,0,0,5,0,0,13,0,0,1,0,0,4,0,0,1,0,0,1,0,0,6,0,0,1,0,0,10,0,0,7,0,0
2.01444E+12,-0.890498,51.313458,1,1,1,2,11.55,3,3,70,0,0,0,0,0,1,2,2,0,0,2,21,0,0,18,0,0,10,0,0,9,0,0,1,0,0,13,0,0,9,0,0,12,0,0,4,0,0,1,0,0,1,0,0,1,0,0,6,0,0,5,0,0
2.01444E+12,-1.535647,50.916422,1,1,1,1,22.30,3,6,30,0,0,0,0,0,4,1,1,0,0,2,9,0,0,18,0,0,10,0,0,9,0,0,6,0,0,13,0,0,9,0,0,12,0,0,1,0,0,1,0,0,6,0,0,1,0,0,11,0,0,7,0,0
2.01444E+12,-1.579191,50.744349,1,1,1,5,3.7,3,6,40,0,0,0,0,0,6,1,1,0,0,2,9,0,0,17,0,0,10,0,0,9,0,0,1,0,0,13,0,0,1,0,0,4,0,0,1,0,0,1,0,0,6,0,0,1,0,0,6,0,0,4,0,0
2.01444E+12,-0.779217,51.115604,1,1,1,7,21.10,4,6,50,0,0,0,0,0,6,1,1,0,0,2,9,0,0,18,0,0,10,0,0,9,0,0,1,0,0,13,0,0,7,0,0,4,0,0,4,0,0,1,0,0,6,0,0,1,0,0,7,0,0,13,0,0
2.01444E+12,-1.179372,50.728075,1,1,1,1,16.8,3,6,30,0,0,0,0,0,1,1,1,0,0,1,2,0,0,18,0,0,10,0,0,9,0,0,6,0,0,13,0,0,1,0,0,10,0,0,1,0,0,1,0,0,2,0,0,1,0,0,9,0,0,1,0,0
2.01444E+12,-0.772426,51.249882,1,1,1,1,20.22,3,6,40,1,4,6,0,0,1,1,1,0,2,1,5,0,0,16,0,0,10,0,0,1,0,0,1,0,0,13,0,0,8,0,0,10,0,0,1,0,0,1,0,0,6,0,0,1,0,0,7,0,0,8,0,0
2.01444E+12,-1.654041,50.753822,1,1,1,5,10.28,6,6,30,8,4,6,0,0,1,1,1,0,0,1,19,0,0,9,0,0,10,0,0,8,0,0,6,0,0,13,0,0,9,0,0,12,0,0,1,0,0,1,0,0,1,0,0,1,0,0,8,0,0,8,0,0
2.01444E+12,-1.178358,50.874949,1,2,2,6,3.0,3,6,50,0,0,0,0,0,6,1,1,0,0,2,9,21,0,16,17,0,10,10,0,9,9,0,6,6,0,13,13,0,9,1,0,12,4,0,1,1,0,1,1,0,6,1,0,1,1,0,4,8,0,8,2,0
2.01444E+12,-1.155183,50.859649,1,1,1,1,19.42,1,7,70,0,0,0,0,0,1,1,1,0,0,2,5,0,0,16,0,0,10,0,0,9,0,0,1,0,0,13,0,0,8,0,0,7,0,0,3,0,0,1,0,0,6,0,0,1,0,0,4,0,0,3,0,0
2.01444E+12,-1.490728,50.91324,1,1,1,5,11.0,3,3,50,0,0,0,0,4,1,1,1,0,0,1,11,0,0,18,0,0,10,0,0,9,0,0,1,0,0,13,0,0,9,0,0,12,0,0,1,0,0,1,0,0,1,0,0,2,0,0,7,0,0,11,0,0
2.01444E+12,-0.956725,50.873304,1,3,1,1,16.5,4,6,40,0,0,0,0,0,1,1,1,0,0,2,5,9,9,16,2,17,10,10,10,9,9,9,6,6,6,13,13,13,9,9,9,12,12,12,1,2,1,1,1,1,6,6,6,1,1,2,5,7,6,4,18,4
2.01444E+12,-1.245826,51.045734,1,2,1,3,8.26,3,6,60,0,0,0,0,0,1,1,1,0,0,2,9,21,0,17,16,0,10,10,0,9,9,0,1,1,0,13,13,0,1,9,0,12,12,0,1,1,0,1,1,0,2,1,0,2,1,0,5,7,0,12,1,0
2.01444E+12,-0.988862,51.166209,1,1,1,3,19.50,4,6,60,0,0,0,0,0,6,1,2,0,0,2,9,0,0,17,0,0,10,0,0,9,0,0,1,0,0,13,0,0,1,0,0,4,0,0,4,0,0,1,0,0,6,0,0,1,0,0,7,0,0,3,0,0
2.01444E+12,-1.474977,51.240349,1,1,1,2,17.20,3,6,30,0,0,0,0,4,4,1,1,0,0,2,9,0,0,18,0,0,10,0,0,9,0,0,6,0,0,13,0,0,9,0,0,12,0,0,1,0,0,1,0,0,1,0,0,1,0,0,10,0,0,7,0,0
2.01444E+12,-1.298113,51.052957,1,3,2,2,18.45,1,3,70,0,0,0,0,0,4,1,1,0,0,2,9,9,9,18,18,18,10,10,10,9,9,9,1,6,6,13,13,13,5,9,9,6,12,12,1,1,1,1,1,1,6,2,2,1,1,1,7,7,8,16,7,8
2.01444E+12,-0.809425,51.309155,1,1,1,2,19.50,3,6,50,0,0,0,0,0,6,1,2,0,0,2,9,0,0,17,0,0,10,0,0,9,0,0,6,0,0,13,0,0,9,0,0,12,0,0,1,0,0,1,0,0,6,0,0,1,0,0,10,0,0,2,0,0
2.01444E+12,-0.909349,51.311145,1,1,1,1,6.19,4,6,60,0,0,0,0,0,6,7,2,0,0,2,9,0,0,18,0,0,10,0,0,9,0,0,5,0,0,13,0,0,1,0,0,4,0,0,3,0,0,1,0,0,6,0,0,2,0,0,5,0,0,13,0,0
2.01444E+12,-1.573663,50.867593,1,1,4,7,0.1,3,2,30,0,0,0,0,0,6,1,1,0,0,2,9,0,0,18,0,0,10,0,0,9,0,0,2,0,0,13,0,0,1,0,0,11,0,0,4,0,0,1,0,0,6,0,0,1,0,0,5,0,0,10,0,0
2.01444E+12,-1.382458,51.141208,1,2,4,2,6.20,3,6,60,3,4,4,0,0,6,1,2,0,0,2,9,9,0,9,18,0,10,10,0,8,8,0,6,6,0,13,13,0,3,7,0,11,12,0,3,1,0,1,1,0,6,6,0,2,1,0,7,7,0,2,3,0
2.01445E+12,-0.487414,51.350455,1,2,4,4,1.42,1,3,70,0,0,0,0,0,4,1,2,0,0,1,9,21,0,18,18,0,10,10,0,9,9,0,1,6,0,7,13,0,9,9,0,12,12,0,3,1,0,1,1,0,6,1,0,1,1,0,6,9,0,11,2,0
2.01445E+12,-0.042624,51.324235,1,2,1,1,8.7,5,6,40,9,4,6,0,0,1,9,4,0,0,2,9,3,0,18,18,0,10,10,0,8,8,0,1,1,0,13,13,0,9,9,0,12,12,0,1,4,0,1,1,0,6,6,0,2,1,0,8,8,0,11,1,0
2.01445E+12,-0.538185,51.265383,1,1,1,4,16.4,3,6,60,0,0,0,0,0,7,1,2,0,0,2,5,0,0,18,0,0,10,0,0,9,0,0,2,0,0,13,0,0,7,0,0,4,0,0,3,0,0,1,0,0,2,0,0,1,0,0,9,0,0,2,0,0
2.01445E+12,-0.434211,51.421121,1,1,2,4,20.12,3,3,50,9,4,6,0,0,4,1,1,0,0,1,9,0,0,18,0,0,10,0,0,8,0,0,6,0,0,13,0,0,9,0,0,12,0,0,1,0,0,1,0,0,6,0,0,1,0,0,7,0,0,11,0,0
2.01445E+12,-0.540253,51.348905,1,2,3,4,12.10,3,6,50,0,0,0,0,0,1,2,2,0,0,2,9,19,0,16,18,0,10,10,0,9,9,0,1,1,0,13,13,0,7,9,0,12,12,0,4,1,0,1,1,0,6,1,0,1,1,0,5,9,0,9,1,0
2.01445E+12,-0.429013,51.299535,1,1,1,7,1.4,5,6,40,0,0,0,0,0,6,2,2,0,0,2,9,0,0,18,0,0,10,0,0,9,0,0,6,0,0,13,0,0,8,0,0,4,0,0,1,0,0,1,0,0,6,0,0,1,0,0,7,0,0,9,0,0
2.01445E+12,0.01954,51.269993,1,2,3,6,13.40,4,6,60,0,0,0,0,0,1,1,2,0,0,2,9,9,0,16,17,0,10,10,0,9,9,0,1,6,0,13,13,0,9,9,0,12,12,0,3,1,0,1,1,0,6,6,0,2,2,0,4,10,0,11,14,0
2.01445E+12,-0.193329,51.237303,1,3,2,2,15.45,3,6,30,3,4,6,0,4,1,1,1,0,0,1,4,9,9,18,9,10,10,10,10,1,6,1,1,6,6,13,13,13,1,9,9,12,12,12,1,3,1,1,1,1,6,6,6,1,1,2,7,8,7,13,8,11