Accident_Index,Longitude,Latitude,SV,Number_of_Vehicles,Number_of_Casualties,Day_of_Week,Time,1st_Road_Class,Road_Type,Speed_limit,Junction_Detail,Junction_Control,2nd_Road_Class,Pedestrian_Crossing-Human_Control,Pedestrian_Crossing-Physical_Facilities,Light_Conditions,Weather_Conditions,Road_Surface_Conditions,Special_Conditions_at_Site,Carriageway_Hazards,Urban_or_Rural_Area,Vehicle1_Type,Vehicle2_Type,Vehicle3_Type,Vehicle1_Manoeuvre,Vehicle2_Manoeuvre,Vehicle3_Manoeuvre,Vehicle1_Location-Restricted_Lane,Vehicle2_Location-Restricted_Lane,Vehicle3_Location-Restricted_Lane,Junction1_Location,Junction2_Location,Junction3_Location,Skidding1_and_Overturning,Skidding2_and_Overturning,Skidding3_and_Overturning,Hit_Object_in_Carriageway1,Hit_Object_in_Carriageway2,Hit_Object_in_Carriageway3,Vehicle1_Leaving_Carriageway,Vehicle2_Leaving_Carriageway,Vehicle3_Leaving_Carriageway,Hit_Object_off_Carriageway1,Hit_Object_off_Carriageway2,Hit_Object_off_Carriageway3,1st_Point_of_Impact1,1st_Point_of_Impact2,1st_Point_of_Impact3,Was_Vehicle 1_Left_Hand_Drive?,Was_Vehicle2_Left_Hand_Drive?,Was_Vehicle 3_Left_Hand_Drive?,Journey_Purpose_of_Driver1,Journey_Purpose_of_Driver2,Journey_Purpose_of_Driver3,Sex_of_Driver1,Sex_of_Driver2,Sex_of_Driver3,Age_Band_of_Driver1,Age_Band_of_Driver2,Age_Band_of_Driver3,Age_of_Vehicle1,Age_of_Vehicle2,Age_of_Vehicle3
201450GC2H003,-4.954033,50.35651,1,1,1,1,14.21,3,6,60,0,0,0,0,0,1,1,1,0,0,2,5,0,0,16,0,0,10,0,0,9,0,0,6,0,0,13,0,0,8,0,0,4,0,0,1,0,0,1,0,0,6,0,0,1,0,0,9,0,0,11,0,0
201450GC2H019,-4.89777,50.410865,1,1,2,7,16.58,3,3,70,0,0,0,0,0,1,1,1,0,0,2,9,0,0,18,0,0,10,0,0,9,0,0,6,0,0,13,0,0,2,0,0,6,0,0,3,0,0,1,0,0,6,0,0,2,0,0,10,0,0,5,0,0
201450GE4Q003,-5.008438,50.157322,1,2,1,3,17.53,3,6,30,3,4,6,0,0,1,1,1,0,0,2,9,5,0,10,18,0,10,10,0,8,8,0,6,6,0,13,13,0,9,9,0,12,12,0,2,1,0,1,1,0,1,1,0,2,1,0,7,5,0,10,14,0
201450GR2D005,-5.094671,50.353029,1,1,1,2,20.34,3,6,60,0,0,0,0,0,6,1,1,0,0,2,9,0,0,18,0,0,10,0,0,9,0,0,1,0,0,13,0,0,8,0,0,11,0,0,1,0,0,1,0,0,6,0,0,1,0,0,6,0,0,15,0,0
201450JG2A005,-3.474996,50.568382,1,2,2,4,19.2,3,6,30,0,0,0,0,0,1,1,2,0,0,2,19,9,0,18,18,0,10,10,0,9,9,0,6,6,0,13,13,0,7,9,0,12,12,0,1,2,0,1,1,0,2,2,0,1,2,0,6,9,0,2,9,0
201450JK2I002,-3.837086,50.310829,1,1,1,7,16.53,3,1,30,1,4,6,0,0,1,1,1,0,0,2,3,0,0,4,0,0,10,0,0,4,0,0,1,0,0,13,0,0,7,0,0,1,0,0,1,0,0,1,0,0,6,0,0,1,0,0,4,0,0,13,0,0
201450JK2Q002,-3.652807,50.268112,1,1,1,6,0.2,3,6,30,0,0,0,0,0,7,1,1,0,0,2,9,0,0,18,0,0,10,0,0,9,0,0,2,0,0,13,0,0,7,0,0,8,0,0,1,0,0,1,0,0,6,0,0,1,0,0,7,0,0,18,0,0
201450JN2K004,-3.596427,50.564245,1,2,1,7,12.10,3,3,70,0,0,0,0,0,1,1,1,0,0,1,5,9,0,12,18,0,10,10,0,9,9,0,6,6,0,10,13,0,4,9,0,6,12,0,4,4,0,1,1,0,6,6,0,1,2,0,10,6,0,11,10,0
201450JS2H002,-3.754696,50.424035,1,1,1,6,13.47,5,6,60,0,0,0,0,0,1,5,2,0,0,2,9,0,0,17,0,0,10,0,0,9,0,0,1,0,0,13,0,0,7,0,0,4,0,0,4,0,0,1,0,0,2,0,0,1,0,0,8,0,0,11,0,0
201450JT2R016,-4.095729,50.475298,1,1,1,6,23.24,3,6,60,3,1,6,0,0,6,1,1,0,0,2,9,0,0,18,0,0,10,0,0,8,0,0,6,0,0,13,0,0,9,0,0,12,0,0,1,0,0,1,0,0,6,0,0,1,0,0,5,0,0,13,0,0
201450KA2B002,-3.01188,50.77839,1,2,2,4,7.45,4,6,60,0,0,0,0,0,1,1,1,0,0,2,9,9,0,18,18,0,10,10,0,9,9,0,6,6,0,13,13,0,1,1,0,12,12,0,1,1,0,1,1,0,1,6,0,2,2,0,7,9,0,11,17,0
201450KA2F012,-3.033088,50.779157,1,1,1,5,21.9,3,6,50,0,0,0,0,0,6,1,1,0,0,2,9,0,0,18,0,0,10,0,0,9,0,0,6,0,0,13,0,0,9,0,0,12,0,0,1,0,0,1,0,0,6,0,0,2,0,0,9,0,0,1,0,0
201450KH2H012,-3.166659,50.798402,1,2,1,1,15.46,3,6,60,3,4,6,0,0,1,1,1,0,0,2,5,21,0,18,9,0,10,10,0,1,5,0,1,6,0,13,13,0,7,9,0,12,12,0,1,3,0,1,1,0,6,1,0,1,1,0,8,10,0,6,4,0
201450KN3D003,-3.042794,50.735967,1,2,3,1,16.9,3,6,60,0,0,0,0,0,1,1,1,0,0,2,9,9,0,18,18,0,10,10,0,9,9,0,1,6,0,13,13,0,1,9,0,4,12,0,1,1,0,1,1,0,6,6,0,1,1,0,9,9,0,18,11,0
201450KU2I007,-3.342628,50.901145,1,1,1,3,22.41,4,2,60,0,0,0,0,0,6,1,1,0,0,2,3,0,0,16,0,0,10,0,0,9,0,0,5,0,0,13,0,0,7,0,0,4,0,0,1,0,0,1,0,0,6,0,0,1,0,0,4,0,0,5,0,0
2.01452E+12,-2.998308,51.250524,1,1,1,3,17.18,4,6,30,3,4,6,0,0,4,2,2,0,0,1,9,0,0,18,0,0,10,0,0,1,0,0,6,0,0,13,0,0,9,0,0,12,0,0,1,0,0,1,0,0,6,0,0,1,0,0,6,0,0,7,0,0
2.01452E+12,-2.978598,51.148807,1,2,2,4,10.20,1,3,70,0,0,0,0,0,1,1,1,0,0,2,9,9,0,12,18,0,10,10,0,9,9,0,6,6,0,13,13,0,9,9,0,12,12,0,1,2,0,1,1,0,6,6,0,1,1,0,6,11,0,3,12,0
2.01452E+12,-2.711739,51.043563,1,2,2,1,18.50,4,6,60,0,0,0,0,0,6,1,1,0,0,2,5,19,0,16,17,0,10,10,0,9,9,0,6,6,0,13,13,0,9,9,0,12,12,0,1,1,0,1,1,0,6,6,0,1,1,0,8,7,0,23,9,0
2.01452E+12,-3.090067,51.024001,1,1,1,1,3.0,3,6,40,0,0,0,0,0,4,1,1,0,0,2,8,0,0,18,0,0,10,0,0,9,0,0,6,0,0,13,0,0,9,0,0,12,0,0,1,0,0,1,0,0,6,0,0,1,0,0,9,0,0,6,0,0
2.01452E+12,-2.531211,51.215907,1,2,2,6,10.39,3,6,60,6,4,6,0,0,1,1,1,0,0,2,9,9,0,9,18,0,10,10,0,8,8,0,6,6,0,13,13,0,9,9,0,12,12,0,1,1,0,1,1,0,6,6,0,2,1,0,11,8,0,10,8,0
2.01452E+12,-2.663956,50.946977,1,1,1,1,8.59,6,6,30,0,0,0,0,0,1,2,2,0,0,1,9,0,0,18,0,0,10,0,0,9,0,0,6,0,0,13,0,0,1,0,0,10,0,0,1,0,0,1,0,0,6,0,0,1,0,0,5,0,0,7,0,0
2.01452E+12,-2.945846,51.237049,1,1,1,4,0.49,1,3,70,5,4,1,0,0,6,1,1,0,0,2,21,0,0,18,0,0,10,0,0,1,0,0,6,0,0,13,0,0,9,0,0,12,0,0,4,0,0,1,0,0,6,0,0,2,0,0,8,0,0,2,0,0
2.01452E+12,-2.740045,51.02864,1,1,1,7,11.20,3,6,60,0,0,0,0,0,1,1,1,0,0,2,5,0,0,18,0,0,10,0,0,9,0,0,6,0,0,13,0,0,1,0,0,4,0,0,1,0,0,1,0,0,6,0,0,1,0,0,8,0,0,5,0,0
2.01452E+12,-3.150106,51.026663,1,1,2,6,13.20,4,6,30,3,4,6,0,0,1,1,1,0,0,1,9,0,0,17,0,0,10,0,0,1,0,0,6,0,0,13,0,0,1,0,0,11,0,0,1,0,0,1,0,0,6,0,0,2,0,0,11,0,0,5,0,0
2.01452E+12,-2.542261,51.292371,1,1,5,6,20.6,3,6,60,0,0,0,0,0,1,1,2,0,0,2,9,0,0,17,0,0,10,0,0,9,0,0,6,0,0,13,0,0,2,0,0,4,0,0,1,0,0,1,0,0,6,0,0,2,0,0,4,0,0,13,0,0
2.01452E+12,-2.868133,50.885188,1,2,2,1,10.10,3,6,60,0,0,0,0,0,1,1,1,0,0,2,9,5,0,6,18,0,10,10,0,9,9,0,6,6,0,13,13,0,9,9,0,12,12,0,3,1,0,1,1,0,6,6,0,1,1,0,6,8,0,9,16,0
2.01452E+12,-2.975587,51.181636,1,2,3,4,2.8,1,3,70,0,0,0,0,0,6,1,1,0,0,2,9,21,0,18,18,0,10,10,0,9,9,0,6,6,0,13,13,0,4,9,0,6,12,0,1,2,0,1,1,0,6,1,0,1,1,0,6,8,0,10,3,0
2.01452E+12,-2.504761,51.26389,1,2,4,4,13.7,6,6,60,0,0,0,0,0,1,1,1,0,0,2,11,9,0,18,18,0,10,10,0,9,9,0,6,6,0,13,13,0,9,9,0,12,12,0,1,1,0,1,1,0,6,6,0,1,1,0,7,11,0,16,10,0
2.01452E+12,-2.676986,50.940445,1,2,2,6,0.6,3,6,60,0,0,0,0,0,7,1,1,0,0,2,9,9,0,18,18,0,10,10,0,9,9,0,6,6,0,13,13,0,9,9,0,12,12,0,1,1,0,1,1,0,6,6,0,1,1,0,4,5,0,9,5,0
2.01452E+12,-2.441308,51.217234,1,2,2,6,4.30,6,6,60,6,4,6,0,0,6,1,1,0,0,2,4,9,0,18,18,0,10,10,0,8,8,0,6,6,0,13,13,0,9,9,0,12,12,0,1,1,0,1,1,0,6,6,0,1,1,0,8,9,0,14,8,0
2.01452E+12,-2.79366,50.975852,1,1,2,1,1.10,6,6,60,3,4,6,0,0,6,1,2,0,0,2,9,0,0,9,0,0,10,0,0,8,0,0,6,0,0,13,0,0,3,0,0,12,0,0,1,0,0,1,0,0,6,0,0,1,0,0,5,0,0,12,0,0
2.01452E+12,-3.537697,51.1404,1,2,2,4,14.44,3,6,30,0,0,0,0,0,1,2,2,0,0,2,4,5,0,16,16,0,10,10,0,9,9,0,6,6,0,13,13,0,7,9,0,10,12,0,1,1,0,1,1,0,6,6,0,1,1,0,9,11,0,59,5,0
2.01452E+12,-3.060912,51.150256,1,1,1,4,7.15,6,6,30,0,0,0,0,0,4,1,1,0,0,2,9,0,0,18,0,0,10,0,0,9,0,0,6,0,0,13,0,0,9,0,0,12,0,0,1,0,0,1,0,0,6,0,0,2,0,0,8,0,0,1,0,0
2.01452E+12,-2.444027,51.193179,1,1,1,2,7.50,3,7,60,0,0,0,0,0,6,1,4,0,0,2,9,0,0,18,0,0,10,0,0,9,0,0,5,0,0,13,0,0,9,0,0,4,0,0,1,0,0,1,0,0,6,0,0,1,0,0,7,0,0,12,0,0
2.01452E+12,-3.188358,50.986208,1,1,1,3,17.32,3,6,50,0,0,0,0,0,6,1,2,0,0,2,9,0,0,18,0,0,10,0,0,9,0,0,6,0,0,13,0,0,9,0,0,12,0,0,1,0,0,1,0,0,6,0,0,2,0,0,11,0,0,3,0,0
2.01452E+12,-2.773713,51.144191,1,1,1,7,21.10,6,6,60,0,0,0,0,0,6,1,1,0,0,2,9,0,0,16,0,0,10,0,0,9,0,0,5,0,0,13,0,0,7,0,0,8,0,0,1,0,0,1,0,0,6,0,0,1,0,0,6,0,0,12,0,0
2.01452E+12,-2.572555,51.450521,1,1,1,4,16.20,6,6,30,0,0,0,0,0,1,1,1,0,0,1,20,0,0,5,0,0,10,0,0,9,0,0,6,0,0,13,0,0,9,0,0,12,0,0,2,0,0,1,0,0,1,0,0,1,0,0,9,0,0,6,0,0
2.01452E+12,-2.625284,51.423141,1,2,1,5,7.50,3,6,40,3,4,6,0,0,1,8,2,0,0,1,5,9,0,18,9,0,10,10,0,8,5,0,6,6,0,13,13,0,9,9,0,12,12,0,1,4,0,1,1,0,6,6,0,1,1,0,5,9,0,12,3,0
2.01452E+12,-2.502163,51.503805,1,1,1,7,1.47,3,3,50,0,0,0,0,0,5,1,1,0,0,2,21,0,0,18,0,0,10,0,0,9,0,0,6,0,0,13,0,0,9,0,0,12,0,0,1,0,0,1,0,0,6,0,0,1,0,0,6,0,0,3,0,0
2.01452E+12,-2.456476,51.401359,1,2,1,5,18.24,3,6,30,0,0,0,0,0,1,1,1,0,0,2,9,9,0,18,18,0,10,10,0,9,9,0,6,6,0,13,13,0,9,9,0,12,12,0,1,1,0,1,1,0,6,6,0,1,1,0,9,7,0,3,13,0
2.01452E+12,-2.585417,51.46265,1,1,1,7,21.30,6,6,20,0,0,0,0,0,4,1,1,0,0,1,9,0,0,18,0,0,10,0,0,9,0,0,6,0,0,13,0,0,9,0,0,12,0,0,1,0,0,1,0,0,6,0,0,2,0,0,8,0,0,9,0,0
2.01452E+12,-2.615845,51.434611,1,2,1,6,16.35,3,3,30,3,4,6,0,0,1,9,2,0,0,1,5,9,0,13,3,0,10,10,0,1,1,0,6,6,0,13,13,0,4,9,0,4,12,0,1,2,0,1,1,0,6,6,0,1,2,0,7,6,0,16,6,0
2.01452E+12,-2.490034,51.506733,1,2,1,6,16.40,3,6,40,3,4,6,0,0,1,1,1,0,0,2,9,5,0,9,18,0,10,10,0,8,8,0,6,6,0,13,13,0,9,9,0,12,12,0,3,1,0,1,1,0,6,6,0,1,1,0,5,6,0,2,3,0
2.01452E+12,-2.669936,51.41883,1,1,1,5,22.36,3,3,60,0,0,0,0,0,6,1,2,0,0,2,9,0,0,18,0,0,10,0,0,9,0,0,6,0,0,13,0,0,1,0,0,4,0,0,4,0,0,1,0,0,6,0,0,1,0,0,8,0,0,14,0,0
2.01452E+12,-2.393045,51.534721,1,2,2,3,11.15,3,3,40,3,4,6,0,0,1,1,1,0,0,1,9,21,0,9,18,0,10,10,0,6,8,0,6,1,0,13,13,0,9,9,0,12,12,0,3,1,0,1,1,0,6,6,0,1,1,0,11,6,0,12,3,0
2.01453E+12,-1.735621,51.813644,1,2,2,3,6.50,3,6,60,0,0,0,0,0,6,1,4,0,0,2,9,9,0,18,18,0,10,10,0,9,9,0,6,6,0,13,13,0,9,1,0,12,11,0,1,1,0,1,1,0,6,6,0,2,1,0,9,8,0,13,2,0
2.01453E+12,-2.103577,51.841058,1,1,1,6,21.42,3,6,60,0,0,0,0,0,4,1,2,0,0,2,9,0,0,5,0,0,10,0,0,9,0,0,6,0,0,13,0,0,9,0,0,12,0,0,1,0,0,1,0,0,6,0,0,1,0,0,9,0,0,1,0,0
2.01453E+12,-2.19869,51.919221,1,2,2,2,18.15,3,6,50,0,0,0,0,0,1,1,1,0,0,2,9,11,0,18,18,0,10,10,0,9,9,0,6,6,0,13,13,0,9,9,0,12,12,0,1,1,0,1,1,0,6,1,0,1,1,0,11,6,0,14,8,0
2.01453E+12,-2.488916,51.749168,1,1,1,7,10.45,3,6,60,0,0,0,0,0,1,1,2,0,0,2,9,0,0,17,0,0,10,0,0,9,0,0,1,0,0,13,0,0,7,0,0,4,0,0,1,0,0,1,0,0,6,0,0,1,0,0,6,0,0,10,0,0
2.01453E+12,-2.243862,51.654884,1,2,3,4,5.49,3,6,60,0,0,0,0,0,6,1,1,0,0,2,9,19,0,18,18,0,10,10,0,9,9,0,6,6,0,10,13,0,9,9,0,12,12,0,4,1,0,1,1,0,6,2,0,1,1,0,5,8,0,10,7,0
2.01453E+12,-2.031647,51.685101,1,4,3,6,12.50,3,6,60,6,4,5,0,0,1,1,1,0,0,2,9,9,9,18,10,18,10,10,10,1,8,1,6,6,6,13,13,13,9,9,1,12,12,12,1,2,1,1,1,1,6,1,6,2,1,1,11,9,11,16,1,6
2.01453E+12,-1.803647,51.855451,1,1,1,2,23.35,3,6,60,0,0,0,0,0,4,1,2,0,0,2,19,0,0,16,0,0,10,0,0,9,0,0,6,0,0,13,0,0,8,0,0,10,0,0,3,0,0,1,0,0,2,0,0,1,0,0,7,0,0,2,0,0
2.01453E+12,-1.723312,51.810037,1,3,1,4,10.45,3,6,60,3,4,5,0,0,1,1,1,0,0,2,5,19,9,18,9,18,10,10,10,1,1,1,6,6,6,13,13,13,9,9,9,12,12,12,1,2,1,1,1,1,6,1,2,1,1,1,5,9,5,10,18,14
2.01453E+12,-2.098031,51.840739,1,3,3,1,17.20,3,6,60,0,0,0,0,0,1,2,2,0,0,2,9,9,9,13,18,18,10,10,10,9,9,9,6,6,6,13,13,13,9,9,9,12,12,12,1,1,3,1,1,1,6,6,6,1,1,2,8,10,6,3,1,7
2.01453E+12,-2.162589,52.032634,1,1,2,4,2.45,3,6,50,0,0,0,0,0,4,1,2,0,0,2,9,0,0,16,0,0,10,0,0,9,0,0,6,0,0,13,0,0,1,0,0,3,0,0,1,0,0,1,0,0,6,0,0,1,0,0,5,0,0,18,0,0
2.01453E+12,-2.20029,51.945634,1,1,1,2,13.50,4,6,50,0,0,0,0,0,1,1,1,0,0,2,5,0,0,17,0,0,10,0,0,9,0,0,6,0,0,13,0,0,1,0,0,10,0,0,1,0,0,1,0,0,6,0,0,1,0,0,7,0,0,6,0,0
2.01453E+12,-2.565637,51.828343,1,1,2,4,19.33,3,6,60,0,0,0,0,0,1,1,1,0,0,2,9,0,0,18,0,0,10,0,0,9,0,0,6,0,0,13,0,0,1,0,0,4,0,0,1,0,0,1,0,0,6,0,0,1,0,0,4,0,0,12,0,0
2.01453E+12,-2.526042,51.838839,1,1,1,5,4.46,3,6,60,0,0,0,0,0,1,1,1,0,0,2,5,0,0,17,0,0,10,0,0,9,0,0,2,0,0,13,0,0,1,0,0,12,0,0,1,0,0,1,0,0,6,0,0,1,0,0,8,0,0,13,0,0
2.01453E+12,-2.648484,51.654588,1,1,2,1,17.17,3,6,60,0,0,0,0,0,1,2,2,0,0,2,5,0,0,17,0,0,10,0,0,9,0,0,2,0,0,13,0,0,2,0,0,1,0,0,1,0,0,1,0,0,6,0,0,1,0,0,9,0,0,3,0,0
2.01453E+12,-2.147279,51.920465,1,2,1,1,18.45,1,3,70,0,0,0,0,0,1,1,1,0,0,2,5,9,0,18,18,0,10,10,0,9,9,0,6,6,0,13,13,0,9,9,0,12,12,0,1,2,0,1,1,0,6,6,0,1,2,0,9,6,0,4,9,0
2.01453E+12,-2.375628,51.693838,1,2,1,6,18.0,4,6,30,0,0,0,0,0,1,1,1,0,0,1,9,20,0,18,2,0,10,10,0,9,9,0,6,6,0,13,13,0,9,9,0,12,12,0,1,2,0,1,1,0,6,6,0,1,1,0,10,10,0,12,71,0
2.01453E+12,-2.004208,51.699069,1,2,2,5,11.56,3,6,60,9,4,3,0,0,1,1,1,0,0,2,9,5,0,6,18,0,10,10,0,6,8,0,6,6,0,13,13,0,9,1,0,12,12,0,3,1,0,1,1,0,6,6,0,2,1,0,9,6,0,10,6,0
2.01453E+12,-2.488051,51.749576,1,1,2,7,11.11,3,6,60,0,0,0,0,0,1,1,2,0,0,2,19,0,0,18,0,0,10,0,0,9,0,0,1,0,0,13,0,0,1,0,0,4,0,0,1,0,0,1,0,0,6,0,0,1,0,0,10,0,0,12,0,0
2.01453E+12,-2.118792,51.996831,1,2,3,4,10.50,3,6,40,3,2,6,0,0,1,1,2,0,0,1,9,9,0,3,18,0,10,10,0,1,1,0,6,6,0,13,13,0,9,9,0,12,12,0,1,2,0,1,1,0,6,6,0,1,2,0,11,10,0,7,3,0
2.01453E+12,-1.79758,51.864711,1,1,1,3,18.40,3,6,60,0,0,0,0,0,1,1,1,0,0,2,9,0,0,18,0,0,10,0,0,9,0,0,6,0,0,13,0,0,1,0,0,4,0,0,1,0,0,1,0,0,6,0,0,2,0,0,8,0,0,4,0,0
2.01453E+12,-2.0727,51.902436,1,2,1,5,20.40,3,6,30,3,4,3,0,0,4,1,1,0,0,1,9,5,0,5,18,0,10,10,0,6,1,0,6,6,0,13,13,0,9,9,0,12,12,0,1,3,0,1,1,0,2,6,0,1,1,0,5,7,0,4,16,0
2.01453E+12,-2.129937,52.037916,1,3,2,5,18.47,1,3,70,0,0,0,0,0,6,5,2,0,0,2,19,21,9,18,2,18,10,10,10,9,9,9,6,6,6,13,13,13,9,9,9,12,12,12,1,2,1,1,1,1,1,1,1,1,1,1,6,6,8,4,5,11
2.01453E+12,-2.530866,51.838053,1,2,4,1,10.48,3,6,60,0,0,0,0,0,1,1,1,0,0,2,5,9,0,16,17,0,10,10,0,9,9,0,6,6,0,13,13,0,9,9,0,12,12,0,1,1,0,1,1,0,6,6,0,1,1,0,6,8,0,12,13,0
2.01453E+12,-1.830852,51.934219,1,2,1,5,13.10,5,6,60,0,0,0,0,0,1,1,1,0,0,2,19,21,0,18,18,0,10,10,0,9,9,0,6,6,0,13,13,0,9,9,0,12,12,0,1,1,0,1,1,0,6,1,0,1,1,0,11,6,0,9,3,0
2.01453E+12,-2.038167,51.783329,1,2,1,6,5.45,3,3,70,3,4,6,0,0,6,1,2,0,0,2,21,19,0,7,18,0,10,10,0,2,2,0,6,6,0,13,13,0,9,9,0,12,12,0,2,1,0,1,1,0,1,1,0,1,1,0,8,10,0,1,3,0
2.01454E+12,-2.010799,51.424107,1,2,2,5,9.41,3,6,50,0,0,0,0,0,1,7,2,7,0,2,9,21,0,16,18,0,10,10,0,9,9,0,6,1,0,13,13,0,9,9,0,12,12,0,1,1,0,1,1,0,6,1,0,2,1,0,7,8,0,13,6,0
2.01454E+12,-1.800725,51.583054,1,1,1,3,17.48,5,6,20,6,4,6,0,0,1,1,1,0,0,1,11,0,0,18,0,0,10,0,0,2,0,0,1,0,0,13,0,0,9,0,0,12,0,0,1,0,0,1,0,0,1,0,0,1,0,0,9,0,0,8,0,0
2.01454E+12,-1.714872,51.485012,1,2,1,5,15.30,3,6,60,0,0,0,0,0,1,1,1,0,0,2,9,21,0,18,18,0,10,10,0,9,9,0,5,6,0,13,13,0,1,1,0,9,1,0,1,1,0,1,1,0,6,1,0,1,1,0,10,8,0,2,2,0
2.01454E+12,-1.8065,51.599563,1,2,4,1,6.28,4,3,40,3,2,6,0,5,1,1,1,0,0,1,9,9,0,18,9,0,10,10,0,8,5,0,6,6,0,7,13,0,9,9,0,12,12,0,1,4,0,1,1,0,6,6,0,1,1,0,5,9,0,7,10,0
2.01455E+12,-2.125129,51.514677,1,2,4,2,4.32,1,3,70,0,0,0,0,0,1,1,1,0,0,2,19,21,0,18,2,0,6,6,0,9,9,0,6,6,0,4,13,0,5,9,0,6,12,0,1,2,0,1,1,0,1,1,0,1,1,0,7,5,0,1,10,0
2.01455E+12,-1.962339,51.657019,1,2,1,4,8.18,6,6,60,8,4,6,0,0,1,1,1,0,0,2,9,9,0,9,18,0,10,10,0,5,8,0,6,6,0,13,13,0,9,9,0,12,12,0,1,1,0,1,1,0,2,2,0,1,1,0,9,6,0,2,4,0
2.01455E+12,-2.011112,51.352478,1,2,1,5,7.40,3,6,30,3,4,6,0,0,1,1,1,0,0,1,5,11,0,17,18,0,10,10,0,8,8,0,6,6,0,13,13,0,9,9,0,12,12,0,1,1,0,1,1,0,2,1,0,1,1,0,5,8,0,5,8,0
2.01455E+12,-1.805571,51.668346,1,1,3,7,12.59,5,6,60,0,0,0,0,0,1,1,1,0,0,2,9,0,0,16,0,0,10,0,0,9,0,0,1,0,0,13,0,0,7,0,0,4,0,0,1,0,0,1,0,0,6,0,0,2,0,0,6,0,0,19,0,0
2.01455E+12,-2.151972,51.326978,1,1,3,1,5.48,3,6,60,0,0,0,0,0,1,1,1,0,0,2,9,0,0,17,0,0,10,0,0,9,0,0,1,0,0,13,0,0,1,0,0,4,0,0,1,0,0,1,0,0,6,0,0,1,0,0,5,0,0,13,0,0
2.01455E+12,-2.260868,51.094897,1,2,1,1,12.58,3,3,70,0,0,0,0,0,1,1,1,0,0,2,9,21,0,2,18,0,10,10,0,9,9,0,6,6,0,13,13,0,9,9,0,12,12,0,2,1,0,1,1,0,6,1,0,2,1,0,8,8,0,13,4,0
2.01455E+12,-1.827145,51.176566,1,1,1,6,20.41,3,6,60,0,0,0,0,0,6,2,2,0,0,2,9,0,0,18,0,0,10,0,0,9,0,0,6,0,0,13,0,0,9,0,0,12,0,0,1,0,0,1,0,0,6,0,0,1,0,0,6,0,0,20,0,0
2.01455E+12,-1.828044,51.077077,1,3,2,1,13.22,3,6,50,0,0,0,0,0,1,1,1,0,0,1,9,5,19,13,18,18,10,10,10,9,9,9,6,6,6,13,13,13,1,1,9,11,4,12,1,1,5,1,1,1,6,6,6,1,1,1,7,9,8,15,4,14
2.01455E+12,-2.18017,51.325823,1,1,1,7,2.23,3,6,40,0,0,0,0,0,5,1,1,0,0,1,9,0,0,18,0,0,10,0,0,9,0,0,6,0,0,13,0,0,9,0,0,12,0,0,1,0,0,1,0,0,6,0,0,1,0,0,5,0,0,4,0,0
2.01455E+12,-1.806864,51.072692,1,1,1,4,19.20,3,6,30,0,0,0,0,0,4,1,1,0,0,1,9,0,0,18,0,0,10,0,0,9,0,0,6,0,0,13,0,0,9,0,0,12,0,0,1,0,0,1,0,0,6,0,0,1,0,0,4,0,0,15,0,0
201454A255814,-2.103382,51.406105,1,2,3,7,14.53,5,6,60,0,0,0,0,0,1,1,1,0,0,2,9,19,0,16,18,0,10,10,0,9,9,0,1,1,0,13,13,0,7,9,0,12,12,0,4,1,0,1,1,0,6,6,0,1,1,0,5,5,0,13,8,0
201454A400114,-1.903705,51.540959,1,1,1,4,17.25,5,6,30,0,0,0,0,0,4,1,1,0,0,1,9,0,0,18,0,0,10,0,0,9,0,0,6,0,0,13,0,0,9,0,0,12,0,0,1,0,0,1,0,0,6,0,0,1,0,0,4,0,0,9,0,0
201454A504714,-1.684308,51.404008,1,1,5,1,5.41,6,6,60,0,0,0,0,0,6,1,2,0,0,2,9,0,0,18,0,0,10,0,0,9,0,0,1,0,0,13,0,0,1,0,0,4,0,0,3,0,0,1,0,0,6,0,0,1,0,0,5,0,0,9,0,0
201454A552614,-1.846776,51.110554,1,3,2,2,19.17,3,6,60,0,0,0,0,0,6,1,1,0,0,2,9,9,19,18,18,18,10,10,10,9,9,9,5,6,6,13,13,13,9,1,9,12,12,12,1,1,1,1,1,1,6,6,1,1,1,1,5,6,6,15,2,1
201454A974414,-2.204599,51.274636,1,2,3,6,22.28,6,6,30,0,0,0,0,0,4,1,1,0,0,1,9,21,0,18,2,0,10,10,0,9,9,0,1,6,0,4,13,0,9,9,0,12,12,0,1,2,0,1,1,0,6,1,0,1,1,0,4,7,0,15,5,0
201454B059914,-1.912941,51.536498,1,2,2,2,19.28,3,6,30,0,0,0,0,0,4,1,2,0,0,2,9,9,0,18,18,0,10,10,0,9,9,0,1,1,0,6,13,0,9,9,0,12,12,0,1,1,0,1,1,0,6,6,0,1,1,0,10,8,0,19,2,0
2014554C07115,-1.93251,50.740305,1,1,1,4,19.45,6,6,30,3,4,6,0,4,4,1,2,0,0,1,9,0,0,18,0,0,10,0,0,2,0,0,6,0,0,13,0,0,9,0,0,12,0,0,1,0,0,1,0,0,6,0,0,2,0,0,10,0,0,16,0,0
2014554C28962,-1.875878,50.718855,1,1,1,4,11.28,5,2,30,0,0,0,0,4,1,1,1,0,0,1,9,0,0,18,0,0,10,0,0,9,0,0,1,0,0,13,0,0,9,0,0,12,0,0,5,0,0,1,0,0,6,0,0,1,0,0,4,0,0,13,0,0
2014554D11590,-1.810139,50.8265,1,1,1,7,8.30,5,6,40,3,4,6,0,0,1,1,2,0,0,2,9,0,0,18,0,0,10,0,0,2,0,0,1,0,0,13,0,0,7,0,0,4,0,0,1,0,0,1,0,0,2,0,0,1,0,0,4,0,0,14,0,0