Accident_Index,Longitude,Latitude,SV,Number_of_Vehicles,Number_of_Casualties,Day_of_Week,Time,1st_Road_Class,Road_Type,Speed_limit,Junction_Detail,Junction_Control,2nd_Road_Class,Pedestrian_Crossing-Human_Control,Pedestrian_Crossing-Physical_Facilities,Light_Conditions,Weather_Conditions,Road_Surface_Conditions,Special_Conditions_at_Site,Carriageway_Hazards,Urban_or_Rural_Area,Vehicle1_Type,Vehicle2_Type,Vehicle3_Type,Vehicle1_Manoeuvre,Vehicle2_Manoeuvre,Vehicle3_Manoeuvre,Vehicle1_Location-Restricted_Lane,Vehicle2_Location-Restricted_Lane,Vehicle3_Location-Restricted_Lane,Junction1_Location,Junction2_Location,Junction3_Location,Skidding1_and_Overturning,Skidding2_and_Overturning,Skidding3_and_Overturning,Hit_Object_in_Carriageway1,Hit_Object_in_Carriageway2,Hit_Object_in_Carriageway3,Vehicle1_Leaving_Carriageway,Vehicle2_Leaving_Carriageway,Vehicle3_Leaving_Carriageway,Hit_Object_off_Carriageway1,Hit_Object_off_Carriageway2,Hit_Object_off_Carriageway3,1st_Point_of_Impact1,1st_Point_of_Impact2,1st_Point_of_Impact3,Was_Vehicle 1_Left_Hand_Drive?,Was_Vehicle2_Left_Hand_Drive?,Was_Vehicle 3_Left_Hand_Drive?,Journey_Purpose_of_Driver1,Journey_Purpose_of_Driver2,Journey_Purpose_of_Driver3,Sex_of_Driver1,Sex_of_Driver2,Sex_of_Driver3,Age_Band_of_Driver1,Age_Band_of_Driver2,Age_Band_of_Driver3,Age_of_Vehicle1,Age_of_Vehicle2,Age_of_Vehicle3
2014554D11942,-2.174541,50.770859,1,4,5,2,17.54,3,6,60,0,0,0,0,0,6,5,2,0,0,2,9,21,9,13,18,18,10,10,10,9,9,9,6,6,6,13,13,13,1,9,1,9,12,10,1,5,1,1,1,1,6,1,2,1,1,1,6,8,7,8,2,14
2014554D24085,-2.109664,50.68083,1,1,1,2,0.25,4,6,30,0,0,0,0,0,6,1,1,0,0,2,9,0,0,18,0,0,10,0,0,9,0,0,6,0,0,13,0,0,9,0,0,12,0,0,1,0,0,1,0,0,6,0,0,2,0,0,4,0,0,17,0,0
2014554D25068,-2.03444,50.785193,1,1,1,1,0.32,3,6,60,3,4,4,0,0,6,1,1,0,0,2,5,0,0,17,0,0,10,0,0,1,0,0,6,0,0,13,0,0,1,0,0,1,0,0,1,0,0,1,0,0,6,0,0,1,0,0,6,0,0,10,0,0
2014554D26363,-2.247284,51.0111,1,1,2,2,23.22,3,6,60,0,0,0,0,0,6,1,1,0,0,2,9,0,0,16,0,0,10,0,0,9,0,0,1,0,0,13,0,0,8,0,0,4,0,0,4,0,0,1,0,0,6,0,0,1,0,0,4,0,0,14,0,0
2014554D27085,-2.29964,51.039753,1,1,1,7,16.39,4,6,30,3,4,6,0,0,1,1,2,0,0,2,9,0,0,18,0,0,10,0,0,1,0,0,6,0,0,13,0,0,2,0,0,10,0,0,1,0,0,1,0,0,6,0,0,2,0,0,11,0,0,11,0,0
2014554D30597,-2.465593,50.618619,1,2,2,7,17.8,3,6,50,0,0,0,0,8,1,1,1,0,0,1,5,9,0,18,18,0,10,10,0,9,9,0,1,6,0,7,13,0,7,9,0,10,12,0,1,1,0,1,1,0,6,6,0,1,2,0,5,8,0,16,7,0
2014554D42722,-2.581127,50.714056,1,2,4,2,8.13,3,6,60,0,0,0,0,0,1,1,2,0,0,2,9,9,0,16,17,0,10,10,0,9,9,0,6,6,0,13,13,0,9,9,0,12,12,0,1,1,0,1,1,0,2,1,0,1,1,0,5,8,0,12,9,0
2014554D44658,-2.757297,50.826086,1,1,1,1,10.25,3,6,60,0,0,0,0,0,1,1,1,0,0,2,5,0,0,18,0,0,10,0,0,9,0,0,1,0,0,13,0,0,9,0,0,12,0,0,1,0,0,1,0,0,6,0,0,1,0,0,9,0,0,20,0,0
2.01461E+12,-3.204659,51.797835,1,1,1,1,0.51,3,6,30,0,0,0,0,0,4,5,2,0,0,1,9,0,0,18,0,0,10,0,0,9,0,0,5,0,0,10,0,0,1,0,0,4,0,0,3,0,0,1,0,0,6,0,0,1,0,0,5,0,0,8,0,0
2.01461E+12,-2.89578,51.922535,1,1,1,2,6.52,3,6,60,0,0,0,0,0,6,2,4,0,0,2,9,0,0,18,0,0,10,0,0,9,0,0,1,0,0,13,0,0,1,0,0,4,0,0,3,0,0,1,0,0,2,0,0,2,0,0,6,0,0,6,0,0
2.01461E+12,-3.060373,51.758583,1,2,2,6,16.18,3,6,40,0,0,0,0,0,1,1,1,0,0,2,9,9,0,18,18,0,10,10,0,9,9,0,6,6,0,13,13,0,9,7,0,12,11,0,1,1,0,1,1,0,6,6,0,1,1,0,5,8,0,2,15,0
2.01461E+12,-2.727373,51.778469,1,1,1,6,4.19,4,6,60,0,0,0,0,0,1,1,1,0,0,2,9,0,0,18,0,0,10,0,0,9,0,0,2,0,0,13,0,0,7,0,0,3,0,0,3,0,0,1,0,0,6,0,0,1,0,0,7,0,0,42,0,0
2.01461E+12,-3.022993,51.643785,1,1,2,4,19.43,3,1,30,1,4,6,0,0,1,1,1,0,0,1,5,0,0,18,0,0,10,0,0,8,0,0,6,0,0,13,0,0,7,0,0,4,0,0,1,0,0,1,0,0,6,0,0,1,0,0,7,0,0,14,0,0
2.01461E+12,-2.673671,51.702649,1,2,6,1,11.28,3,6,60,0,0,0,0,0,1,1,1,0,0,2,9,9,0,18,18,0,10,10,0,9,9,0,1,6,0,13,13,0,9,9,0,12,12,0,1,1,0,1,1,0,6,6,0,1,1,0,7,9,0,29,7,0
2.01461E+12,-3.048408,51.819347,1,2,2,7,0.22,3,3,70,0,0,0,0,0,6,1,1,0,0,2,4,9,0,18,18,0,10,10,0,9,9,0,1,1,0,13,13,0,9,9,0,12,12,0,2,1,0,1,1,0,2,6,0,1,1,0,8,7,0,11,10,0
2.01461E+12,-3.034396,51.825855,1,1,1,3,16.29,3,6,30,0,0,0,0,0,1,1,1,0,0,1,9,0,0,18,0,0,9,0,0,9,0,0,6,0,0,13,0,0,1,0,0,10,0,0,1,0,0,1,0,0,6,0,0,1,0,0,11,0,0,7,0,0
2.01461E+12,-3.189639,51.807915,1,2,2,6,23.10,3,6,40,0,0,0,0,0,5,5,2,4,0,2,9,9,0,12,18,0,10,10,0,9,9,0,6,6,0,7,13,0,9,9,0,12,12,0,1,1,0,1,1,0,6,6,0,1,1,0,6,6,0,7,12,0
2.01462E+12,-3.905842,51.675758,1,1,3,2,17.52,6,6,20,0,0,0,0,0,1,1,1,0,0,2,9,0,0,16,0,0,10,0,0,9,0,0,1,0,0,13,0,0,7,0,0,4,0,0,3,0,0,1,0,0,6,0,0,1,0,0,8,0,0,15,0,0
2.01462E+12,-3.094044,51.535754,1,2,2,7,6.36,3,3,50,3,4,6,0,0,5,1,2,0,0,2,9,9,0,16,17,0,10,10,0,8,8,0,1,6,0,13,13,0,1,1,0,12,12,0,1,1,0,1,1,0,1,2,0,2,1,0,5,8,0,8,10,0
2.01462E+12,-3.843778,51.643009,1,1,3,7,5.13,1,3,70,0,0,0,0,0,1,1,1,0,0,2,9,0,0,18,0,0,10,0,0,9,0,0,2,0,0,13,0,0,1,0,0,7,0,0,4,0,0,1,0,0,6,0,0,1,0,0,4,0,0,1,0,0
2.01462E+12,-3.408183,51.762052,1,1,1,3,4.57,3,6,60,5,4,6,0,0,4,8,2,0,0,1,9,0,0,18,0,0,10,0,0,1,0,0,6,0,0,13,0,0,9,0,0,12,0,0,1,0,0,1,0,0,2,0,0,1,0,0,6,0,0,5,0,0
2.01462E+12,-3.458634,51.58361,1,1,3,7,10.27,3,6,40,0,0,0,0,0,1,2,2,0,0,2,9,0,0,13,0,0,10,0,0,9,0,0,6,0,0,13,0,0,1,0,0,4,0,0,1,0,0,1,0,0,6,0,0,1,0,0,4,0,0,6,0,0
2.01462E+12,-3.801848,51.654648,1,2,1,1,21.9,6,6,30,0,0,0,0,0,1,1,1,0,0,1,9,3,0,18,16,0,10,10,0,9,9,0,6,1,0,13,13,0,9,9,0,12,12,0,1,1,0,1,1,0,6,6,0,1,1,0,9,5,0,2,3,0
2.01462E+12,-3.376452,51.73119,1,1,1,2,18.25,3,3,70,0,0,0,1,0,1,1,1,0,0,2,5,0,0,16,0,0,10,0,0,9,0,0,6,0,0,13,0,0,1,0,0,6,0,0,1,0,0,1,0,0,6,0,0,1,0,0,5,0,0,15,0,0
2.01462E+12,-3.264667,51.544929,1,1,1,1,10.15,3,3,70,0,0,0,0,0,1,1,1,0,0,1,9,0,0,16,0,0,10,0,0,9,0,0,2,0,0,13,0,0,1,0,0,2,0,0,1,0,0,1,0,0,6,0,0,2,0,0,7,0,0,10,0,0
2.01462E+12,-3.680719,51.51557,1,1,1,7,20.24,1,3,70,0,0,0,0,0,6,5,2,0,0,2,9,0,0,11,0,0,10,0,0,9,0,0,2,0,0,13,0,0,1,0,0,4,0,0,1,0,0,1,0,0,6,0,0,1,0,0,5,0,0,8,0,0
2.01462E+12,-3.960852,51.67549,1,1,1,5,3.59,1,3,70,5,4,6,0,0,6,1,1,0,0,2,21,0,0,18,0,0,10,0,0,5,0,0,6,0,0,13,0,0,9,0,0,12,0,0,1,0,0,1,0,0,1,0,0,1,0,0,9,0,0,1,0,0
2.01462E+12,-3.346402,51.596506,1,1,1,5,5.55,6,6,30,3,4,6,0,0,4,1,1,0,0,1,9,0,0,18,0,0,10,0,0,1,0,0,6,0,0,13,0,0,9,0,0,12,0,0,4,0,0,1,0,0,2,0,0,1,0,0,8,0,0,9,0,0
2.01462E+12,-3.783053,51.652435,1,2,1,5,13.46,4,6,30,0,0,0,0,0,1,1,1,0,0,1,9,11,0,16,17,0,10,10,0,9,9,0,6,6,0,13,13,0,9,9,0,12,12,0,1,1,0,1,1,0,6,1,0,1,1,0,11,7,0,8,8,0
2.01462E+12,-3.819615,51.628647,1,1,2,7,5.59,6,6,30,0,0,0,0,0,4,1,1,0,0,1,9,0,0,17,0,0,10,0,0,9,0,0,1,0,0,7,0,0,1,0,0,11,0,0,1,0,0,1,0,0,6,0,0,1,0,0,6,0,0,5,0,0
2.01462E+12,-3.898139,51.675559,1,1,2,6,8.36,6,6,60,0,0,0,0,0,1,1,2,0,0,2,9,0,0,18,0,0,10,0,0,9,0,0,1,0,0,13,0,0,2,0,0,4,0,0,1,0,0,1,0,0,1,0,0,1,0,0,5,0,0,10,0,0
2.01462E+12,-3.643137,51.648992,1,1,1,1,1.42,3,6,30,0,0,0,0,0,6,1,2,0,0,2,8,0,0,18,0,0,10,0,0,9,0,0,6,0,0,13,0,0,9,0,0,12,0,0,1,0,0,1,0,0,1,0,0,1,0,0,9,0,0,2,0,0
2.01462E+12,-3.218853,51.474844,1,2,1,2,23.15,3,3,70,0,0,0,0,0,4,1,2,0,0,2,5,5,0,16,16,0,10,10,0,9,9,0,6,6,0,10,13,0,9,9,0,6,12,0,1,5,0,1,1,0,6,6,0,1,1,0,5,5,0,16,13,0
2.01462E+12,-3.180345,51.425016,1,1,1,3,17.13,4,6,30,0,0,0,0,0,4,1,1,0,0,1,9,0,0,18,0,0,10,0,0,9,0,0,6,0,0,13,0,0,9,0,0,12,0,0,1,0,0,1,0,0,6,0,0,2,0,0,10,0,0,12,0,0
2.01462E+12,-3.093382,51.529754,1,2,2,2,8.5,6,3,30,0,0,0,0,0,1,1,1,0,0,1,9,11,0,18,18,0,10,10,0,9,9,0,6,6,0,13,13,0,6,9,0,2,12,0,1,3,0,1,1,0,6,3,0,1,1,0,7,7,0,7,10,0
201463AC02914,-3.847989,51.902137,1,1,1,5,15.53,6,6,60,0,0,0,0,0,6,2,2,0,0,2,9,0,0,18,0,0,10,0,0,9,0,0,6,0,0,6,0,0,9,0,0,12,0,0,1,0,0,1,0,0,6,0,0,1,0,0,11,0,0,8,0,0
201463AC03314,-4.630975,51.82005,1,2,1,7,9.21,3,6,60,3,4,6,0,0,1,1,1,0,0,2,9,3,0,18,10,0,10,10,0,1,1,0,6,6,0,13,13,0,9,9,0,12,12,0,1,2,0,1,1,0,6,6,0,2,1,0,7,9,0,8,1,0
201463AC06414,-3.993743,51.881323,1,2,3,1,11.35,3,6,30,3,4,6,0,0,1,1,1,4,0,2,9,9,0,18,3,0,10,10,0,8,2,0,6,6,0,4,13,0,9,9,0,12,12,0,1,4,0,1,1,0,6,6,0,2,1,0,11,5,0,13,6,0
201463AC09714,-4.054161,51.733975,1,3,2,7,10.10,4,6,60,0,0,0,0,0,1,1,1,0,0,2,19,5,5,6,16,16,10,10,10,9,9,9,6,1,1,13,13,13,9,7,9,12,12,12,3,1,1,1,1,1,6,6,6,2,1,1,8,8,8,10,3,6
201463AC13214,-4.136175,51.872888,1,2,3,7,22.0,3,6,60,0,0,0,0,0,6,1,1,0,0,2,9,9,0,18,18,0,10,10,0,9,9,0,2,6,0,13,13,0,1,9,0,12,12,0,1,1,0,1,1,0,6,6,0,2,2,0,5,10,0,10,4,0
201463AC33414,-3.992935,51.882776,1,1,1,7,10.35,3,6,30,0,0,0,0,1,1,1,2,0,0,2,9,0,0,18,0,0,10,0,0,9,0,0,6,0,0,13,0,0,9,0,0,12,0,0,5,0,0,1,0,0,6,0,0,1,0,0,11,0,0,13,0,0
201463AC33814,-4.257334,51.968465,1,2,5,4,8.20,3,6,40,0,0,0,0,0,1,2,2,0,0,2,9,9,0,17,18,0,10,10,0,9,9,0,1,6,0,13,13,0,1,9,0,10,12,0,4,1,0,1,1,0,4,2,0,1,1,0,4,8,0,16,14,0
201463BC02014,-3.94351,52.536141,1,4,3,7,17.40,3,6,60,8,4,6,0,0,1,1,1,0,0,2,5,9,9,18,17,18,10,10,10,1,1,1,6,6,6,13,13,13,1,9,9,12,12,12,1,1,1,1,1,1,6,6,6,1,1,2,8,9,9,5,8,5
201463BC02914,-4.177053,52.204047,1,2,2,7,19.0,3,6,60,0,0,0,0,0,1,1,2,0,0,2,9,9,0,17,16,0,10,10,0,9,9,0,6,1,0,13,13,0,9,9,0,12,12,0,1,1,0,1,1,0,6,6,0,2,1,0,5,6,0,9,16,0
201463BC05814,-4.048403,52.480242,1,3,2,7,19.38,4,6,60,3,4,6,0,0,1,1,1,0,0,2,5,8,8,13,9,18,10,10,10,1,5,1,1,6,6,13,13,13,7,9,9,12,12,12,1,3,5,1,1,1,6,6,6,1,1,1,7,7,7,30,7,11
201463CP06414,-4.995553,51.979869,1,2,2,3,8.0,3,6,60,0,0,0,0,0,1,1,1,0,0,2,9,9,0,18,18,0,10,10,0,9,9,0,6,6,0,13,13,0,9,1,0,12,12,0,1,1,0,1,1,0,2,6,0,2,1,0,6,9,0,7,7,0
201463CP07514,-4.691663,52.053762,1,2,1,6,13.36,3,6,60,3,4,4,0,0,1,1,1,0,0,2,5,21,0,16,8,0,10,10,0,2,1,0,6,6,0,13,13,0,7,9,0,12,12,0,1,1,0,1,1,0,6,1,0,1,1,0,5,6,0,2,16,0
201463CP08814,-5.029958,51.710245,1,1,1,2,0.15,6,6,30,3,4,6,0,0,4,1,1,0,0,1,5,0,0,17,0,0,10,0,0,8,0,0,1,0,0,13,0,0,1,0,0,10,0,0,4,0,0,1,0,0,6,0,0,1,0,0,6,0,0,16,0,0
201463CP09914,-4.738876,51.787816,1,1,1,6,22.55,3,6,40,3,4,6,0,0,6,2,2,0,0,2,9,0,0,17,0,0,10,0,0,8,0,0,6,0,0,13,0,0,9,0,0,12,0,0,1,0,0,1,0,0,6,0,0,1,0,0,9,0,0,12,0,0
201463CP10314,-4.92842,51.805729,1,2,4,7,15.50,3,6,60,3,4,6,0,0,1,4,1,0,0,2,9,9,0,18,18,0,10,10,0,1,1,0,1,1,0,13,13,0,9,9,0,12,12,0,4,1,0,1,1,0,6,6,0,1,2,0,11,10,0,14,10,0
201463DP18214,-3.161611,52.659228,1,5,1,1,16.24,3,6,60,0,0,0,0,0,1,1,1,0,0,2,9,5,9,18,18,18,10,10,10,9,9,9,6,6,6,13,13,13,9,9,9,12,12,12,5,5,2,1,1,1,2,2,6,1,1,2,6,7,5,13,4,15
201463DP21814,-3.747625,52.434088,1,3,6,3,15.4,3,6,60,0,0,0,0,0,1,1,1,0,0,2,9,21,19,16,17,16,10,10,10,9,9,9,6,1,6,13,13,13,9,9,9,12,12,12,1,1,1,1,1,1,6,1,1,1,1,1,8,9,7,1,6,10
201463DP25614,-3.667602,52.090513,1,2,3,7,16.0,3,6,60,0,0,0,0,0,1,1,1,0,0,2,9,9,0,18,18,0,10,10,0,9,9,0,6,6,0,13,13,0,1,1,0,10,9,0,1,1,0,1,1,0,6,6,0,1,2,0,11,8,0,16,10,0
201463DP33614,-3.471329,51.861232,1,3,1,1,14.10,3,6,60,0,0,0,0,0,1,1,1,0,0,2,5,5,9,16,16,17,10,10,10,9,9,9,1,1,6,13,13,13,9,9,9,12,12,12,1,2,5,1,1,1,6,6,6,1,1,1,5,8,9,16,8,4
201463DP34214,-3.154751,52.076872,1,2,1,3,17.18,3,6,60,0,0,0,0,0,6,1,2,0,0,2,9,21,0,11,18,0,10,10,0,9,9,0,6,6,0,13,13,0,9,9,0,12,12,0,1,1,0,1,1,0,6,1,0,1,1,0,10,7,0,6,17,0
201463DP39914,-3.126656,51.853169,1,2,2,1,16.15,3,6,60,0,0,0,0,0,1,1,2,0,0,2,9,9,0,17,16,0,10,10,0,9,9,0,6,6,0,13,13,0,9,1,0,12,10,0,1,1,0,1,1,0,6,6,0,1,2,0,5,8,0,15,10,0
201491NE02564,-4.265478,57.683611,1,2,2,5,20.51,3,6,60,3,4,6,0,0,1,1,2,0,0,2,9,5,0,7,18,0,10,10,0,6,8,0,6,6,0,13,13,0,9,9,0,12,12,0,3,1,0,1,1,0,6,6,0,1,1,0,7,8,0,2,1,0
201491NE13937,-4.380548,57.6238,1,2,2,6,21.25,3,6,60,0,0,0,0,0,6,5,2,0,0,2,9,9,0,16,18,0,10,10,0,9,9,0,6,6,0,13,13,0,9,1,0,12,9,0,1,1,0,1,1,0,2,6,0,1,2,0,5,8,0,8,4,0
201491NH03110,-6.244931,58.488339,1,1,1,7,0.51,3,6,40,3,4,4,0,0,5,7,1,0,0,2,9,0,0,18,0,0,10,0,0,1,0,0,1,0,0,13,0,0,3,0,0,11,0,0,1,0,0,1,0,0,6,0,0,1,0,0,5,0,0,13,0,0
201491NH03459,-7.207863,57.593806,1,1,1,7,20.5,3,6,60,0,0,0,0,0,1,1,1,0,0,2,9,0,0,17,0,0,10,0,0,9,0,0,2,0,0,13,0,0,1,0,0,12,0,0,3,0,0,1,0,0,6,0,0,1,0,0,9,0,0,8,0,0
201491NH04935,-7.378267,57.162609,1,1,4,1,20.38,4,6,40,0,0,0,0,0,7,2,2,0,0,2,9,0,0,16,0,0,10,0,0,9,0,0,1,0,0,13,0,0,7,0,0,12,0,0,4,0,0,1,0,0,6,0,0,1,0,0,4,0,0,13,0,0
201491NH05161,-7.330461,57.409047,1,1,1,5,20.39,3,6,60,0,0,0,0,0,6,1,1,0,0,2,9,0,0,16,0,0,10,0,0,9,0,0,6,0,0,13,0,0,9,0,0,12,0,0,1,0,0,1,0,0,6,0,0,1,0,0,8,0,0,14,0,0
201491NJ10602,-3.500227,58.18294,1,1,1,5,23.15,3,6,50,0,0,0,0,0,6,1,1,0,0,2,21,0,0,16,0,0,10,0,0,9,0,0,5,0,0,13,0,0,7,0,0,7,0,0,1,0,0,1,0,0,1,0,0,1,0,0,7,0,0,15,0,0
201491NK02152,-2.904493,58.881025,1,3,1,4,16.28,3,6,60,0,0,0,0,0,1,1,1,0,0,2,19,19,5,18,13,13,10,10,10,9,9,9,6,6,6,13,13,13,9,9,9,12,12,12,2,4,4,1,1,1,1,1,2,1,1,1,9,9,8,11,4,8
201491NK05563,-3.139037,59.006869,1,3,4,6,11.50,3,6,60,0,0,0,0,0,1,1,2,0,0,2,9,19,9,15,2,18,10,10,10,9,9,9,5,6,6,4,13,13,9,7,7,12,11,11,1,1,1,1,1,1,6,6,6,1,1,1,11,7,9,4,2,3
201491NL02786,-1.325224,60.104811,1,1,1,1,1.49,4,6,30,3,4,6,0,0,6,1,1,0,0,2,9,0,0,17,0,0,9,0,0,1,0,0,6,0,0,13,0,0,1,0,0,12,0,0,4,0,0,1,0,0,6,0,0,1,0,0,4,0,0,11,0,0
201491NM07939,-4.247336,56.893475,1,1,1,1,6.15,3,6,60,0,0,0,0,0,1,1,1,0,0,2,9,0,0,18,0,0,10,0,0,9,0,0,5,0,0,13,0,0,7,0,0,12,0,0,1,0,0,1,0,0,2,0,0,1,0,0,7,0,0,3,0,0
201491NN27506,-4.064078,57.522451,1,2,1,3,20.25,3,6,60,0,0,0,0,0,6,2,2,0,0,2,9,9,0,16,16,0,10,10,0,9,9,0,1,6,0,13,13,0,9,9,0,12,12,0,1,1,0,1,1,0,6,6,0,2,1,0,8,10,0,3,7,0
201491NP00121,-4.942943,56.887018,1,2,4,7,11.50,3,6,60,6,4,6,0,0,1,1,2,0,0,2,9,9,0,18,3,0,10,10,0,2,1,0,6,6,0,13,13,0,9,1,0,12,12,0,1,1,0,1,1,0,6,6,0,1,1,0,8,8,0,12,6,0
201491NP03140,-5.196053,56.75019,1,1,1,3,13.16,3,6,60,0,0,0,0,0,1,1,2,0,0,2,9,0,0,17,0,0,10,0,0,9,0,0,1,0,0,13,0,0,7,0,0,4,0,0,4,0,0,1,0,0,6,0,0,1,0,0,9,0,0,7,0,0
201491NP03782,-6.08484,57.262993,1,2,1,1,9.38,3,6,60,0,0,0,0,0,1,1,1,0,0,2,5,9,0,13,16,0,10,10,0,9,9,0,1,6,0,13,13,0,7,9,0,12,12,0,1,5,0,1,1,0,6,6,0,1,1,0,6,7,0,2,6,0
201491NP07784,-4.986644,57.092938,1,1,3,7,17.30,3,6,60,0,0,0,0,0,1,1,2,0,0,2,9,0,0,17,0,0,10,0,0,9,0,0,2,0,0,13,0,0,1,0,0,10,0,0,4,0,0,1,0,0,6,0,0,1,0,0,7,0,0,19,0,0
2.01492E+12,-2.114089,57.182241,1,2,1,2,5.55,6,6,30,3,4,6,0,0,4,1,2,0,0,1,19,3,0,9,18,0,10,10,0,6,1,0,6,1,0,13,13,0,9,9,0,12,12,0,3,1,0,1,1,0,1,2,0,1,1,0,9,4,0,8,4,0
2.01492E+12,-2.00247,57.553106,1,2,3,2,18.17,3,6,60,0,0,0,0,0,6,1,2,0,0,2,9,19,0,17,18,0,10,10,0,9,9,0,6,6,0,13,13,0,9,9,0,12,12,0,1,1,0,1,1,0,6,2,0,1,1,0,11,8,0,5,2,0
2.01492E+12,-2.173826,57.006505,1,1,1,7,18.55,3,3,70,0,0,0,0,0,1,1,1,0,0,2,9,0,0,17,0,0,10,0,0,9,0,0,6,0,0,10,0,0,1,0,0,2,0,0,4,0,0,1,0,0,1,0,0,1,0,0,9,0,0,35,0,0
2.01492E+12,-1.775447,57.506987,1,1,1,2,8.50,6,6,30,0,0,0,0,0,1,1,1,0,0,1,8,0,0,18,0,0,10,0,0,9,0,0,5,0,0,13,0,0,3,0,0,10,0,0,1,0,0,1,0,0,1,0,0,1,0,0,7,0,0,5,0,0
2.01492E+12,-2.129984,57.115678,1,2,2,4,17.30,4,6,60,0,0,0,0,0,1,2,2,0,0,2,9,9,0,16,17,0,10,10,0,9,9,0,2,1,0,13,13,0,9,1,0,12,12,0,1,1,0,1,1,0,2,2,0,2,2,0,8,9,0,4,7,0
2.01492E+12,-3.209374,57.521371,1,1,2,6,17.2,3,6,60,0,0,0,0,0,1,1,1,0,0,2,9,0,0,18,0,0,10,0,0,9,0,0,2,0,0,13,0,0,2,0,0,9,0,0,1,0,0,1,0,0,6,0,0,1,0,0,7,0,0,3,0,0
2.01492E+12,-2.097018,57.163436,1,1,1,2,9.10,3,6,30,0,0,0,0,4,1,1,1,0,0,1,21,0,0,5,0,0,10,0,0,9,0,0,6,0,0,13,0,0,9,0,0,12,0,0,1,0,0,1,0,0,1,0,0,1,0,0,8,0,0,1,0,0
2.01492E+12,-3.004801,57.603179,1,2,1,3,16.4,4,6,60,0,0,0,0,0,1,1,2,0,0,2,9,21,0,16,18,0,10,10,0,9,9,0,6,6,0,13,13,0,9,9,0,12,12,0,3,1,0,1,1,0,2,1,0,1,1,0,6,9,0,8,1,0
2.01492E+12,-2.497413,57.385441,1,1,4,1,16.13,3,6,60,0,0,0,0,0,1,2,2,0,0,2,9,0,0,18,0,0,10,0,0,9,0,0,6,0,0,13,0,0,1,0,0,4,0,0,1,0,0,1,0,0,6,0,0,1,0,0,10,0,0,10,0,0
2.01492E+12,-1.786769,57.462839,1,2,2,4,6.58,3,6,60,0,0,0,0,0,1,1,1,0,0,2,9,9,0,16,17,0,10,10,0,9,9,0,6,6,0,13,13,0,9,1,0,12,12,0,1,1,0,1,1,0,2,2,0,1,1,0,10,8,0,3,1,0
2.01492E+12,-2.174118,57.005507,1,1,1,7,4.35,3,3,70,0,0,0,0,0,4,1,1,0,0,2,9,0,0,18,0,0,10,0,0,9,0,0,2,0,0,10,0,0,1,0,0,1,0,0,3,0,0,1,0,0,6,0,0,1,0,0,7,0,0,14,0,0
2.01492E+12,-2.114418,57.095876,1,2,3,3,18.2,3,6,60,0,0,0,0,0,1,2,2,0,0,2,9,9,0,17,16,0,10,10,0,9,9,0,1,6,0,13,13,0,9,9,0,12,12,0,4,1,0,1,1,0,6,2,0,2,1,0,6,5,0,10,6,0
2.01492E+12,-2.416072,57.573126,1,2,2,5,10.45,4,6,60,0,0,0,0,0,1,2,2,0,0,2,9,19,0,16,18,0,10,10,0,9,9,0,1,6,0,13,13,0,9,9,0,12,12,0,1,1,0,1,1,0,6,1,0,1,1,0,11,6,0,13,2,0
2.01492E+12,-2.137316,57.146968,1,1,1,1,5.55,6,6,30,0,0,0,0,0,1,1,2,0,0,1,3,0,0,18,0,0,9,0,0,9,0,0,6,0,0,13,0,0,1,0,0,2,0,0,1,0,0,1,0,0,6,0,0,1,0,0,6,0,0,1,0,0
2.01492E+12,-1.947849,57.667246,1,2,4,1,19.12,4,6,60,6,4,4,0,0,6,1,2,0,0,2,9,9,0,18,18,0,10,10,0,8,8,0,6,6,0,13,13,0,7,9,0,12,12,0,4,1,0,1,1,0,6,6,0,1,2,0,11,8,0,12,8,0
2.01492E+12,-2.00113,57.468454,1,2,3,6,22.25,3,6,60,0,0,0,0,0,6,2,2,0,0,2,9,9,0,18,18,0,10,10,0,9,9,0,6,5,0,13,13,0,1,1,0,12,11,0,1,1,0,1,1,0,6,6,0,2,1,0,6,9,0,8,1,0
2.01492E+12,-2.279534,56.84495,1,1,1,4,15.15,3,6,30,3,4,6,0,1,1,1,1,0,0,2,9,0,0,18,0,0,10,0,0,1,0,0,6,0,0,13,0,0,9,0,0,12,0,0,1,0,0,1,0,0,6,0,0,2,0,0,7,0,0,7,0,0
2.01492E+12,-2.004136,57.660457,1,2,2,5,15.19,3,6,60,0,0,0,0,0,1,1,1,0,0,2,9,9,0,6,18,0,10,10,0,9,9,0,6,1,0,13,13,0,9,7,0,12,11,0,3,1,0,1,1,0,6,6,0,1,1,0,10,6,0,2,2,0
2.01492E+12,-2.026546,57.526138,1,1,5,7,20.49,3,6,60,0,0,0,0,0,6,1,2,0,0,2,9,0,0,17,0,0,10,0,0,9,0,0,1,0,0,13,0,0,7,0,0,4,0,0,4,0,0,1,0,0,6,0,0,1,0,0,4,0,0,9,0,0
2.01492E+12,-2.327028,57.334553,1,1,1,3,8.20,6,6,30,3,4,3,0,0,5,1,2,0,0,2,9,0,0,9,0,0,10,0,0,8,0,0,6,0,0,13,0,0,9,0,0,12,0,0,1,0,0,1,0,0,2,0,0,1,0,0,7,0,0,7,0,0
2.01492E+12,-2.691947,57.681596,1,1,1,5,16.57,3,6,30,0,0,0,0,0,4,1,2,0,0,2,19,0,0,18,0,0,10,0,0,9,0,0,6,0,0,13,0,0,9,0,0,12,0,0,1,0,0,1,0,0,1,0,0,1,0,0,7,0,0,7,0,0