Accident_Index,Longitude,Latitude,SV,Number_of_Vehicles,Number_of_Casualties,Day_of_Week,Time,1st_Road_Class,Road_Type,Speed_limit,Junction_Detail,Junction_Control,2nd_Road_Class,Pedestrian_Crossing-Human_Control,Pedestrian_Crossing-Physical_Facilities,Light_Conditions,Weather_Conditions,Road_Surface_Conditions,Special_Conditions_at_Site,Carriageway_Hazards,Urban_or_Rural_Area,Vehicle1_Type,Vehicle2_Type,Vehicle3_Type,Vehicle1_Manoeuvre,Vehicle2_Manoeuvre,Vehicle3_Manoeuvre,Vehicle1_Location-Restricted_Lane,Vehicle2_Location-Restricted_Lane,Vehicle3_Location-Restricted_Lane,Junction1_Location,Junction2_Location,Junction3_Location,Skidding1_and_Overturning,Skidding2_and_Overturning,Skidding3_and_Overturning,Hit_Object_in_Carriageway1,Hit_Object_in_Carriageway2,Hit_Object_in_Carriageway3,Vehicle1_Leaving_Carriageway,Vehicle2_Leaving_Carriageway,Vehicle3_Leaving_Carriageway,Hit_Object_off_Carriageway1,Hit_Object_off_Carriageway2,Hit_Object_off_Carriageway3,1st_Point_of_Impact1,1st_Point_of_Impact2,1st_Point_of_Impact3,Was_Vehicle 1_Left_Hand_Drive?,Was_Vehicle2_Left_Hand_Drive?,Was_Vehicle 3_Left_Hand_Drive?,Journey_Purpose_of_Driver1,Journey_Purpose_of_Driver2,Journey_Purpose_of_Driver3,Sex_of_Driver1,Sex_of_Driver2,Sex_of_Driver3,Age_Band_of_Driver1,Age_Band_of_Driver2,Age_Band_of_Driver3,Age_of_Vehicle1,Age_of_Vehicle2,Age_of_Vehicle3
2.01492E+12,-1.976059,57.414097,1,2,2,2,7.30,3,6,60,0,0,0,0,0,6,1,4,0,0,2,9,9,0,18,18,0,10,10,0,9,9,0,5,6,0,13,13,0,9,9,0,12,12,0,1,1,0,1,1,0,1,1,0,2,1,0,5,7,0,4,4,0
2.01493E+12,-2.663759,56.617416,1,2,3,6,15.12,3,6,60,9,4,6,0,0,1,1,1,0,0,2,9,9,0,18,18,0,10,10,0,1,1,0,6,6,0,13,13,0,9,9,0,12,12,0,1,1,0,1,1,0,6,6,0,1,1,0,7,9,0,7,12,0
2.01493E+12,-2.940635,56.546855,1,2,2,6,13.46,3,3,70,3,4,6,0,0,1,2,2,0,0,2,9,9,0,18,18,0,10,10,0,6,8,0,6,6,0,13,13,0,9,9,0,12,12,0,1,1,0,1,1,0,6,6,0,1,2,0,11,10,0,1,4,0
2.01493E+12,-3.080805,56.520459,1,2,1,5,16.10,4,6,60,0,0,0,0,0,1,1,1,0,0,2,3,9,0,16,17,0,10,10,0,9,9,0,6,6,0,13,13,0,9,9,0,12,12,0,1,1,0,1,1,0,6,6,0,2,1,0,6,10,0,10,2,0
2.01493E+12,-2.945169,56.531008,1,1,1,5,18.20,3,3,70,3,4,5,0,0,4,2,2,0,0,2,9,0,0,18,0,0,10,0,0,1,0,0,6,0,0,13,0,0,9,0,0,12,0,0,1,0,0,1,0,0,6,0,0,1,0,0,6,0,0,1,0,0
2.01493E+12,-3.262795,56.379358,1,2,3,7,23.20,5,6,60,0,0,0,0,0,6,1,1,0,0,2,9,9,0,18,18,0,10,10,0,9,9,0,6,6,0,13,13,0,9,9,0,12,12,0,1,1,0,1,1,0,6,6,0,1,1,0,6,7,0,13,14,0
2.01493E+12,-3.9287,56.769559,1,2,1,2,11.45,3,6,60,3,4,4,0,0,1,1,1,0,0,2,9,5,0,9,18,0,10,10,0,6,1,0,6,6,0,13,13,0,9,9,0,12,12,0,3,1,0,1,1,0,6,6,0,2,1,0,9,9,0,2,7,0
2.01493E+12,-3.394732,56.152632,1,1,1,4,15.15,4,6,60,0,0,0,0,0,1,1,1,0,0,2,9,0,0,17,0,0,10,0,0,9,0,0,5,0,0,13,0,0,1,0,0,12,0,0,1,0,0,1,0,0,6,0,0,1,0,0,11,0,0,9,0,0
2.01493E+12,-3.550746,56.4342,1,1,1,5,5.30,5,6,50,8,4,6,0,0,1,2,2,0,0,2,9,0,0,16,0,0,10,0,0,1,0,0,6,0,0,6,0,0,9,0,0,12,0,0,1,0,0,1,0,0,6,0,0,1,0,0,10,0,0,13,0,0
2.01493E+12,-3.733318,56.278313,1,1,2,5,15.20,3,3,70,3,4,6,0,0,1,1,1,0,0,2,9,0,0,18,0,0,10,0,0,1,0,0,6,0,0,13,0,0,9,0,0,12,0,0,1,0,0,1,0,0,2,0,0,1,0,0,6,0,0,1,0,0
2.01493E+12,-3.034508,56.477897,1,2,1,4,16.35,6,6,30,8,4,6,0,0,1,2,2,0,0,1,5,21,0,13,9,0,10,10,0,1,5,0,6,6,0,13,13,0,9,9,0,12,12,0,4,3,0,1,1,0,2,1,0,1,1,0,6,8,0,11,8,0
2.01493E+12,-3.845829,56.351461,1,3,2,6,13.12,3,6,60,0,0,0,0,0,1,1,1,0,0,2,9,3,9,13,18,18,10,10,10,9,9,9,6,6,6,13,13,13,9,1,9,12,1,12,4,1,3,1,1,1,6,6,6,1,1,1,6,9,6,2,25,9
2.01493E+12,-3.25259,56.536061,1,2,2,6,16.15,3,6,60,0,0,0,0,0,1,1,1,0,0,2,17,9,0,18,18,0,10,10,0,9,9,0,6,6,0,13,13,0,9,9,0,12,12,0,1,1,0,1,1,0,1,6,0,1,2,0,8,9,0,7,12,0
201493D000058,-3.781062,56.388631,1,2,2,5,9.8,3,6,60,9,4,6,0,0,1,1,2,0,0,2,9,21,0,17,18,0,10,10,0,9,9,0,1,6,0,13,13,0,9,9,0,12,12,0,4,1,0,1,1,0,2,1,0,1,1,0,5,8,0,11,8,0
201493D000093,-3.512394,56.197085,1,3,1,6,7.8,3,6,60,0,0,0,0,0,6,1,2,0,0,2,19,9,9,18,18,2,10,10,10,9,9,9,6,6,6,13,13,13,9,9,9,12,12,12,1,1,5,1,1,1,1,2,6,1,2,1,6,8,5,6,13,8
2.01494E+12,-3.140218,56.269131,1,2,3,4,5.50,3,6,60,0,0,0,0,0,6,2,2,0,0,2,9,9,0,18,18,0,10,10,0,9,9,0,6,6,0,13,13,0,9,1,0,12,12,0,1,1,0,1,1,0,6,1,0,1,1,0,6,7,0,13,4,0
2.01494E+12,-3.288925,56.073594,1,2,3,1,19.30,3,6,60,0,0,0,0,0,1,1,1,0,0,2,9,9,0,17,16,0,10,10,0,9,9,0,1,6,0,13,13,0,9,9,0,12,12,0,1,1,0,1,1,0,6,6,0,1,1,0,4,10,0,15,7,0
2.01494E+12,-3.349185,56.097868,1,2,1,2,13.15,3,3,70,0,0,0,0,0,1,1,1,0,0,2,20,21,0,14,2,0,10,6,0,9,9,0,6,6,0,13,13,0,9,9,0,12,12,0,4,5,0,1,1,0,1,1,0,1,1,0,8,9,0,1,1,0
2.01494E+12,-2.901919,56.234815,1,2,1,6,21.5,3,6,60,0,0,0,0,0,1,1,1,0,0,2,5,9,0,18,18,0,10,10,0,9,9,0,2,6,0,13,13,0,9,9,0,12,12,0,3,3,0,1,1,0,6,6,0,1,1,0,6,5,0,15,9,0
2.01494E+12,-3.224648,56.146573,1,3,2,4,6.40,4,6,30,0,0,0,0,0,1,1,1,0,0,2,9,19,9,18,18,18,10,10,10,9,9,9,6,6,6,13,13,13,9,9,9,12,12,12,1,1,2,1,1,1,1,1,1,1,1,1,7,8,8,7,11,15
2.01494E+12,-3.252509,56.286959,1,2,5,1,15.20,3,6,60,0,0,0,0,0,1,1,1,0,0,2,9,9,0,18,18,0,10,10,0,9,9,0,1,6,0,13,13,0,7,9,0,10,12,0,4,1,0,1,1,0,6,6,0,1,1,0,8,9,0,23,2,0
2.01494E+12,-2.994499,56.205362,1,1,1,5,2.2,3,6,30,0,0,0,0,0,4,7,2,0,0,1,9,0,0,16,0,0,10,0,0,9,0,0,1,0,0,13,0,0,7,0,0,2,0,0,3,0,0,1,0,0,6,0,0,1,0,0,5,0,0,15,0,0
2.01495E+12,-2.416291,55.964964,1,2,5,5,19.25,3,6,60,9,4,6,0,0,4,1,1,0,0,2,9,9,0,15,18,0,10,10,0,1,1,0,6,6,0,13,13,0,1,9,0,2,12,0,1,1,0,1,1,0,6,6,0,2,1,0,5,5,0,5,10,0
2.01495E+12,-3.540915,55.910996,1,1,1,5,15.0,6,6,30,8,4,6,0,0,1,1,1,0,0,1,9,0,0,1,0,0,9,0,0,6,0,0,6,0,0,13,0,0,9,0,0,12,0,0,2,0,0,1,0,0,6,0,0,2,0,0,7,0,0,6,0,0
2.01495E+12,-3.276718,55.974016,1,1,1,7,22.15,6,6,30,0,0,0,0,0,1,2,2,0,0,1,3,0,0,17,0,0,10,0,0,9,0,0,6,0,0,10,0,0,9,0,0,12,0,0,5,0,0,1,0,0,1,0,0,1,0,0,5,0,0,23,0,0
2.01495E+12,-3.561688,55.85661,1,3,4,5,21.0,3,6,40,0,0,0,0,0,4,1,1,0,0,2,9,9,9,18,18,18,10,10,10,9,9,9,6,6,6,13,13,13,7,1,7,12,7,12,3,1,1,1,1,1,6,6,2,1,2,1,7,7,8,8,4,7
2.01495E+12,-3.428365,55.925445,1,1,1,5,15.35,1,3,70,0,0,0,0,0,1,1,1,0,0,2,21,0,0,18,0,0,10,0,0,9,0,0,6,0,0,13,0,0,9,0,0,12,0,0,1,0,0,1,0,0,1,0,0,1,0,0,7,0,0,7,0,0
2.01495E+12,-2.343095,55.777859,1,1,1,6,11.40,6,6,30,0,0,0,0,0,1,1,1,0,0,2,9,0,0,17,0,0,10,0,0,9,0,0,6,0,0,13,0,0,9,0,0,12,0,0,1,0,0,1,0,0,6,0,0,2,0,0,8,0,0,7,0,0
2.01495E+12,-3.26267,55.906768,1,1,1,3,9.50,4,6,30,0,0,0,0,0,1,8,2,0,0,1,9,0,0,16,0,0,10,0,0,9,0,0,5,0,0,10,0,0,7,0,0,2,0,0,1,0,0,1,0,0,6,0,0,1,0,0,8,0,0,7,0,0
2.01495E+12,-2.830003,55.639709,1,2,1,5,15.30,3,6,60,0,0,0,0,0,1,1,1,0,0,2,21,17,0,18,18,0,10,10,0,9,9,0,6,6,0,13,13,0,1,1,0,12,3,0,1,2,0,1,1,0,1,1,0,1,1,0,10,8,0,9,1,0
2.01495E+12,-2.649559,55.64538,1,2,1,6,6.50,3,6,60,0,0,0,0,0,1,1,1,0,0,2,4,11,0,16,18,0,10,10,0,9,9,0,6,6,0,13,13,0,9,9,0,12,12,0,1,1,0,1,1,0,2,1,0,1,1,0,7,9,0,9,1,0
2.01495E+12,-2.375265,55.76267,1,2,2,6,15.30,3,6,60,0,0,0,0,0,1,1,2,0,0,2,9,21,0,16,18,0,10,10,0,9,9,0,6,6,0,13,13,0,9,9,0,12,12,0,4,1,0,1,1,0,6,1,0,1,1,0,5,7,0,14,2,0
2.01495E+12,-2.800427,56.041051,1,1,1,2,0.10,3,6,60,0,0,0,0,0,6,1,2,0,2,2,9,0,0,18,0,0,10,0,0,9,0,0,6,0,0,13,0,0,9,0,0,12,0,0,1,0,0,1,0,0,6,0,0,2,0,0,6,0,0,12,0,0
2.01495E+12,-3.185073,55.974482,1,1,1,2,9.0,6,6,30,0,0,0,0,4,1,1,2,0,0,1,21,0,0,18,0,0,10,0,0,9,0,0,6,0,0,13,0,0,9,0,0,12,0,0,4,0,0,1,0,0,1,0,0,1,0,0,9,0,0,5,0,0
2.01495E+12,-3.481995,55.933339,1,1,1,5,23.10,6,6,30,6,2,3,0,5,4,3,4,0,0,1,8,0,0,9,0,0,10,0,0,2,0,0,6,0,0,13,0,0,9,0,0,12,0,0,1,0,0,1,0,0,1,0,0,1,0,0,8,0,0,2,0,0
2.01495E+12,-2.841875,55.547272,1,1,1,2,15.18,6,6,30,3,4,3,0,0,1,1,2,0,0,2,21,0,0,7,0,0,10,0,0,8,0,0,6,0,0,13,0,0,9,0,0,12,0,0,4,0,0,1,0,0,1,0,0,1,0,0,7,0,0,5,0,0
2.01495E+12,-3.191672,55.980618,1,1,1,4,13.10,3,6,30,3,1,6,0,5,1,1,1,0,0,1,9,0,0,18,0,0,10,0,0,1,0,0,6,0,0,13,0,0,9,0,0,12,0,0,1,0,0,1,0,0,2,0,0,2,0,0,9,0,0,8,0,0
2.01496E+12,-3.933617,56.129675,1,2,1,1,0.20,3,6,30,0,0,0,0,0,4,1,1,0,0,1,9,9,0,18,18,0,10,10,0,9,9,0,6,6,0,10,13,0,1,9,0,10,12,0,1,5,0,1,1,0,6,6,0,1,1,0,5,6,0,8,6,0
2.01496E+12,-4.686805,56.353872,1,2,4,2,17.15,3,6,60,0,0,0,0,0,1,1,2,0,0,2,9,9,0,16,17,0,10,10,0,9,9,0,6,6,0,10,13,0,1,9,0,4,12,0,4,4,0,1,1,0,6,6,0,1,1,0,8,8,0,9,15,0
2.01496E+12,-4.316294,56.302577,1,3,1,7,13.55,3,6,60,0,0,0,0,0,1,1,1,0,0,2,4,9,4,16,17,16,10,10,10,9,9,9,1,6,6,13,13,13,9,9,9,12,12,12,1,1,1,1,1,1,6,6,6,1,1,1,5,10,7,13,3,9
2.01496E+12,-3.577177,56.015163,1,2,1,3,11.0,3,6,30,0,0,0,0,0,1,5,2,0,0,1,9,21,0,18,18,0,10,10,0,9,9,0,6,6,0,10,13,0,1,9,0,11,12,0,3,3,0,1,1,0,2,1,0,1,1,0,8,9,0,12,1,0
2.01496E+12,-3.999121,56.145105,1,2,1,7,21.0,3,6,60,0,0,0,0,0,6,2,2,0,0,2,19,5,0,18,18,0,10,10,0,9,9,0,1,6,0,10,10,0,1,1,0,11,11,0,1,1,0,1,1,0,6,6,0,1,1,0,6,7,0,10,17,0
201497AD01510,-4.264435,55.87367,1,1,1,3,15.10,6,6,30,0,0,0,0,0,1,1,1,0,0,1,9,0,0,18,0,0,10,0,0,9,0,0,6,0,0,13,0,0,9,0,0,12,0,0,5,0,0,1,0,0,1,0,0,1,0,0,10,0,0,10,0,0
201497AE70101,-4.381805,55.904933,1,1,2,1,23.0,3,3,40,0,0,0,0,4,4,2,2,0,0,1,9,0,0,18,0,0,10,0,0,9,0,0,1,0,0,13,0,0,4,0,0,4,0,0,4,0,0,1,0,0,6,0,0,1,0,0,5,0,0,12,0,0
201497AE70207,-4.351681,55.879358,1,1,1,1,13.13,3,3,30,6,2,6,0,5,1,1,2,0,0,1,9,0,0,18,0,0,10,0,0,8,0,0,6,0,0,13,0,0,9,0,0,12,0,0,1,0,0,1,0,0,6,0,0,1,0,0,5,0,0,2,0,0
201497BD20701,-4.157575,55.875239,1,1,1,2,17.5,6,6,30,3,4,6,0,0,4,1,2,0,0,1,9,0,0,1,0,0,10,0,0,8,0,0,6,0,0,13,0,0,9,0,0,12,0,0,2,0,0,1,0,0,6,0,0,1,0,0,8,0,0,3,0,0
201497BD70112,-4.170413,55.852904,1,1,1,7,16.15,6,6,30,3,4,6,0,0,4,1,2,0,0,1,8,0,0,18,0,0,10,0,0,2,0,0,6,0,0,13,0,0,9,0,0,12,0,0,1,0,0,1,0,0,1,0,0,1,0,0,9,0,0,2,0,0
201497BE70106,-4.256915,55.885959,1,1,1,4,13.38,3,6,30,3,4,6,0,5,1,2,2,0,0,1,20,0,0,3,0,0,10,0,0,1,0,0,6,0,0,13,0,0,9,0,0,12,0,0,1,0,0,1,0,0,1,0,0,1,0,0,8,0,0,8,0,0
201497BF70803,-4.308858,55.9218,1,2,1,2,8.15,4,6,30,9,4,6,0,0,1,1,1,0,0,1,9,21,0,18,18,0,10,10,0,1,8,0,6,6,0,13,13,0,9,9,0,12,12,0,1,1,0,1,1,0,2,1,0,2,1,0,9,6,0,2,5,0
201497GB70102,-4.360412,55.813498,1,1,1,5,23.20,3,6,30,3,4,6,0,4,4,1,2,0,0,1,9,0,0,18,0,0,10,0,0,1,0,0,6,0,0,13,0,0,9,0,0,12,0,0,1,0,0,1,0,0,2,0,0,1,0,0,6,0,0,8,0,0
201497GB70301,-4.344432,55.824086,1,1,2,7,16.43,4,3,30,0,0,0,0,4,4,1,1,0,0,1,9,0,0,18,0,0,10,0,0,9,0,0,1,0,0,10,0,0,1,0,0,10,0,0,1,0,0,1,0,0,2,0,0,1,0,0,7,0,0,5,0,0
201497GD70110,-4.245335,55.812508,1,2,1,7,19.25,4,3,30,0,0,0,0,4,4,1,2,0,0,1,9,9,0,18,18,0,10,10,0,9,9,0,6,6,0,13,13,0,9,9,0,12,12,0,1,1,0,1,1,0,6,6,0,1,1,0,9,8,0,8,4,0
201497GD70211,-4.26747,55.813567,1,1,1,6,18.39,4,6,30,0,0,0,0,0,4,2,2,0,0,1,9,0,0,18,0,0,10,0,0,9,0,0,6,0,0,13,0,0,9,0,0,12,0,0,1,0,0,1,0,0,1,0,0,1,0,0,8,0,0,7,0,0
201497GE70103,-4.251838,55.853238,1,1,1,1,0.25,3,6,30,0,0,0,0,4,4,1,1,0,0,1,11,0,0,18,0,0,2,0,0,9,0,0,6,0,0,13,0,0,9,0,0,12,0,0,5,0,0,1,0,0,1,0,0,1,0,0,9,0,0,3,0,0
201497GE70510,-4.245631,55.834558,1,2,1,5,5.36,4,6,30,3,4,6,0,0,4,2,2,0,0,1,9,5,0,9,18,0,10,10,0,8,8,0,6,6,0,13,13,0,7,1,0,1,1,0,4,1,0,1,1,0,2,2,0,1,1,0,5,8,0,11,14,0
201497KA00507,-4.428009,55.861868,1,2,1,4,11.36,6,6,30,1,4,6,0,4,1,1,1,0,0,1,10,21,0,17,18,0,10,10,0,3,1,0,6,6,0,13,13,0,9,9,0,12,12,0,1,1,0,1,1,0,1,1,0,1,1,0,9,8,0,1,2,0
201497KA01811,-4.426316,55.849839,1,1,1,7,21.0,6,6,30,0,0,0,0,1,4,1,1,0,0,1,9,0,0,18,0,0,10,0,0,9,0,0,6,0,0,13,0,0,9,0,0,12,0,0,1,0,0,1,0,0,6,0,0,1,0,0,5,0,0,1,0,0
201497KB00109,-4.592468,55.815079,1,2,1,2,20.30,6,6,60,3,4,6,0,0,1,1,1,0,0,2,5,17,0,13,9,0,10,10,0,8,8,0,1,6,0,13,13,0,9,9,0,12,12,0,1,3,0,1,1,0,6,1,0,1,1,0,7,6,0,8,3,0
201497KB00712,-4.615749,55.923311,1,1,3,5,15.45,6,6,60,0,0,0,0,0,6,1,2,0,0,2,9,0,0,18,0,0,10,0,0,9,0,0,2,0,0,13,0,0,8,0,0,4,0,0,1,0,0,1,0,0,6,0,0,1,0,0,4,0,0,7,0,0
201497KB02002,-4.51637,55.827932,1,1,1,5,18.40,6,6,30,3,4,6,0,0,4,2,2,0,0,2,9,0,0,18,0,0,10,0,0,2,0,0,6,0,0,13,0,0,9,0,0,12,0,0,4,0,0,1,0,0,6,0,0,2,0,0,6,0,0,4,0,0
201497KB03803,-4.523151,55.826616,1,1,1,7,10.52,6,6,30,0,0,0,0,0,1,1,1,0,0,1,9,0,0,16,0,0,10,0,0,9,0,0,1,0,0,10,0,0,8,0,0,11,0,0,4,0,0,1,0,0,6,0,0,1,0,0,5,0,0,11,0,0
201497KB70103,-4.43111,55.862391,1,1,1,2,23.40,1,3,60,5,4,1,0,0,4,1,1,4,0,1,21,0,0,1,0,0,10,0,0,1,0,0,6,0,0,13,0,0,9,0,0,12,0,0,2,0,0,1,0,0,1,0,0,1,0,0,8,0,0,1,0,0
201497KC01104,-4.684663,55.934151,1,2,3,7,8.35,3,3,40,3,4,6,0,4,1,2,2,0,0,1,9,21,0,9,18,0,10,10,0,8,1,0,6,6,0,13,13,0,3,9,0,12,12,0,3,1,0,1,1,0,6,1,0,1,1,0,4,7,0,2,8,0
201497LA03411,-4.61164,56.01375,1,4,1,1,3.45,3,6,60,3,4,6,0,0,6,1,2,0,0,2,9,9,21,18,18,18,10,10,10,8,8,8,6,6,6,13,13,13,9,9,9,12,12,12,1,1,1,1,1,1,6,1,1,1,1,1,10,9,9,15,4,4
201497LA04903,-4.541549,55.943318,1,1,1,3,17.20,3,3,40,3,4,6,0,4,1,1,1,0,0,1,19,0,0,18,0,0,10,0,0,1,0,0,6,0,0,13,0,0,9,0,0,12,0,0,1,0,0,1,0,0,1,0,0,1,0,0,6,0,0,4,0,0
201497LB04905,-5.451848,56.436952,1,2,2,6,14.0,3,6,60,0,0,0,0,0,1,1,1,0,0,2,9,9,0,16,17,0,10,10,0,9,9,0,6,6,0,13,13,0,9,1,0,12,12,0,1,1,0,1,1,0,6,6,0,2,2,0,10,7,0,1,10,0
201497NA70403,-4.079516,55.887242,1,3,1,7,5.13,1,3,70,0,0,0,0,0,6,1,1,0,0,2,9,9,9,16,16,16,10,10,10,9,9,9,6,6,6,13,13,13,9,9,9,12,12,12,1,1,3,1,1,1,6,2,2,1,1,1,7,8,8,3,5,3
201497NA70807,-4.047265,55.874239,1,1,1,7,17.45,6,3,30,0,0,0,0,0,1,1,2,0,0,2,9,0,0,17,0,0,10,0,0,9,0,0,6,0,0,13,0,0,9,0,0,12,0,0,1,0,0,1,0,0,6,0,0,1,0,0,5,0,0,9,0,0
201497NE70106,-3.89297,55.796276,1,1,1,3,21.50,3,3,70,0,0,0,0,0,1,1,1,0,0,2,5,0,0,16,0,0,10,0,0,9,0,0,6,0,0,13,0,0,9,0,0,6,0,0,1,0,0,1,0,0,6,0,0,1,0,0,6,0,0,15,0,0
201497QA70211,-4.182813,55.750308,1,1,1,1,2.30,6,6,30,0,0,0,0,7,4,1,2,0,0,1,9,0,0,17,0,0,10,0,0,9,0,0,5,0,0,13,0,0,1,0,0,4,0,0,1,0,0,1,0,0,6,0,0,1,0,0,7,0,0,7,0,0
201497QA70302,-4.173536,55.761149,1,1,2,5,13.30,6,1,30,1,4,6,0,0,1,8,2,0,0,1,9,0,0,18,0,0,10,0,0,1,0,0,6,0,0,13,0,0,3,0,0,10,0,0,1,0,0,1,0,0,6,0,0,1,0,0,11,0,0,6,0,0
201497QB70601,-4.055604,55.796666,1,1,2,7,11.15,3,3,60,0,0,0,0,0,1,1,2,0,0,2,9,0,0,17,0,0,10,0,0,9,0,0,5,0,0,10,0,0,1,0,0,6,0,0,4,0,0,1,0,0,6,0,0,1,0,0,7,0,0,13,0,0
201497QB70611,-3.987625,55.763794,1,2,1,3,6.17,1,3,70,0,0,0,0,0,6,1,2,0,0,2,19,9,0,18,2,0,10,6,0,9,9,0,6,6,0,13,13,0,9,9,0,12,12,0,1,2,0,1,1,0,1,2,0,1,1,0,9,9,0,1,6,0
201497QB71201,-4.069724,55.820434,1,2,1,1,5.30,1,3,70,0,0,0,0,0,4,1,2,0,0,1,9,9,0,18,18,0,10,10,0,9,9,0,1,6,0,13,13,0,1,4,0,4,6,0,1,2,0,1,1,0,2,2,0,1,1,0,6,9,0,13,12,0
201497QB71501,-4.095867,55.787969,1,1,1,7,17.40,6,6,30,3,4,6,0,0,4,2,2,0,0,1,9,0,0,9,0,0,10,0,0,8,0,0,6,0,0,13,0,0,9,0,0,12,0,0,3,0,0,1,0,0,6,0,0,2,0,0,9,0,0,7,0,0
201497QC70307,-3.681117,55.70256,1,4,3,4,13.35,3,6,60,0,0,0,0,0,1,1,1,0,0,2,21,21,9,16,17,17,10,10,10,9,9,9,6,6,6,13,13,13,7,9,1,11,12,11,1,3,3,1,1,1,1,1,6,1,1,1,7,8,9,6,6,2
201497QD70212,-4.200223,55.819768,1,1,1,7,16.10,6,6,30,3,4,6,0,0,1,1,2,0,0,1,9,0,0,18,0,0,10,0,0,2,0,0,6,0,0,13,0,0,9,0,0,12,0,0,1,0,0,1,0,0,6,0,0,2,0,0,8,0,0,2,0,0
201497UA01109,-4.643151,55.740167,1,2,3,1,1.40,3,6,60,0,0,0,0,0,6,1,1,0,0,2,9,9,0,13,18,0,10,10,0,9,9,0,6,6,0,13,13,0,9,9,0,12,12,0,1,5,0,1,1,0,6,6,0,1,2,0,8,5,0,17,3,0
201497UA03804,-4.558967,55.655282,1,3,5,1,18.35,4,6,60,0,0,0,0,0,1,1,1,0,0,2,9,9,9,18,18,18,10,10,10,9,9,9,1,6,2,13,13,13,7,9,1,11,12,10,1,1,1,1,1,1,6,6,6,1,1,1,4,9,4,10,11,1
201497UC00303,-4.414419,55.668657,1,2,3,1,15.50,4,6,60,0,0,0,0,0,1,2,2,0,0,2,9,9,0,18,18,0,10,10,0,9,9,0,6,6,0,13,13,0,9,1,0,12,9,0,1,1,0,1,1,0,6,6,0,1,1,0,4,8,0,6,10,0
201497UD01409,-4.933977,55.170714,1,2,5,1,18.21,3,6,60,0,0,0,0,0,1,1,1,0,0,2,9,9,0,17,17,0,10,10,0,9,9,0,6,6,0,13,13,0,9,9,0,12,12,0,1,1,0,1,1,0,6,6,0,1,1,0,11,8,0,3,5,0
201497UD02709,-4.620359,55.467035,1,1,1,2,22.5,3,3,30,0,0,0,0,0,4,1,1,0,0,1,8,0,0,18,0,0,10,0,0,9,0,0,6,0,0,13,0,0,9,0,0,12,0,0,1,0,0,1,0,0,1,0,0,1,0,0,8,0,0,3,0,0
2.01498E+12,-3.943334,54.948362,1,2,2,6,19.50,3,6,60,3,4,3,0,0,1,1,1,0,0,2,21,5,0,9,18,0,10,10,0,1,1,0,6,6,0,13,13,0,9,9,0,12,12,0,1,1,0,1,1,0,1,6,0,1,1,0,6,8,0,8,20,0
2.01498E+12,-4.19531,55.158556,1,2,1,4,16.16,3,6,60,0,0,0,0,0,1,1,1,0,0,2,5,19,0,16,17,0,10,10,0,9,9,0,1,6,0,13,13,0,9,9,0,12,12,0,1,1,0,1,1,0,6,1,0,1,1,0,8,8,0,13,4,0
2.01498E+12,-3.610768,55.086167,1,3,1,3,13.8,3,6,60,0,0,0,0,0,1,1,1,0,0,2,9,21,9,18,18,18,10,10,10,9,9,9,6,6,6,13,13,13,9,9,9,12,12,12,1,1,1,1,1,1,6,2,1,2,1,1,8,9,6,12,7,3
2.01498E+12,-3.062829,54.991763,1,2,2,5,14.21,5,6,30,6,4,6,0,0,1,1,1,0,0,2,9,19,0,18,18,0,10,10,0,2,1,0,6,5,0,13,10,0,9,1,0,12,12,0,1,3,0,1,1,0,6,6,0,1,1,0,10,8,0,11,14,0
2.01498E+12,-3.415333,55.214909,1,2,2,5,8.50,4,6,60,3,4,5,0,0,1,2,2,0,0,2,9,20,0,5,18,0,10,10,0,6,8,0,6,6,0,13,13,0,1,1,0,12,11,0,3,1,0,1,1,0,6,1,0,1,1,0,7,9,0,4,10,0
2.01498E+12,-3.309988,55.002141,1,1,3,3,15.30,3,6,60,0,0,0,0,0,1,1,2,0,0,2,9,0,0,18,0,0,10,0,0,9,0,0,5,0,0,13,0,0,2,0,0,4,0,0,1,0,0,1,0,0,6,0,0,1,0,0,10,0,0,9,0,0
201401BS70014,-0.165585,51.498501,1,1,1,1,22.6,3,3,30,9,4,6,0,4,4,5,2,0,0,1,9,0,0,4,0,0,10,0,0,8,0,0,6,0,0,13,0,0,9,0,0,12,0,0,1,0,0,1,0,0,6,0,0,1,0,0,8,0,0,6,0,0
201401BS70016,-0.195197,51.514787,1,1,1,5,9.33,3,6,30,7,2,5,0,5,1,2,2,0,0,1,9,0,0,1,0,0,10,0,0,8,0,0,6,0,0,13,0,0,9,0,0,12,0,0,2,0,0,1,0,0,1,0,0,1,0,0,7,0,0,3,0,0
201401BS70032,-0.192487,51.488577,1,1,1,4,7.4,3,2,30,9,2,3,0,5,1,2,2,0,0,1,11,0,0,9,0,0,10,0,0,8,0,0,6,0,0,13,0,0,9,0,0,12,0,0,4,0,0,1,0,0,1,0,0,1,0,0,9,0,0,5,0,0
201401BS70040,-0.19117,51.489096,1,1,1,6,14.34,3,6,30,0,0,0,0,1,1,2,2,0,0,1,20,0,0,18,0,0,10,0,0,9,0,0,6,0,0,13,0,0,9,0,0,12,0,0,1,0,0,1,0,0,1,0,0,1,0,0,6,0,0,13,0,0