Accident_Index,Longitude,Latitude,SV,Number_of_Vehicles,Number_of_Casualties,Day_of_Week,Time,1st_Road_Class,Road_Type,Speed_limit,Junction_Detail,Junction_Control,2nd_Road_Class,Pedestrian_Crossing-Human_Control,Pedestrian_Crossing-Physical_Facilities,Light_Conditions,Weather_Conditions,Road_Surface_Conditions,Special_Conditions_at_Site,Carriageway_Hazards,Urban_or_Rural_Area,Vehicle1_Type,Vehicle2_Type,Vehicle3_Type,Vehicle1_Manoeuvre,Vehicle2_Manoeuvre,Vehicle3_Manoeuvre,Vehicle1_Location-Restricted_Lane,Vehicle2_Location-Restricted_Lane,Vehicle3_Location-Restricted_Lane,Junction1_Location,Junction2_Location,Junction3_Location,Skidding1_and_Overturning,Skidding2_and_Overturning,Skidding3_and_Overturning,Hit_Object_in_Carriageway1,Hit_Object_in_Carriageway2,Hit_Object_in_Carriageway3,Vehicle1_Leaving_Carriageway,Vehicle2_Leaving_Carriageway,Vehicle3_Leaving_Carriageway,Hit_Object_off_Carriageway1,Hit_Object_off_Carriageway2,Hit_Object_off_Carriageway3,1st_Point_of_Impact1,1st_Point_of_Impact2,1st_Point_of_Impact3,Was_Vehicle 1_Left_Hand_Drive?,Was_Vehicle2_Left_Hand_Drive?,Was_Vehicle 3_Left_Hand_Drive?,Journey_Purpose_of_Driver1,Journey_Purpose_of_Driver2,Journey_Purpose_of_Driver3,Sex_of_Driver1,Sex_of_Driver2,Sex_of_Driver3,Age_Band_of_Driver1,Age_Band_of_Driver2,Age_Band_of_Driver3,Age_of_Vehicle1,Age_of_Vehicle2,Age_of_Vehicle3
201401EK40265,-0.129312,51.525805,1,2,2,2,19.48,3,6,30,3,4,6,0,1,4,2,2,0,0,1,5,5,0,14,3,0,10,10,0,2,2,0,6,6,0,13,13,0,9,9,0,12,12,0,4,3,0,1,1,0,6,6,0,1,1,0,7,7,0,3,2,0
201401EK40428,-0.156854,51.572013,1,1,1,5,13.2,4,6,30,0,0,0,0,0,1,1,1,0,2,1,5,0,0,18,0,0,10,0,0,9,0,0,6,0,0,11,0,0,9,0,0,12,0,0,1,0,0,1,0,0,6,0,0,1,0,0,6,0,0,16,0,0
201401EK40506,-0.130829,51.516926,1,2,1,6,17.26,3,6,30,6,4,5,0,0,1,1,1,0,0,1,3,8,0,13,9,0,10,10,0,1,1,0,6,6,0,13,13,0,9,9,0,12,12,0,1,3,0,1,1,0,6,1,0,1,1,0,7,7,0,11,4,0
201401EK40539,-0.11655,51.520655,1,1,1,7,0.45,6,6,30,3,4,3,0,1,4,1,2,0,0,1,5,0,0,9,0,0,10,0,0,2,0,0,1,0,0,13,0,0,9,0,0,12,0,0,3,0,0,1,0,0,6,0,0,1,0,0,6,0,0,11,0,0
201401EK40665,-0.131555,51.530877,1,1,1,5,7.15,5,6,30,0,0,0,0,0,1,1,1,0,2,1,4,0,0,4,0,0,10,0,0,9,0,0,1,0,0,13,0,0,9,0,0,12,0,0,3,0,0,1,0,0,6,0,0,1,0,0,7,0,0,7,0,0
201401EK40671,-0.13803,51.538264,1,1,1,7,23.0,3,6,30,6,2,5,0,5,4,1,1,0,6,1,5,0,0,18,0,0,10,0,0,1,0,0,6,0,0,13,0,0,9,0,0,12,0,0,1,0,0,1,0,0,6,0,0,1,0,0,6,0,0,5,0,0
201401EK40687,-0.117861,51.520316,1,2,1,7,3.10,3,6,30,6,2,5,0,5,4,1,1,0,0,1,20,9,0,18,13,0,10,10,0,1,2,0,6,6,0,13,13,0,9,9,0,12,12,0,3,3,0,1,1,0,1,6,0,1,1,0,8,6,0,3,12,0
201401EK40738,-0.191044,51.554111,1,2,1,3,8.55,3,6,30,6,2,6,0,5,1,1,1,0,0,1,5,9,0,18,9,0,2,10,0,8,8,0,6,6,0,13,13,0,9,9,0,12,12,0,3,5,0,1,1,0,6,6,0,2,2,0,6,9,0,2,11,0
201401EK40781,-0.208475,51.551051,1,2,1,3,8.42,3,6,30,3,4,6,0,0,1,1,1,0,0,1,3,9,0,14,9,0,10,10,0,8,8,0,6,6,0,13,13,0,9,9,0,12,12,0,4,1,0,1,1,0,2,2,0,1,2,0,6,8,0,6,16,0
201401EK40799,-0.115825,51.52424,1,1,1,7,16.31,3,6,30,6,2,4,0,5,1,1,1,0,0,1,4,0,0,18,0,0,10,0,0,2,0,0,6,0,0,13,0,0,9,0,0,12,0,0,3,0,0,1,0,0,6,0,0,1,0,0,5,0,0,3,0,0
201401EK40829,-0.137562,51.542663,1,1,2,6,11.50,3,6,30,6,2,3,0,5,1,1,1,0,0,1,3,0,0,14,0,0,10,0,0,1,0,0,6,0,0,13,0,0,9,0,0,12,0,0,1,0,0,1,0,0,6,0,0,1,0,0,6,0,0,3,0,0
201401EK40851,-0.129094,51.524093,1,1,1,4,16.25,5,6,30,6,2,5,0,5,1,1,1,0,0,1,9,0,0,18,0,0,10,0,0,1,0,0,6,0,0,13,0,0,9,0,0,12,0,0,1,0,0,1,0,0,1,0,0,1,0,0,5,0,0,2,0,0
201401EK40966,-0.124683,51.540209,1,1,1,5,6.59,3,6,30,3,4,6,0,0,1,1,1,0,0,1,4,0,0,18,0,0,10,0,0,1,0,0,6,0,0,10,0,0,7,0,0,2,0,0,4,0,0,1,0,0,6,0,0,1,0,0,6,0,0,4,0,0
201401EK41025,-0.138479,51.534314,1,1,1,2,11.36,4,6,30,6,2,3,0,5,1,1,1,0,0,1,11,0,0,7,0,0,10,0,0,2,0,0,6,0,0,13,0,0,9,0,0,12,0,0,5,0,0,1,0,0,1,0,0,1,0,0,6,0,0,11,0,0
201401EK41051,-0.150503,51.561392,1,1,1,2,14.0,5,1,30,2,4,6,0,1,1,1,1,0,0,1,9,0,0,18,0,0,10,0,0,1,0,0,6,0,0,13,0,0,9,0,0,12,0,0,1,0,0,1,0,0,6,0,0,2,0,0,10,0,0,7,0,0
201401EK41059,-0.193004,51.551983,1,1,1,1,12.2,4,6,30,3,4,5,0,1,1,1,1,0,0,1,11,0,0,3,0,0,10,0,0,1,0,0,6,0,0,13,0,0,9,0,0,12,0,0,4,0,0,1,0,0,1,0,0,1,0,0,7,0,0,5,0,0
201401EK41080,-0.192165,51.536772,1,1,2,1,0.47,3,6,30,6,2,5,0,5,4,4,4,0,0,1,3,0,0,18,0,0,10,0,0,1,0,0,6,0,0,13,0,0,9,0,0,12,0,0,1,0,0,1,0,0,1,0,0,1,0,0,6,0,0,1,0,0
201401EO40026,-0.106861,51.531829,1,1,1,2,2.50,3,6,30,0,0,0,0,0,4,1,1,0,0,1,19,0,0,18,0,0,10,0,0,9,0,0,6,0,0,13,0,0,9,0,0,12,0,0,4,0,0,1,0,0,1,0,0,1,0,0,8,0,0,12,0,0
201401EO40028,-0.114585,51.554256,1,1,2,1,1.36,3,3,30,0,0,0,0,0,4,1,1,0,0,1,5,0,0,18,0,0,10,0,0,9,0,0,6,0,0,13,0,0,9,0,0,12,0,0,1,0,0,1,0,0,6,0,0,1,0,0,5,0,0,15,0,0
201401EO40057,-0.101091,51.528409,1,1,1,5,11.0,3,6,30,6,2,3,0,5,1,2,2,0,0,1,3,0,0,14,0,0,10,0,0,1,0,0,6,0,0,13,0,0,9,0,0,12,0,0,1,0,0,1,0,0,6,0,0,1,0,0,6,0,0,1,0,0
201401EO40066,-0.106236,51.532988,1,2,1,6,11.20,3,3,30,3,2,4,0,5,1,1,1,0,0,1,21,9,0,7,15,0,10,10,0,1,1,0,6,6,0,13,13,0,9,9,0,12,12,0,1,3,0,1,1,0,1,6,0,1,2,0,7,6,0,6,10,0
201401EO40077,-0.100876,51.537038,1,1,1,7,19.43,3,6,30,3,4,5,0,0,4,1,1,0,0,1,9,0,0,9,0,0,10,0,0,2,0,0,6,0,0,13,0,0,9,0,0,12,0,0,1,0,0,1,0,0,6,0,0,2,0,0,8,0,0,1,0,0
201401EO40117,-0.085915,51.546507,1,1,1,7,23.2,3,6,30,3,4,6,0,0,7,9,1,0,0,1,9,0,0,18,0,0,10,0,0,1,0,0,6,0,0,13,0,0,9,0,0,12,0,0,1,0,0,1,0,0,2,0,0,1,0,0,6,0,0,7,0,0
201401EO40127,-0.122546,51.567603,1,1,1,3,16.18,3,6,20,0,0,0,0,0,1,1,1,0,0,1,9,0,0,14,0,0,10,0,0,9,0,0,6,0,0,13,0,0,9,0,0,12,0,0,1,0,0,1,0,0,6,0,0,2,0,0,7,0,0,6,0,0
201401EO40128,-0.104279,51.562723,1,1,1,6,17.39,5,6,30,3,4,6,0,0,4,5,2,0,0,1,9,0,0,9,0,0,10,0,0,8,0,0,6,0,0,13,0,0,9,0,0,12,0,0,3,0,0,1,0,0,6,0,0,2,0,0,9,0,0,1,0,0
201401EO40155,-0.121502,51.533414,1,1,1,5,18.41,5,6,30,0,0,0,0,0,4,1,1,0,0,1,2,0,0,18,0,0,10,0,0,9,0,0,6,0,0,13,0,0,9,0,0,12,0,0,4,0,0,1,0,0,6,0,0,1,0,0,7,0,0,5,0,0
201401EO40170,-0.093873,51.528652,1,2,1,4,12.29,3,6,30,3,4,6,0,0,1,1,1,0,0,1,19,8,0,9,15,0,10,10,0,8,8,0,6,6,0,13,13,0,9,9,0,12,12,0,1,3,0,1,1,0,1,1,0,1,1,0,5,9,0,3,9,0
201401EO40176,-0.113044,51.56709,1,1,1,2,15.9,5,6,30,6,2,6,0,5,1,1,1,0,0,1,9,0,0,18,0,0,10,0,0,2,0,0,6,0,0,13,0,0,9,0,0,12,0,0,3,0,0,1,0,0,6,0,0,1,0,0,7,0,0,12,0,0
201401EO40212,-0.101146,51.544417,1,1,1,5,16.30,3,6,30,3,4,6,0,0,1,1,1,0,0,1,9,0,0,18,0,0,10,0,0,1,0,0,6,0,0,10,0,0,7,0,0,10,0,0,1,0,0,1,0,0,2,0,0,2,0,0,10,0,0,3,0,0
201401EO40229,-0.117722,51.534163,1,1,1,4,14.10,6,6,30,3,4,3,0,1,1,9,1,0,0,1,9,0,0,7,0,0,10,0,0,1,0,0,6,0,0,13,0,0,9,0,0,12,0,0,5,0,0,1,0,0,6,0,0,1,0,0,8,0,0,11,0,0
201401EO40357,-0.136185,51.562245,1,1,1,6,16.13,6,6,30,6,4,3,0,0,1,1,1,0,0,1,11,0,0,18,0,0,10,0,0,1,0,0,6,0,0,13,0,0,9,0,0,12,0,0,5,0,0,1,0,0,1,0,0,1,0,0,6,0,0,2,0,0
201401EO40388,-0.100351,51.546202,1,1,1,7,8.53,3,6,30,3,4,6,0,0,1,1,1,0,0,1,11,0,0,4,0,0,2,0,0,8,0,0,6,0,0,13,0,0,9,0,0,12,0,0,1,0,0,1,0,0,1,0,0,2,0,0,9,0,0,2,0,0
201401EO40405,-0.088094,51.5255,1,1,1,6,7.40,3,1,30,1,2,3,0,0,1,1,1,6,0,1,4,0,0,17,0,0,10,0,0,8,0,0,6,0,0,13,0,0,9,0,0,12,0,0,5,0,0,1,0,0,6,0,0,1,0,0,6,0,0,6,0,0
201401EO40443,-0.099243,51.524332,1,1,1,5,9.50,3,6,30,3,4,6,0,0,1,1,1,0,0,1,8,0,0,18,0,0,10,0,0,1,0,0,6,0,0,13,0,0,9,0,0,12,0,0,1,0,0,1,0,0,1,0,0,1,0,0,9,0,0,3,0,0
201401EO40451,-0.103802,51.546438,1,1,1,3,0.35,3,6,30,8,4,6,0,4,4,1,1,0,6,1,9,0,0,18,0,0,10,0,0,1,0,0,1,0,0,13,0,0,9,0,0,12,0,0,3,0,0,1,0,0,1,0,0,1,0,0,7,0,0,9,0,0
201401EO40457,-0.106254,51.532539,1,1,1,2,17.15,3,6,30,3,4,3,0,5,1,1,1,0,0,1,11,0,0,3,0,0,10,0,0,8,0,0,6,0,0,13,0,0,9,0,0,12,0,0,5,0,0,1,0,0,1,0,0,1,0,0,9,0,0,5,0,0
201401EO40493,-0.088052,51.526488,1,1,1,5,15.15,3,6,30,9,2,3,0,5,1,1,1,0,0,1,19,0,0,14,0,0,10,0,0,2,0,0,6,0,0,13,0,0,9,0,0,12,0,0,4,0,0,1,0,0,6,0,0,2,0,0,9,0,0,2,0,0
201401EO40560,-0.102239,51.545873,1,1,1,4,0.5,3,1,30,1,4,3,0,0,4,1,1,0,0,1,8,0,0,9,0,0,10,0,0,8,0,0,6,0,0,13,0,0,9,0,0,12,0,0,1,0,0,1,0,0,1,0,0,1,0,0,7,0,0,6,0,0
201401EO40572,-0.118506,51.557106,1,1,1,3,19.15,3,3,30,0,0,0,0,0,1,1,1,0,0,1,11,0,0,5,0,0,10,0,0,9,0,0,6,0,0,13,0,0,9,0,0,12,0,0,5,0,0,1,0,0,1,0,0,1,0,0,7,0,0,11,0,0
201401EO40595,-0.103377,51.546251,1,1,1,3,8.25,3,6,30,3,4,3,0,4,1,1,1,0,0,1,5,0,0,5,0,0,10,0,0,1,0,0,6,0,0,13,0,0,9,0,0,12,0,0,1,0,0,1,0,0,2,0,0,1,0,0,9,0,0,3,0,0
201401EO40602,-0.109271,51.550213,1,1,5,1,3.46,3,6,30,3,2,3,0,5,4,1,1,0,0,1,8,0,0,18,0,0,10,0,0,2,0,0,6,0,0,7,0,0,9,0,0,12,0,0,1,0,0,1,0,0,1,0,0,1,0,0,8,0,0,6,0,0
201401EO40614,-0.124118,51.560973,1,2,1,6,17.36,3,6,30,3,4,5,0,0,1,9,1,0,0,1,19,5,0,9,18,0,10,10,0,1,1,0,6,6,0,13,13,0,9,9,0,12,12,0,4,1,0,1,1,0,2,2,0,1,1,0,7,7,0,8,14,0
201401EO40693,-0.118014,51.558537,1,2,1,4,8.20,3,2,30,3,4,6,0,4,1,2,2,0,0,1,21,4,0,9,13,0,10,10,0,5,8,0,6,1,0,13,13,0,9,9,0,12,12,0,3,4,0,1,1,0,1,6,0,1,1,0,8,5,0,2,4,0
201401EO40724,-0.132906,51.5648,1,1,1,1,0.55,3,6,30,3,4,6,0,4,4,1,1,0,6,1,9,0,0,5,0,0,10,0,0,1,0,0,6,0,0,13,0,0,9,0,0,12,0,0,4,0,0,1,0,0,6,0,0,1,0,0,6,0,0,12,0,0
201401EO40749,-0.106535,51.532724,1,1,1,6,20.50,3,2,30,3,4,3,0,0,4,1,1,0,0,1,21,0,0,5,0,0,10,0,0,1,0,0,6,0,0,13,0,0,9,0,0,12,0,0,3,0,0,1,0,0,1,0,0,1,0,0,8,0,0,3,0,0
201401EO40832,-0.112288,51.547025,1,2,1,5,12.30,6,6,30,3,4,6,0,0,1,1,1,0,0,1,4,19,0,3,1,0,10,10,0,8,8,0,6,6,0,13,13,0,9,9,0,12,12,0,1,2,0,1,1,0,6,1,0,1,1,0,8,9,0,5,2,0
201401EO40836,-0.094423,51.539632,1,1,1,6,4.40,3,6,20,6,2,6,0,5,4,1,2,0,0,1,19,0,0,18,0,0,10,0,0,1,0,0,1,0,0,7,0,0,3,0,0,1,0,0,1,0,0,1,0,0,1,0,0,1,0,0,6,0,0,7,0,0
201401EO40841,-0.110886,51.54952,1,2,1,5,16.45,4,6,30,7,2,4,0,5,1,9,1,0,0,1,5,19,0,18,9,0,10,10,0,8,8,0,6,6,0,13,13,0,9,9,0,12,12,0,1,4,0,1,1,0,6,6,0,1,1,0,5,5,0,13,9,0
201401EO40845,-0.123855,51.553325,1,1,1,6,23.50,3,6,30,9,2,3,0,5,4,1,1,0,6,1,9,0,0,18,0,0,2,0,0,8,0,0,6,0,0,13,0,0,9,0,0,12,0,0,1,0,0,1,0,0,6,0,0,1,0,0,6,0,0,5,0,0
201401EO49009,-0.103445,51.544634,1,2,1,1,18.52,3,6,30,3,4,3,0,0,4,4,1,0,0,1,9,3,0,9,13,0,10,10,0,8,8,0,6,6,0,13,13,0,9,9,0,12,12,0,3,4,0,1,1,0,6,6,0,1,1,0,6,6,0,12,6,0
201401EO49092,-0.110916,51.524431,1,2,1,2,14.30,3,3,30,6,4,6,0,0,1,1,2,0,0,1,8,3,0,9,18,0,10,10,0,8,8,0,6,6,0,13,13,0,9,9,0,12,12,0,4,1,0,1,1,0,1,6,0,1,1,0,8,6,0,7,3,0
201401FH10012,-0.219178,51.509668,1,1,1,1,15.0,3,3,30,3,2,6,0,5,1,2,2,0,0,1,3,0,0,18,0,0,10,0,0,8,0,0,6,0,0,13,0,0,9,0,0,12,0,0,1,0,0,1,0,0,1,0,0,1,0,0,5,0,0,6,0,0
201401FH10040,-0.220008,51.484681,1,1,1,3,10.4,3,6,30,3,4,5,0,4,1,1,1,0,0,1,5,0,0,14,0,0,10,0,0,8,0,0,6,0,0,13,0,0,9,0,0,12,0,0,1,0,0,1,0,0,6,0,0,1,0,0,5,0,0,2,0,0
201401FH10062,-0.225256,51.512728,1,1,1,1,14.35,3,6,30,6,2,6,0,5,1,1,1,0,0,1,5,0,0,18,0,0,10,0,0,1,0,0,6,0,0,10,0,0,7,0,0,12,0,0,1,0,0,1,0,0,6,0,0,1,0,0,6,0,0,12,0,0
201401FH10064,-0.218672,51.504175,1,2,1,6,6.54,3,3,30,0,0,0,0,0,4,1,1,0,0,1,11,19,0,18,12,0,10,10,0,9,9,0,6,6,0,13,13,0,9,9,0,12,12,0,1,2,0,1,1,0,1,1,0,1,1,0,8,6,0,6,4,0
201401FH10089,-0.220808,51.486312,1,1,2,3,22.31,3,6,30,0,0,0,0,0,4,1,1,0,0,1,3,0,0,16,0,0,10,0,0,9,0,0,6,0,0,13,0,0,9,0,0,12,0,0,1,0,0,1,0,0,6,0,0,2,0,0,5,0,0,1,0,0
201401FH10090,-0.194318,51.478713,1,2,1,1,19.10,4,6,30,7,4,6,0,0,1,2,2,0,0,1,9,3,0,9,15,0,10,10,0,8,8,0,6,6,0,13,13,0,9,1,0,12,12,0,4,3,0,1,1,0,6,6,0,1,1,0,6,8,0,1,7,0
201401FH10111,-0.237247,51.530624,1,2,1,1,8.29,3,6,30,3,4,6,0,0,1,1,1,0,0,1,9,5,0,6,18,0,10,10,0,8,8,0,6,6,0,13,13,0,9,9,0,12,12,0,3,1,0,1,1,0,6,6,0,2,1,0,5,7,0,4,16,0
201401FH10122,-0.242875,51.515511,1,2,1,3,19.0,5,6,30,3,4,6,0,1,4,1,1,0,0,1,9,5,0,9,18,0,10,10,0,8,8,0,6,6,0,13,13,0,9,9,0,12,12,0,1,3,0,1,1,0,6,6,0,1,1,0,8,8,0,7,10,0
201401FH10207,-0.201737,51.484133,1,1,1,7,16.45,4,6,30,3,4,6,0,1,1,1,1,0,0,1,9,0,0,18,0,0,10,0,0,1,0,0,6,0,0,13,0,0,9,0,0,12,0,0,5,0,0,1,0,0,6,0,0,1,0,0,7,0,0,2,0,0
201401FH10235,-0.19081,51.472724,1,1,1,5,16.47,6,6,30,0,0,0,0,0,1,1,1,0,0,1,9,0,0,18,0,0,10,0,0,9,0,0,6,0,0,13,0,0,9,0,0,12,0,0,4,0,0,1,0,0,6,0,0,1,0,0,10,0,0,7,0,0
201401FH10275,-0.212263,51.472783,1,1,1,4,19.36,3,6,30,0,0,0,0,0,4,1,1,0,0,1,11,0,0,17,0,0,10,0,0,9,0,0,6,0,0,13,0,0,9,0,0,12,0,0,1,0,0,1,0,0,6,0,0,1,0,0,6,0,0,2,0,0
201401FH10290,-0.213003,51.494377,1,4,1,5,15.22,3,6,30,3,4,6,0,0,1,1,1,0,0,1,19,19,9,18,18,12,10,10,10,8,8,8,6,6,6,13,13,13,9,9,9,12,12,12,3,1,1,1,1,1,1,1,6,1,1,1,8,8,11,8,12,5
201401FH10393,-0.196819,51.473716,1,1,1,3,16.29,3,6,30,3,4,6,0,1,1,1,1,0,0,1,19,0,0,4,0,0,10,0,0,1,0,0,6,0,0,13,0,0,9,0,0,12,0,0,3,0,0,1,0,0,2,0,0,1,0,0,6,0,0,3,0,0
201401FH10396,-0.197165,51.48685,1,1,1,1,17.0,3,6,30,6,4,6,0,0,1,1,1,0,0,1,9,0,0,9,0,0,10,0,0,8,0,0,6,0,0,13,0,0,9,0,0,12,0,0,3,0,0,1,0,0,6,0,0,1,0,0,7,0,0,6,0,0
201401FH10426,-0.230766,51.496984,1,1,1,1,19.28,6,6,30,3,4,6,0,0,1,1,1,0,0,1,9,0,0,9,0,0,10,0,0,2,0,0,6,0,0,13,0,0,9,0,0,12,0,0,1,0,0,1,0,0,6,0,0,2,0,0,8,0,0,13,0,0
201401FH10556,-0.196423,51.480094,1,1,1,7,23.31,3,6,30,3,4,6,0,4,4,1,1,0,0,1,8,0,0,18,0,0,10,0,0,8,0,0,6,0,0,13,0,0,9,0,0,12,0,0,1,0,0,1,0,0,1,0,0,1,0,0,8,0,0,3,0,0
201401FH10558,-0.224619,51.506873,1,2,2,1,1.30,3,6,30,0,0,0,0,0,4,1,1,0,0,1,9,5,0,6,18,0,10,10,0,9,9,0,6,6,0,13,13,0,9,9,0,12,12,0,3,1,0,1,1,0,6,6,0,1,1,0,8,6,0,12,7,0
201401FH10572,-0.217234,51.478254,1,1,1,4,16.48,3,6,30,0,0,0,0,0,1,2,2,0,0,1,3,0,0,4,0,0,10,0,0,9,0,0,1,0,0,13,0,0,9,0,0,12,0,0,5,0,0,1,0,0,2,0,0,1,0,0,8,0,0,1,0,0
201401FH10578,-0.234385,51.492812,1,1,1,5,10.10,3,2,30,6,4,3,0,1,1,1,1,0,0,1,9,0,0,18,0,0,10,0,0,8,0,0,6,0,0,13,0,0,9,0,0,12,0,0,1,0,0,1,0,0,2,0,0,1,0,0,8,0,0,11,0,0
201401FH10605,-0.224404,51.504981,1,1,2,1,13.15,3,6,30,3,4,3,0,0,1,2,2,0,0,1,9,0,0,17,0,0,10,0,0,8,0,0,6,0,0,13,0,0,9,0,0,12,0,0,1,0,0,1,0,0,2,0,0,2,0,0,9,0,0,8,0,0
201401FH10681,-0.22027,51.50384,1,1,1,1,18.11,3,6,30,0,0,0,0,5,4,2,2,0,0,1,9,0,0,18,0,0,10,0,0,9,0,0,6,0,0,13,0,0,9,0,0,12,0,0,4,0,0,1,0,0,6,0,0,1,0,0,6,0,0,9,0,0
201401FH10715,-0.220414,51.503842,1,2,1,5,16.37,3,2,30,3,2,6,0,5,4,1,1,0,0,1,9,4,0,3,18,0,10,10,0,8,8,0,6,6,0,13,13,0,9,9,0,12,12,0,2,1,0,1,1,0,6,6,0,1,1,0,6,5,0,14,15,0
201401FH10717,-0.197017,51.486938,1,1,1,7,20.50,3,6,30,0,0,0,0,0,4,1,1,0,0,1,9,0,0,18,0,0,10,0,0,9,0,0,6,0,0,13,0,0,9,0,0,12,0,0,1,0,0,1,0,0,6,0,0,2,0,0,6,0,0,10,0,0
201401GD10054,-0.086927,51.573952,1,1,1,6,19.27,3,6,30,0,0,0,0,0,4,1,1,0,0,1,9,0,0,5,0,0,10,0,0,9,0,0,6,0,0,13,0,0,7,0,0,10,0,0,4,0,0,1,0,0,6,0,0,1,0,0,10,0,0,16,0,0
201401GD10097,-0.054513,51.555703,1,1,1,5,15.6,6,6,30,9,4,6,0,0,1,4,1,0,0,1,9,0,0,7,0,0,10,0,0,8,0,0,6,0,0,13,0,0,9,0,0,12,0,0,1,0,0,1,0,0,6,0,0,1,0,0,9,0,0,1,0,0
201401GD10111,-0.048119,51.546694,1,1,1,3,20.40,4,6,30,3,2,5,0,5,1,8,2,0,0,1,3,0,0,4,0,0,10,0,0,1,0,0,6,0,0,13,0,0,9,0,0,12,0,0,4,0,0,1,0,0,6,0,0,1,0,0,7,0,0,3,0,0
201401GD10112,-0.079458,51.535431,1,2,2,2,15.15,6,6,30,3,4,6,0,0,1,1,1,0,0,1,3,3,0,18,5,0,10,10,0,2,2,0,6,6,0,13,13,0,9,9,0,12,12,0,1,3,0,1,1,0,6,6,0,1,1,0,4,4,0,8,1,0
201401GD10130,-0.090744,51.572395,1,2,1,7,17.38,3,6,30,6,2,3,0,5,1,4,1,0,0,1,3,9,0,18,9,0,10,10,0,8,8,0,6,6,0,13,13,0,9,9,0,12,12,0,1,4,0,1,1,0,1,6,0,1,1,0,5,6,0,10,16,0
201401GD10348,-0.096349,51.562594,1,1,1,5,8.30,4,6,30,6,2,5,0,5,1,1,2,0,0,1,9,0,0,18,0,0,10,0,0,1,0,0,6,0,0,13,0,0,9,0,0,12,0,0,1,0,0,1,0,0,6,0,0,2,0,0,8,0,0,9,0,0
201401GD10369,-0.043807,51.546352,1,1,1,3,10.4,6,6,30,9,4,6,0,0,1,1,2,0,2,1,2,0,0,18,0,0,10,0,0,1,0,0,6,0,0,13,0,0,9,0,0,12,0,0,3,0,0,1,0,0,6,0,0,1,0,0,6,0,0,7,0,0
201401GD10405,-0.070844,51.561818,1,1,2,5,0.55,3,6,30,3,4,6,0,0,4,1,2,0,0,1,9,0,0,18,0,0,10,0,0,1,0,0,6,0,0,13,0,0,7,0,0,2,0,0,1,0,0,1,0,0,6,0,0,1,0,0,5,0,0,13,0,0
201401GD10514,-0.048227,51.537433,1,2,1,7,15.8,3,6,30,3,4,6,0,0,1,1,1,0,0,1,9,4,0,9,18,0,10,10,0,8,8,0,6,6,0,13,13,0,9,9,0,12,12,0,3,1,0,1,1,0,6,6,0,1,1,0,6,6,0,7,35,0
201401GD10725,-0.067848,51.574628,1,1,1,6,13.50,6,6,30,0,0,0,0,0,1,1,1,0,0,1,9,0,0,14,0,0,10,0,0,9,0,0,6,0,0,13,0,0,9,0,0,12,0,0,1,0,0,1,0,0,6,0,0,1,0,0,6,0,0,11,0,0
201401GD10730,-0.042077,51.546323,1,2,1,6,15.50,5,6,30,0,0,0,0,0,1,1,1,0,0,1,9,2,0,2,18,0,10,10,0,9,9,0,6,6,0,13,8,0,9,9,0,12,12,0,3,1,0,1,1,0,2,6,0,1,1,0,7,5,0,6,8,0
201401GD10822,-0.102115,51.566195,1,2,1,4,9.53,3,6,30,3,4,5,0,0,1,1,2,0,0,1,9,3,0,9,15,0,10,2,0,8,8,0,6,6,0,13,13,0,9,9,0,12,12,0,4,1,0,1,1,0,1,6,0,1,1,0,6,6,0,1,1,0
201401GD10939,-0.072482,51.574255,1,1,1,2,9.40,3,6,30,0,0,0,0,0,1,1,2,0,0,1,19,0,0,18,0,0,10,0,0,9,0,0,6,0,0,13,0,0,9,0,0,12,0,0,1,0,0,1,0,0,1,0,0,1,0,0,7,0,0,2,0,0
201401HT20005,-0.043061,51.516664,1,1,1,6,19.24,4,6,30,3,4,5,0,1,4,1,2,0,0,1,9,0,0,18,0,0,10,0,0,2,0,0,6,0,0,13,0,0,9,0,0,12,0,0,1,0,0,1,0,0,6,0,0,1,0,0,8,0,0,8,0,0
201401HT20009,-0.052554,51.520509,1,1,1,1,20.16,3,6,30,0,0,0,0,0,4,2,2,0,0,1,11,0,0,14,0,0,10,0,0,9,0,0,6,0,0,13,0,0,9,0,0,12,0,0,1,0,0,1,0,0,1,0,0,1,0,0,9,0,0,3,0,0
201401HT20012,-0.062301,51.518422,1,1,1,5,17.14,3,3,30,0,0,0,0,0,4,1,1,0,0,1,11,0,0,18,0,0,10,0,0,9,0,0,6,0,0,13,0,0,9,0,0,12,0,0,5,0,0,1,0,0,1,0,0,1,0,0,7,0,0,3,0,0
201401HT20127,-0.047269,51.522759,1,1,1,4,20.10,4,6,30,3,4,6,0,1,4,2,2,0,0,1,8,0,0,18,0,0,10,0,0,1,0,0,6,0,0,13,0,0,9,0,0,12,0,0,1,0,0,1,0,0,1,0,0,1,0,0,7,0,0,5,0,0
201401HT20129,-0.069753,51.516027,1,2,1,3,21.20,3,6,30,3,2,4,0,5,4,1,1,0,0,1,9,5,0,9,18,0,10,10,0,8,8,0,6,6,0,13,13,0,9,9,0,12,12,0,4,1,0,1,1,0,6,6,0,1,1,0,6,6,0,1,5,0
201401HT20174,-0.064207,51.521061,1,2,1,2,22.0,4,6,30,3,4,6,0,0,4,1,2,0,0,1,19,5,0,9,13,0,10,10,0,8,8,0,6,6,0,13,13,0,9,9,0,12,12,0,3,4,0,1,1,0,6,1,0,1,1,0,9,7,0,8,6,0