Accident_Index,Longitude,Latitude,SV,Number_of_Vehicles,Number_of_Casualties,Day_of_Week,Time,1st_Road_Class,Road_Type,Speed_limit,Junction_Detail,Junction_Control,2nd_Road_Class,Pedestrian_Crossing-Human_Control,Pedestrian_Crossing-Physical_Facilities,Light_Conditions,Weather_Conditions,Road_Surface_Conditions,Special_Conditions_at_Site,Carriageway_Hazards,Urban_or_Rural_Area,Vehicle1_Type,Vehicle2_Type,Vehicle3_Type,Vehicle1_Manoeuvre,Vehicle2_Manoeuvre,Vehicle3_Manoeuvre,Vehicle1_Location-Restricted_Lane,Vehicle2_Location-Restricted_Lane,Vehicle3_Location-Restricted_Lane,Junction1_Location,Junction2_Location,Junction3_Location,Skidding1_and_Overturning,Skidding2_and_Overturning,Skidding3_and_Overturning,Hit_Object_in_Carriageway1,Hit_Object_in_Carriageway2,Hit_Object_in_Carriageway3,Vehicle1_Leaving_Carriageway,Vehicle2_Leaving_Carriageway,Vehicle3_Leaving_Carriageway,Hit_Object_off_Carriageway1,Hit_Object_off_Carriageway2,Hit_Object_off_Carriageway3,1st_Point_of_Impact1,1st_Point_of_Impact2,1st_Point_of_Impact3,Was_Vehicle 1_Left_Hand_Drive?,Was_Vehicle2_Left_Hand_Drive?,Was_Vehicle 3_Left_Hand_Drive?,Journey_Purpose_of_Driver1,Journey_Purpose_of_Driver2,Journey_Purpose_of_Driver3,Sex_of_Driver1,Sex_of_Driver2,Sex_of_Driver3,Age_Band_of_Driver1,Age_Band_of_Driver2,Age_Band_of_Driver3,Age_of_Vehicle1,Age_of_Vehicle2,Age_of_Vehicle3
201401HT20339,-0.007538,51.511569,1,2,1,2,18.14,3,3,30,5,2,3,0,5,1,1,1,0,0,1,5,11,0,18,18,0,10,10,0,8,8,0,6,6,0,13,13,0,9,9,0,12,12,0,1,4,0,1,1,0,2,1,0,1,1,0,8,9,0,2,2,0
201401HT20358,-0.056334,51.519762,1,1,2,5,9.0,3,6,30,6,2,3,0,5,1,2,2,0,0,1,5,0,0,18,0,0,10,0,0,8,0,0,6,0,0,13,0,0,9,0,0,12,0,0,4,0,0,1,0,0,6,0,0,1,0,0,6,0,0,14,0,0
201401HT20364,-0.074942,51.526274,1,1,2,1,18.30,4,1,30,1,4,4,0,0,1,1,1,0,0,1,9,0,0,17,0,0,10,0,0,8,0,0,6,0,0,10,0,0,8,0,0,10,0,0,1,0,0,1,0,0,6,0,0,1,0,0,4,0,0,9,0,0
201401HT20369,-0.067991,51.516807,1,2,2,2,14.40,3,6,30,0,0,0,0,0,1,1,1,0,0,1,9,3,0,11,18,0,10,10,0,9,9,0,6,6,0,13,13,0,9,9,0,12,12,0,4,3,0,1,1,0,2,6,0,1,1,0,6,7,0,7,3,0
201401HT20407,-0.064327,51.52502,1,2,1,6,18.34,4,6,30,0,0,0,0,0,1,1,1,0,0,1,9,3,0,3,18,0,10,10,0,9,9,0,6,6,0,13,13,0,9,9,0,12,12,0,3,1,0,1,1,0,6,6,0,2,1,0,6,7,0,7,1,0
201401HT20474,-0.058154,51.517634,1,1,1,3,13.55,5,6,30,3,4,6,0,0,1,1,1,0,0,1,9,0,0,9,0,0,10,0,0,2,0,0,6,0,0,13,0,0,9,0,0,12,0,0,1,0,0,1,0,0,6,0,0,1,0,0,6,0,0,10,0,0
201401HT20502,-0.072634,51.516074,1,2,1,3,16.23,3,6,30,0,0,0,0,0,1,1,1,0,0,1,19,3,0,6,18,0,10,10,0,9,9,0,6,6,0,13,13,0,9,9,0,12,12,0,3,1,0,1,1,0,1,2,0,1,1,0,6,5,0,1,6,0
201401HT20511,-0.028782,51.510219,1,1,1,5,18.55,6,6,30,3,4,6,0,0,1,1,1,0,0,1,9,0,0,18,0,0,10,0,0,1,0,0,6,0,0,13,0,0,9,0,0,12,0,0,1,0,0,1,0,0,6,0,0,1,0,0,7,0,0,10,0,0
201401HT20519,-0.053304,51.529964,1,1,1,6,13.45,4,6,30,0,0,0,0,0,1,1,1,0,0,1,9,0,0,18,0,0,10,0,0,9,0,0,6,0,0,13,0,0,9,0,0,12,0,0,1,0,0,1,0,0,6,0,0,2,0,0,6,0,0,12,0,0
201401HT20526,-0.020258,51.510705,1,2,3,7,21.35,3,6,30,0,0,0,0,0,4,1,1,0,0,1,19,9,0,18,18,0,10,10,0,9,9,0,6,6,0,13,13,0,9,9,0,12,12,0,1,1,0,1,1,0,6,6,0,1,1,0,6,8,0,8,11,0
201401HT20542,-0.062377,51.516625,1,1,1,6,15.0,4,6,30,3,4,6,0,0,1,1,1,0,0,1,3,0,0,18,0,0,10,0,0,2,0,0,6,0,0,13,0,0,9,0,0,12,0,0,1,0,0,1,0,0,6,0,0,1,0,0,4,0,0,5,0,0
201401HT20578,-0.027876,51.517848,1,1,1,4,9.16,6,6,30,0,0,0,0,0,1,1,1,0,0,1,19,0,0,18,0,0,10,0,0,9,0,0,6,0,0,13,0,0,9,0,0,12,0,0,4,0,0,1,0,0,6,0,0,1,0,0,7,0,0,12,0,0
201401HT20612,-0.02023,51.527971,1,2,1,7,11.7,3,6,30,0,0,0,0,0,1,1,1,0,0,1,5,11,0,12,18,0,10,10,0,9,9,0,6,6,0,13,13,0,9,9,0,12,12,0,3,4,0,1,1,0,1,1,0,1,1,0,6,8,0,12,3,0
201401HT20648,-0.060589,51.514617,1,2,1,3,16.0,3,6,30,6,4,6,0,0,1,1,1,0,0,1,5,9,0,18,2,0,10,10,0,1,1,0,6,6,0,4,13,0,9,9,0,12,12,0,1,2,0,1,1,0,6,6,0,1,1,0,8,7,0,12,7,0
201401HT20702,-0.061764,51.514097,1,1,2,6,14.35,4,6,30,0,0,0,0,0,1,1,2,0,0,1,3,0,0,18,0,0,10,0,0,9,0,0,6,0,0,13,0,0,9,0,0,12,0,0,1,0,0,1,0,0,6,0,0,1,0,0,7,0,0,15,0,0
201401HT20751,-0.017329,51.528372,1,1,1,3,7.16,3,6,30,0,0,0,0,0,1,1,1,0,0,1,5,0,0,18,0,0,10,0,0,9,0,0,1,0,0,13,0,0,9,0,0,12,0,0,4,0,0,1,0,0,6,0,0,1,0,0,8,0,0,2,0,0
201401HT20892,-0.024652,51.509071,1,1,1,4,5.11,4,3,50,0,0,0,0,0,4,1,1,0,0,1,9,0,0,18,0,0,10,0,0,9,0,0,1,0,0,13,0,0,2,0,0,7,0,0,4,0,0,1,0,0,2,0,0,2,0,0,8,0,0,14,0,0
201401HT20951,-0.019501,51.528139,1,1,1,6,14.0,3,6,30,3,2,4,0,5,1,1,1,0,0,1,9,0,0,18,0,0,10,0,0,1,0,0,6,0,0,13,0,0,9,0,0,12,0,0,3,0,0,1,0,0,6,0,0,1,0,0,6,0,0,9,0,0
201401HT20988,-0.032297,51.512257,1,1,1,7,1.55,3,6,30,3,2,6,0,5,4,1,2,0,0,1,9,0,0,18,0,0,10,0,0,1,0,0,6,0,0,13,0,0,9,0,0,12,0,0,1,0,0,1,0,0,1,0,0,1,0,0,7,0,0,9,0,0
201401HT21128,-0.03991,51.522906,1,1,1,6,15.15,3,6,30,3,4,5,0,4,1,1,2,0,0,1,9,0,0,18,0,0,10,0,0,2,0,0,6,0,0,13,0,0,9,0,0,12,0,0,1,0,0,1,0,0,6,0,0,1,0,0,5,0,0,10,0,0
201401HT29044,-0.073418,51.514558,1,1,1,3,14.0,3,6,30,3,4,6,0,0,1,1,1,0,0,1,19,0,0,18,0,0,10,0,0,2,0,0,6,0,0,13,0,0,9,0,0,12,0,0,1,0,0,1,0,0,6,0,0,1,0,0,8,0,0,12,0,0
201401HT29141,-0.025788,51.50945,1,1,1,3,12.35,3,3,30,3,2,3,0,5,1,1,1,0,0,1,9,0,0,18,0,0,10,0,0,1,0,0,6,0,0,13,0,0,9,0,0,12,0,0,3,0,0,1,0,0,6,0,0,1,0,0,5,0,0,13,0,0
201401JC30063,-0.00204,51.58117,1,1,1,3,15.55,6,6,30,3,4,6,0,0,1,1,1,0,0,1,9,0,0,18,0,0,10,0,0,2,0,0,6,0,0,13,0,0,9,0,0,12,0,0,3,0,0,1,0,0,1,0,0,1,0,0,8,0,0,6,0,0
201401JC30084,-0.01341,51.57201,1,1,1,6,20.40,5,6,30,3,4,6,0,0,4,1,1,0,0,1,19,0,0,9,0,0,10,0,0,8,0,0,6,0,0,13,0,0,9,0,0,12,0,0,1,0,0,1,0,0,1,0,0,1,0,0,7,0,0,7,0,0
201401JC30093,-0.019485,51.584973,1,1,1,6,15.15,3,6,30,6,2,3,0,5,1,2,2,0,0,1,9,0,0,14,0,0,10,0,0,1,0,0,6,0,0,13,0,0,9,0,0,12,0,0,1,0,0,1,0,0,1,0,0,1,0,0,8,0,0,10,0,0
201401JC30095,-0.027835,51.582146,1,1,1,1,14.30,5,6,30,3,2,5,0,5,1,1,1,0,0,1,9,0,0,18,0,0,10,0,0,2,0,0,6,0,0,13,0,0,9,0,0,12,0,0,1,0,0,1,0,0,6,0,0,2,0,0,4,0,0,14,0,0
201401JC30099,0.003125,51.61984,1,1,1,1,11.59,6,6,30,0,0,0,0,0,1,1,1,0,0,1,9,0,0,18,0,0,10,0,0,9,0,0,6,0,0,13,0,0,9,0,0,12,0,0,3,0,0,1,0,0,6,0,0,2,0,0,6,0,0,2,0,0
201401JC30191,-0.02536,51.605935,1,3,2,6,19.50,3,3,50,5,4,6,0,0,4,1,2,0,0,1,9,9,9,4,18,18,10,10,10,1,1,1,6,6,6,13,13,13,9,9,9,12,12,12,2,1,1,1,1,1,6,6,6,2,1,1,5,5,8,1,1,11
201401JC30193,-0.001141,51.608223,1,1,3,6,11.4,4,6,30,0,0,0,0,4,1,1,1,0,0,1,9,0,0,18,0,0,10,0,0,9,0,0,6,0,0,13,0,0,9,0,0,12,0,0,1,0,0,1,0,0,6,0,0,1,0,0,11,0,0,3,0,0
201401JC30245,-0.018982,51.583256,1,1,1,7,0.50,3,6,30,6,2,5,0,5,4,1,1,0,0,1,9,0,0,18,0,0,10,0,0,2,0,0,6,0,0,13,0,0,9,0,0,12,0,0,1,0,0,1,0,0,6,0,0,1,0,0,4,0,0,5,0,0
201401JC30253,-0.022443,51.589969,1,2,1,7,19.30,6,6,30,0,0,0,0,0,1,1,1,0,0,1,5,9,0,18,2,0,10,10,0,9,9,0,6,6,0,4,13,0,9,9,0,12,12,0,3,3,0,1,1,0,6,6,0,1,2,0,6,8,0,9,5,0
201401JC30320,-0.015284,51.61179,1,2,3,6,18.40,6,6,30,3,4,6,0,0,1,1,1,0,0,1,9,9,0,2,18,0,10,10,0,2,2,0,6,6,0,4,13,0,9,9,0,12,12,0,3,4,0,1,1,0,6,6,0,2,2,0,7,5,0,9,6,0
201401JC30411,-0.00973,51.573657,1,1,1,5,17.15,3,6,30,3,4,3,0,1,1,1,1,0,0,1,11,0,0,18,0,0,10,0,0,1,0,0,6,0,0,13,0,0,9,0,0,12,0,0,1,0,0,1,0,0,1,0,0,1,0,0,10,0,0,3,0,0
201401JC30509,-0.027111,51.595533,1,1,1,6,9.40,6,6,30,0,0,0,0,0,1,1,1,0,0,1,11,0,0,18,0,0,10,0,0,9,0,0,6,0,0,13,0,0,9,0,0,12,0,0,5,0,0,1,0,0,1,0,0,1,0,0,7,0,0,2,0,0
201401JC30756,-0.014212,51.556916,1,2,1,6,8.10,3,6,30,3,4,3,0,0,1,2,2,0,0,1,3,9,0,17,17,0,10,10,0,1,1,0,6,6,0,13,10,0,9,9,0,12,12,0,4,1,0,1,1,0,1,6,0,1,1,0,7,6,0,2,6,0
201401JC30823,-0.011124,51.564867,1,2,1,4,11.30,3,6,30,3,4,6,0,0,1,1,1,0,0,1,19,11,0,18,18,0,10,10,0,1,1,0,6,6,0,13,13,0,9,9,0,12,12,0,1,1,0,1,1,0,1,1,0,1,1,0,8,5,0,1,11,0
201401JC30832,-0.032349,51.581232,1,1,1,2,17.43,6,2,30,3,4,6,0,0,4,1,2,0,0,1,11,0,0,5,0,0,10,0,0,2,0,0,6,0,0,13,0,0,9,0,0,12,0,0,3,0,0,1,0,0,1,0,0,2,0,0,8,0,0,1,0,0
201401JC30921,-0.01477,51.573922,1,3,5,3,23.26,3,6,30,3,4,6,0,0,4,1,1,0,0,1,9,9,8,18,9,18,10,10,10,8,8,1,6,6,6,13,13,13,9,9,9,12,12,12,1,4,1,1,1,1,6,6,6,2,1,1,6,4,9,12,3,7
201401JI40112,0.039217,51.596737,1,1,1,1,5.47,3,6,30,0,0,0,0,0,4,1,1,0,0,1,9,0,0,18,0,0,10,0,0,9,0,0,6,0,0,10,0,0,1,0,0,1,0,0,4,0,0,1,0,0,6,0,0,1,0,0,7,0,0,15,0,0
201401JI40124,0.083495,51.573567,1,3,1,4,7.35,3,6,30,6,2,5,0,5,1,1,1,0,3,1,9,9,9,4,18,18,10,10,10,1,1,1,6,6,6,13,13,1,9,9,9,12,12,12,2,1,1,1,1,1,1,6,6,1,1,1,7,5,8,7,10,2
201401JI40158,0.065732,51.576489,1,1,1,2,18.0,3,6,30,1,4,3,0,7,4,2,2,0,0,1,9,0,0,18,0,0,10,0,0,1,0,0,6,0,0,13,0,0,9,0,0,12,0,0,1,0,0,1,0,0,6,0,0,1,0,0,9,0,0,15,0,0
201401JI40164,0.084806,51.561223,1,1,1,5,16.9,3,6,30,3,2,6,0,5,1,1,1,0,0,1,9,0,0,9,0,0,10,0,0,2,0,0,6,0,0,13,0,0,9,0,0,12,0,0,1,0,0,1,0,0,6,0,0,1,0,0,6,0,0,6,0,0
201401JI40247,0.079538,51.562756,1,1,1,6,18.5,5,6,30,0,0,0,0,0,1,1,1,0,0,1,9,0,0,18,0,0,10,0,0,9,0,0,6,0,0,13,0,0,9,0,0,12,0,0,4,0,0,1,0,0,6,0,0,1,0,0,9,0,0,6,0,0
201401JI40279,0.073186,51.553156,1,1,1,4,1.55,3,6,30,3,4,6,0,0,4,1,1,0,0,1,19,0,0,18,0,0,10,0,0,1,0,0,6,0,0,10,0,0,1,0,0,2,0,0,1,0,0,1,0,0,1,0,0,1,0,0,7,0,0,5,0,0
201401JI40300,0.085256,51.552133,1,2,1,6,17.11,6,1,30,2,4,6,0,0,1,1,1,0,0,1,9,9,0,18,18,0,10,10,0,8,8,0,6,6,0,13,13,0,1,9,0,12,12,0,3,1,0,1,1,0,6,6,0,1,1,0,6,7,0,9,14,0
201401JI40334,0.08587,51.556078,1,2,4,7,18.0,6,6,30,3,4,6,0,0,1,1,1,0,0,1,90,9,0,18,3,0,10,10,0,1,2,0,6,6,0,13,13,0,9,9,0,12,12,0,1,1,0,1,1,0,6,6,0,1,1,0,6,10,0,5,12,0
201401JI40450,0.091809,51.562897,1,2,3,6,14.10,3,6,30,3,4,6,0,1,1,1,1,0,0,1,9,9,0,18,9,0,10,10,0,1,6,0,6,6,0,13,13,0,9,9,0,12,12,0,4,1,0,1,1,0,6,6,0,2,2,0,6,5,0,8,5,0
201401JI40466,0.081017,51.588809,1,1,1,3,10.18,3,6,30,0,0,0,0,0,1,1,1,0,0,1,11,0,0,4,0,0,10,0,0,9,0,0,6,0,0,13,0,0,9,0,0,12,0,0,5,0,0,1,0,0,1,0,0,1,0,0,8,0,0,11,0,0
201401JI40479,0.063997,51.570045,1,1,1,7,17.58,3,6,30,3,4,6,0,0,1,1,1,0,0,1,9,0,0,14,0,0,10,0,0,2,0,0,6,0,0,13,0,0,9,0,0,12,0,0,3,0,0,1,0,0,6,0,0,2,0,0,6,0,0,6,0,0
201401JI40483,0.101078,51.582426,1,1,1,6,15.38,6,6,30,0,0,0,0,0,1,1,1,0,0,1,9,0,0,18,0,0,10,0,0,9,0,0,6,0,0,13,0,0,9,0,0,12,0,0,4,0,0,1,0,0,6,0,0,2,0,0,7,0,0,18,0,0
201401JI40490,0.026987,51.575006,1,2,1,4,12.50,3,3,50,0,0,0,0,0,1,1,1,0,0,1,9,5,0,4,18,0,10,10,0,9,9,0,6,6,0,13,13,0,9,9,0,12,12,0,1,2,0,1,1,0,2,6,0,2,1,0,6,8,0,12,20,0
201401JI40639,0.066288,51.585562,1,2,1,3,19.17,5,6,30,3,4,6,0,0,4,1,1,0,0,1,19,4,0,9,13,0,10,10,0,8,8,0,6,1,0,13,13,0,9,9,0,12,12,0,3,3,0,1,1,0,1,1,0,1,1,0,8,8,0,1,12,0
201401JI40652,0.042063,51.615123,1,2,1,4,4.15,5,6,30,3,4,6,0,0,4,1,1,0,0,1,9,9,0,17,2,0,10,10,0,8,8,0,6,6,0,4,13,0,9,9,0,12,12,0,4,2,0,1,1,0,6,6,0,1,1,0,5,7,0,12,2,0
201401JI40761,0.044592,51.574971,1,3,3,4,9.22,3,7,40,1,4,3,0,0,1,2,2,0,0,1,9,9,9,18,18,18,10,10,10,7,7,7,6,6,6,13,13,13,9,9,9,12,12,12,1,3,2,1,1,1,6,6,1,1,1,2,7,7,6,12,13,2
201401JI40775,0.09166,51.56281,1,1,1,6,16.20,3,6,30,3,4,6,0,4,1,1,1,0,0,1,9,0,0,18,0,0,10,0,0,8,0,0,6,0,0,13,0,0,9,0,0,12,0,0,4,0,0,1,0,0,6,0,0,1,0,0,6,0,0,8,0,0
201401JI40827,0.08542,51.558874,1,2,1,2,19.3,3,6,30,6,4,6,0,1,4,1,1,0,0,1,9,4,0,18,18,0,10,10,0,8,8,0,6,6,0,13,13,0,9,9,0,12,12,0,1,4,0,1,1,0,6,6,0,1,1,0,5,6,0,4,1,0
201401KD50023,0.267088,51.565216,1,1,1,2,15.45,5,6,30,0,0,0,0,0,1,1,2,0,0,1,9,0,0,18,0,0,10,0,0,9,0,0,6,0,0,13,0,0,9,0,0,12,0,0,1,0,0,1,0,0,3,0,0,2,0,0,7,0,0,2,0,0
201401KD50078,0.207193,51.609615,1,2,2,5,9.57,5,6,30,3,2,5,0,0,1,1,1,4,0,1,9,19,0,18,9,0,10,10,0,8,8,0,6,6,0,13,13,0,9,9,0,12,12,0,3,1,0,1,1,0,6,1,0,1,2,0,10,6,0,3,7,0
201401KD50143,0.164702,51.581719,1,2,1,6,21.10,3,3,50,6,2,5,0,5,4,2,2,0,0,1,5,9,0,18,3,0,10,10,0,1,1,0,6,6,0,13,13,0,9,9,0,12,12,0,1,2,0,1,1,0,2,2,0,1,1,0,7,6,0,5,7,0
201401KD50187,0.17668,51.581677,1,1,3,6,13.56,3,6,30,0,0,0,0,0,1,1,1,0,0,1,5,0,0,18,0,0,10,0,0,9,0,0,6,0,0,13,0,0,9,0,0,12,0,0,1,0,0,1,0,0,6,0,0,1,0,0,5,0,0,9,0,0
201401KD50188,0.160744,51.580443,1,1,1,1,18.15,3,3,50,0,0,0,0,0,1,2,2,0,0,2,9,0,0,16,0,0,9,0,0,9,0,0,1,0,0,10,0,0,1,0,0,2,0,0,1,0,0,1,0,0,6,0,0,1,0,0,5,0,0,7,0,0
201401KD50203,0.269184,51.589907,1,2,1,1,7.50,5,6,30,0,0,0,0,0,1,1,1,0,0,2,9,3,0,6,18,0,10,10,0,9,9,0,6,6,0,13,13,0,9,9,0,12,12,0,3,1,0,1,1,0,2,2,0,1,2,0,7,7,0,1,3,0
201401KD50217,0.179855,51.596727,1,1,1,2,8.53,6,6,30,0,0,0,0,0,1,2,2,0,0,1,9,0,0,18,0,0,10,0,0,9,0,0,6,0,0,13,0,0,9,0,0,12,0,0,1,0,0,1,0,0,3,0,0,2,0,0,6,0,0,4,0,0
201401KD50245,0.249179,51.556118,1,2,2,7,0.47,3,6,30,6,2,5,0,5,4,1,1,0,0,1,2,9,0,9,18,0,10,10,0,5,8,0,6,6,0,13,13,0,9,9,0,12,12,0,4,1,0,1,1,0,6,1,0,2,1,0,4,6,0,3,6,0
201401KD50261,0.212152,51.592795,1,2,3,7,21.40,3,6,30,9,4,3,0,0,4,1,1,0,0,1,9,9,0,18,13,0,10,10,0,8,8,0,6,6,0,13,13,0,9,9,0,12,12,0,1,1,0,1,1,0,6,6,0,1,1,0,6,6,0,14,9,0
201401KD50282,0.212398,51.568149,1,2,2,7,1.25,6,6,30,0,0,0,0,0,4,1,1,0,0,1,9,9,0,18,2,0,10,10,0,9,9,0,6,6,0,4,13,0,9,9,0,12,12,0,1,2,0,1,1,0,6,6,0,2,2,0,5,7,0,4,10,0
201401KD50309,0.220412,51.581577,1,1,1,3,19.57,5,6,30,0,0,0,0,0,1,1,1,0,0,1,9,0,0,14,0,0,10,0,0,9,0,0,6,0,0,13,0,0,9,0,0,12,0,0,1,0,0,1,0,0,6,0,0,1,0,0,6,0,0,9,0,0
201401KD50313,0.247495,51.545359,1,1,1,6,7.15,4,6,30,0,0,0,0,0,1,1,2,0,0,1,5,0,0,18,0,0,9,0,0,9,0,0,1,0,0,10,0,0,1,0,0,4,0,0,1,0,0,1,0,0,6,0,0,1,0,0,9,0,0,23,0,0
201401KD50350,0.198726,51.55096,1,1,1,2,9.19,5,6,30,1,4,5,0,1,1,1,1,0,0,1,9,0,0,18,0,0,10,0,0,3,0,0,6,0,0,13,0,0,9,0,0,12,0,0,1,0,0,1,0,0,6,0,0,2,0,0,10,0,0,7,0,0
201401KD50489,0.301756,51.560224,1,2,1,6,12.11,4,6,30,3,4,5,0,0,1,1,1,0,0,2,9,9,0,17,16,0,10,10,0,8,8,0,6,6,0,13,13,0,9,9,0,12,12,0,1,1,0,1,1,0,6,6,0,1,1,0,4,9,0,8,18,0
201401KD50507,0.259344,51.557452,1,1,1,5,13.45,4,6,30,0,0,0,0,1,1,1,1,0,0,1,9,0,0,18,0,0,10,0,0,9,0,0,6,0,0,13,0,0,9,0,0,12,0,0,1,0,0,1,0,0,6,0,0,1,0,0,11,0,0,9,0,0
201401KD50511,0.152181,51.597777,1,2,1,7,15.45,4,1,30,2,4,6,0,0,1,1,1,0,0,1,2,9,0,9,18,0,10,10,0,8,8,0,6,6,0,13,13,0,9,9,0,12,12,0,4,1,0,1,1,0,6,6,0,1,1,0,4,6,0,3,14,0
201401KD50520,0.219194,51.589154,1,2,1,4,7.14,3,3,40,3,4,6,0,0,1,2,2,0,0,1,5,9,0,18,7,0,10,10,0,8,8,0,6,6,0,13,13,0,9,9,0,12,12,0,1,3,0,1,1,0,2,2,0,1,2,0,8,8,0,7,4,0
201401KD50524,0.188459,51.571476,1,2,1,3,15.56,5,6,30,3,4,6,0,0,1,1,1,0,0,1,19,5,0,18,18,0,10,10,0,2,1,0,6,6,0,13,13,0,9,9,0,12,12,0,1,1,0,1,1,0,1,6,0,1,1,0,6,5,0,6,5,0
201401KD50570,0.210416,51.601641,1,1,1,3,8.47,5,6,30,0,0,0,0,8,1,1,2,0,0,1,9,0,0,18,0,0,10,0,0,9,0,0,6,0,0,13,0,0,9,0,0,12,0,0,1,0,0,1,0,0,6,0,0,2,0,0,8,0,0,12,0,0
201401KD50585,0.199425,51.586379,1,1,1,1,1.35,3,6,30,3,4,5,0,0,4,1,1,0,0,1,8,0,0,18,0,0,10,0,0,2,0,0,6,0,0,13,0,0,9,0,0,12,0,0,1,0,0,1,0,0,1,0,0,1,0,0,7,0,0,1,0,0
201401KD50633,0.208565,51.581351,1,1,1,7,14.30,5,6,30,2,4,5,0,8,1,1,2,0,0,1,9,0,0,9,0,0,10,0,0,2,0,0,6,0,0,7,0,0,9,0,0,12,0,0,1,0,0,1,0,0,6,0,0,1,0,0,8,0,0,13,0,0
201401KD50650,0.183428,51.574897,1,1,1,6,20.2,5,6,30,0,0,0,0,0,4,1,1,0,0,1,11,0,0,18,0,0,10,0,0,9,0,0,6,0,0,13,0,0,9,0,0,12,0,0,4,0,0,1,0,0,1,0,0,1,0,0,7,0,0,6,0,0
201401KD59007,0.205239,51.581234,1,1,1,2,10.0,5,6,30,0,0,0,0,0,1,1,1,0,0,1,5,0,0,18,0,0,9,0,0,9,0,0,6,0,0,10,0,0,1,0,0,10,0,0,1,0,0,1,0,0,6,0,0,1,0,0,7,0,0,14,0,0
201401KF60029,0.028811,51.544669,1,1,1,7,18.58,6,6,30,6,4,6,0,0,4,1,1,0,0,1,9,0,0,9,0,0,9,0,0,2,0,0,6,0,0,10,0,0,1,0,0,10,0,0,1,0,0,1,0,0,6,0,0,1,0,0,5,0,0,4,0,0
201401KF60104,0.033683,51.547193,1,1,1,1,1.47,3,6,30,0,0,0,0,0,4,1,1,0,0,1,9,0,0,18,0,0,10,0,0,9,0,0,6,0,0,13,0,0,9,0,0,12,0,0,1,0,0,1,0,0,6,0,0,1,0,0,6,0,0,1,0,0
201401KF60120,0.053546,51.552692,1,1,2,5,16.38,3,6,30,6,4,3,0,4,1,1,1,0,0,1,9,0,0,18,0,0,10,0,0,2,0,0,6,0,0,13,0,0,9,0,0,12,0,0,1,0,0,1,0,0,6,0,0,1,0,0,6,0,0,11,0,0
201401KF60123,0.032562,51.541457,1,1,1,7,19.30,4,6,30,3,4,6,0,0,4,1,1,0,0,1,9,0,0,18,0,0,10,0,0,2,0,0,6,0,0,13,0,0,9,0,0,12,0,0,1,0,0,1,0,0,6,0,0,1,0,0,6,0,0,11,0,0
201401KF60146,0.02544,51.546706,1,1,1,7,15.45,3,6,30,0,0,0,0,0,1,1,1,0,0,1,9,0,0,18,0,0,10,0,0,9,0,0,6,0,0,13,0,0,9,0,0,12,0,0,1,0,0,1,0,0,6,0,0,1,0,0,7,0,0,2,0,0
201401KF60179,0.012033,51.51744,1,2,1,4,19.25,3,6,30,3,4,6,0,4,4,2,2,0,0,1,9,3,0,3,9,0,10,10,0,8,8,0,6,6,0,13,13,0,9,9,0,12,12,0,3,1,0,1,1,0,2,2,0,1,1,0,7,6,0,10,2,0
201401KF60227,0.044858,51.539085,1,1,1,4,22.45,4,6,30,3,4,6,0,1,4,1,1,0,0,1,9,0,0,18,0,0,10,0,0,2,0,0,6,0,0,10,0,0,7,0,0,10,0,0,1,0,0,1,0,0,6,0,0,1,0,0,5,0,0,6,0,0
201401KF60260,0.022815,51.539557,1,1,1,4,12.20,3,6,30,3,4,6,0,1,1,1,1,0,0,1,9,0,0,18,0,0,10,0,0,2,0,0,6,0,0,13,0,0,9,0,0,12,0,0,1,0,0,1,0,0,6,0,0,1,0,0,6,0,0,10,0,0
201401KF60329,0.035029,51.509489,1,1,1,4,19.55,3,6,30,0,0,0,0,0,4,1,1,0,0,1,11,0,0,3,0,0,10,0,0,9,0,0,6,0,0,13,0,0,9,0,0,12,0,0,5,0,0,1,0,0,1,0,0,1,0,0,7,0,0,4,0,0
201401KF60371,0.006157,51.514933,1,1,1,6,17.59,3,3,50,0,0,0,0,0,1,1,1,0,0,1,5,0,0,18,0,0,10,0,0,9,0,0,6,0,0,10,0,0,5,0,0,6,0,0,1,0,0,1,0,0,6,0,0,1,0,0,8,0,0,10,0,0
201401KF60393,0.015713,51.532215,1,1,1,6,18.22,3,6,30,3,4,6,0,0,1,1,1,0,0,1,9,0,0,18,0,0,10,0,0,2,0,0,6,0,0,13,0,0,9,0,0,12,0,0,1,0,0,1,0,0,6,0,0,1,0,0,7,0,0,7,0,0
201401KF60418,0.059608,51.533611,1,1,1,6,15.30,3,6,30,3,4,6,0,0,1,1,1,0,0,1,9,0,0,18,0,0,10,0,0,2,0,0,6,0,0,13,0,0,9,0,0,12,0,0,1,0,0,1,0,0,2,0,0,1,0,0,10,0,0,10,0,0
201401KF60512,0.031937,51.517726,1,1,1,7,18.24,6,6,30,3,4,3,0,0,1,1,1,0,0,1,9,0,0,7,0,0,10,0,0,2,0,0,6,0,0,13,0,0,9,0,0,12,0,0,1,0,0,1,0,0,6,0,0,1,0,0,4,0,0,9,0,0
201401KF60527,0.026121,51.542557,1,1,1,6,21.10,3,6,30,3,4,6,0,0,4,1,1,0,0,1,3,0,0,18,0,0,10,0,0,1,0,0,6,0,0,13,0,0,9,0,0,12,0,0,3,0,0,1,0,0,6,0,0,1,0,0,6,0,0,8,0,0