Accident_Index,Longitude,Latitude,SV,Number_of_Vehicles,Number_of_Casualties,Day_of_Week,Time,1st_Road_Class,Road_Type,Speed_limit,Junction_Detail,Junction_Control,2nd_Road_Class,Pedestrian_Crossing-Human_Control,Pedestrian_Crossing-Physical_Facilities,Light_Conditions,Weather_Conditions,Road_Surface_Conditions,Special_Conditions_at_Site,Carriageway_Hazards,Urban_or_Rural_Area,Vehicle1_Type,Vehicle2_Type,Vehicle3_Type,Vehicle1_Manoeuvre,Vehicle2_Manoeuvre,Vehicle3_Manoeuvre,Vehicle1_Location-Restricted_Lane,Vehicle2_Location-Restricted_Lane,Vehicle3_Location-Restricted_Lane,Junction1_Location,Junction2_Location,Junction3_Location,Skidding1_and_Overturning,Skidding2_and_Overturning,Skidding3_and_Overturning,Hit_Object_in_Carriageway1,Hit_Object_in_Carriageway2,Hit_Object_in_Carriageway3,Vehicle1_Leaving_Carriageway,Vehicle2_Leaving_Carriageway,Vehicle3_Leaving_Carriageway,Hit_Object_off_Carriageway1,Hit_Object_off_Carriageway2,Hit_Object_off_Carriageway3,1st_Point_of_Impact1,1st_Point_of_Impact2,1st_Point_of_Impact3,Was_Vehicle 1_Left_Hand_Drive?,Was_Vehicle2_Left_Hand_Drive?,Was_Vehicle 3_Left_Hand_Drive?,Journey_Purpose_of_Driver1,Journey_Purpose_of_Driver2,Journey_Purpose_of_Driver3,Sex_of_Driver1,Sex_of_Driver2,Sex_of_Driver3,Age_Band_of_Driver1,Age_Band_of_Driver2,Age_Band_of_Driver3,Age_of_Vehicle1,Age_of_Vehicle2,Age_of_Vehicle3
201401QK50727,-0.238782,51.535683,1,2,1,7,11.50,5,6,30,3,4,6,0,0,1,1,1,0,0,1,9,5,0,9,18,0,10,10,0,8,8,0,6,6,0,13,13,0,9,9,0,12,12,0,1,1,0,1,1,0,6,6,0,1,1,0,10,7,0,10,7,0
201401QK50769,-0.279815,51.548792,1,2,1,7,18.55,3,6,30,3,4,3,0,0,4,1,1,0,0,1,9,3,0,9,13,0,10,10,0,8,8,0,6,6,0,13,13,0,9,9,0,12,12,0,3,4,0,1,1,0,6,6,0,1,1,0,10,5,0,15,1,0
201401QK50773,-0.234998,51.55523,1,1,1,3,16.30,5,2,30,0,0,0,0,0,1,5,2,0,0,1,9,0,0,4,0,0,10,0,0,9,0,0,6,0,0,13,0,0,9,0,0,12,0,0,3,0,0,1,0,0,6,0,0,1,0,0,7,0,0,6,0,0
201401QK50799,-0.252248,51.545507,1,1,1,1,13.10,3,3,30,0,0,0,0,0,1,2,2,0,0,1,9,0,0,18,0,0,10,0,0,9,0,0,6,0,0,13,0,0,9,0,0,12,0,0,4,0,0,1,0,0,6,0,0,2,0,0,5,0,0,12,0,0
201401QK50841,-0.205613,51.53581,1,2,1,2,8.25,5,6,30,6,4,6,0,0,1,1,1,0,0,1,9,3,0,9,4,0,10,10,0,8,1,0,6,1,0,13,13,0,9,9,0,12,12,0,5,5,0,1,1,0,6,1,0,2,1,0,9,7,0,11,7,0
201401QK50854,-0.246941,51.537244,1,1,1,2,14.30,3,6,30,3,4,6,0,0,1,1,2,0,0,1,11,0,0,18,0,0,10,0,0,1,0,0,6,0,0,13,0,0,9,0,0,12,0,0,1,0,0,1,0,0,1,0,0,1,0,0,7,0,0,2,0,0
201401QK50882,-0.296403,51.552631,1,1,1,5,15.26,3,6,30,0,0,0,0,0,1,1,1,0,0,1,9,0,0,18,0,0,10,0,0,9,0,0,6,0,0,13,0,0,9,0,0,12,0,0,1,0,0,1,0,0,6,0,0,1,0,0,7,0,0,2,0,0
201401QK50933,-0.240411,51.564484,1,1,1,5,8.53,5,6,30,3,4,6,0,0,1,1,2,0,0,1,9,0,0,14,0,0,10,0,0,2,0,0,6,0,0,13,0,0,9,0,0,12,0,0,4,0,0,1,0,0,3,0,0,2,0,0,8,0,0,10,0,0
201401QK50960,-0.286981,51.59224,1,1,1,7,20.25,3,3,30,3,2,5,0,5,4,1,2,0,0,1,9,0,0,5,0,0,10,0,0,1,0,0,6,0,0,13,0,0,9,0,0,12,0,0,3,0,0,1,0,0,6,0,0,1,0,0,8,0,0,11,0,0
201401QK59011,-0.29464,51.541904,1,1,1,7,18.50,5,6,30,0,0,0,0,0,4,8,1,0,0,1,9,0,0,18,0,0,10,0,0,9,0,0,6,0,0,10,0,0,7,0,0,3,0,0,1,0,0,1,0,0,6,0,0,2,0,0,9,0,0,4,0,0
201401QK59101,-0.283117,51.587508,1,2,2,5,12.37,3,6,30,3,4,5,0,0,1,1,1,0,0,1,9,9,0,18,12,0,10,10,0,2,1,0,6,6,0,13,13,0,9,9,0,12,12,0,1,1,0,1,1,0,6,6,0,1,2,0,7,8,0,3,15,0
201401RG40085,0.075928,51.451757,1,1,1,2,15.1,3,6,30,0,0,0,0,0,1,1,1,0,0,1,11,0,0,4,0,0,10,0,0,9,0,0,6,0,0,13,0,0,9,0,0,12,0,0,1,0,0,1,0,0,1,0,0,1,0,0,8,0,0,2,0,0
201401RG40127,0.030408,51.460648,1,1,1,2,7.59,6,6,30,0,0,0,0,0,1,1,1,0,0,1,9,0,0,18,0,0,10,0,0,9,0,0,6,0,0,13,0,0,9,0,0,12,0,0,1,0,0,1,0,0,6,0,0,2,0,0,6,0,0,9,0,0
201401RG40128,0.100799,51.485577,1,1,1,5,12.20,3,6,30,0,0,0,0,4,1,1,1,0,0,1,9,0,0,14,0,0,10,0,0,9,0,0,6,0,0,13,0,0,9,0,0,12,0,0,1,0,0,1,0,0,6,0,0,2,0,0,5,0,0,7,0,0
201401RG40180,-0.015086,51.477164,1,2,1,2,17.50,3,6,30,8,4,6,0,0,4,2,2,0,0,1,9,3,0,9,18,0,10,10,0,8,8,0,6,6,0,13,13,0,9,9,0,12,12,0,1,1,0,1,1,0,6,6,0,1,1,0,7,6,0,14,1,0
201401RG40274,0.052282,51.450824,1,1,1,2,9.50,3,6,30,6,2,3,0,5,1,1,1,0,0,1,11,0,0,3,0,0,10,0,0,1,0,0,6,0,0,13,0,0,9,0,0,12,0,0,5,0,0,1,0,0,1,0,0,1,0,0,8,0,0,2,0,0
201401RG40287,0.016133,51.486254,1,2,1,3,7.20,3,6,30,3,4,6,0,0,1,1,1,0,0,1,9,2,0,6,18,0,10,10,0,8,8,0,6,6,0,13,13,0,9,9,0,12,12,0,4,1,0,1,1,0,6,6,0,2,1,0,6,5,0,3,7,0
201401RG40290,0.108407,51.475638,1,1,1,4,16.30,3,6,30,3,4,6,0,0,1,1,1,0,0,1,9,0,0,18,0,0,10,0,0,1,0,0,6,0,0,13,0,0,9,0,0,12,0,0,1,0,0,1,0,0,6,0,0,1,0,0,9,0,0,20,0,0
201401RG40345,0.083639,51.485164,1,1,1,5,21.0,6,6,30,3,4,6,0,0,1,1,1,0,0,1,11,0,0,18,0,0,10,0,0,2,0,0,6,0,0,13,0,0,9,0,0,12,0,0,1,0,0,1,0,0,1,0,0,1,0,0,7,0,0,5,0,0
201401RG40446,0.040821,51.458488,1,2,1,1,16.7,6,6,30,3,4,6,0,0,1,1,1,0,0,1,9,3,0,7,3,0,10,10,0,8,8,0,6,6,0,13,13,0,9,9,0,12,12,0,1,1,0,1,1,0,6,6,0,1,1,0,6,5,0,16,1,0
201401RG40565,0.049755,51.458692,1,2,1,3,15.30,3,6,30,3,4,6,0,0,1,1,1,0,0,1,9,4,0,12,18,0,10,10,0,1,1,0,6,6,0,13,13,0,9,9,0,12,12,0,2,1,0,1,1,0,6,6,0,1,1,0,8,4,0,7,15,0
201401RG40650,0.076064,51.451574,1,1,1,3,9.39,3,6,30,0,0,0,0,4,1,1,1,0,0,1,9,0,0,18,0,0,10,0,0,9,0,0,6,0,0,13,0,0,9,0,0,12,0,0,3,0,0,1,0,0,6,0,0,2,0,0,6,0,0,3,0,0
201401RG40657,0.033505,51.468778,1,1,1,5,15.51,6,6,30,6,4,6,0,0,1,1,1,0,0,1,9,0,0,18,0,0,10,0,0,8,0,0,6,0,0,13,0,0,9,0,0,12,0,0,1,0,0,1,0,0,6,0,0,2,0,0,7,0,0,6,0,0
201401RG40769,0.063425,51.490467,1,1,1,2,16.20,6,1,30,2,4,6,0,0,1,1,1,0,0,1,9,0,0,18,0,0,10,0,0,8,0,0,6,0,0,13,0,0,9,0,0,12,0,0,1,0,0,1,0,0,6,0,0,1,0,0,10,0,0,1,0,0
201401RG49010,0.064635,51.482173,1,2,2,3,15.44,5,6,30,3,4,6,0,0,1,4,1,0,0,1,9,9,0,3,4,0,10,10,0,1,1,0,6,6,0,13,13,0,9,9,0,12,12,0,2,1,0,1,1,0,6,6,0,1,2,0,8,7,0,13,6,0
201401RY10059,0.082466,51.415129,1,1,1,7,21.0,3,6,30,3,4,6,0,0,4,1,1,0,0,1,3,0,0,18,0,0,10,0,0,8,0,0,6,0,0,13,0,0,9,0,0,12,0,0,1,0,0,1,0,0,6,0,0,1,0,0,5,0,0,11,0,0
201401RY10065,0.121133,51.433321,1,1,1,7,0.15,5,6,30,0,0,0,0,0,4,2,2,0,0,1,9,0,0,18,0,0,10,0,0,9,0,0,5,0,0,10,0,0,1,0,0,10,0,0,3,0,0,1,0,0,6,0,0,1,0,0,4,0,0,16,0,0
201401RY10138,0.156945,51.448315,1,1,1,7,15.23,3,1,30,1,4,3,0,0,1,1,1,0,0,2,11,0,0,18,0,0,10,0,0,8,0,0,6,0,0,13,0,0,9,0,0,12,0,0,5,0,0,1,0,0,6,0,0,1,0,0,8,0,0,7,0,0
201401RY10309,0.125919,51.474422,1,1,1,1,13.35,5,1,30,1,4,5,0,0,1,1,1,0,0,1,9,0,0,18,0,0,10,0,0,8,0,0,6,0,0,13,0,0,9,0,0,12,0,0,1,0,0,1,0,0,6,0,0,1,0,0,11,0,0,15,0,0
201401RY10408,0.17988,51.46147,1,2,1,4,16.50,3,6,30,3,4,6,0,0,1,1,1,0,0,1,9,3,0,9,18,0,10,10,0,8,8,0,6,6,0,13,13,0,9,9,0,12,12,0,3,1,0,1,1,0,6,6,0,2,1,0,6,5,0,12,2,0
201401RY10421,0.103935,51.462948,1,3,2,2,18.36,3,6,30,0,0,0,0,0,1,1,1,0,0,1,11,9,3,18,5,18,10,10,10,9,9,9,6,6,6,13,13,13,9,9,9,12,12,12,3,3,4,1,1,1,6,6,6,1,1,1,8,11,6,7,11,10
201401RY10470,0.109966,51.468865,1,1,1,6,15.25,6,6,30,3,4,3,0,0,1,1,1,0,0,1,9,0,0,18,0,0,10,0,0,8,0,0,6,0,0,13,0,0,9,0,0,12,0,0,1,0,0,1,0,0,6,0,0,1,0,0,8,0,0,4,0,0
201401RY10507,0.186596,51.463414,1,2,1,4,13.18,3,3,30,1,4,5,0,0,1,1,1,0,0,1,9,3,0,6,18,0,10,10,0,2,1,0,6,6,0,13,13,0,9,9,0,12,12,0,3,1,0,1,1,0,6,6,0,2,1,0,7,6,0,8,1,0
201401RY10509,0.152458,51.447768,1,1,1,6,15.21,3,6,30,0,0,0,0,0,1,1,1,0,0,1,3,0,0,4,0,0,10,0,0,9,0,0,6,0,0,13,0,0,9,0,0,12,0,0,3,0,0,1,0,0,6,0,0,1,0,0,7,0,0,4,0,0
201401RY10522,0.113656,51.464572,1,2,1,1,15.54,6,6,30,0,0,0,0,0,1,1,1,0,0,1,2,9,0,18,2,0,10,10,0,9,9,0,6,6,0,4,13,0,9,9,0,12,12,0,3,4,0,1,1,0,6,6,0,1,2,0,4,10,0,16,14,0
201401SX20013,-0.195793,51.572619,1,1,1,6,7.16,3,6,30,0,0,0,0,0,1,1,1,0,0,1,9,0,0,18,0,0,10,0,0,9,0,0,6,0,0,13,0,0,9,0,0,12,0,0,4,0,0,1,0,0,2,0,0,1,0,0,6,0,0,10,0,0
201401SX20066,-0.203743,51.56132,1,2,2,5,5.10,3,3,40,6,2,3,0,5,4,2,2,0,0,1,9,9,0,17,9,0,10,10,0,8,8,0,6,6,0,13,13,0,9,9,0,12,12,0,3,1,0,1,1,0,6,6,0,1,1,0,7,5,0,10,9,0
201401SX20080,-0.230482,51.586096,1,2,1,2,18.24,3,6,30,0,0,0,0,7,4,1,1,0,0,1,9,9,0,18,5,0,10,10,0,9,9,0,6,6,0,13,13,0,9,9,0,12,12,0,3,1,0,1,1,0,6,1,0,1,1,0,9,6,0,15,7,0
201401SX20149,-0.197401,51.572104,1,1,1,6,20.10,3,6,30,0,0,0,0,0,4,2,2,0,0,1,9,0,0,18,0,0,10,0,0,9,0,0,6,0,0,13,0,0,9,0,0,12,0,0,1,0,0,1,0,0,6,0,0,2,0,0,9,0,0,1,0,0
201401SX20171,-0.181737,51.617454,1,2,2,1,15.50,6,6,30,6,3,6,0,0,1,1,1,0,0,1,9,9,0,18,18,0,10,10,0,8,8,0,5,6,0,13,13,0,1,9,0,12,12,0,3,1,0,1,1,0,6,6,0,2,2,0,5,9,0,1,9,0
201401SX20178,-0.215465,51.556733,1,1,1,6,11.57,3,3,30,3,2,3,0,5,1,1,1,0,0,1,21,0,0,5,0,0,10,0,0,8,0,0,6,0,0,13,0,0,9,0,0,12,0,0,4,0,0,1,0,0,1,0,0,1,0,0,7,0,0,7,0,0
201401SX20183,-0.205702,51.588508,1,1,2,6,21.57,3,3,50,0,0,0,0,0,4,2,2,0,0,1,5,0,0,18,0,0,4,0,0,9,0,0,6,0,0,13,0,0,9,0,0,12,0,0,1,0,0,1,0,0,6,0,0,1,0,0,5,0,0,5,0,0
201401SX20192,-0.160541,51.605793,1,2,1,3,18.40,3,3,40,3,4,6,0,0,4,1,1,0,0,1,9,9,0,18,4,0,10,10,0,1,1,0,6,6,0,13,13,0,9,9,0,12,12,0,1,2,0,1,1,0,6,6,0,1,1,0,8,7,0,18,8,0
201401SX20211,-0.201899,51.597082,1,1,1,6,21.45,3,6,30,3,4,6,0,0,4,1,1,0,0,1,9,0,0,9,0,0,10,0,0,6,0,0,6,0,0,13,0,0,9,0,0,12,0,0,4,0,0,1,0,0,6,0,0,1,0,0,10,0,0,3,0,0
201401SX20218,-0.203592,51.561498,1,1,1,6,0.54,3,3,40,6,2,3,0,5,4,2,2,0,0,1,8,0,0,18,0,0,10,0,0,1,0,0,6,0,0,13,0,0,9,0,0,12,0,0,1,0,0,1,0,0,1,0,0,1,0,0,7,0,0,12,0,0
201401SX20222,-0.19955,51.652799,1,1,1,3,11.16,3,6,30,3,2,3,0,5,1,1,1,0,0,1,19,0,0,18,0,0,10,0,0,1,0,0,6,0,0,13,0,0,9,0,0,12,0,0,4,0,0,1,0,0,1,0,0,1,0,0,9,0,0,6,0,0
201401SX20237,-0.217982,51.55875,1,1,1,3,14.10,3,6,30,3,4,6,0,0,1,1,2,0,0,1,9,0,0,4,0,0,2,0,0,1,0,0,6,0,0,13,0,0,9,0,0,12,0,0,1,0,0,1,0,0,6,0,0,1,0,0,7,0,0,11,0,0
201401SX20239,-0.232385,51.607707,1,2,1,3,13.35,5,6,30,0,0,0,0,1,1,1,1,0,0,1,9,19,0,4,4,0,10,10,0,9,9,0,6,6,0,13,13,0,9,9,0,12,12,0,2,1,0,1,1,0,2,2,0,1,1,0,8,7,0,2,6,0
201401SX20245,-0.212217,51.580694,1,2,1,4,10.30,3,3,40,0,0,0,0,0,1,1,1,0,0,1,21,19,0,1,2,0,7,6,0,9,9,0,6,6,0,13,13,0,9,9,0,12,12,0,2,1,0,1,1,0,1,1,0,1,1,0,6,8,0,2,4,0
201401SX20255,-0.254495,51.622426,1,2,1,2,11.46,3,3,50,9,2,3,0,5,1,5,2,0,0,1,19,19,0,18,4,0,10,10,0,1,1,0,6,6,0,13,13,0,9,9,0,12,12,0,1,2,0,1,1,0,1,1,0,1,1,0,9,7,0,10,1,0
201401SX20304,-0.144738,51.603746,1,1,1,4,13.44,6,6,30,0,0,0,0,0,1,1,1,0,0,1,9,0,0,18,0,0,10,0,0,9,0,0,6,0,0,13,0,0,9,0,0,12,0,0,1,0,0,1,0,0,6,0,0,1,0,0,9,0,0,7,0,0
201401SX20311,-0.251236,51.586947,1,1,1,7,14.20,3,6,30,0,0,0,0,4,1,1,1,0,0,1,11,0,0,5,0,0,10,0,0,9,0,0,6,0,0,13,0,0,9,0,0,12,0,0,5,0,0,1,0,0,1,0,0,1,0,0,8,0,0,11,0,0
201401SX20313,-0.176753,51.615668,1,2,1,4,23.7,3,6,30,3,4,6,0,0,4,1,1,0,0,1,9,3,0,5,18,0,10,10,0,8,8,0,6,6,0,13,13,0,9,9,0,12,12,0,1,4,0,1,1,0,6,6,0,1,1,0,11,6,0,2,10,0
201401SX20328,-0.220023,51.569302,1,1,1,6,15.5,6,6,30,0,0,0,0,0,1,1,1,0,0,1,9,0,0,18,0,0,10,0,0,9,0,0,6,0,0,13,0,0,9,0,0,12,0,0,1,0,0,1,0,0,6,0,0,2,0,0,6,0,0,1,0,0
201401SX20408,-0.160712,51.626569,1,1,1,3,9.0,3,6,30,0,0,0,0,0,1,1,1,0,0,1,9,0,0,18,0,0,10,0,0,9,0,0,6,0,0,13,0,0,9,0,0,12,0,0,4,0,0,1,0,0,6,0,0,2,0,0,5,0,0,10,0,0
201401SX20410,-0.306553,51.636587,1,2,1,4,5.50,1,3,70,0,0,0,0,0,1,1,1,0,0,2,19,21,0,18,4,0,10,10,0,9,9,0,6,6,0,13,13,0,9,9,0,12,12,0,1,2,0,1,1,0,6,2,0,1,1,0,5,8,0,1,5,0
201401SX20488,-0.193048,51.601802,1,1,1,7,22.50,3,6,30,3,4,3,0,4,4,1,1,0,0,1,9,0,0,18,0,0,10,0,0,1,0,0,6,0,0,13,0,0,9,0,0,12,0,0,1,0,0,1,0,0,6,0,0,1,0,0,8,0,0,11,0,0
201401SX20498,-0.155613,51.61336,1,1,1,3,9.50,3,6,30,6,4,6,0,0,1,1,1,0,0,1,11,0,0,5,0,0,10,0,0,2,0,0,6,0,0,13,0,0,9,0,0,12,0,0,5,0,0,1,0,0,1,0,0,1,0,0,10,0,0,1,0,0
201401SX20499,-0.197414,51.575431,1,1,1,2,15.55,5,6,30,0,0,0,0,0,1,1,1,0,0,1,9,0,0,18,0,0,10,0,0,9,0,0,6,0,0,13,0,0,9,0,0,12,0,0,3,0,0,1,0,0,6,0,0,2,0,0,9,0,0,8,0,0
201401SX20500,-0.221682,51.58965,1,1,1,4,13.5,3,3,30,6,2,3,0,5,1,1,1,0,0,1,9,0,0,5,0,0,10,0,0,1,0,0,6,0,0,13,0,0,9,0,0,12,0,0,1,0,0,1,0,0,6,0,0,1,0,0,9,0,0,10,0,0
201401SX20511,-0.165336,51.626551,1,1,1,6,8.0,5,6,30,0,0,0,0,0,1,1,1,0,0,1,9,0,0,18,0,0,10,0,0,9,0,0,6,0,0,13,0,0,9,0,0,12,0,0,4,0,0,1,0,0,6,0,0,2,0,0,10,0,0,1,0,0
201401SX20671,-0.249439,51.618663,1,2,2,1,8.6,3,3,50,3,4,6,0,0,1,1,1,0,0,1,9,9,0,15,7,0,10,10,0,1,2,0,5,6,0,10,13,0,2,9,0,4,12,0,1,2,0,1,1,0,2,6,0,1,1,0,6,7,0,8,12,0
201401SX20711,-0.225588,51.574602,1,1,1,4,17.30,6,6,30,1,4,6,0,8,1,1,1,0,0,1,3,0,0,18,0,0,10,0,0,1,0,0,6,0,0,13,0,0,9,0,0,12,0,0,5,0,0,1,0,0,6,0,0,1,0,0,5,0,0,10,0,0
201401SX20808,-0.155382,51.622618,1,1,1,1,13.17,6,6,30,3,4,6,0,0,1,1,1,0,0,1,9,0,0,14,0,0,10,0,0,2,0,0,6,0,0,13,0,0,9,0,0,12,0,0,1,0,0,1,0,0,6,0,0,1,0,0,6,0,0,15,0,0
201401SX20860,-0.176904,51.615491,1,2,1,5,14.4,3,6,30,3,4,6,0,4,1,1,1,0,0,1,9,9,0,2,5,0,10,10,0,1,1,0,6,6,0,13,13,0,9,9,0,12,12,0,2,1,0,1,1,0,6,6,0,1,1,0,6,11,0,8,15,0
201401SX20887,-0.179697,51.585409,1,1,2,2,13.48,3,3,40,8,4,6,0,0,1,1,1,0,0,1,9,0,0,9,0,0,10,0,0,8,0,0,6,0,0,10,0,0,6,0,0,2,0,0,1,0,0,1,0,0,6,0,0,1,0,0,11,0,0,15,0,0
201401SX20890,-0.157838,51.636865,1,1,1,3,16.44,5,6,30,3,4,6,0,1,1,1,1,0,0,1,9,0,0,18,0,0,10,0,0,1,0,0,6,0,0,13,0,0,9,0,0,12,0,0,1,0,0,1,0,0,6,0,0,2,0,0,6,0,0,10,0,0
201401SX20954,-0.237341,51.580444,1,1,1,7,8.48,3,6,30,0,0,0,0,0,1,1,1,0,0,1,9,0,0,14,0,0,10,0,0,9,0,0,6,0,0,13,0,0,9,0,0,12,0,0,4,0,0,1,0,0,6,0,0,1,0,0,7,0,0,21,0,0
201401SX20962,-0.228818,51.588049,1,2,1,3,18.0,3,6,30,6,4,6,0,4,4,2,2,0,6,1,3,9,0,13,5,0,10,10,0,2,2,0,6,6,0,13,13,0,9,9,0,12,12,0,1,3,0,1,1,0,2,6,0,1,1,0,6,9,0,12,16,0
201401SX20977,-0.238932,51.576601,1,2,1,2,9.31,3,6,30,3,4,6,0,0,1,1,2,0,0,1,9,5,0,7,18,0,10,2,0,5,8,0,6,6,0,13,13,0,9,9,0,12,12,0,4,3,0,1,1,0,6,6,0,1,1,0,8,8,0,8,11,0
201401SX20979,-0.264809,51.601986,1,1,1,3,15.58,5,6,30,0,0,0,0,4,1,1,1,0,0,1,9,0,0,1,0,0,10,0,0,9,0,0,6,0,0,13,0,0,9,0,0,12,0,0,2,0,0,1,0,0,6,0,0,1,0,0,7,0,0,1,0,0
201401SX21003,-0.255726,51.620466,1,1,1,5,20.5,3,6,30,3,4,6,0,1,4,1,1,0,0,1,9,0,0,17,0,0,10,0,0,8,0,0,6,0,0,13,0,0,9,0,0,12,0,0,4,0,0,1,0,0,6,0,0,1,0,0,9,0,0,13,0,0
201401SX21032,-0.239629,51.577241,1,1,1,4,15.35,3,6,30,0,0,0,0,5,1,1,1,0,0,1,9,0,0,18,0,0,2,0,0,9,0,0,6,0,0,13,0,0,9,0,0,12,0,0,1,0,0,1,0,0,6,0,0,1,0,0,7,0,0,8,0,0
201401SX21074,-0.150968,51.62102,1,1,1,6,16.0,6,6,30,0,0,0,0,0,1,1,1,0,0,1,9,0,0,18,0,0,10,0,0,9,0,0,6,0,0,4,0,0,9,0,0,12,0,0,1,0,0,1,0,0,6,0,0,1,0,0,10,0,0,10,0,0
201401SX21134,-0.178832,51.650322,1,2,1,2,19.44,6,6,30,6,4,6,0,1,4,1,2,0,0,1,9,9,0,18,18,0,10,10,0,2,1,0,6,6,0,13,13,0,9,9,0,12,12,0,1,1,0,1,1,0,2,6,0,2,2,0,6,10,0,2,4,0
201401SX21145,-0.257487,51.600888,1,2,1,4,8.8,6,6,30,3,4,6,0,0,1,1,1,0,0,1,19,2,0,9,18,0,10,10,0,8,8,0,6,6,0,13,13,0,9,9,0,12,12,0,1,3,0,1,1,0,6,6,0,1,1,0,8,4,0,8,12,0
201401SX21155,-0.252284,51.623562,1,2,3,5,18.47,3,6,30,3,4,6,0,0,7,1,1,0,0,1,9,9,0,18,6,0,10,10,0,8,8,0,6,6,0,10,13,0,1,9,0,10,12,0,1,2,0,1,1,0,6,6,0,2,2,0,4,8,0,9,1,0
201401SX21163,-0.177604,51.612444,1,1,1,4,8.33,3,6,30,3,4,3,0,1,1,1,2,0,0,1,9,0,0,9,0,0,10,0,0,8,0,0,6,0,0,13,0,0,9,0,0,12,0,0,4,0,0,1,0,0,2,0,0,2,0,0,10,0,0,9,0,0
201401SX21172,-0.185625,51.606903,1,1,1,3,18.5,3,6,30,3,4,6,0,0,4,1,1,0,0,1,9,0,0,18,0,0,10,0,0,2,0,0,6,0,0,13,0,0,9,0,0,12,0,0,1,0,0,1,0,0,1,0,0,1,0,0,8,0,0,16,0,0
201401TW60022,-0.36689,51.412901,1,2,3,2,10.39,3,6,40,0,0,0,0,0,1,1,2,0,0,1,19,11,0,18,18,0,10,10,0,9,9,0,6,6,0,13,13,0,9,9,0,12,12,0,1,1,0,1,1,0,1,1,0,1,1,0,8,7,0,4,2,0
201401TW60048,-0.268405,51.469399,1,1,1,7,0.40,3,6,30,3,4,6,0,0,4,2,2,0,0,1,3,0,0,18,0,0,10,0,0,8,0,0,6,0,0,10,0,0,1,0,0,10,0,0,1,0,0,1,0,0,6,0,0,1,0,0,5,0,0,12,0,0
201401TW60066,-0.303694,51.461282,1,1,1,6,10.0,3,3,30,7,2,3,0,5,1,5,2,0,0,1,9,0,0,4,0,0,10,0,0,8,0,0,6,0,0,13,0,0,9,0,0,12,0,0,3,0,0,1,0,0,1,0,0,1,0,0,7,0,0,4,0,0
201401TW60077,-0.275898,51.46924,1,1,1,5,10.4,3,6,30,6,2,3,0,5,1,1,1,0,0,1,9,0,0,12,0,0,10,0,0,8,0,0,6,0,0,7,0,0,7,0,0,12,0,0,1,0,0,1,0,0,6,0,0,1,0,0,8,0,0,9,0,0
201401TW60124,-0.248381,51.473418,1,2,1,7,19.18,3,6,30,3,4,6,0,4,4,1,1,0,0,1,9,3,0,9,18,0,10,10,0,8,1,0,6,6,0,13,13,0,9,9,0,12,12,0,1,1,0,1,1,0,2,1,0,2,1,0,6,5,0,10,1,0
201401TW60143,-0.370416,51.422931,1,1,2,1,0.35,5,6,30,6,4,6,0,0,4,1,1,0,0,1,3,0,0,18,0,0,10,0,0,8,0,0,6,0,0,10,0,0,7,0,0,10,0,0,1,0,0,1,0,0,6,0,0,1,0,0,6,0,0,11,0,0
201401TW60185,-0.352073,51.433016,1,2,1,2,8.49,3,6,30,3,4,6,0,0,1,1,1,0,0,1,9,3,0,9,18,0,10,10,0,8,8,0,6,6,0,13,13,0,9,9,0,12,12,0,1,3,0,1,1,0,3,1,0,1,1,0,7,7,0,15,3,0
201401TW60195,-0.26972,51.468879,1,1,1,2,20.10,3,6,30,3,4,6,0,0,4,2,2,0,0,1,9,0,0,18,0,0,10,0,0,8,0,0,6,0,0,13,0,0,9,0,0,12,0,0,4,0,0,1,0,0,6,0,0,1,0,0,10,0,0,13,0,0
201401TW60209,-0.358139,51.452435,1,1,1,7,16.35,5,6,30,0,0,0,0,1,1,1,1,0,0,1,9,0,0,4,0,0,10,0,0,9,0,0,6,0,0,13,0,0,9,0,0,12,0,0,1,0,0,1,0,0,6,0,0,1,0,0,11,0,0,3,0,0
201401TW60216,-0.355974,51.436578,1,1,1,2,13.10,4,6,30,0,0,0,0,0,1,1,1,0,0,1,9,0,0,16,0,0,10,0,0,9,0,0,6,0,0,7,0,0,7,0,0,2,0,0,1,0,0,1,0,0,6,0,0,2,0,0,8,0,0,3,0,0
201401TW60266,-0.303707,51.460923,1,1,1,4,12.20,3,6,30,3,4,3,0,0,1,1,1,0,0,1,11,0,0,3,0,0,10,0,0,8,0,0,6,0,0,13,0,0,9,0,0,12,0,0,5,0,0,1,0,0,1,0,0,1,0,0,7,0,0,6,0,0
201401TW60314,-0.356232,51.429388,1,2,1,2,15.49,3,6,30,6,2,6,0,0,1,1,1,0,0,1,19,5,0,9,18,0,10,10,0,8,8,0,6,6,0,13,13,0,9,9,0,12,12,0,4,1,0,1,1,0,1,6,0,1,1,0,6,6,0,9,14,0
201401TW60330,-0.276184,51.473111,1,1,1,3,17.10,6,6,30,3,4,3,0,0,1,1,1,0,0,2,9,0,0,18,0,0,10,0,0,8,0,0,6,0,0,13,0,0,9,0,0,12,0,0,1,0,0,1,0,0,6,0,0,1,0,0,8,0,0,1,0,0