Accident_Index,Longitude,Latitude,SV,Number_of_Vehicles,Number_of_Casualties,Day_of_Week,Time,1st_Road_Class,Road_Type,Speed_limit,Junction_Detail,Junction_Control,2nd_Road_Class,Pedestrian_Crossing-Human_Control,Pedestrian_Crossing-Physical_Facilities,Light_Conditions,Weather_Conditions,Road_Surface_Conditions,Special_Conditions_at_Site,Carriageway_Hazards,Urban_or_Rural_Area,Vehicle1_Type,Vehicle2_Type,Vehicle3_Type,Vehicle1_Manoeuvre,Vehicle2_Manoeuvre,Vehicle3_Manoeuvre,Vehicle1_Location-Restricted_Lane,Vehicle2_Location-Restricted_Lane,Vehicle3_Location-Restricted_Lane,Junction1_Location,Junction2_Location,Junction3_Location,Skidding1_and_Overturning,Skidding2_and_Overturning,Skidding3_and_Overturning,Hit_Object_in_Carriageway1,Hit_Object_in_Carriageway2,Hit_Object_in_Carriageway3,Vehicle1_Leaving_Carriageway,Vehicle2_Leaving_Carriageway,Vehicle3_Leaving_Carriageway,Hit_Object_off_Carriageway1,Hit_Object_off_Carriageway2,Hit_Object_off_Carriageway3,1st_Point_of_Impact1,1st_Point_of_Impact2,1st_Point_of_Impact3,Was_Vehicle 1_Left_Hand_Drive?,Was_Vehicle2_Left_Hand_Drive?,Was_Vehicle 3_Left_Hand_Drive?,Journey_Purpose_of_Driver1,Journey_Purpose_of_Driver2,Journey_Purpose_of_Driver3,Sex_of_Driver1,Sex_of_Driver2,Sex_of_Driver3,Age_Band_of_Driver1,Age_Band_of_Driver2,Age_Band_of_Driver3,Age_of_Vehicle1,Age_of_Vehicle2,Age_of_Vehicle3
201401TW60334,-0.314534,51.46009,1,1,1,4,23.0,3,6,30,0,0,0,0,0,4,1,1,0,0,2,19,0,0,18,0,0,10,0,0,9,0,0,6,0,0,13,0,0,9,0,0,12,0,0,1,0,0,1,0,0,2,0,0,1,0,0,7,0,0,5,0,0
201401TW60368,-0.360348,51.414877,1,2,1,7,7.50,3,6,30,3,4,3,0,0,1,1,1,0,0,1,3,9,0,9,18,0,10,10,0,8,8,0,6,6,0,13,13,0,9,9,0,12,12,0,4,1,0,1,1,0,6,6,0,1,2,0,7,7,0,6,12,0
201401TW60392,-0.244352,51.484599,1,2,1,1,19.45,4,6,30,3,4,5,0,0,1,1,1,0,0,1,9,3,0,9,18,0,10,10,0,8,8,0,6,6,0,13,13,0,9,9,0,12,12,0,1,1,0,1,1,0,2,6,0,1,1,0,9,8,0,14,4,0
201401TW60399,-0.260651,51.465058,1,1,1,6,12.20,3,6,30,3,4,6,0,1,1,1,1,0,0,1,9,0,0,5,0,0,10,0,0,2,0,0,6,0,0,13,0,0,9,0,0,12,0,0,1,0,0,1,0,0,6,0,0,1,0,0,6,0,0,12,0,0
201401TW60439,-0.302014,51.459999,1,1,1,7,10.44,3,6,30,3,4,3,0,1,1,1,1,0,0,1,11,0,0,4,0,0,10,0,0,8,0,0,6,0,0,13,0,0,9,0,0,12,0,0,1,0,0,1,0,0,1,0,0,1,0,0,7,0,0,4,0,0
201401TW60534,-0.358597,51.439672,1,2,1,4,9.30,3,6,30,3,4,6,0,0,1,1,1,0,0,1,9,5,0,9,18,0,10,10,0,8,8,0,6,6,0,13,13,0,9,9,0,12,12,0,1,1,0,1,1,0,2,2,0,1,1,0,7,8,0,3,6,0
201401TW60538,-0.324312,51.428936,1,1,1,1,0.30,3,6,30,6,2,3,0,5,4,8,4,0,0,1,8,0,0,9,0,0,10,0,0,8,0,0,6,0,0,13,0,0,9,0,0,12,0,0,1,0,0,1,0,0,1,0,0,1,0,0,9,0,0,4,0,0
201401TX20006,-0.412581,51.45966,1,2,1,3,17.42,3,3,30,5,4,6,0,0,4,1,2,0,0,1,9,4,0,7,4,0,10,10,0,6,8,0,6,1,0,13,13,0,9,9,0,12,12,0,5,5,0,1,1,0,6,2,0,2,1,0,10,8,0,17,1,0
201401TX20010,-0.376517,51.453681,1,1,2,3,18.51,6,6,30,0,0,0,0,0,4,1,1,0,0,1,9,0,0,5,0,0,10,0,0,9,0,0,6,0,0,4,0,0,9,0,0,12,0,0,1,0,0,1,0,0,6,0,0,2,0,0,5,0,0,11,0,0
201401TX20014,-0.364006,51.465467,1,2,1,5,11.30,3,6,30,6,2,3,0,5,1,1,2,0,0,1,9,9,0,12,18,0,2,10,0,8,8,0,6,6,0,13,13,0,9,9,0,12,12,0,3,4,0,1,1,0,6,6,0,1,1,0,9,5,0,7,2,0
201401TX20082,-0.388672,51.4641,1,1,1,2,15.43,6,6,30,3,4,6,0,0,1,1,2,0,0,1,9,0,0,18,0,0,10,0,0,1,0,0,6,0,0,13,0,0,9,0,0,12,0,0,3,0,0,1,0,0,6,0,0,2,0,0,6,0,0,10,0,0
201401TX20107,-0.323733,51.484052,1,2,1,4,7.14,3,6,30,3,4,6,0,5,1,8,2,0,0,1,21,5,0,9,18,0,10,10,0,8,8,0,6,6,0,13,13,0,9,9,0,12,12,0,4,1,0,1,1,0,1,6,0,1,1,0,8,5,0,6,8,0
201401TX20126,-0.267285,51.487548,1,1,1,4,6.39,3,6,30,6,2,5,0,5,4,1,1,0,0,1,9,0,0,9,0,0,10,0,0,2,0,0,6,0,0,13,0,0,9,0,0,12,0,0,1,0,0,1,0,0,6,0,0,1,0,0,8,0,0,5,0,0
201401TX20137,-0.403923,51.484991,1,1,1,1,12.0,5,6,30,0,0,0,0,0,1,1,1,0,0,1,9,0,0,18,0,0,10,0,0,9,0,0,6,0,0,13,0,0,9,0,0,12,0,0,1,0,0,1,0,0,6,0,0,1,0,0,8,0,0,11,0,0
201401TX20293,-0.379724,51.436279,1,1,1,5,8.24,3,7,30,1,4,3,0,1,1,1,1,0,0,1,9,0,0,12,0,0,10,0,0,1,0,0,6,0,0,13,0,0,9,0,0,12,0,0,1,0,0,1,0,0,2,0,0,2,0,0,8,0,0,2,0,0
201401TX20299,-0.323825,51.481535,1,2,3,2,11.55,4,6,30,3,4,5,0,1,1,1,1,0,0,1,9,9,0,3,18,0,10,10,0,1,1,0,6,6,0,13,13,0,9,9,0,12,12,0,2,1,0,1,1,0,6,6,0,1,2,0,5,10,0,13,5,0
201401TX20455,-0.252913,51.486705,1,2,1,7,14.51,3,1,40,1,2,3,0,0,1,2,2,0,0,1,3,9,0,11,16,0,10,10,0,8,7,0,6,6,0,13,13,0,9,9,0,12,12,0,2,1,0,1,1,0,6,6,0,1,1,0,8,7,0,1,23,0
201401TX20474,-0.42385,51.441737,1,1,1,3,17.0,6,6,30,3,4,6,0,0,1,1,1,0,0,1,9,0,0,4,0,0,10,0,0,8,0,0,6,0,0,13,0,0,9,0,0,12,0,0,1,0,0,1,0,0,6,0,0,1,0,0,5,0,0,12,0,0
201401TX20516,-0.287577,51.488026,1,1,1,2,15.50,3,6,30,0,0,0,0,0,1,1,1,0,0,2,3,0,0,18,0,0,10,0,0,9,0,0,6,0,0,13,0,0,9,0,0,12,0,0,4,0,0,1,0,0,2,0,0,1,0,0,6,0,0,9,0,0
201401TX20561,-0.389064,51.440725,1,2,3,4,17.49,3,6,30,6,2,3,0,5,1,1,1,0,0,1,9,5,0,18,9,0,10,10,0,8,8,0,6,6,0,13,13,0,9,9,0,12,12,0,1,4,0,1,1,0,6,6,0,2,1,0,6,5,0,10,7,0
201401TX20571,-0.282473,51.493526,1,2,2,2,14.30,3,6,40,0,0,0,0,0,1,1,1,0,0,1,9,5,0,6,18,0,10,10,0,9,9,0,6,6,0,13,13,0,9,9,0,12,12,0,3,1,0,1,1,0,6,6,0,1,1,0,6,9,0,3,23,0
201401TX20578,-0.395623,51.475256,1,1,2,7,23.20,3,1,30,1,2,3,0,0,4,1,1,0,0,1,11,0,0,18,0,0,10,0,0,8,0,0,6,0,0,13,0,0,9,0,0,12,0,0,5,0,0,1,0,0,1,0,0,2,0,0,7,0,0,2,0,0
201401TX20716,-0.402796,51.492529,1,1,1,6,15.25,6,6,30,3,4,6,0,8,1,1,1,0,0,1,9,0,0,18,0,0,10,0,0,2,0,0,6,0,0,13,0,0,9,0,0,12,0,0,3,0,0,1,0,0,6,0,0,1,0,0,7,0,0,3,0,0
201401TX20760,-0.373225,51.477465,1,1,1,4,17.30,3,6,30,3,4,6,0,5,1,1,1,0,0,1,9,0,0,4,0,0,10,0,0,2,0,0,6,0,0,13,0,0,9,0,0,12,0,0,4,0,0,1,0,0,6,0,0,1,0,0,6,0,0,5,0,0
201401TX20767,-0.384503,51.476182,1,1,2,5,21.30,3,3,30,6,2,5,0,5,4,8,1,0,0,1,9,0,0,18,0,0,10,0,0,8,0,0,6,0,0,13,0,0,9,0,0,12,0,0,1,0,0,1,0,0,6,0,0,1,0,0,5,0,0,14,0,0
201401TX20774,-0.379891,51.439699,1,1,1,7,17.0,6,6,30,3,4,6,0,0,1,1,1,0,0,1,9,0,0,18,0,0,10,0,0,2,0,0,6,0,0,13,0,0,9,0,0,12,0,0,1,0,0,1,0,0,6,0,0,1,0,0,7,0,0,1,0,0
201401TX20804,-0.416185,51.463665,1,1,1,6,13.37,5,6,30,3,4,6,0,0,1,1,1,0,0,1,19,0,0,18,0,0,10,0,0,2,0,0,6,0,0,13,0,0,9,0,0,12,0,0,1,0,0,1,0,0,6,0,0,1,0,0,8,0,0,8,0,0
201401TX20873,-0.347044,51.472693,1,1,1,2,0.1,3,6,30,0,0,0,0,4,4,1,1,0,0,1,9,0,0,18,0,0,10,0,0,9,0,0,6,0,0,13,0,0,9,0,0,12,0,0,1,0,0,1,0,0,6,0,0,2,0,0,6,0,0,8,0,0
201401TX20903,-0.34599,51.48194,1,2,1,3,14.41,3,3,50,0,0,0,0,0,1,1,1,0,0,1,9,20,0,18,18,0,10,10,0,9,9,0,1,6,0,10,13,0,6,9,0,10,12,0,3,3,0,1,1,0,6,1,0,1,1,0,11,8,0,8,2,0
201401TX20937,-0.4058,51.451834,1,1,1,7,17.0,3,6,20,6,2,3,0,5,1,2,2,0,0,1,5,0,0,4,0,0,10,0,0,8,0,0,1,0,0,13,0,0,9,0,0,12,0,0,1,0,0,1,0,0,1,0,0,1,0,0,5,0,0,6,0,0
201401TX20952,-0.378482,51.467287,1,1,1,6,7.12,3,6,30,3,4,6,0,1,1,2,2,0,0,1,3,0,0,4,0,0,10,0,0,8,0,0,1,0,0,13,0,0,9,0,0,12,0,0,1,0,0,1,0,0,6,0,0,1,0,0,4,0,0,8,0,0
201401TX20962,-0.285252,51.492398,1,1,1,3,5.40,3,3,40,3,4,6,0,0,4,1,1,0,0,1,9,0,0,18,0,0,10,0,0,8,0,0,6,0,0,10,0,0,4,0,0,10,0,0,1,0,0,1,0,0,2,0,0,1,0,0,6,0,0,10,0,0
201401VK30022,-0.298078,51.426489,1,1,1,6,11.30,5,6,30,3,4,6,0,0,1,2,2,0,0,1,8,0,0,4,0,0,10,0,0,8,0,0,6,0,0,13,0,0,9,0,0,12,0,0,1,0,0,1,0,0,1,0,0,1,0,0,9,0,0,3,0,0
201401VK30027,-0.279982,51.379733,1,3,3,5,17.51,3,3,50,0,0,0,0,0,4,1,1,0,0,1,9,9,9,4,4,18,10,10,10,9,9,9,6,6,6,13,13,13,9,9,1,12,12,12,2,2,1,1,1,1,2,1,6,1,1,1,6,7,9,13,3,5
201401VK30137,-0.301802,51.419169,1,3,1,1,15.19,3,6,30,3,4,6,0,0,1,1,1,0,0,1,4,9,9,18,9,18,10,10,10,2,1,1,1,6,6,13,13,13,9,9,9,12,12,12,1,3,3,1,1,1,6,6,6,1,1,1,5,9,9,1,5,14
201401VK30164,-0.302689,51.368014,1,2,1,4,15.19,6,6,30,2,4,6,0,0,1,1,1,0,0,1,3,9,0,18,18,0,10,10,0,8,8,0,6,6,0,13,13,0,9,9,0,12,12,0,1,4,0,1,1,0,6,3,0,1,2,0,5,6,0,9,4,0
201401VK30168,-0.293923,51.410602,1,1,1,7,0.40,3,6,30,0,0,0,0,0,4,1,1,0,0,1,9,0,0,18,0,0,10,0,0,9,0,0,6,0,0,13,0,0,9,0,0,12,0,0,1,0,0,1,0,0,6,0,0,1,0,0,6,0,0,5,0,0
201401VK30199,-0.296817,51.386903,1,4,2,5,17.30,3,6,30,0,0,0,0,0,1,1,1,0,0,1,9,21,9,4,18,4,10,10,10,9,9,9,6,6,6,13,13,13,9,9,9,12,12,12,2,1,2,1,1,1,6,1,6,2,1,2,5,8,9,3,9,11
201401VK30227,-0.299187,51.369492,1,1,1,3,18.10,6,6,30,3,4,6,0,0,1,1,1,7,0,1,3,0,0,18,0,0,10,0,0,2,0,0,6,0,0,13,0,0,9,0,0,12,0,0,1,0,0,1,0,0,1,0,0,1,0,0,6,0,0,8,0,0
201401VK30229,-0.299157,51.374168,1,1,1,4,16.36,3,3,40,5,4,6,0,7,1,1,1,0,0,1,3,0,0,18,0,0,10,0,0,1,0,0,1,0,0,13,0,0,9,0,0,12,0,0,4,0,0,1,0,0,6,0,0,1,0,0,6,0,0,2,0,0
201401VK30262,-0.303703,51.375583,1,1,1,6,16.32,3,6,30,3,4,6,0,0,1,1,1,0,0,1,9,0,0,14,0,0,10,0,0,1,0,0,6,0,0,13,0,0,9,0,0,12,0,0,1,0,0,1,0,0,2,0,0,1,0,0,7,0,0,3,0,0
201401VK30276,-0.260233,51.392751,1,2,1,7,0.1,3,3,40,0,0,0,0,0,4,1,1,0,0,1,9,9,0,18,18,0,10,10,0,9,9,0,6,6,0,13,13,0,9,9,0,12,12,0,1,2,0,1,1,0,2,6,0,2,1,0,8,8,0,11,9,0
201401VK30286,-0.283268,51.407119,1,1,1,5,14.22,3,6,30,0,0,0,0,0,1,2,2,0,0,1,19,0,0,4,0,0,10,0,0,9,0,0,1,0,0,13,0,0,9,0,0,12,0,0,1,0,0,1,0,0,1,0,0,1,0,0,9,0,0,1,0,0
201401VK30291,-0.300708,51.3866,1,2,2,6,22.10,3,6,30,1,4,3,0,0,4,1,1,0,0,1,9,2,0,18,14,0,10,10,0,1,2,0,6,6,0,13,13,0,9,9,0,12,12,0,1,1,0,1,1,0,6,1,0,1,1,0,5,7,0,1,4,0
201401VK30423,-0.303389,51.376297,1,1,1,3,14.40,3,6,30,8,4,6,0,0,1,1,1,0,0,1,19,0,0,1,0,0,9,0,0,2,0,0,6,0,0,13,0,0,9,0,0,12,0,0,2,0,0,1,0,0,1,0,0,1,0,0,7,0,0,2,0,0
201401VK30456,-0.261396,51.392408,1,2,1,5,22.47,3,3,40,0,0,0,0,0,4,2,2,0,0,1,9,5,0,18,11,0,10,10,0,9,9,0,6,6,0,13,13,0,9,9,0,12,12,0,2,1,0,1,1,0,6,6,0,2,1,0,6,8,0,1,4,0
201401VW40008,-0.200263,51.437438,1,1,1,4,17.45,6,6,30,3,4,6,0,0,4,1,2,0,0,1,9,0,0,9,0,0,10,0,0,8,0,0,6,0,0,13,0,0,9,0,0,12,0,0,1,0,0,1,0,0,6,0,0,2,0,0,10,0,0,3,0,0
201401VW40031,-0.207801,51.421277,1,1,1,7,14.5,5,6,30,6,2,4,0,5,1,1,1,0,0,1,9,0,0,18,0,0,10,0,0,2,0,0,6,0,0,13,0,0,9,0,0,12,0,0,1,0,0,1,0,0,6,0,0,1,0,0,9,0,0,4,0,0
201401VW40066,-0.176305,51.392284,1,1,1,4,15.30,3,6,30,3,4,6,0,4,1,8,2,0,0,1,19,0,0,18,0,0,10,0,0,1,0,0,6,0,0,13,0,0,9,0,0,12,0,0,1,0,0,1,0,0,1,0,0,1,0,0,10,0,0,17,0,0
201401VW40070,-0.232096,51.406718,1,2,2,7,14.59,3,3,30,3,4,6,0,0,1,1,1,0,0,1,9,9,0,9,17,0,10,10,0,8,8,0,6,6,0,13,13,0,9,9,0,12,12,0,3,1,0,1,1,0,6,6,0,1,1,0,8,11,0,3,7,0
201401VW40091,-0.199373,51.419799,1,1,1,6,17.33,5,6,30,6,4,6,0,0,7,1,1,0,0,1,9,0,0,18,0,0,10,0,0,1,0,0,6,0,0,13,0,0,9,0,0,12,0,0,1,0,0,1,0,0,6,0,0,2,0,0,6,0,0,15,0,0
201401VW40115,-0.164565,51.4055,1,1,1,1,11.15,3,2,30,0,0,0,0,5,1,1,1,0,0,1,9,0,0,18,0,0,10,0,0,9,0,0,6,0,0,13,0,0,9,0,0,12,0,0,1,0,0,1,0,0,6,0,0,1,0,0,9,0,0,8,0,0
201401VW40123,-0.199258,51.419077,1,1,1,2,7.40,3,6,30,3,3,6,0,4,1,1,1,0,0,1,3,0,0,4,0,0,10,0,0,8,0,0,6,0,0,13,0,0,9,0,0,12,0,0,5,0,0,1,0,0,1,0,0,2,0,0,6,0,0,9,0,0
201401VW40154,-0.208676,51.398898,1,1,1,6,13.44,6,6,30,3,4,6,0,0,1,1,1,0,0,1,9,0,0,18,0,0,10,0,0,1,0,0,6,0,0,13,0,0,9,0,0,12,0,0,3,0,0,1,0,0,3,0,0,2,0,0,8,0,0,4,0,0
201401VW40155,-0.214984,51.403041,1,2,1,7,13.27,6,6,30,3,4,6,0,0,1,1,1,0,0,1,9,3,0,9,18,0,10,10,0,8,8,0,6,6,0,13,13,0,9,9,0,12,12,0,1,4,0,1,1,0,6,6,0,1,2,0,7,6,0,3,3,0
201401VW40158,-0.13273,51.399871,1,1,1,4,16.52,5,6,30,0,0,0,0,0,1,1,1,0,0,1,9,0,0,18,0,0,10,0,0,9,0,0,6,0,0,13,0,0,9,0,0,12,0,0,1,0,0,1,0,0,6,0,0,1,0,0,8,0,0,1,0,0
201401VW40192,-0.213039,51.386555,1,3,1,6,12.45,4,6,30,0,0,0,0,0,1,1,1,0,0,1,9,19,9,18,2,2,10,10,10,9,9,9,6,6,6,4,13,13,9,9,9,12,12,12,1,1,1,1,1,1,6,1,6,1,1,1,11,8,11,13,9,10
201401VW40198,-0.213015,51.424054,1,2,3,3,19.35,3,6,30,3,4,6,0,0,1,1,1,0,0,1,9,4,0,9,18,0,10,10,0,1,1,0,6,6,0,13,10,0,9,1,0,12,12,0,1,1,0,1,1,0,6,2,0,1,1,0,8,8,0,4,10,0
201401VW40204,-0.216064,51.408543,1,2,6,6,22.16,3,6,30,3,2,3,0,5,4,1,1,0,0,1,9,11,0,18,9,0,10,10,0,8,8,0,6,6,0,13,13,0,9,9,0,12,12,0,1,3,0,1,1,0,6,1,0,2,1,0,6,9,0,7,8,0
201401VW40227,-0.229495,51.407038,1,2,1,5,9.34,3,3,40,6,2,4,0,5,1,1,1,0,0,1,9,9,0,7,7,0,10,10,0,8,8,0,6,6,0,13,13,0,9,9,0,12,12,0,2,1,0,1,1,0,6,6,0,1,2,0,5,10,0,7,10,0
201401VW40244,-0.204557,51.390292,1,1,1,5,18.40,3,6,30,0,0,0,0,0,1,1,1,0,0,1,9,0,0,4,0,0,10,0,0,9,0,0,6,0,0,13,0,0,9,0,0,12,0,0,3,0,0,1,0,0,2,0,0,1,0,0,10,0,0,17,0,0
201401VW40245,-0.162435,51.397642,1,1,1,3,15.10,3,3,30,0,0,0,0,0,1,1,1,0,0,1,9,0,0,18,0,0,10,0,0,9,0,0,6,0,0,13,0,0,9,0,0,12,0,0,4,0,0,1,0,0,6,0,0,2,0,0,6,0,0,8,0,0
201401VW40294,-0.150539,51.407437,1,1,1,7,13.55,6,7,30,0,0,0,0,0,1,1,2,0,0,1,9,0,0,18,0,0,10,0,0,9,0,0,6,0,0,13,0,0,9,0,0,12,0,0,1,0,0,1,0,0,6,0,0,2,0,0,4,0,0,12,0,0
201401VW40308,-0.160149,51.411635,1,1,1,4,15.0,3,6,20,0,0,0,0,0,1,2,2,0,0,1,11,0,0,4,0,0,10,0,0,9,0,0,6,0,0,13,0,0,9,0,0,12,0,0,5,0,0,1,0,0,1,0,0,1,0,0,7,0,0,8,0,0
201401VW40326,-0.190621,51.38648,1,1,1,4,22.0,6,6,30,0,0,0,0,0,4,1,1,0,0,1,3,0,0,18,0,0,10,0,0,9,0,0,1,0,0,13,0,0,1,0,0,12,0,0,1,0,0,1,0,0,6,0,0,2,0,0,5,0,0,1,0,0
201401VW40345,-0.164424,51.405407,1,1,1,7,14.0,3,2,30,3,2,3,0,5,1,1,1,0,0,1,9,0,0,5,0,0,10,0,0,8,0,0,6,0,0,13,0,0,9,0,0,12,0,0,2,0,0,1,0,0,6,0,0,2,0,0,7,0,0,6,0,0
201401VW40365,-0.162009,51.419039,1,1,1,2,5.55,3,6,30,3,4,6,0,0,1,1,1,0,0,1,9,0,0,18,0,0,10,0,0,1,0,0,6,0,0,10,0,0,1,0,0,2,0,0,4,0,0,1,0,0,6,0,0,2,0,0,8,0,0,3,0,0
201401VW40482,-0.240797,51.39354,1,2,1,6,16.10,5,6,30,3,4,6,0,0,1,1,1,0,0,1,5,9,0,18,9,0,10,10,0,8,1,0,1,6,0,13,13,0,9,9,0,12,12,0,4,5,0,1,1,0,6,6,0,1,1,0,8,7,0,10,11,0
201401VW40495,-0.229786,51.406953,1,1,2,3,18.1,3,3,40,6,2,4,0,5,4,1,1,0,0,1,5,0,0,18,0,0,10,0,0,2,0,0,1,0,0,13,0,0,9,0,0,12,0,0,1,0,0,1,0,0,6,0,0,1,0,0,8,0,0,15,0,0
201401VW40539,-0.188171,51.415759,1,1,1,1,17.30,3,6,30,3,4,6,0,5,4,1,1,0,0,1,9,0,0,18,0,0,10,0,0,2,0,0,6,0,0,13,0,0,9,0,0,12,0,0,3,0,0,1,0,0,2,0,0,2,0,0,5,0,0,4,0,0
201401VW40588,-0.20363,51.417616,1,1,1,3,18.22,6,6,30,3,4,4,0,0,4,1,1,0,0,1,9,0,0,5,0,0,10,0,0,8,0,0,6,0,0,13,0,0,9,0,0,12,0,0,3,0,0,1,0,0,6,0,0,1,0,0,9,0,0,16,0,0
201401WW50017,-0.158647,51.459723,1,1,1,7,9.25,3,6,30,3,4,6,0,0,1,2,2,0,0,1,9,0,0,18,0,0,10,0,0,8,0,0,6,0,0,10,0,0,3,0,0,10,0,0,1,0,0,1,0,0,6,0,0,1,0,0,6,0,0,14,0,0
201401WW50028,-0.163314,51.472566,1,1,1,2,17.45,3,6,30,0,0,0,0,0,4,1,1,0,0,1,5,0,0,18,0,0,10,0,0,9,0,0,6,0,0,13,0,0,9,0,0,12,0,0,3,0,0,1,0,0,6,0,0,1,0,0,8,0,0,12,0,0
201401WW50050,-0.155134,51.4326,1,1,1,5,18.17,6,6,30,0,0,0,0,0,1,8,2,0,0,1,9,0,0,18,0,0,10,0,0,9,0,0,6,0,0,13,0,0,9,0,0,12,0,0,1,0,0,1,0,0,6,0,0,1,0,0,4,0,0,1,0,0
201401WW50068,-0.138787,51.480812,1,1,6,5,15.29,3,6,30,0,0,0,0,0,1,1,1,0,0,1,11,0,0,4,0,0,10,0,0,9,0,0,6,0,0,13,0,0,9,0,0,12,0,0,1,0,0,1,0,0,1,0,0,1,0,0,8,0,0,5,0,0
201401WW50081,-0.155545,51.44025,1,1,1,2,3.14,3,6,30,0,0,0,0,4,4,1,1,0,0,1,9,0,0,18,0,0,10,0,0,9,0,0,6,0,0,13,0,0,9,0,0,12,0,0,1,0,0,1,0,0,2,0,0,1,0,0,7,0,0,12,0,0
201401WW50122,-0.156944,51.437664,1,1,1,7,13.19,3,3,30,3,4,6,0,0,1,1,1,0,0,1,9,0,0,9,0,0,10,0,0,8,0,0,6,0,0,13,0,0,9,0,0,12,0,0,1,0,0,1,0,0,6,0,0,2,0,0,6,0,0,8,0,0
201401WW50219,-0.173803,51.429835,1,1,2,5,11.16,3,6,30,6,4,3,0,1,1,2,2,0,0,1,3,0,0,18,0,0,10,0,0,8,0,0,6,0,0,13,0,0,9,0,0,12,0,0,4,0,0,1,0,0,6,0,0,1,0,0,7,0,0,1,0,0
201401WW50227,-0.18273,51.45866,1,1,1,5,13.30,3,6,30,6,2,3,0,5,1,1,1,0,0,1,4,0,0,18,0,0,10,0,0,8,0,0,6,0,0,13,0,0,9,0,0,12,0,0,3,0,0,1,0,0,6,0,0,1,0,0,8,0,0,7,0,0
201401WW50231,-0.169019,51.427152,1,1,1,3,13.15,3,6,30,3,4,6,0,0,1,1,1,0,0,1,2,0,0,18,0,0,10,0,0,8,0,0,6,0,0,13,0,0,9,0,0,12,0,0,4,0,0,1,0,0,6,0,0,1,0,0,4,0,0,13,0,0
201401WW50285,-0.168344,51.444048,1,1,1,5,18.50,3,6,30,0,0,0,0,0,1,1,1,0,0,1,9,0,0,18,0,0,10,0,0,9,0,0,6,0,0,13,0,0,9,0,0,12,0,0,3,0,0,1,0,0,6,0,0,1,0,0,8,0,0,18,0,0
201401WW50290,-0.179824,51.459334,1,2,1,2,18.35,5,2,30,3,4,3,0,1,1,1,1,0,0,1,9,3,0,9,7,0,10,10,0,8,8,0,6,6,0,13,13,0,9,9,0,12,12,0,4,3,0,1,1,0,2,6,0,2,1,0,6,7,0,3,18,0
201401WW50378,-0.205926,51.461805,1,2,1,2,8.45,3,6,30,3,4,6,0,0,1,1,1,0,0,1,9,5,0,12,18,0,10,10,0,8,8,0,6,6,0,13,13,0,9,9,0,12,12,0,3,1,0,1,1,0,6,6,0,2,1,0,7,8,0,9,5,0
201401WW50527,-0.213994,51.446911,1,1,1,2,17.0,6,6,30,3,4,6,0,0,1,1,1,0,0,1,9,0,0,18,0,0,10,0,0,8,0,0,6,0,0,13,0,0,9,0,0,12,0,0,1,0,0,1,0,0,6,0,0,2,0,0,8,0,0,11,0,0
201401WW50545,-0.138344,51.481075,1,2,1,4,12.0,3,6,30,3,2,6,0,5,1,1,1,0,0,1,19,9,0,18,18,0,10,10,0,8,8,0,6,6,0,13,13,0,9,9,0,12,12,0,1,1,0,1,1,0,6,6,0,1,1,0,7,7,0,1,6,0
201401WW50551,-0.233201,51.467525,1,2,1,3,11.30,4,6,30,3,4,4,0,0,1,1,1,0,0,2,5,9,0,17,9,0,10,10,0,8,8,0,6,6,0,13,13,0,9,9,0,12,12,0,1,2,0,1,1,0,6,6,0,1,2,0,5,9,0,5,9,0
201401WW50576,-0.154937,51.44105,1,2,1,7,19.40,3,6,30,3,4,6,0,0,4,1,1,0,0,1,9,3,0,6,18,0,10,10,0,2,8,0,6,6,0,13,13,0,9,9,0,12,12,0,3,1,0,1,1,0,6,6,0,1,1,0,4,7,0,4,1,0
201401WW50604,-0.138344,51.481075,1,1,1,4,7.35,3,6,30,3,4,6,0,1,1,1,1,0,0,1,5,0,0,18,0,0,10,0,0,8,0,0,6,0,0,13,0,0,9,0,0,12,0,0,3,0,0,1,0,0,6,0,0,1,0,0,6,0,0,16,0,0
201401WW50615,-0.237833,51.459412,1,1,1,2,0.55,5,6,30,3,4,6,0,0,4,1,1,0,0,1,3,0,0,18,0,0,10,0,0,8,0,0,6,0,0,10,0,0,9,0,0,12,0,0,1,0,0,1,0,0,6,0,0,1,0,0,6,0,0,31,0,0
201401WW50661,-0.218155,51.458305,1,2,1,4,15.50,3,6,30,3,4,6,0,0,1,1,1,0,0,1,5,9,0,18,9,0,10,10,0,8,8,0,6,6,0,13,13,0,9,9,0,12,12,0,1,4,0,1,1,0,6,6,0,1,1,0,7,5,0,3,12,0
201401WW50696,-0.22256,51.44866,1,1,1,5,22.30,3,1,30,1,4,3,0,0,4,1,1,6,0,1,2,0,0,17,0,0,10,0,0,8,0,0,6,0,0,13,0,0,9,0,0,12,0,0,3,0,0,1,0,0,6,0,0,1,0,0,7,0,0,1,0,0
201401WW50751,-0.21426,51.465889,1,1,1,5,23.42,4,6,30,3,2,3,0,5,4,1,1,0,0,1,8,0,0,7,0,0,10,0,0,8,0,0,6,0,0,13,0,0,9,0,0,12,0,0,1,0,0,1,0,0,6,0,0,2,0,0,7,0,0,4,0,0
201401WW50761,-0.209962,51.454313,1,2,1,5,7.45,3,6,30,3,4,6,0,0,1,2,2,0,0,1,9,5,0,9,14,0,10,10,0,8,8,0,6,6,0,13,13,0,9,9,0,12,12,0,3,1,0,1,1,0,1,2,0,1,1,0,8,7,0,3,11,0