Accident_Index,Longitude,Latitude,SV,Number_of_Vehicles,Number_of_Casualties,Day_of_Week,Time,1st_Road_Class,Road_Type,Speed_limit,Junction_Detail,Junction_Control,2nd_Road_Class,Pedestrian_Crossing-Human_Control,Pedestrian_Crossing-Physical_Facilities,Light_Conditions,Weather_Conditions,Road_Surface_Conditions,Special_Conditions_at_Site,Carriageway_Hazards,Urban_or_Rural_Area,Vehicle1_Type,Vehicle2_Type,Vehicle3_Type,Vehicle1_Manoeuvre,Vehicle2_Manoeuvre,Vehicle3_Manoeuvre,Vehicle1_Location-Restricted_Lane,Vehicle2_Location-Restricted_Lane,Vehicle3_Location-Restricted_Lane,Junction1_Location,Junction2_Location,Junction3_Location,Skidding1_and_Overturning,Skidding2_and_Overturning,Skidding3_and_Overturning,Hit_Object_in_Carriageway1,Hit_Object_in_Carriageway2,Hit_Object_in_Carriageway3,Vehicle1_Leaving_Carriageway,Vehicle2_Leaving_Carriageway,Vehicle3_Leaving_Carriageway,Hit_Object_off_Carriageway1,Hit_Object_off_Carriageway2,Hit_Object_off_Carriageway3,1st_Point_of_Impact1,1st_Point_of_Impact2,1st_Point_of_Impact3,Was_Vehicle 1_Left_Hand_Drive?,Was_Vehicle2_Left_Hand_Drive?,Was_Vehicle 3_Left_Hand_Drive?,Journey_Purpose_of_Driver1,Journey_Purpose_of_Driver2,Journey_Purpose_of_Driver3,Sex_of_Driver1,Sex_of_Driver2,Sex_of_Driver3,Age_Band_of_Driver1,Age_Band_of_Driver2,Age_Band_of_Driver3,Age_of_Vehicle1,Age_of_Vehicle2,Age_of_Vehicle3
201401WW50811,-0.195166,51.457234,1,1,1,3,15.50,3,6,30,3,4,3,0,0,1,1,1,0,0,1,9,0,0,16,0,0,10,0,0,2,0,0,6,0,0,13,0,0,9,0,0,12,0,0,1,0,0,1,0,0,6,0,0,1,0,0,9,0,0,1,0,0
201401WW50835,-0.163925,51.439392,1,2,1,7,13.0,3,6,30,7,2,4,0,5,1,1,1,0,0,1,3,9,0,18,3,0,10,10,0,8,8,0,6,6,0,13,13,0,9,9,0,12,12,0,1,2,0,1,1,0,6,6,0,1,1,0,5,8,0,5,4,0
201401WW50901,-0.151087,51.486492,1,2,1,5,22.30,3,6,30,0,0,0,0,0,4,1,1,0,0,1,5,8,0,18,6,0,10,10,0,9,9,0,6,6,0,13,13,0,9,9,0,12,12,0,1,3,0,1,1,0,6,6,0,1,1,0,8,6,0,11,6,0
201401WW50968,-0.149921,51.469028,1,2,1,6,19.20,3,6,30,0,0,0,0,0,4,1,1,0,0,1,9,5,0,6,14,0,10,10,0,9,9,0,6,6,0,13,13,0,9,9,0,12,12,0,3,1,0,1,1,0,6,6,0,1,1,0,8,5,0,3,17,0
201401WW50981,-0.162053,51.460946,1,1,1,6,18.50,3,6,30,3,2,3,0,5,4,2,2,0,0,1,9,0,0,18,0,0,10,0,0,8,0,0,6,0,0,13,0,0,9,0,0,12,0,0,1,0,0,1,0,0,6,0,0,1,0,0,5,0,0,4,0,0
201401WW59011,-0.151594,51.420494,1,1,1,7,19.15,5,6,30,3,4,6,0,0,4,1,1,0,0,1,19,0,0,13,0,0,10,0,0,2,0,0,6,0,0,13,0,0,9,0,0,12,0,0,3,0,0,1,0,0,1,0,0,1,0,0,6,0,0,10,0,0
201401WW59015,-0.219088,51.45652,1,1,1,3,23.5,3,6,30,0,0,0,0,0,4,1,1,0,0,1,11,0,0,2,0,0,10,0,0,9,0,0,6,0,0,13,0,0,9,0,0,12,0,0,1,0,0,1,0,0,1,0,0,1,0,0,9,0,0,12,0,0
201401XD80024,-0.292785,51.529827,1,1,1,4,17.52,3,2,30,0,0,0,0,7,4,2,2,0,0,1,9,0,0,18,0,0,10,0,0,9,0,0,6,0,0,13,0,0,9,0,0,12,0,0,4,0,0,1,0,0,2,0,0,1,0,0,8,0,0,8,0,0
201401XD80031,-0.271653,51.501551,1,1,1,3,7.28,5,6,30,3,4,6,0,1,1,1,1,0,0,1,9,0,0,4,0,0,10,0,0,8,0,0,6,0,0,13,0,0,9,0,0,12,0,0,4,0,0,1,0,0,6,0,0,1,0,0,6,0,0,9,0,0
201401XD80033,-0.319447,51.510519,1,1,1,3,15.48,4,6,30,0,0,0,0,0,1,1,2,0,0,1,9,0,0,14,0,0,10,0,0,9,0,0,6,0,0,13,0,0,9,0,0,12,0,0,1,0,0,1,0,0,6,0,0,1,0,0,4,0,0,13,0,0
201401XD80084,-0.376642,51.543427,1,1,1,6,21.5,3,6,30,3,4,6,0,4,4,2,2,0,0,1,9,0,0,4,0,0,10,0,0,8,0,0,6,0,0,13,0,0,9,0,0,12,0,0,1,0,0,1,0,0,6,0,0,2,0,0,5,0,0,4,0,0
201401XD80096,-0.373938,51.510028,1,1,1,5,1.0,6,6,30,3,4,6,0,0,4,1,1,0,0,1,3,0,0,17,0,0,10,0,0,8,0,0,6,0,0,13,0,0,9,0,0,12,0,0,1,0,0,1,0,0,6,0,0,1,0,0,5,0,0,1,0,0
201401XD80107,-0.388975,51.537213,1,1,1,1,16.40,3,6,30,0,0,0,0,4,1,4,1,0,0,1,9,0,0,18,0,0,10,0,0,9,0,0,6,0,0,13,0,0,9,0,0,12,0,0,3,0,0,1,0,0,1,0,0,1,0,0,8,0,0,10,0,0
201401XD80114,-0.331349,51.516084,1,2,1,6,13.45,6,6,30,6,4,6,0,0,1,8,1,0,0,1,9,9,0,18,2,0,10,10,0,8,8,0,6,6,0,4,13,0,9,9,0,12,12,0,1,2,0,1,1,0,2,6,0,1,2,0,9,8,0,8,14,0
201401XD80172,-0.382605,51.501335,1,1,1,1,18.59,5,6,30,0,0,0,0,0,4,2,2,0,0,1,9,0,0,18,0,0,10,0,0,9,0,0,6,0,0,13,0,0,9,0,0,12,0,0,4,0,0,1,0,0,6,0,0,2,0,0,6,0,0,3,0,0
201401XD80243,-0.383538,51.540105,1,2,1,3,15.12,3,3,30,0,0,0,0,0,1,1,1,0,0,1,8,9,0,18,18,0,10,10,0,9,9,0,6,6,0,13,10,0,9,6,0,12,12,0,3,1,0,1,1,0,6,6,0,1,1,0,7,8,0,2,8,0
201401XD80262,-0.36843,51.51094,1,1,1,1,8.58,3,6,30,0,0,0,0,0,1,1,1,0,0,1,19,0,0,18,0,0,10,0,0,9,0,0,1,0,0,13,0,0,9,0,0,12,0,0,1,0,0,1,0,0,1,0,0,1,0,0,9,0,0,10,0,0
201401XD80421,-0.377395,51.542538,1,1,1,1,13.32,3,3,50,0,0,0,0,7,1,1,1,0,0,1,9,0,0,18,0,0,10,0,0,9,0,0,6,0,0,13,0,0,9,0,0,12,0,0,1,0,0,1,0,0,6,0,0,1,0,0,7,0,0,6,0,0
201401XD80542,-0.256796,51.524622,1,1,1,3,7.40,3,6,30,3,4,6,0,1,1,1,1,0,0,1,19,0,0,18,0,0,10,0,0,1,0,0,6,0,0,13,0,0,9,0,0,12,0,0,1,0,0,1,0,0,6,0,0,1,0,0,10,0,0,6,0,0
201401XD80556,-0.292882,51.531087,1,3,1,3,15.23,3,1,30,1,4,5,0,0,1,1,1,0,0,1,5,9,9,18,11,3,10,10,10,8,8,8,6,6,6,13,13,13,9,9,9,12,12,12,3,4,2,1,1,1,6,6,6,1,1,2,7,6,7,12,2,12
201401XD80638,-0.323781,51.510221,1,1,1,4,13.10,3,6,30,0,0,0,0,4,1,1,1,0,0,1,11,0,0,5,0,0,10,0,0,9,0,0,6,0,0,13,0,0,9,0,0,12,0,0,4,0,0,1,0,0,1,0,0,1,0,0,8,0,0,4,0,0
201401XD80647,-0.355515,51.509411,1,1,1,5,0.5,3,6,30,9,2,3,0,5,7,9,1,0,0,1,9,0,0,18,0,0,10,0,0,1,0,0,6,0,0,13,0,0,9,0,0,12,0,0,1,0,0,1,0,0,6,0,0,1,0,0,6,0,0,1,0,0
201401XD80653,-0.38451,51.533015,1,2,1,6,13.10,4,6,30,3,4,6,0,0,1,1,1,0,0,1,9,3,0,6,18,0,10,10,0,8,8,0,6,6,0,13,13,0,9,9,0,12,12,0,3,1,0,1,1,0,6,6,0,1,1,0,8,6,0,9,3,0
201401XD80657,-0.292181,51.511294,1,2,2,5,0.37,3,6,30,6,2,3,0,5,4,1,1,0,0,1,9,9,0,18,18,0,10,10,0,8,8,0,6,6,0,13,13,0,9,9,0,12,12,0,3,1,0,1,1,0,6,6,0,1,2,0,8,6,0,14,8,0
201401XD80698,-0.291536,51.520816,1,3,2,7,0.16,3,6,30,9,4,6,0,0,4,1,1,0,0,1,8,3,3,9,14,14,10,10,10,2,1,1,6,6,6,13,13,13,9,9,9,12,12,12,3,1,1,1,1,1,6,6,6,1,1,1,6,4,4,17,13,4
201401XD80765,-0.361676,51.510397,1,1,1,7,15.31,3,3,30,3,4,6,0,8,1,9,1,0,0,1,5,0,0,18,0,0,10,0,0,1,0,0,6,0,0,13,0,0,9,0,0,12,0,0,4,0,0,1,0,0,6,0,0,1,0,0,5,0,0,5,0,0
201401XD80771,-0.378362,51.507211,1,1,1,4,9.41,3,6,30,6,2,5,0,0,1,1,1,0,0,1,9,0,0,18,0,0,10,0,0,1,0,0,6,0,0,13,0,0,9,0,0,12,0,0,4,0,0,1,0,0,6,0,0,2,0,0,9,0,0,11,0,0
201401XD80779,-0.252006,51.506655,1,1,2,5,22.14,3,6,30,3,4,6,0,0,4,1,1,0,0,1,5,0,0,18,0,0,10,0,0,8,0,0,6,0,0,13,0,0,9,0,0,12,0,0,1,0,0,1,0,0,6,0,0,1,0,0,6,0,0,2,0,0
201401XD80871,-0.353517,51.52485,1,1,1,3,17.55,3,6,30,3,4,6,0,0,1,1,1,0,0,1,9,0,0,1,0,0,10,0,0,2,0,0,6,0,0,13,0,0,9,0,0,12,0,0,2,0,0,1,0,0,6,0,0,2,0,0,6,0,0,10,0,0
201401XD80875,-0.376261,51.541983,1,2,2,3,0.50,3,7,30,0,0,0,0,0,4,1,1,0,0,1,8,9,0,2,18,0,10,10,0,9,9,0,6,6,0,13,13,0,9,9,0,12,12,0,2,1,0,1,1,0,1,6,0,1,2,0,7,9,0,7,13,0
201401XD80912,-0.378938,51.511266,1,2,1,2,3.5,3,6,30,0,0,0,0,0,1,1,1,0,0,1,9,3,0,5,18,0,10,10,0,9,9,0,6,6,0,13,13,0,9,9,0,12,12,0,3,1,0,1,1,0,6,6,0,1,1,0,5,5,0,9,12,0
201401XD80924,-0.314686,51.49894,1,2,2,2,8.40,4,6,30,0,0,0,0,0,1,2,2,0,0,1,4,11,0,17,2,0,10,10,0,9,9,0,6,6,0,13,13,0,9,9,0,12,12,0,1,5,0,1,1,0,6,1,0,1,1,0,7,6,0,8,4,0
201401XD80941,-0.251862,51.506653,1,2,1,5,17.20,3,6,30,3,4,6,0,0,1,2,2,0,0,1,9,3,0,9,18,0,10,10,0,8,8,0,6,6,0,13,13,0,9,9,0,12,12,0,4,1,0,1,1,0,6,6,0,2,1,0,6,6,0,3,3,0
201401XD80987,-0.247254,51.506584,1,1,1,4,19.5,3,6,30,3,4,6,0,0,4,1,2,0,0,1,9,0,0,18,0,0,10,0,0,8,0,0,6,0,0,13,0,0,9,0,0,12,0,0,3,0,0,1,0,0,6,0,0,2,0,0,6,0,0,13,0,0
201401XD80996,-0.340209,51.522145,1,1,1,7,12.30,5,6,30,0,0,0,0,4,1,1,1,0,0,1,19,0,0,18,0,0,10,0,0,9,0,0,6,0,0,13,0,0,9,0,0,12,0,0,1,0,0,1,0,0,6,0,0,1,0,0,9,0,0,16,0,0
201401XD81027,-0.371424,51.536071,1,1,1,2,18.51,5,6,30,0,0,0,0,4,7,9,1,0,0,1,9,0,0,18,0,0,10,0,0,9,0,0,6,0,0,10,0,0,1,0,0,10,0,0,4,0,0,1,0,0,6,0,0,1,0,0,10,0,0,2,0,0
201401XD81049,-0.360241,51.55435,1,1,1,7,11.55,3,6,30,3,4,6,0,0,1,1,1,0,0,1,9,0,0,15,0,0,2,0,0,1,0,0,6,0,0,13,0,0,9,0,0,12,0,0,1,0,0,1,0,0,6,0,0,1,0,0,8,0,0,2,0,0
201401XD81057,-0.246255,51.510076,1,2,1,7,12.31,5,6,30,3,4,6,0,0,1,1,1,0,0,1,9,5,0,9,13,0,10,10,0,1,1,0,6,6,0,13,13,0,9,9,0,12,12,0,3,1,0,1,1,0,6,6,0,2,1,0,6,6,0,7,6,0
201401XD89007,-0.382946,51.512041,1,1,1,2,16.46,3,6,30,3,4,6,0,0,4,1,1,0,0,1,9,0,0,7,0,0,10,0,0,8,0,0,6,0,0,13,0,0,9,0,0,12,0,0,1,0,0,1,0,0,6,0,0,2,0,0,5,0,0,2,0,0
201401XH30016,-0.412985,51.588976,1,1,2,3,9.12,6,6,30,3,4,6,0,0,1,1,4,0,0,2,9,0,0,18,0,0,10,0,0,1,0,0,1,0,0,10,0,0,1,0,0,4,0,0,1,0,0,1,0,0,6,0,0,2,0,0,5,0,0,11,0,0
201401XH30059,-0.479337,51.547321,1,1,1,2,17.10,5,6,30,3,4,6,0,0,4,2,2,0,0,1,11,0,0,9,0,0,10,0,0,8,0,0,6,0,0,13,0,0,9,0,0,12,0,0,1,0,0,1,0,0,1,0,0,1,0,0,8,0,0,4,0,0
201401XH30184,-0.471312,51.537145,1,4,1,3,13.10,3,3,40,6,2,5,0,5,1,1,1,0,0,1,9,9,9,3,3,3,10,10,10,1,1,1,6,6,6,13,13,13,9,9,9,12,12,12,2,2,2,1,1,1,6,6,6,1,1,1,10,11,11,6,8,9
201401XH30194,-0.465718,51.523404,1,1,1,2,17.26,5,6,30,0,0,0,0,8,4,2,2,0,0,1,9,0,0,18,0,0,10,0,0,9,0,0,5,0,0,7,0,0,7,0,0,12,0,0,1,0,0,1,0,0,6,0,0,2,0,0,11,0,0,11,0,0
201401XH30207,-0.418784,51.505066,1,1,1,7,14.37,6,2,30,0,0,0,0,0,1,1,1,0,0,1,11,0,0,17,0,0,10,0,0,9,0,0,6,0,0,13,0,0,9,0,0,12,0,0,5,0,0,1,0,0,1,0,0,1,0,0,7,0,0,10,0,0
201401XH30213,-0.501045,51.483575,1,2,1,6,18.30,1,3,70,0,0,0,0,0,1,1,1,0,0,1,9,9,0,11,18,0,10,10,0,9,9,0,6,6,0,13,13,0,9,9,0,12,12,0,2,1,0,1,1,0,6,6,0,2,1,0,7,6,0,12,10,0
201401XH30220,-0.415585,51.514195,1,1,1,4,7.30,6,6,30,0,0,0,0,0,1,1,1,0,0,1,9,0,0,4,0,0,10,0,0,9,0,0,6,0,0,13,0,0,9,0,0,12,0,0,1,0,0,1,0,0,1,0,0,2,0,0,7,0,0,9,0,0
201401XH30224,-0.398539,51.556407,1,1,2,4,7.55,5,6,30,3,2,6,0,5,1,1,1,0,0,1,2,0,0,14,0,0,10,0,0,1,0,0,6,0,0,13,0,0,9,0,0,12,0,0,3,0,0,1,0,0,2,0,0,1,0,0,6,0,0,3,0,0
201401XH30275,-0.438376,51.52628,1,2,2,3,11.48,3,3,30,6,2,4,0,5,1,1,1,0,0,1,9,9,0,18,9,0,10,10,0,8,8,0,6,6,0,10,13,0,1,9,0,10,12,0,1,4,0,1,1,0,6,6,0,2,2,0,8,6,0,9,11,0
201401XH30280,-0.439751,51.498692,1,1,1,3,9.0,6,6,30,0,0,0,0,1,1,1,1,0,6,1,11,0,0,18,0,0,10,0,0,9,0,0,6,0,0,13,0,0,9,0,0,12,0,0,5,0,0,1,0,0,1,0,0,1,0,0,6,0,0,11,0,0
201401XH30287,-0.477288,51.548194,1,1,1,7,10.10,5,6,30,3,4,6,0,0,1,1,1,0,0,1,8,0,0,4,0,0,10,0,0,2,0,0,6,0,0,13,0,0,9,0,0,12,0,0,4,0,0,1,0,0,1,0,0,1,0,0,6,0,0,5,0,0
201401XH30289,-0.492839,51.48347,1,2,1,6,18.20,3,3,50,6,2,3,0,5,1,1,1,2,0,2,9,9,0,18,18,0,10,10,0,8,8,0,6,6,0,13,13,0,9,9,0,12,12,0,1,3,0,1,1,0,6,6,0,2,1,0,6,8,0,4,2,0
201401XH30335,-0.411101,51.51881,1,2,1,7,17.10,3,3,40,3,4,3,0,4,1,1,1,0,0,1,9,5,0,7,18,0,10,2,0,8,8,0,6,6,0,13,13,0,9,9,0,12,12,0,4,1,0,1,1,0,6,6,0,1,1,0,7,8,0,6,6,0
201401XH30359,-0.448928,51.55088,1,1,1,5,10.47,6,6,30,0,0,0,0,0,1,1,1,0,0,1,9,0,0,18,0,0,10,0,0,9,0,0,6,0,0,13,0,0,9,0,0,12,0,0,4,0,0,1,0,0,6,0,0,2,0,0,6,0,0,10,0,0
201401XH30387,-0.445832,51.531685,1,1,1,6,19.3,6,6,30,0,0,0,0,0,1,1,1,0,0,1,9,0,0,14,0,0,10,0,0,9,0,0,6,0,0,13,0,0,9,0,0,12,0,0,1,0,0,1,0,0,6,0,0,1,0,0,5,0,0,9,0,0
201401XH30393,-0.423912,51.573567,1,1,1,1,9.46,3,6,30,0,0,0,0,1,1,1,1,0,0,1,19,0,0,18,0,0,10,0,0,9,0,0,6,0,0,13,0,0,9,0,0,12,0,0,4,0,0,1,0,0,6,0,0,1,0,0,9,0,0,10,0,0
201401XH30398,-0.391696,51.52547,1,2,1,6,16.33,3,1,30,1,4,5,0,0,1,1,1,0,0,1,9,9,0,7,18,0,10,10,0,8,8,0,6,6,0,13,13,0,9,9,0,12,12,0,4,3,0,1,1,0,6,6,0,2,2,0,5,6,0,8,10,0
201401XH30401,-0.41624,51.532728,1,1,2,6,19.0,5,6,30,0,0,0,0,0,1,1,1,0,0,1,9,0,0,18,0,0,9,0,0,9,0,0,6,0,0,10,0,0,1,0,0,2,0,0,1,0,0,1,0,0,6,0,0,2,0,0,6,0,0,13,0,0
201401XH30402,-0.419797,51.525762,1,2,1,4,19.55,5,6,30,0,0,0,0,0,1,1,1,0,0,1,9,3,0,6,18,0,10,10,0,9,9,0,6,6,0,13,13,0,9,9,0,12,12,0,4,1,0,1,1,0,6,1,0,1,1,0,6,6,0,6,1,0
201401XH30416,-0.423802,51.493263,1,2,1,2,8.6,1,3,70,0,0,0,0,0,1,1,1,0,0,1,5,9,0,13,12,0,10,10,0,9,9,0,6,6,0,13,13,0,9,9,0,12,12,0,1,3,0,1,1,0,2,2,0,1,1,0,6,6,0,8,7,0
201401XH30456,-0.404943,51.554786,1,2,1,5,5.33,3,6,30,8,2,6,0,5,1,1,1,0,0,1,9,9,0,18,6,0,10,10,0,8,8,0,6,6,0,13,13,0,9,9,0,12,12,0,1,3,0,1,1,0,6,6,0,1,1,0,6,6,0,6,11,0
201401XH30465,-0.455092,51.530728,1,3,2,3,7.10,3,6,30,3,4,6,0,0,1,1,1,0,0,1,9,9,9,3,14,18,10,10,10,2,2,1,6,6,6,13,13,13,9,9,9,12,12,12,2,1,1,1,1,1,1,1,1,2,1,1,6,8,7,4,15,12
201401XH30532,-0.467106,51.503549,1,1,1,7,18.29,5,6,30,0,0,0,0,0,1,1,1,0,0,1,9,0,0,18,0,0,10,0,0,9,0,0,6,0,0,13,0,0,9,0,0,12,0,0,4,0,0,1,0,0,6,0,0,1,0,0,6,0,0,8,0,0
201401XH30553,-0.486379,51.587158,1,2,3,6,18.26,5,6,30,0,0,0,0,0,1,1,1,0,0,2,5,19,0,18,4,0,10,10,0,9,9,0,6,6,0,13,13,0,9,9,0,12,12,0,1,1,0,1,1,0,2,6,0,1,1,0,6,8,0,10,4,0
201401XH30563,-0.440819,51.534946,1,1,1,6,8.21,6,6,30,0,0,0,0,0,1,1,1,0,0,1,11,0,0,18,0,0,10,0,0,9,0,0,6,0,0,13,0,0,9,0,0,12,0,0,1,0,0,1,0,0,1,0,0,1,0,0,8,0,0,10,0,0
201401XH30596,-0.449881,51.544058,1,3,6,2,13.0,3,6,30,0,0,0,0,1,1,1,1,0,0,1,9,9,9,18,18,18,10,10,10,9,9,9,5,6,6,4,13,13,9,9,9,12,12,12,1,1,1,1,1,1,6,6,6,1,1,2,4,7,8,6,11,17
201401XH30605,-0.402613,51.600705,1,2,1,6,15.10,3,6,30,0,0,0,0,0,1,1,1,0,0,1,9,9,0,18,18,0,10,10,0,9,9,0,5,6,0,4,13,0,9,9,0,12,12,0,1,3,0,1,1,0,6,6,0,1,1,0,9,6,0,8,17,0
201401XH30618,-0.451006,51.557651,1,1,2,1,21.0,6,6,30,3,4,6,0,0,7,1,1,0,0,1,9,0,0,18,0,0,10,0,0,1,0,0,1,0,0,13,0,0,7,0,0,4,0,0,1,0,0,1,0,0,6,0,0,2,0,0,4,0,0,6,0,0
201401XH30630,-0.409741,51.595047,1,1,1,4,11.5,4,6,30,0,0,0,0,0,1,1,2,0,0,1,9,0,0,18,0,0,10,0,0,9,0,0,6,0,0,10,0,0,7,0,0,4,0,0,1,0,0,1,0,0,6,0,0,1,0,0,11,0,0,4,0,0
201401XH30659,-0.447607,51.496458,1,2,1,6,23.19,5,6,30,0,0,0,0,0,4,1,2,0,0,1,9,9,0,18,18,0,10,10,0,9,9,0,1,1,0,13,13,0,9,1,0,12,2,0,1,1,0,1,1,0,6,6,0,1,1,0,6,7,0,9,10,0
201401XH30700,-0.422504,51.484973,1,1,1,5,19.42,6,6,40,0,0,0,0,0,4,2,2,0,7,1,9,0,0,18,0,0,10,0,0,9,0,0,6,0,0,13,0,0,7,0,0,10,0,0,1,0,0,1,0,0,6,0,0,1,0,0,5,0,0,12,0,0
201401XH30736,-0.40284,51.532456,1,1,1,3,8.50,6,6,30,0,0,0,0,0,1,1,1,0,0,1,9,0,0,4,0,0,10,0,0,9,0,0,6,0,0,13,0,0,9,0,0,12,0,0,4,0,0,1,0,0,6,0,0,2,0,0,7,0,0,13,0,0
201401XH30790,-0.400434,51.580533,1,1,1,6,22.50,5,6,30,6,4,6,0,0,4,1,1,0,0,1,9,0,0,18,0,0,10,0,0,1,0,0,6,0,0,13,0,0,9,0,0,12,0,0,1,0,0,1,0,0,6,0,0,2,0,0,6,0,0,8,0,0
201401XH30843,-0.414598,51.604824,1,2,3,2,11.0,6,6,30,3,4,6,0,0,1,1,1,0,0,1,9,9,0,7,18,0,10,10,0,8,8,0,6,6,0,4,13,0,1,9,0,12,12,0,1,4,0,1,1,0,6,6,0,2,1,0,5,6,0,9,10,0
201401XH30844,-0.468961,51.559955,1,2,1,2,7.45,4,6,30,8,4,6,0,0,1,1,1,0,0,1,9,3,0,9,14,0,10,10,0,8,8,0,6,6,0,13,13,0,9,9,0,12,12,0,1,4,0,1,1,0,6,6,0,2,1,0,6,5,0,1,5,0
201401XH39068,-0.452505,51.534741,1,1,2,4,19.47,3,6,30,3,4,6,0,1,4,1,1,0,0,1,9,0,0,18,0,0,10,0,0,1,0,0,6,0,0,13,0,0,9,0,0,12,0,0,1,0,0,1,0,0,6,0,0,1,0,0,6,0,0,4,0,0
201401YE80014,-0.125814,51.631952,1,1,1,3,21.45,3,6,30,3,4,6,0,1,4,2,2,0,0,1,9,0,0,18,0,0,10,0,0,2,0,0,6,0,0,13,0,0,9,0,0,12,0,0,1,0,0,1,0,0,6,0,0,1,0,0,6,0,0,13,0,0
201401YE80046,-0.10973,51.61218,1,2,3,6,12.20,3,6,30,6,2,3,0,5,1,2,2,0,0,1,11,20,0,18,9,0,10,10,0,8,8,0,6,6,0,13,13,0,9,9,0,12,12,0,1,1,0,1,1,0,1,1,0,1,1,0,6,5,0,1,3,0
201401YE80066,-0.08626,51.634461,1,2,1,6,12.40,6,6,30,6,4,6,0,0,1,1,1,0,0,1,9,9,0,18,18,0,10,10,0,8,8,0,6,6,0,13,13,0,1,9,0,10,12,0,3,1,0,1,1,0,6,6,0,2,1,0,10,9,0,10,6,0
201401YE80073,-0.029686,51.656097,1,1,1,4,7.40,3,3,30,3,2,5,0,5,1,1,2,0,0,1,19,0,0,18,0,0,10,0,0,8,0,0,6,0,0,13,0,0,9,0,0,12,0,0,1,0,0,1,0,0,1,0,0,1,0,0,9,0,0,3,0,0
201401YE80108,-0.040296,51.671562,1,1,1,1,22.25,3,6,30,8,4,5,0,5,7,1,1,0,0,1,9,0,0,18,0,0,10,0,0,8,0,0,6,0,0,13,0,0,9,0,0,12,0,0,3,0,0,1,0,0,6,0,0,1,0,0,10,0,0,1,0,0
201401YE80136,-0.060185,51.6495,1,1,1,6,7.17,3,3,30,6,2,3,0,5,1,2,2,0,0,1,9,0,0,18,0,0,10,0,0,1,0,0,6,0,0,13,0,0,9,0,0,12,0,0,1,0,0,1,0,0,1,0,0,2,0,0,5,0,0,2,0,0
201401YE80143,-0.08012,51.656662,1,2,1,4,9.18,5,6,30,6,2,5,0,0,1,1,1,0,0,1,9,9,0,10,18,0,10,10,0,8,8,0,6,6,0,13,13,0,9,9,0,12,12,0,1,1,0,1,1,0,6,6,0,2,1,0,6,8,0,12,12,0
201401YE80162,-0.042096,51.626449,1,3,2,2,11.55,3,6,40,0,0,0,0,0,1,2,2,0,0,1,19,9,19,4,4,4,10,10,10,9,9,9,6,1,1,13,13,13,9,9,9,12,12,12,2,1,1,1,1,1,6,6,6,1,1,1,7,5,9,7,12,11
201401YE80173,-0.08912,51.628303,1,2,1,3,8.0,6,6,30,0,0,0,1,1,1,1,2,0,0,1,9,9,0,18,2,0,10,10,0,9,9,0,6,6,0,4,13,0,9,9,0,12,12,0,1,2,0,1,1,0,2,3,0,1,1,0,7,7,0,10,8,0
201401YE80193,-0.080059,51.6581,1,1,1,3,8.25,5,6,30,0,0,0,0,0,1,1,1,0,0,1,9,0,0,18,0,0,10,0,0,9,0,0,6,0,0,13,0,0,9,0,0,12,0,0,1,0,0,1,0,0,2,0,0,2,0,0,5,0,0,1,0,0
201401YE80197,-0.072748,51.615715,1,1,1,1,6.30,3,6,30,3,4,6,0,0,1,1,1,0,0,1,9,0,0,17,0,0,10,0,0,2,0,0,6,0,0,13,0,0,2,0,0,2,0,0,1,0,0,1,0,0,6,0,0,1,0,0,6,0,0,5,0,0
201401YE80198,-0.077265,51.652389,1,1,1,5,9.25,3,6,30,5,4,6,0,5,1,1,1,0,0,1,11,0,0,4,0,0,10,0,0,8,0,0,6,0,0,13,0,0,9,0,0,12,0,0,5,0,0,1,0,0,1,0,0,1,0,0,8,0,0,1,0,0
201401YE80322,-0.077782,51.616247,1,1,1,1,21.3,5,6,30,3,4,6,0,0,4,1,1,0,0,1,9,0,0,18,0,0,2,0,0,2,0,0,6,0,0,13,0,0,9,0,0,12,0,0,1,0,0,1,0,0,6,0,0,1,0,0,9,0,0,15,0,0
201401YE80323,-0.019504,51.670763,1,1,1,6,6.25,3,6,40,6,2,5,0,5,1,1,1,0,0,2,19,0,0,18,0,0,10,0,0,8,0,0,6,0,0,13,0,0,9,0,0,12,0,0,4,0,0,1,0,0,1,0,0,1,0,0,6,0,0,9,0,0
201401YE80336,-0.131507,51.648139,1,1,1,2,7.31,3,6,30,3,3,5,0,5,1,1,1,0,0,1,9,0,0,14,0,0,2,0,0,1,0,0,6,0,0,13,0,0,9,0,0,12,0,0,1,0,0,1,0,0,1,0,0,1,0,0,7,0,0,4,0,0
201401YE80348,-0.062616,51.619595,1,1,1,5,16.0,3,6,30,8,4,6,0,1,1,1,1,0,0,1,19,0,0,9,0,0,10,0,0,6,0,0,6,0,0,13,0,0,9,0,0,12,0,0,1,0,0,1,0,0,1,0,0,1,0,0,8,0,0,6,0,0
201401YE80350,-0.068959,51.664123,1,2,1,3,17.0,5,6,30,3,4,5,0,8,1,1,1,0,0,1,9,3,0,5,18,0,10,10,0,8,8,0,6,6,0,13,13,0,9,9,0,12,12,0,3,1,0,1,1,0,6,6,0,1,1,0,7,8,0,4,8,0
201401YE80427,-0.076862,51.614074,1,2,1,3,17.40,3,3,40,3,4,6,0,8,1,1,1,0,0,1,19,19,0,4,4,0,10,10,0,2,2,0,6,6,0,13,13,0,9,9,0,12,12,0,2,1,0,1,1,0,1,1,0,1,1,0,6,7,0,1,7,0