Accident_Index,Longitude,Latitude,SV,Number_of_Vehicles,Number_of_Casualties,Day_of_Week,Time,1st_Road_Class,Road_Type,Speed_limit,Junction_Detail,Junction_Control,2nd_Road_Class,Pedestrian_Crossing-Human_Control,Pedestrian_Crossing-Physical_Facilities,Light_Conditions,Weather_Conditions,Road_Surface_Conditions,Special_Conditions_at_Site,Carriageway_Hazards,Urban_or_Rural_Area,Vehicle1_Type,Vehicle2_Type,Vehicle3_Type,Vehicle1_Manoeuvre,Vehicle2_Manoeuvre,Vehicle3_Manoeuvre,Vehicle1_Location-Restricted_Lane,Vehicle2_Location-Restricted_Lane,Vehicle3_Location-Restricted_Lane,Junction1_Location,Junction2_Location,Junction3_Location,Skidding1_and_Overturning,Skidding2_and_Overturning,Skidding3_and_Overturning,Hit_Object_in_Carriageway1,Hit_Object_in_Carriageway2,Hit_Object_in_Carriageway3,Vehicle1_Leaving_Carriageway,Vehicle2_Leaving_Carriageway,Vehicle3_Leaving_Carriageway,Hit_Object_off_Carriageway1,Hit_Object_off_Carriageway2,Hit_Object_off_Carriageway3,1st_Point_of_Impact1,1st_Point_of_Impact2,1st_Point_of_Impact3,Was_Vehicle 1_Left_Hand_Drive?,Was_Vehicle2_Left_Hand_Drive?,Was_Vehicle 3_Left_Hand_Drive?,Journey_Purpose_of_Driver1,Journey_Purpose_of_Driver2,Journey_Purpose_of_Driver3,Sex_of_Driver1,Sex_of_Driver2,Sex_of_Driver3,Age_Band_of_Driver1,Age_Band_of_Driver2,Age_Band_of_Driver3,Age_of_Vehicle1,Age_of_Vehicle2,Age_of_Vehicle3
201401YE80515,-0.105506,51.613011,1,2,3,6,15.41,3,3,50,0,0,0,0,0,1,1,1,0,0,1,11,9,0,3,18,0,2,10,0,9,9,0,6,6,0,13,13,0,9,9,0,12,12,0,2,1,0,1,1,0,1,6,0,1,1,0,6,9,0,11,14,0
201401YE80520,-0.106646,51.655025,1,1,2,6,15.24,3,6,30,3,4,6,0,0,1,1,1,0,0,1,9,0,0,18,0,0,10,0,0,8,0,0,6,0,0,13,0,0,7,0,0,10,0,0,1,0,0,1,0,0,6,0,0,1,0,0,11,0,0,7,0,0
201401YE80566,-0.03214,51.669537,1,1,1,6,17.15,6,2,30,0,0,0,0,0,1,1,1,0,0,1,9,0,0,18,0,0,10,0,0,9,0,0,6,0,0,13,0,0,9,0,0,12,0,0,3,0,0,1,0,0,2,0,0,1,0,0,9,0,0,12,0,0
201401YE80573,-0.070344,51.614507,1,2,1,6,20.7,3,6,30,3,4,5,0,4,1,1,1,0,0,1,9,3,0,10,18,0,10,10,0,1,1,0,6,1,0,13,13,0,9,9,0,12,12,0,5,5,0,1,1,0,6,1,0,1,1,0,7,6,0,13,7,0
201401YE80577,-0.053878,51.627994,1,1,1,5,10.57,6,6,30,0,0,0,0,0,1,1,1,0,0,1,9,0,0,18,0,0,10,0,0,9,0,0,6,0,0,13,0,0,9,0,0,12,0,0,1,0,0,1,0,0,6,0,0,2,0,0,8,0,0,14,0,0
201401YE80607,-0.064084,51.615663,1,1,1,3,14.37,3,6,30,3,4,6,0,0,1,1,1,0,6,1,5,0,0,14,0,0,10,0,0,1,0,0,6,0,0,13,0,0,9,0,0,12,0,0,4,0,0,1,0,0,2,0,0,1,0,0,8,0,0,21,0,0
201401YE80801,-0.047246,51.657919,1,2,2,6,22.50,3,6,30,9,4,6,0,4,4,1,1,0,0,1,3,9,0,18,9,0,10,10,0,1,1,0,6,6,0,13,13,0,9,9,0,12,12,0,1,4,0,1,1,0,1,1,0,1,1,0,4,7,0,7,6,0
201401YE80881,-0.126688,51.624772,1,1,1,2,16.20,3,6,30,0,0,0,0,1,4,1,1,0,0,1,9,0,0,18,0,0,10,0,0,9,0,0,6,0,0,13,0,0,9,0,0,12,0,0,1,0,0,1,0,0,6,0,0,1,0,0,9,0,0,10,0,0
201401YE89014,-0.069949,51.634014,1,1,1,3,18.13,3,3,40,6,2,5,0,5,4,2,2,0,0,1,9,0,0,18,0,0,10,0,0,2,0,0,6,0,0,13,0,0,9,0,0,12,0,0,1,0,0,1,0,0,2,0,0,2,0,0,9,0,0,2,0,0
201401YE89048,-0.081746,51.638704,1,2,1,1,22.15,6,6,30,3,4,6,0,0,7,9,1,0,0,1,9,3,0,18,18,0,10,10,0,8,8,0,6,6,0,13,13,0,9,9,0,12,12,0,4,1,0,1,1,0,6,6,0,2,1,0,6,5,0,8,2,0
201401YR90052,-0.107956,51.595785,1,1,1,6,17.47,6,6,30,3,4,6,0,0,4,2,2,0,6,1,9,0,0,9,0,0,10,0,0,8,0,0,6,0,0,13,0,0,9,0,0,12,0,0,4,0,0,1,0,0,2,0,0,2,0,0,5,0,0,8,0,0
201401YR90102,-0.08644,51.60272,1,2,1,4,9.57,3,6,30,0,0,0,0,0,1,1,1,0,0,1,9,5,0,18,13,0,10,10,0,9,9,0,6,1,0,13,13,0,9,9,0,12,12,0,3,1,0,1,1,0,6,1,0,1,1,0,7,8,0,14,8,0
201401YR90129,-0.092758,51.589784,1,2,1,1,21.0,4,6,30,0,0,0,0,0,7,1,1,0,0,1,19,9,0,18,4,0,10,10,0,9,9,0,6,6,0,13,13,0,9,9,0,12,12,0,1,2,0,1,1,0,6,6,0,1,1,0,7,5,0,9,8,0
201401YR90167,-0.15648,51.58127,1,1,2,7,13.14,3,6,30,7,2,3,0,5,1,1,1,0,0,1,9,0,0,18,0,0,10,0,0,8,0,0,6,0,0,10,0,0,3,0,0,1,0,0,1,0,0,1,0,0,6,0,0,1,0,0,11,0,0,7,0,0
201401YR90206,-0.068272,51.60548,1,1,1,1,9.11,3,6,30,3,2,5,0,5,1,1,1,0,0,1,19,0,0,18,0,0,10,0,0,8,0,0,6,0,0,13,0,0,9,0,0,12,0,0,3,0,0,1,0,0,6,0,0,1,0,0,7,0,0,12,0,0
201401YR90215,-0.124823,51.606937,1,1,1,5,16.0,3,6,40,5,4,4,0,5,1,1,1,0,0,1,9,0,0,14,0,0,10,0,0,8,0,0,6,0,0,13,0,0,9,0,0,12,0,0,4,0,0,1,0,0,2,0,0,1,0,0,8,0,0,4,0,0
201401YR90222,-0.087423,51.58619,1,1,1,5,21.33,3,6,30,3,4,6,0,8,4,1,1,0,0,1,9,0,0,18,0,0,10,0,0,2,0,0,6,0,0,13,0,0,9,0,0,12,0,0,1,0,0,1,0,0,6,0,0,1,0,0,5,0,0,6,0,0
201401YR90229,-0.057346,51.60431,1,2,1,1,4.20,6,6,20,3,4,6,0,0,4,1,1,0,0,1,9,3,0,9,4,0,10,10,0,8,8,0,6,6,0,13,13,0,9,9,0,12,12,0,3,1,0,1,1,0,6,6,0,1,1,0,6,4,0,11,13,0
201401YR90465,-0.084332,51.580744,1,2,1,5,8.50,4,6,30,3,4,6,0,0,1,1,1,0,0,1,9,2,0,9,18,0,10,10,0,5,8,0,6,6,0,13,13,0,9,9,0,12,12,0,4,1,0,1,1,0,6,1,0,2,1,0,7,5,0,7,15,0
201401YR90529,-0.159011,51.582928,1,2,1,5,18.31,3,6,30,3,4,5,0,0,1,1,1,0,0,1,9,4,0,9,18,0,10,10,0,5,8,0,6,6,0,13,13,0,9,9,0,12,12,0,1,3,0,1,1,0,1,1,0,1,2,0,7,6,0,10,10,0
201401YR90537,-0.099843,51.582615,1,1,1,6,18.37,3,6,30,3,4,6,0,5,1,2,2,0,0,1,2,0,0,4,0,0,10,0,0,8,0,0,1,0,0,13,0,0,9,0,0,12,0,0,5,0,0,1,0,0,6,0,0,2,0,0,5,0,0,11,0,0
201401YR90587,-0.098682,51.593117,1,1,1,5,23.21,3,6,30,6,4,6,0,1,4,1,2,0,0,1,9,0,0,18,0,0,10,0,0,1,0,0,6,0,0,13,0,0,9,0,0,12,0,0,1,0,0,1,0,0,6,0,0,1,0,0,5,0,0,16,0,0
201401YR90637,-0.14273,51.575118,1,2,1,2,14.30,3,6,30,3,4,6,0,0,1,2,2,0,0,1,3,9,0,18,9,0,10,10,0,8,8,0,6,6,0,13,13,0,9,9,0,12,12,0,1,4,0,1,1,0,6,6,0,1,1,0,4,5,0,1,15,0
201401YR90642,-0.062053,51.598903,1,1,1,5,14.0,4,6,30,3,4,6,0,4,1,1,1,0,0,1,19,0,0,18,0,0,10,0,0,2,0,0,6,0,0,13,0,0,9,0,0,12,0,0,1,0,0,1,0,0,6,0,0,1,0,0,8,0,0,8,0,0
201401YR90663,-0.099241,51.579727,1,1,1,1,3.42,3,6,30,0,0,0,0,4,4,1,1,0,0,1,8,0,0,14,0,0,10,0,0,9,0,0,6,0,0,13,0,0,9,0,0,12,0,0,1,0,0,1,0,0,1,0,0,1,0,0,8,0,0,9,0,0
201401YR90726,-0.153061,51.580137,1,4,5,5,21.5,3,6,30,3,4,6,0,0,7,1,1,0,0,1,9,9,9,4,4,4,10,10,10,1,1,1,6,6,6,13,13,13,9,9,9,12,12,12,2,2,2,1,1,1,6,6,6,2,1,1,6,4,5,8,6,5
201401YR90802,-0.069625,51.593992,1,1,1,6,6.12,3,6,30,3,2,3,0,5,4,1,1,0,0,1,19,0,0,18,0,0,10,0,0,8,0,0,6,0,0,13,0,0,9,0,0,12,0,0,1,0,0,1,0,0,2,0,0,1,0,0,5,0,0,6,0,0
201401YR90815,-0.156334,51.574164,1,1,1,5,14.5,6,2,20,0,0,0,0,0,1,1,1,0,0,1,9,0,0,18,0,0,10,0,0,9,0,0,6,0,0,13,0,0,9,0,0,12,0,0,4,0,0,1,0,0,6,0,0,2,0,0,6,0,0,4,0,0
201401YR90832,-0.103063,51.598853,1,1,1,3,18.52,6,6,30,6,4,3,0,1,4,2,2,0,0,1,19,0,0,7,0,0,10,0,0,5,0,0,6,0,0,13,0,0,9,0,0,12,0,0,4,0,0,1,0,0,2,0,0,1,0,0,8,0,0,3,0,0
201401YR90838,-0.056613,51.587662,1,2,1,3,16.43,3,6,30,0,0,0,0,0,1,1,1,0,0,1,9,3,0,6,18,0,10,10,0,9,9,0,6,6,0,13,13,0,9,9,0,12,12,0,3,4,0,1,1,0,6,6,0,2,2,0,8,6,0,9,1,0
201401YR90865,-0.05465,51.603187,1,1,1,7,6.10,4,6,30,3,4,6,0,0,1,1,1,0,0,1,9,0,0,18,0,0,10,0,0,2,0,0,6,0,0,13,0,0,9,0,0,12,0,0,4,0,0,1,0,0,6,0,0,1,0,0,6,0,0,8,0,0
201401YR90892,-0.070735,51.588255,1,1,1,2,6.20,3,6,30,3,2,4,0,5,4,2,2,0,0,1,3,0,0,18,0,0,10,0,0,2,0,0,6,0,0,13,0,0,9,0,0,12,0,0,1,0,0,1,0,0,1,0,0,1,0,0,7,0,0,1,0,0
201401YR90896,-0.069633,51.593812,1,1,1,1,21.25,3,6,30,3,2,3,0,5,7,1,1,0,6,1,11,0,0,4,0,0,10,0,0,1,0,0,6,0,0,13,0,0,9,0,0,12,0,0,5,0,0,1,0,0,1,0,0,1,0,0,8,0,0,3,0,0
201401YR90917,-0.110882,51.59835,1,2,1,6,7.20,3,6,30,6,4,6,0,0,4,1,1,0,0,1,19,3,0,9,13,0,10,10,0,5,8,0,6,6,0,13,13,0,9,9,0,12,12,0,3,4,0,1,1,0,1,1,0,1,1,0,5,7,0,2,7,0
201401YR90932,-0.072831,51.579656,1,1,1,4,6.39,3,6,30,6,2,6,0,5,4,1,1,0,0,1,9,0,0,18,0,0,10,0,0,1,0,0,6,0,0,13,0,0,9,0,0,12,0,0,1,0,0,1,0,0,6,0,0,1,0,0,6,0,0,14,0,0
201401YR90965,-0.068272,51.60548,1,1,1,3,9.0,3,6,30,3,2,5,0,5,1,8,2,0,0,1,9,0,0,9,0,0,10,0,0,8,0,0,6,0,0,13,0,0,9,0,0,12,0,0,1,0,0,1,0,0,6,0,0,1,0,0,8,0,0,9,0,0
201401YR90968,-0.145357,51.595663,1,1,1,2,8.40,4,6,30,3,2,4,0,5,1,1,1,0,0,1,11,0,0,18,0,0,10,0,0,2,0,0,6,0,0,13,0,0,9,0,0,12,0,0,3,0,0,1,0,0,1,0,0,1,0,0,6,0,0,8,0,0
201401YR99004,-0.118722,51.597307,1,1,4,4,0.30,4,6,30,2,4,5,0,0,4,1,1,0,0,1,9,0,0,18,0,0,10,0,0,2,0,0,1,0,0,10,0,0,1,0,0,4,0,0,3,0,0,1,0,0,6,0,0,1,0,0,4,0,0,6,0,0
201401YR99024,-0.102998,51.59004,1,1,1,2,16.20,3,6,30,0,0,0,0,5,4,1,1,0,6,1,9,0,0,18,0,0,10,0,0,9,0,0,6,0,0,13,0,0,9,0,0,12,0,0,3,0,0,1,0,0,6,0,0,1,0,0,4,0,0,9,0,0
201401ZD30026,-0.117823,51.360243,1,1,1,4,18.28,3,6,30,3,4,6,0,1,4,1,2,0,0,1,19,0,0,18,0,0,10,0,0,1,0,0,6,0,0,13,0,0,9,0,0,12,0,0,1,0,0,1,0,0,1,0,0,1,0,0,7,0,0,9,0,0
201401ZD30027,-0.135643,51.321139,1,1,2,7,18.37,6,6,30,3,4,6,0,0,4,1,1,0,0,1,11,0,0,4,0,0,10,0,0,1,0,0,6,0,0,13,0,0,9,0,0,12,0,0,1,0,0,1,0,0,1,0,0,1,0,0,7,0,0,2,0,0
201401ZD30031,-0.06295,51.343251,1,1,1,4,20.54,3,6,30,6,2,5,0,5,4,5,5,0,0,1,9,0,0,18,0,0,10,0,0,8,0,0,6,0,0,13,0,0,9,0,0,12,0,0,1,0,0,1,0,0,6,0,0,1,0,0,7,0,0,8,0,0
201401ZD30046,-0.098545,51.381785,1,1,1,5,15.55,3,1,30,1,4,3,0,0,1,1,2,0,0,1,9,0,0,18,0,0,10,0,0,8,0,0,6,0,0,10,0,0,2,0,0,10,0,0,1,0,0,1,0,0,6,0,0,1,0,0,10,0,0,7,0,0
201401ZD30075,-0.138684,51.320468,1,1,1,3,16.19,4,6,30,0,0,0,0,0,4,2,2,0,0,1,9,0,0,18,0,0,10,0,0,9,0,0,6,0,0,13,0,0,9,0,0,12,0,0,1,0,0,1,0,0,6,0,0,2,0,0,6,0,0,8,0,0
201401ZD30093,-0.094255,51.374341,1,1,1,5,12.25,5,6,30,3,2,5,0,5,1,2,2,0,0,1,11,0,0,18,0,0,10,0,0,2,0,0,6,0,0,13,0,0,9,0,0,12,0,0,1,0,0,1,0,0,1,0,0,1,0,0,6,0,0,11,0,0
201401ZD30142,-0.06531,51.345179,1,1,1,6,20.25,5,6,30,6,4,6,0,0,4,2,2,0,0,1,9,0,0,9,0,0,10,0,0,8,0,0,6,0,0,13,0,0,9,0,0,12,0,0,1,0,0,1,0,0,6,0,0,1,0,0,7,0,0,12,0,0
201401ZD30209,-0.096446,51.373477,1,2,1,1,11.20,5,3,30,3,4,6,0,0,1,1,1,0,0,1,9,5,0,4,3,0,10,10,0,2,2,0,6,6,0,13,13,0,9,9,0,12,12,0,1,2,0,1,1,0,6,6,0,2,1,0,6,8,0,14,1,0
201401ZD30218,-0.138098,51.317221,1,2,2,7,1.0,3,3,30,0,0,0,0,0,7,1,1,0,0,1,9,9,0,18,18,0,10,10,0,9,9,0,1,6,0,13,13,0,9,9,0,12,12,0,1,4,0,1,1,0,6,6,0,1,2,0,6,5,0,9,6,0
201401ZD30282,-0.096747,51.369705,1,1,1,4,20.22,3,6,30,0,0,0,0,0,4,1,2,0,0,1,9,0,0,18,0,0,10,0,0,9,0,0,6,0,0,13,0,0,9,0,0,12,0,0,1,0,0,1,0,0,6,0,0,1,0,0,5,0,0,9,0,0
201401ZD30307,-0.123886,51.412229,1,2,1,7,7.55,3,6,30,3,4,6,0,4,1,1,1,0,0,1,19,5,0,9,13,0,10,10,0,8,8,0,6,6,0,13,13,0,9,9,0,12,12,0,3,1,0,1,1,0,6,6,0,1,2,0,6,4,0,3,10,0
201401ZD30559,-0.107508,51.338674,1,1,2,1,22.42,6,6,30,3,4,6,0,0,4,1,1,0,0,1,3,0,0,16,0,0,10,0,0,1,0,0,6,0,0,13,0,0,9,0,0,12,0,0,1,0,0,1,0,0,6,0,0,1,0,0,7,0,0,11,0,0
201401ZD30567,-0.112413,51.334616,1,2,1,2,19.50,3,6,30,3,4,3,0,0,1,1,1,0,0,1,2,9,0,18,9,0,10,10,0,8,8,0,6,6,0,13,13,0,9,9,0,12,12,0,1,4,0,1,1,0,6,6,0,1,1,0,7,7,0,5,10,0
201401ZD30622,-0.077925,51.383427,1,1,1,1,17.26,4,6,30,3,4,6,0,0,1,1,1,0,0,1,9,0,0,18,0,0,10,0,0,8,0,0,6,0,0,13,0,0,9,0,0,12,0,0,1,0,0,1,0,0,6,0,0,1,0,0,8,0,0,10,0,0
201401ZD30629,-0.128435,51.325431,1,1,1,3,23.31,4,6,30,0,0,0,0,0,4,1,1,0,0,1,9,0,0,17,0,0,10,0,0,9,0,0,5,0,0,10,0,0,2,0,0,7,0,0,4,0,0,1,0,0,6,0,0,1,0,0,8,0,0,9,0,0
201401ZD30635,-0.100291,51.370842,1,1,2,2,18.45,3,6,30,3,4,6,0,0,1,1,1,0,0,1,9,0,0,18,0,0,10,0,0,2,0,0,6,0,0,13,0,0,9,0,0,12,0,0,1,0,0,1,0,0,6,0,0,2,0,0,6,0,0,9,0,0
201401ZD30648,-0.103371,51.386719,1,2,1,4,20.0,6,6,30,3,4,6,0,0,1,1,1,0,0,1,9,3,0,9,18,0,10,10,0,8,8,0,6,6,0,13,13,0,9,9,0,12,12,0,3,1,0,1,1,0,6,6,0,1,1,0,6,6,0,14,6,0
201401ZD30663,-0.056252,51.389544,1,2,1,3,0.34,3,6,30,3,4,6,0,0,4,1,2,0,0,1,9,3,0,9,18,0,10,10,0,8,8,0,6,6,0,13,13,0,9,9,0,12,12,0,1,1,0,1,1,0,6,6,0,1,1,0,5,5,0,5,1,0
201401ZD30700,-0.1204,51.378001,1,2,3,2,16.0,3,7,30,3,4,6,0,0,1,1,1,0,0,1,9,9,0,4,4,0,10,10,0,1,1,0,6,6,0,13,13,0,9,9,0,12,12,0,2,1,0,1,1,0,6,6,0,1,2,0,8,4,0,12,9,0
201401ZD30703,-0.12229,51.409056,1,2,1,2,19.20,3,6,30,3,4,5,0,4,1,1,1,0,0,1,4,19,0,13,9,0,10,10,0,8,8,0,6,6,0,13,13,0,9,9,0,12,12,0,4,3,0,1,1,0,6,6,0,1,1,0,8,9,0,2,10,0
201401ZD30760,-0.112581,51.341004,1,2,1,5,18.0,3,6,30,6,2,3,0,5,1,1,1,0,0,1,9,5,0,9,18,0,10,10,0,8,8,0,6,6,0,13,13,0,9,9,0,12,12,0,1,1,0,1,1,0,6,6,0,1,1,0,7,7,0,6,1,0
201401ZD30790,-0.064283,51.342284,1,2,1,7,12.19,3,6,30,8,2,6,0,5,1,1,1,0,0,1,9,11,0,9,18,0,10,10,0,8,8,0,6,6,0,13,13,0,9,9,0,12,12,0,4,4,0,1,1,0,6,6,0,2,1,0,4,8,0,10,9,0
201401ZD30807,-0.029045,51.377129,1,1,1,7,19.43,3,6,30,6,2,5,0,0,4,1,1,0,0,1,9,0,0,18,0,0,10,0,0,1,0,0,6,0,0,13,0,0,9,0,0,12,0,0,1,0,0,1,0,0,6,0,0,2,0,0,6,0,0,15,0,0
201401ZD30819,-0.104998,51.343849,1,2,1,7,22.33,3,1,30,2,4,5,0,0,4,1,2,0,0,1,9,2,0,18,18,0,10,10,0,8,8,0,6,6,0,13,13,0,9,9,0,12,12,0,3,1,0,1,1,0,6,6,0,1,1,0,5,4,0,4,7,0
201401ZD30825,-0.056836,51.358798,1,1,1,6,20.51,3,6,30,3,4,6,0,1,1,1,1,0,0,1,3,0,0,18,0,0,10,0,0,2,0,0,6,0,0,10,0,0,1,0,0,2,0,0,1,0,0,1,0,0,1,0,0,1,0,0,5,0,0,11,0,0
201401ZD30881,-0.096851,51.374113,1,1,1,2,16.34,3,6,30,6,2,5,0,5,1,1,1,0,0,1,11,0,0,18,0,0,10,0,0,8,0,0,6,0,0,13,0,0,9,0,0,12,0,0,1,0,0,1,0,0,6,0,0,1,0,0,8,0,0,6,0,0
201401ZD30935,-0.121295,51.38422,1,1,1,1,13.14,3,6,30,3,4,6,0,4,1,1,1,0,0,1,10,0,0,18,0,0,10,0,0,1,0,0,6,0,0,13,0,0,9,0,0,12,0,0,1,0,0,1,0,0,6,0,0,1,0,0,8,0,0,2,0,0
201401ZD30956,-0.122279,51.409326,1,2,1,6,7.24,3,6,30,3,4,5,0,0,1,1,2,0,0,1,19,3,0,18,14,0,10,10,0,8,8,0,6,6,0,13,13,0,9,9,0,12,12,0,1,1,0,1,1,0,1,6,0,1,1,0,8,6,0,7,4,0
201401ZD30959,-0.082387,51.407331,1,3,1,5,14.22,6,6,30,3,4,6,0,0,1,1,1,0,0,1,9,9,9,2,2,1,10,10,10,1,1,2,6,6,6,13,13,4,9,9,9,12,12,12,1,1,2,1,1,1,6,6,6,2,1,1,8,7,9,7,6,15
201401ZD30987,-0.115197,51.382234,1,1,1,6,11.54,3,6,30,3,4,6,0,0,1,1,1,0,0,1,19,0,0,18,0,0,10,0,0,1,0,0,6,0,0,13,0,0,9,0,0,12,0,0,1,0,0,1,0,0,1,0,0,1,0,0,6,0,0,11,0,0
201401ZD31046,-0.04061,51.385596,1,1,1,4,12.28,6,6,30,3,4,6,0,0,1,1,1,0,0,1,19,0,0,1,0,0,10,0,0,8,0,0,6,0,0,13,0,0,9,0,0,12,0,0,2,0,0,1,0,0,1,0,0,1,0,0,6,0,0,1,0,0
201401ZD31144,-0.128051,51.317241,1,1,3,5,0.18,6,6,30,3,4,6,0,0,4,1,1,0,0,1,9,0,0,18,0,0,10,0,0,8,0,0,5,0,0,10,0,0,7,0,0,2,0,0,1,0,0,1,0,0,6,0,0,1,0,0,6,0,0,19,0,0
201401ZD39115,-0.127324,51.387914,1,1,1,2,0.40,3,6,30,3,4,6,0,0,4,1,1,0,0,1,9,0,0,18,0,0,10,0,0,8,0,0,6,0,0,13,0,0,9,0,0,12,0,0,4,0,0,1,0,0,6,0,0,1,0,0,5,0,0,19,0,0
201401ZT80030,-0.156876,51.364282,1,2,1,4,19.52,5,6,30,0,0,0,0,0,4,2,2,0,0,1,9,4,0,5,18,0,10,10,0,9,9,0,6,6,0,13,13,0,9,9,0,12,12,0,3,1,0,1,1,0,6,6,0,1,1,0,5,7,0,6,2,0
201401ZT80122,-0.171924,51.36155,1,1,1,4,17.50,5,6,30,6,4,6,0,0,1,1,1,0,0,1,9,0,0,1,0,0,10,0,0,1,0,0,6,0,0,13,0,0,9,0,0,12,0,0,3,0,0,1,0,0,1,0,0,1,0,0,8,0,0,16,0,0
201401ZT80127,-0.193078,51.375187,1,2,1,5,19.48,4,6,30,3,4,6,0,0,4,1,1,0,0,1,11,9,0,18,3,0,10,10,0,1,1,0,6,6,0,13,13,0,9,9,0,12,12,0,1,2,0,1,1,0,1,6,0,1,1,0,8,7,0,7,1,0
201401ZT80156,-0.206237,51.373052,1,2,1,6,18.50,3,3,30,3,4,6,0,0,1,1,1,0,0,1,9,2,0,4,4,0,10,10,0,1,1,0,6,6,0,13,13,0,9,9,0,12,12,0,2,1,0,1,1,0,6,6,0,1,1,0,6,6,0,9,8,0
201401ZT80206,-0.159442,51.382667,1,1,1,4,15.40,6,6,30,3,4,6,0,0,1,1,1,0,0,1,9,0,0,18,0,0,10,0,0,1,0,0,6,0,0,13,0,0,9,0,0,12,0,0,1,0,0,1,0,0,6,0,0,2,0,0,6,0,0,5,0,0
201401ZT80227,-0.177779,51.366047,1,1,1,2,9.50,5,6,30,6,4,5,0,0,1,1,1,0,0,1,9,0,0,18,0,0,10,0,0,1,0,0,6,0,0,13,0,0,9,0,0,12,0,0,1,0,0,1,0,0,6,0,0,2,0,0,10,0,0,6,0,0
201401ZT80334,-0.164381,51.349022,1,1,1,4,15.35,6,6,30,0,0,0,0,0,1,1,1,0,0,1,9,0,0,18,0,0,10,0,0,9,0,0,6,0,0,13,0,0,9,0,0,12,0,0,4,0,0,1,0,0,6,0,0,2,0,0,7,0,0,7,0,0
201401ZT80404,-0.192545,51.377787,1,1,1,6,9.50,4,6,30,3,4,6,0,0,1,1,1,0,0,1,11,0,0,18,0,0,10,0,0,1,0,0,6,0,0,13,0,0,9,0,0,12,0,0,5,0,0,1,0,0,1,0,0,1,0,0,9,0,0,5,0,0
201401ZT80440,-0.206134,51.353625,1,1,1,1,5.24,6,6,30,3,4,6,0,0,7,1,4,0,0,1,9,0,0,18,0,0,10,0,0,1,0,0,6,0,0,10,0,0,2,0,0,4,0,0,1,0,0,1,0,0,6,0,0,1,0,0,6,0,0,8,0,0
201401ZT80448,-0.190566,51.384231,1,1,1,7,17.14,3,1,30,1,4,4,0,0,7,1,1,0,0,1,9,0,0,18,0,0,10,0,0,8,0,0,6,0,0,13,0,0,9,0,0,12,0,0,1,0,0,1,0,0,1,0,0,2,0,0,5,0,0,15,0,0
2.01403E+12,-3.33776,54.762326,1,1,1,1,10.29,3,6,30,0,0,0,0,0,1,8,2,0,0,2,9,0,0,14,0,0,10,0,0,9,0,0,6,0,0,13,0,0,9,0,0,12,0,0,1,0,0,1,0,0,6,0,0,2,0,0,7,0,0,10,0,0
2.01403E+12,-3.234288,54.132926,1,1,1,2,18.1,5,6,40,0,0,0,0,0,4,1,2,0,0,1,11,0,0,18,0,0,10,0,0,9,0,0,6,0,0,13,0,0,9,0,0,12,0,0,1,0,0,1,0,0,1,0,0,1,0,0,8,0,0,17,0,0
2.01403E+12,-2.491152,54.577376,1,1,1,4,12.38,4,2,30,0,0,0,0,0,1,2,2,0,0,2,9,0,0,18,0,0,10,0,0,9,0,0,5,0,0,13,0,0,9,0,0,12,0,0,4,0,0,1,0,0,6,0,0,1,0,0,9,0,0,8,0,0
2.01403E+12,-3.497795,54.710394,1,1,1,4,11.3,3,6,30,3,4,6,0,0,1,1,1,0,0,2,9,0,0,5,0,0,10,0,0,1,0,0,6,0,0,13,0,0,9,0,0,12,0,0,1,0,0,1,0,0,6,0,0,2,0,0,7,0,0,9,0,0
2.01403E+12,-2.731897,54.310492,1,1,1,5,7.0,4,6,30,3,1,6,0,4,4,1,2,0,0,1,9,0,0,18,0,0,10,0,0,8,0,0,1,0,0,13,0,0,9,0,0,12,0,0,3,0,0,1,0,0,1,0,0,1,0,0,9,0,0,10,0,0
2.01403E+12,-3.13432,54.601188,1,1,1,2,17.54,3,6,30,0,0,0,0,0,1,1,1,0,0,2,9,0,0,18,0,0,10,0,0,9,0,0,6,0,0,13,0,0,9,0,0,12,0,0,1,0,0,1,0,0,6,0,0,1,0,0,8,0,0,3,0,0
2.01403E+12,-2.830697,54.377529,1,2,2,6,15.50,3,6,60,3,4,6,0,0,1,2,2,0,0,2,9,9,0,9,18,0,10,10,0,2,1,0,6,6,0,13,13,0,9,7,0,12,7,0,1,1,0,1,1,0,6,6,0,2,2,0,11,5,0,4,4,0
2.01403E+12,-2.447608,54.810485,1,1,1,3,22.15,3,6,30,8,4,6,0,0,6,3,3,0,0,2,9,0,0,18,0,0,10,0,0,6,0,0,5,0,0,13,0,0,9,0,0,12,0,0,1,0,0,1,0,0,6,0,0,2,0,0,11,0,0,6,0,0
2.01403E+12,-3.542907,54.643407,1,1,1,2,19.0,3,6,30,7,2,6,0,5,4,1,1,0,0,1,9,0,0,9,0,0,10,0,0,1,0,0,6,0,0,13,0,0,9,0,0,12,0,0,1,0,0,1,0,0,2,0,0,2,0,0,8,0,0,2,0,0
2.01403E+12,-2.666656,54.287143,1,2,1,1,11.14,4,6,30,6,4,6,0,0,1,2,2,0,0,2,9,9,0,9,16,0,10,10,0,8,1,0,6,6,0,13,13,0,9,7,0,12,10,0,3,1,0,1,1,0,6,6,0,2,1,0,9,11,0,3,9,0
2.01403E+12,-2.953558,54.89411,1,1,1,2,14.44,6,6,30,7,2,6,2,4,1,1,1,0,0,1,19,0,0,4,0,0,10,0,0,1,0,0,6,0,0,13,0,0,9,0,0,12,0,0,1,0,0,1,0,0,1,0,0,1,0,0,6,0,0,7,0,0