Accident_Index,Longitude,Latitude,SV,Number_of_Vehicles,Number_of_Casualties,Day_of_Week,Time,1st_Road_Class,Road_Type,Speed_limit,Junction_Detail,Junction_Control,2nd_Road_Class,Pedestrian_Crossing-Human_Control,Pedestrian_Crossing-Physical_Facilities,Light_Conditions,Weather_Conditions,Road_Surface_Conditions,Special_Conditions_at_Site,Carriageway_Hazards,Urban_or_Rural_Area,Vehicle1_Type,Vehicle2_Type,Vehicle3_Type,Vehicle1_Manoeuvre,Vehicle2_Manoeuvre,Vehicle3_Manoeuvre,Vehicle1_Location-Restricted_Lane,Vehicle2_Location-Restricted_Lane,Vehicle3_Location-Restricted_Lane,Junction1_Location,Junction2_Location,Junction3_Location,Skidding1_and_Overturning,Skidding2_and_Overturning,Skidding3_and_Overturning,Hit_Object_in_Carriageway1,Hit_Object_in_Carriageway2,Hit_Object_in_Carriageway3,Vehicle1_Leaving_Carriageway,Vehicle2_Leaving_Carriageway,Vehicle3_Leaving_Carriageway,Hit_Object_off_Carriageway1,Hit_Object_off_Carriageway2,Hit_Object_off_Carriageway3,1st_Point_of_Impact1,1st_Point_of_Impact2,1st_Point_of_Impact3,Was_Vehicle 1_Left_Hand_Drive?,Was_Vehicle2_Left_Hand_Drive?,Was_Vehicle 3_Left_Hand_Drive?,Journey_Purpose_of_Driver1,Journey_Purpose_of_Driver2,Journey_Purpose_of_Driver3,Sex_of_Driver1,Sex_of_Driver2,Sex_of_Driver3,Age_Band_of_Driver1,Age_Band_of_Driver2,Age_Band_of_Driver3,Age_of_Vehicle1,Age_of_Vehicle2,Age_of_Vehicle3
2.01403E+12,-2.837045,54.348995,1,1,1,6,23.40,4,6,60,0,0,0,0,0,6,9,1,0,0,2,8,0,0,17,0,0,10,0,0,9,0,0,6,0,0,13,0,0,1,0,0,12,0,0,1,0,0,1,0,0,6,0,0,1,0,0,6,0,0,12,0,0
2.01403E+12,-3.109558,54.190496,1,3,2,6,15.31,3,6,50,0,0,0,0,0,1,1,1,0,0,2,9,9,9,4,4,4,10,10,10,9,9,9,1,6,6,13,13,13,9,9,9,12,12,12,1,2,2,1,1,1,6,6,6,2,1,2,6,10,9,4,3,5
2.01403E+12,-3.494695,54.714746,1,4,4,7,12.15,3,6,30,6,2,6,0,0,1,1,2,0,0,2,9,9,9,18,18,18,10,10,10,1,1,1,6,6,6,13,13,13,7,9,9,10,12,12,1,2,2,1,1,1,6,6,6,1,2,2,10,5,7,2,12,7
2.01403E+12,-3.233464,54.115497,1,2,1,2,13.50,6,6,30,6,4,6,0,0,5,1,1,0,0,1,9,3,0,10,18,0,10,10,0,1,1,0,6,6,0,13,13,0,9,9,0,12,12,0,1,1,0,1,1,0,6,6,0,2,1,0,6,4,0,8,8,0
2.01403E+12,-2.883697,54.815373,1,1,1,4,13.10,1,3,70,0,0,0,0,0,1,1,1,0,0,2,9,0,0,18,0,0,10,0,0,9,0,0,1,0,0,13,0,0,9,0,0,6,0,0,4,0,0,1,0,0,6,0,0,1,0,0,5,0,0,9,0,0
2.01403E+12,-2.599628,54.968175,1,2,1,2,16.10,3,6,60,0,0,0,0,0,1,1,1,0,0,2,9,21,0,4,4,0,10,10,0,9,9,0,6,6,0,13,13,0,9,9,0,12,12,0,1,2,0,1,1,0,6,6,0,1,1,0,8,7,0,5,4,0
2.01403E+12,-3.017425,54.978248,1,5,4,7,6.45,1,3,70,0,0,0,0,0,1,3,4,0,0,2,9,9,9,18,18,18,10,10,10,9,9,9,1,1,1,13,13,13,9,9,9,12,12,12,5,1,1,1,1,1,6,6,6,1,2,2,10,5,9,9,11,14
2.01403E+12,-3.239171,54.111933,1,2,1,1,15.50,3,6,30,0,0,0,0,0,1,1,1,0,0,1,5,9,0,13,18,0,10,10,0,9,9,0,2,6,0,13,13,0,9,9,0,12,12,0,1,3,0,1,1,0,6,6,0,1,2,0,7,8,0,17,3,0
2.01403E+12,-2.980261,54.69007,1,1,4,5,21.40,6,6,60,0,0,0,0,0,6,1,1,0,0,2,9,0,0,18,0,0,10,0,0,9,0,0,6,0,0,13,0,0,7,0,0,4,0,0,4,0,0,1,0,0,6,0,0,2,0,0,5,0,0,10,0,0
2.01403E+12,-3.202191,54.1186,1,1,1,3,17.8,6,6,30,0,0,0,0,0,1,1,1,0,0,1,9,0,0,18,0,0,10,0,0,9,0,0,6,0,0,13,0,0,9,0,0,12,0,0,1,0,0,1,0,0,6,0,0,2,0,0,7,0,0,10,0,0
2.01403E+12,-3.543486,54.642321,1,1,1,7,22.42,3,6,30,6,2,6,0,4,4,2,2,0,0,1,9,0,0,18,0,0,10,0,0,2,0,0,6,0,0,13,0,0,9,0,0,12,0,0,1,0,0,1,0,0,6,0,0,1,0,0,4,0,0,7,0,0
2.01403E+12,-3.298418,54.659667,1,2,1,4,8.53,3,6,60,3,4,6,0,0,1,1,1,0,0,2,5,19,0,13,9,0,10,10,0,8,5,0,6,6,0,13,13,0,9,9,0,12,12,0,4,3,0,1,1,0,6,1,0,1,1,0,9,8,0,22,13,0
2.01403E+12,-3.380745,54.357571,1,1,1,1,11.33,3,6,30,0,0,0,0,0,1,1,1,0,0,2,5,0,0,17,0,0,10,0,0,9,0,0,2,0,0,13,0,0,2,0,0,10,0,0,1,0,0,1,0,0,6,0,0,1,0,0,8,0,0,2,0,0
2.01403E+12,-3.200277,54.11062,1,1,1,7,19.30,6,6,20,0,0,0,0,0,1,1,1,0,0,1,9,0,0,18,0,0,10,0,0,9,0,0,6,0,0,13,0,0,9,0,0,12,0,0,3,0,0,1,0,0,6,0,0,2,0,0,4,0,0,14,0,0
2.01403E+12,-2.375685,54.806326,1,1,1,7,11.55,3,6,60,3,4,5,0,0,1,1,1,0,0,2,5,0,0,16,0,0,10,0,0,8,0,0,1,0,0,13,0,0,7,0,0,9,0,0,5,0,0,1,0,0,6,0,0,1,0,0,7,0,0,5,0,0
2.01403E+12,-3.163907,54.829456,1,2,1,4,19.19,6,6,50,3,4,3,0,0,1,1,1,0,0,2,9,5,0,9,18,0,10,10,0,6,8,0,6,6,0,13,13,0,9,9,0,12,12,0,3,1,0,1,1,0,6,6,0,2,1,0,4,7,0,10,9,0
2.01403E+12,-3.085352,54.149911,1,1,1,6,18.30,3,6,60,0,0,0,0,0,1,1,1,0,0,2,9,0,0,17,0,0,10,0,0,9,0,0,2,0,0,13,0,0,8,0,0,10,0,0,1,0,0,1,0,0,6,0,0,1,0,0,4,0,0,8,0,0
2.01403E+12,-2.654608,54.215128,1,2,3,7,14.10,3,6,40,0,0,0,0,0,1,1,1,0,0,2,9,9,0,18,18,0,10,10,0,9,9,0,6,6,0,13,13,0,9,1,0,12,9,0,1,1,0,1,1,0,6,6,0,1,2,0,9,8,0,12,1,0
2.01403E+12,-2.921777,54.874853,1,1,1,6,9.35,6,6,30,0,0,0,0,0,1,2,2,0,0,1,9,0,0,16,0,0,10,0,0,9,0,0,6,0,0,13,0,0,9,0,0,12,0,0,1,0,0,1,0,0,6,0,0,1,0,0,7,0,0,7,0,0
2.01403E+12,-2.9057,54.894566,1,1,1,4,15.34,6,6,30,3,4,3,0,0,1,2,2,0,0,1,9,0,0,9,0,0,10,0,0,5,0,0,6,0,0,13,0,0,9,0,0,12,0,0,1,0,0,1,0,0,6,0,0,1,0,0,4,0,0,10,0,0
2.01403E+12,-3.5865,54.549008,1,1,1,1,0.7,3,2,30,9,4,6,0,4,4,1,1,0,0,1,9,0,0,18,0,0,10,0,0,8,0,0,6,0,0,13,0,0,9,0,0,12,0,0,1,0,0,1,0,0,6,0,0,1,0,0,6,0,0,14,0,0
2.01403E+12,-3.550113,54.510921,1,1,1,4,22.31,3,6,60,0,0,0,0,0,7,7,2,0,0,2,9,0,0,18,0,0,10,0,0,9,0,0,6,0,0,13,0,0,9,0,0,12,0,0,1,0,0,1,0,0,6,0,0,1,0,0,9,0,0,4,0,0
2.01403E+12,-3.227591,54.11349,1,1,2,2,22.22,6,6,30,3,4,6,0,0,4,1,1,0,2,1,9,0,0,18,0,0,10,0,0,1,0,0,6,0,0,11,0,0,9,0,0,12,0,0,5,0,0,1,0,0,6,0,0,1,0,0,7,0,0,13,0,0
2.01403E+12,-2.730709,54.641863,1,2,4,6,9.39,3,6,60,7,4,6,0,0,1,1,1,0,0,2,9,9,0,5,18,0,10,10,0,6,1,0,6,6,0,13,13,0,9,9,0,12,12,0,3,1,0,1,1,0,6,6,0,1,1,0,10,11,0,8,14,0
2.01403E+12,-2.600567,54.664058,1,2,2,1,16.55,6,6,60,8,4,6,0,0,1,1,1,0,0,2,17,17,0,18,9,0,10,10,0,1,5,0,6,6,0,13,13,0,7,9,0,9,12,0,1,3,0,1,1,0,6,1,0,1,1,0,4,7,0,8,6,0
2.01403E+12,-3.54909,54.638924,1,2,1,3,15.51,6,6,30,3,4,6,0,0,1,1,1,0,0,1,9,19,0,9,18,0,10,10,0,1,1,0,6,6,0,13,13,0,9,1,0,12,10,0,5,1,0,1,1,0,6,1,0,2,1,0,10,8,0,12,8,0
2.01403E+12,-2.791133,54.697294,1,2,2,2,15.0,1,3,70,0,0,0,0,0,1,1,2,0,0,2,19,21,0,18,18,0,10,10,0,9,9,0,2,6,0,13,13,0,4,9,0,6,12,0,1,3,0,1,1,0,6,6,0,1,1,0,7,9,0,2,4,0
2.01403E+12,-3.584322,54.548677,1,1,1,5,9.53,6,6,30,0,0,0,0,0,1,1,1,0,0,1,9,0,0,18,0,0,10,0,0,9,0,0,6,0,0,13,0,0,9,0,0,12,0,0,1,0,0,1,0,0,1,0,0,1,0,0,9,0,0,5,0,0
2.01403E+12,-3.16293,54.60559,1,2,3,1,14.53,3,6,60,3,4,4,0,0,1,1,1,0,0,2,9,9,0,10,18,0,10,10,0,1,1,0,6,6,0,13,13,0,9,9,0,12,12,0,1,1,0,1,1,0,6,6,0,2,2,0,6,6,0,7,11,0
2.01403E+12,-2.717707,54.236969,1,2,2,2,17.15,3,1,70,1,4,1,0,0,1,2,2,0,0,2,9,9,0,18,18,0,10,10,0,4,8,0,6,6,0,13,13,0,3,7,0,7,7,0,1,4,0,1,1,0,1,6,0,1,1,0,9,9,0,3,1,0
2.01403E+12,-2.659129,54.527328,1,1,1,1,5.10,1,3,70,0,0,0,0,0,1,1,1,0,0,2,19,0,0,18,0,0,10,0,0,9,0,0,2,0,0,13,0,0,6,0,0,6,0,0,1,0,0,1,0,0,6,0,0,1,0,0,6,0,0,12,0,0
2.01403E+12,-2.905832,54.983804,1,3,1,1,11.2,3,6,60,3,4,6,0,0,1,1,1,0,0,2,9,5,5,9,18,18,10,10,10,6,1,1,6,2,6,13,13,13,9,9,9,12,12,12,5,4,1,1,1,1,6,6,6,1,1,1,9,7,8,1,5,9
2.01403E+12,-2.551312,54.770427,1,2,3,1,15.8,3,6,60,9,4,6,0,0,1,1,1,0,0,2,4,9,0,5,18,0,10,10,0,6,1,0,6,6,0,13,13,0,9,9,0,12,12,0,1,1,0,1,1,0,6,6,0,1,1,0,8,5,0,17,12,0
2.01403E+12,-3.520744,54.522889,1,1,1,6,8.7,4,6,30,0,0,0,0,0,1,1,1,0,0,2,9,0,0,18,0,0,10,0,0,9,0,0,6,0,0,13,0,0,9,0,0,12,0,0,1,0,0,1,0,0,6,0,0,1,0,0,6,0,0,10,0,0
2.01403E+12,-3.132309,54.573346,1,2,1,7,13.13,4,6,60,3,4,6,0,0,1,1,1,0,0,2,5,5,0,16,10,0,10,10,0,1,1,0,6,6,0,13,13,0,9,9,0,12,12,0,1,2,0,1,1,0,6,6,0,1,1,0,8,10,0,10,3,0
2.01403E+12,-3.180305,54.403199,1,1,1,3,15.25,6,6,60,0,0,0,0,0,1,1,1,0,0,2,5,0,0,16,0,0,10,0,0,9,0,0,6,0,0,13,0,0,1,0,0,12,0,0,4,0,0,1,0,0,6,0,0,1,0,0,10,0,0,30,0,0
2.01403E+12,-2.922566,54.361853,1,1,1,6,13.0,3,6,30,0,0,0,0,0,1,1,1,0,0,2,11,0,0,18,0,0,10,0,0,9,0,0,6,0,0,13,0,0,9,0,0,12,0,0,5,0,0,1,0,0,6,0,0,1,0,0,8,0,0,15,0,0
2.01403E+12,-3.130606,54.813235,1,2,1,5,13.14,3,6,60,6,4,4,0,0,1,1,1,0,0,2,5,9,0,13,9,0,10,10,0,1,8,0,6,6,0,13,13,0,7,9,0,9,12,0,1,3,0,1,1,0,6,6,0,1,2,0,7,10,0,13,1,0
2.01403E+12,-3.505036,54.520119,1,1,1,1,0.25,6,6,30,0,0,0,0,0,4,1,1,0,0,2,8,0,0,5,0,0,10,0,0,9,0,0,6,0,0,13,0,0,9,0,0,12,0,0,5,0,0,1,0,0,1,0,0,1,0,0,8,0,0,1,0,0
2.01403E+12,-2.913837,54.882103,1,1,1,6,16.29,3,6,30,0,0,0,0,4,1,1,1,0,0,1,9,0,0,18,0,0,10,0,0,9,0,0,6,0,0,13,0,0,9,0,0,12,0,0,1,0,0,1,0,0,6,0,0,1,0,0,10,0,0,12,0,0
2.01403E+12,-2.716297,54.721036,1,2,3,3,17.30,6,6,60,6,4,6,0,0,1,1,1,0,0,2,9,9,0,18,18,0,10,10,0,1,1,0,6,6,0,13,13,0,3,1,0,10,10,0,4,1,0,1,1,0,6,6,0,2,1,0,8,9,0,4,5,0
2.01403E+12,-2.313745,54.783676,1,1,1,5,16.35,3,6,60,0,0,0,0,0,1,1,1,0,0,2,4,0,0,18,0,0,10,0,0,9,0,0,1,0,0,13,0,0,9,0,0,12,0,0,5,0,0,1,0,0,6,0,0,1,0,0,6,0,0,14,0,0
2.01403E+12,-2.70318,54.653889,1,1,2,1,19.55,3,6,60,0,0,0,0,0,1,1,1,0,0,2,9,0,0,18,0,0,10,0,0,9,0,0,1,0,0,13,0,0,7,0,0,10,0,0,1,0,0,1,0,0,6,0,0,1,0,0,8,0,0,10,0,0
2.01403E+12,-2.902794,54.442711,1,2,1,7,14.35,3,6,60,0,0,0,0,0,1,1,1,0,0,2,5,9,0,18,18,0,10,10,0,9,9,0,6,6,0,13,13,0,9,9,0,12,12,0,1,1,0,1,1,0,6,6,0,1,1,0,7,8,0,13,5,0
2.01403E+12,-3.111217,54.189492,1,4,1,7,11.38,3,6,40,0,0,0,0,0,1,1,1,0,0,2,9,9,9,18,18,18,10,3,10,9,9,9,6,6,6,13,13,13,9,9,9,12,12,12,3,3,3,1,1,1,6,6,6,1,1,1,8,10,8,7,6,5
2.01403E+12,-3.525025,54.608671,1,2,2,6,22.0,3,1,60,1,4,3,0,0,4,1,1,0,0,2,9,9,0,18,18,0,10,10,0,5,3,0,6,6,0,13,13,0,9,9,0,12,12,0,1,1,0,1,1,0,6,6,0,1,2,0,11,9,0,7,3,0
2.01403E+12,-2.984866,55.020485,1,1,4,7,23.50,3,6,60,0,0,0,0,0,6,1,1,0,0,2,9,0,0,17,0,0,10,0,0,9,0,0,5,0,0,13,0,0,1,0,0,12,0,0,1,0,0,1,0,0,6,0,0,1,0,0,4,0,0,4,0,0
2.01403E+12,-3.381569,54.308756,1,2,1,1,14.54,3,6,60,0,0,0,0,0,1,8,2,0,0,2,9,5,0,17,16,0,10,10,0,9,9,0,1,6,0,13,13,0,9,9,0,12,12,0,1,4,0,1,1,0,6,6,0,1,1,0,4,9,0,12,16,0
2.01403E+12,-3.210506,54.130921,1,1,1,1,0.45,6,6,40,0,0,0,0,0,4,5,2,0,0,1,8,0,0,18,0,0,10,0,0,9,0,0,6,0,0,13,0,0,9,0,0,12,0,0,5,0,0,1,0,0,6,0,0,1,0,0,7,0,0,7,0,0
2.01403E+12,-3.129993,54.8136,1,2,1,6,21.52,3,6,60,3,4,4,0,0,6,1,1,0,0,2,9,5,0,9,18,0,10,10,0,1,1,0,6,1,0,13,13,0,9,9,0,12,12,0,4,1,0,1,1,0,6,6,0,1,1,0,5,6,0,13,19,0
2.01403E+12,-2.573998,54.769872,1,1,1,3,19.0,3,6,60,0,0,0,0,0,1,1,1,0,0,2,5,0,0,16,0,0,10,0,0,9,0,0,1,0,0,13,0,0,7,0,0,10,0,0,1,0,0,1,0,0,6,0,0,1,0,0,5,0,0,5,0,0
2.01403E+12,-3.14526,54.173534,1,2,1,6,14.38,3,6,40,3,4,6,0,0,1,1,1,0,0,2,9,4,0,9,18,0,10,10,0,2,1,0,6,6,0,13,13,0,9,9,0,12,12,0,3,1,0,1,1,0,6,6,0,1,1,0,11,10,0,11,20,0
2.01403E+12,-3.417101,54.737788,1,1,1,2,16.39,3,6,60,0,0,0,0,0,1,1,1,0,0,2,9,0,0,18,0,0,10,0,0,9,0,0,2,0,0,13,0,0,7,0,0,4,0,0,1,0,0,1,0,0,6,0,0,2,0,0,6,0,0,13,0,0
2.01403E+12,-2.770214,54.698777,1,1,1,1,2.0,3,1,60,1,4,4,0,0,6,1,1,0,0,2,21,0,0,18,0,0,10,0,0,4,0,0,5,0,0,13,0,0,3,0,0,1,0,0,1,0,0,1,0,0,1,0,0,1,0,0,8,0,0,2,0,0
2.01403E+12,-2.690776,54.571369,1,1,4,1,14.0,1,3,70,0,0,0,0,0,1,1,1,0,0,2,9,0,0,18,0,0,10,0,0,9,0,0,6,0,0,13,0,0,4,0,0,12,0,0,1,0,0,1,0,0,6,0,0,2,0,0,8,0,0,11,0,0
2.01403E+12,-3.258677,54.321246,1,1,1,7,13.40,6,6,60,3,4,6,0,0,1,1,1,0,0,2,5,0,0,6,0,0,10,0,0,8,0,0,5,0,0,13,0,0,9,0,0,12,0,0,3,0,0,1,0,0,6,0,0,1,0,0,8,0,0,11,0,0
2.01403E+12,-2.743144,54.329028,1,1,1,3,8.45,3,2,30,3,4,6,0,0,1,1,1,0,0,1,9,0,0,4,0,0,10,0,0,1,0,0,6,0,0,13,0,0,9,0,0,12,0,0,1,0,0,1,0,0,6,0,0,2,0,0,5,0,0,2,0,0
2.01403E+12,-2.828883,54.348602,1,1,2,3,11.55,4,6,60,3,4,6,0,0,1,1,1,0,0,2,9,0,0,17,0,0,10,0,0,1,0,0,5,0,0,13,0,0,1,0,0,12,0,0,1,0,0,1,0,0,6,0,0,1,0,0,8,0,0,13,0,0
2.01403E+12,-3.395703,54.367555,1,2,2,5,15.46,3,3,60,0,0,0,0,0,1,1,1,0,0,2,5,9,0,4,4,0,10,10,0,9,9,0,6,6,0,13,13,0,7,9,0,12,12,0,2,2,0,1,1,0,6,6,0,1,1,0,7,6,0,5,2,0
2.01403E+12,-2.723016,54.6624,1,2,1,5,13.25,3,6,50,9,4,6,0,0,1,1,1,0,0,2,19,5,0,9,16,0,8,10,0,6,1,0,6,2,0,13,13,0,9,9,0,12,12,0,3,1,0,1,1,0,1,6,0,1,1,0,7,5,0,4,9,0
2.01403E+12,-3.499768,54.439561,1,2,1,3,16.50,6,6,60,0,0,0,0,0,1,1,1,0,0,2,9,5,0,6,14,0,10,10,0,9,9,0,6,2,0,13,13,0,9,9,0,12,12,0,5,4,0,1,1,0,1,1,0,1,1,0,7,8,0,2,17,0
2.01403E+12,-2.743838,54.324889,1,1,1,7,20.0,3,2,30,0,0,0,0,1,4,1,1,0,0,1,5,0,0,16,0,0,10,0,0,9,0,0,1,0,0,13,0,0,9,0,0,12,0,0,5,0,0,1,0,0,6,0,0,1,0,0,4,0,0,12,0,0
2.01403E+12,-2.66885,54.2803,1,2,3,5,16.55,1,3,70,0,0,0,0,0,1,1,1,0,0,2,9,21,0,18,18,0,10,10,0,9,9,0,1,6,0,13,13,0,5,9,0,6,12,0,1,2,0,1,1,0,6,1,0,1,1,0,9,7,0,14,3,0
2.01403E+12,-3.095535,54.181816,1,2,1,4,18.38,6,6,30,0,0,0,0,0,1,1,1,0,0,1,9,9,0,18,2,0,10,10,0,9,9,0,6,6,0,4,13,0,9,9,0,12,12,0,1,2,0,1,1,0,6,6,0,2,2,0,10,7,0,14,1,0
2.01403E+12,-3.543045,54.634777,1,1,1,3,16.55,6,6,30,0,0,0,0,0,1,1,1,0,0,1,9,0,0,18,0,0,10,0,0,9,0,0,6,0,0,13,0,0,9,0,0,12,0,0,4,0,0,1,0,0,6,0,0,1,0,0,7,0,0,7,0,0
2.01403E+12,-3.130227,54.144734,1,1,3,7,22.59,6,6,60,3,4,6,0,0,6,1,1,0,0,2,9,0,0,18,0,0,10,0,0,6,0,0,1,0,0,13,0,0,3,0,0,10,0,0,1,0,0,1,0,0,6,0,0,1,0,0,4,0,0,12,0,0
2.01403E+12,-2.929424,54.888815,1,1,1,7,11.10,6,6,30,3,4,6,0,1,1,1,1,0,0,1,9,0,0,18,0,0,10,0,0,1,0,0,6,0,0,13,0,0,9,0,0,12,0,0,4,0,0,1,0,0,6,0,0,1,0,0,10,0,0,7,0,0
2.01403E+12,-3.551285,54.550004,1,1,2,3,17.30,6,6,60,3,4,6,0,0,4,2,2,0,0,2,9,0,0,18,0,0,10,0,0,8,0,0,6,0,0,13,0,0,9,0,0,12,0,0,1,0,0,1,0,0,6,0,0,1,0,0,10,0,0,1,0,0
2.01403E+12,-2.418997,54.435471,1,1,1,7,18.20,3,6,60,0,0,0,0,0,6,2,2,0,0,2,9,0,0,16,0,0,10,0,0,9,0,0,5,0,0,13,0,0,1,0,0,4,0,0,1,0,0,1,0,0,6,0,0,1,0,0,5,0,0,12,0,0
2.01403E+12,-3.219343,54.10872,1,2,1,1,13.15,3,6,30,3,4,6,0,0,1,1,1,0,0,1,90,9,0,18,18,0,10,10,0,1,2,0,6,6,0,13,13,0,9,9,0,12,12,0,1,1,0,1,1,0,6,6,0,1,1,0,6,9,0,2,13,0
2.01403E+12,-2.732378,54.380862,1,1,2,7,17.54,3,6,60,3,4,6,0,0,6,1,2,0,0,2,9,0,0,17,0,0,10,0,0,1,0,0,6,0,0,13,0,0,9,0,0,12,0,0,1,0,0,1,0,0,6,0,0,1,0,0,7,0,0,7,0,0
2.01403E+12,-3.529208,54.526108,1,2,2,6,17.55,4,6,30,3,4,6,0,0,4,1,2,0,0,2,3,9,0,18,9,0,10,10,0,1,1,0,6,6,0,13,13,0,9,9,0,12,12,0,1,3,0,1,1,0,6,6,0,1,2,0,4,7,0,1,1,0
2.01403E+12,-3.26234,54.255055,1,1,3,6,22.58,3,6,40,0,0,0,0,0,6,5,2,0,0,2,9,0,0,17,0,0,10,0,0,9,0,0,1,0,0,13,0,0,1,0,0,10,0,0,1,0,0,1,0,0,6,0,0,1,0,0,4,0,0,4,0,0
2.01403E+12,-3.05629,54.845629,1,2,2,5,19.30,3,6,60,0,0,0,0,0,6,1,2,0,0,2,9,9,0,17,16,0,10,10,0,9,9,0,1,6,0,13,13,0,9,9,0,12,12,0,1,1,0,1,1,0,6,6,0,1,2,0,5,10,0,10,13,0
2.01403E+12,-3.200337,54.782278,1,2,2,3,10.40,3,6,40,6,4,6,0,0,1,1,1,0,0,2,19,21,0,18,18,0,10,10,0,6,1,0,5,2,0,13,13,0,3,9,0,2,12,0,1,4,0,1,1,0,6,6,0,1,1,0,9,10,0,5,1,0
2.01403E+12,-2.852879,54.829883,1,1,1,7,4.29,3,6,60,0,0,0,0,0,6,1,1,0,0,2,9,0,0,18,0,0,10,0,0,9,0,0,5,0,0,13,0,0,9,0,0,12,0,0,5,0,0,1,0,0,6,0,0,1,0,0,4,0,0,5,0,0
2.01403E+12,-3.095927,54.196643,1,1,1,4,13.0,4,2,30,0,0,0,0,1,1,1,1,0,0,1,9,0,0,4,0,0,10,0,0,9,0,0,6,0,0,13,0,0,9,0,0,12,0,0,1,0,0,1,0,0,6,0,0,1,0,0,8,0,0,6,0,0
2.01403E+12,-2.97602,54.855827,1,2,6,5,14.25,4,6,60,0,0,0,0,0,1,1,1,0,0,2,9,9,0,13,18,0,10,10,0,9,9,0,1,1,0,13,13,0,7,1,0,12,12,0,1,1,0,1,1,0,6,6,0,1,1,0,5,9,0,11,6,0
2.01403E+12,-2.721271,54.221399,1,2,3,7,14.40,1,3,70,0,0,0,0,0,1,1,1,0,0,2,9,9,0,18,18,0,10,10,0,9,9,0,6,6,0,13,13,0,9,1,0,12,10,0,1,2,0,1,1,0,6,6,0,1,2,0,7,8,0,8,8,0
2.01403E+12,-2.745279,54.328026,1,1,1,5,10.39,6,2,30,0,0,0,0,0,1,1,2,0,0,1,19,0,0,1,0,0,10,0,0,9,0,0,6,0,0,13,0,0,9,0,0,12,0,0,2,0,0,1,0,0,1,0,0,1,0,0,6,0,0,5,0,0
2.01403E+12,-2.989009,54.896433,1,4,2,6,21.5,4,6,40,0,0,0,0,0,4,1,2,0,0,2,9,9,9,13,18,18,10,10,10,9,9,9,1,6,6,13,13,13,9,9,9,12,12,12,1,1,3,1,1,1,6,6,6,1,2,2,5,10,9,12,5,2
2.01403E+12,-3.277166,54.619718,1,1,1,2,17.55,4,6,60,0,0,0,0,0,6,3,2,0,0,2,9,0,0,18,0,0,10,0,0,9,0,0,1,0,0,13,0,0,1,0,0,4,0,0,1,0,0,1,0,0,6,0,0,1,0,0,8,0,0,13,0,0
2.01403E+12,-2.757846,54.667939,1,1,1,3,16.24,3,6,30,0,0,0,0,1,4,1,1,0,0,1,9,0,0,18,0,0,10,0,0,9,0,0,6,0,0,13,0,0,9,0,0,12,0,0,1,0,0,1,0,0,6,0,0,2,0,0,6,0,0,8,0,0
2.01403E+12,-2.744686,54.32075,1,1,1,5,8.6,3,6,30,7,4,6,0,4,4,2,2,0,0,1,11,0,0,16,0,0,10,0,0,8,0,0,6,0,0,13,0,0,9,0,0,12,0,0,4,0,0,1,0,0,6,0,0,1,0,0,8,0,0,2,0,0
2.01403E+12,-2.85984,54.254374,1,1,1,7,12.50,6,6,60,0,0,0,0,0,1,2,2,0,0,2,9,0,0,18,0,0,10,0,0,9,0,0,5,0,0,13,0,0,9,0,0,10,0,0,1,0,0,1,0,0,6,0,0,1,0,0,8,0,0,12,0,0
2.01403E+12,-3.052615,54.229476,1,1,3,2,15.50,3,3,70,0,0,0,0,0,1,2,2,0,0,2,9,0,0,17,0,0,10,0,0,9,0,0,5,0,0,13,0,0,1,0,0,4,0,0,1,0,0,1,0,0,6,0,0,1,0,0,4,0,0,9,0,0
2.01403E+12,-2.924696,54.51822,1,2,4,3,14.40,3,6,60,0,0,0,0,0,1,1,2,0,0,2,9,9,0,17,16,0,10,10,0,9,9,0,6,6,0,13,13,0,9,1,0,12,12,0,1,1,0,1,1,0,6,6,0,1,2,0,8,6,0,9,14,0
201404AL14005,-3.026313,53.754033,1,2,1,4,11.11,4,6,30,0,0,0,0,0,1,1,1,0,0,1,9,2,0,5,18,0,10,10,0,9,9,0,6,6,0,13,13,0,9,9,0,12,12,0,3,1,0,1,1,0,2,6,0,2,1,0,8,11,0,3,24,0
201404AL14013,-2.978447,53.806253,1,1,2,6,21.20,6,6,60,0,0,0,0,0,6,1,2,0,0,2,9,0,0,18,0,0,10,0,0,9,0,0,1,0,0,13,0,0,9,0,0,12,0,0,1,0,0,1,0,0,6,0,0,1,0,0,7,0,0,8,0,0
201404AL14025,-3.033338,53.779492,1,1,1,3,13.25,6,9,30,0,0,0,0,0,1,1,1,0,0,1,9,0,0,5,0,0,10,0,0,9,0,0,6,0,0,13,0,0,3,0,0,10,0,0,1,0,0,1,0,0,6,0,0,1,0,0,11,0,0,1,0,0
201404AL14061,-2.959388,53.866081,1,2,2,4,20.45,3,1,60,1,4,6,0,0,6,1,1,0,0,2,9,5,0,18,9,0,10,10,0,8,8,0,6,6,0,13,13,0,1,9,0,12,12,0,1,4,0,1,1,0,6,6,0,1,1,0,7,8,0,10,15,0
201404AL14066,-2.948726,53.847865,1,2,2,4,17.0,3,6,50,0,0,0,0,0,1,1,1,0,0,1,9,9,0,15,3,0,10,10,0,9,9,0,6,6,0,13,13,0,1,9,0,4,12,0,1,2,0,1,1,0,6,6,0,1,1,0,10,8,0,13,3,0
201404AL14092,-2.803265,53.760931,1,1,1,2,17.0,3,3,50,3,4,3,0,0,1,1,1,0,0,2,4,0,0,7,0,0,10,0,0,2,0,0,1,0,0,13,0,0,4,0,0,12,0,0,3,0,0,1,0,0,1,0,0,1,0,0,9,0,0,1,0,0