Accident_Index,Longitude,Latitude,SV,Number_of_Vehicles,Number_of_Casualties,Day_of_Week,Time,1st_Road_Class,Road_Type,Speed_limit,Junction_Detail,Junction_Control,2nd_Road_Class,Pedestrian_Crossing-Human_Control,Pedestrian_Crossing-Physical_Facilities,Light_Conditions,Weather_Conditions,Road_Surface_Conditions,Special_Conditions_at_Site,Carriageway_Hazards,Urban_or_Rural_Area,Vehicle1_Type,Vehicle2_Type,Vehicle3_Type,Vehicle1_Manoeuvre,Vehicle2_Manoeuvre,Vehicle3_Manoeuvre,Vehicle1_Location-Restricted_Lane,Vehicle2_Location-Restricted_Lane,Vehicle3_Location-Restricted_Lane,Junction1_Location,Junction2_Location,Junction3_Location,Skidding1_and_Overturning,Skidding2_and_Overturning,Skidding3_and_Overturning,Hit_Object_in_Carriageway1,Hit_Object_in_Carriageway2,Hit_Object_in_Carriageway3,Vehicle1_Leaving_Carriageway,Vehicle2_Leaving_Carriageway,Vehicle3_Leaving_Carriageway,Hit_Object_off_Carriageway1,Hit_Object_off_Carriageway2,Hit_Object_off_Carriageway3,1st_Point_of_Impact1,1st_Point_of_Impact2,1st_Point_of_Impact3,Was_Vehicle 1_Left_Hand_Drive?,Was_Vehicle2_Left_Hand_Drive?,Was_Vehicle 3_Left_Hand_Drive?,Journey_Purpose_of_Driver1,Journey_Purpose_of_Driver2,Journey_Purpose_of_Driver3,Sex_of_Driver1,Sex_of_Driver2,Sex_of_Driver3,Age_Band_of_Driver1,Age_Band_of_Driver2,Age_Band_of_Driver3,Age_of_Vehicle1,Age_of_Vehicle2,Age_of_Vehicle3
201404AL14104,-2.924807,53.849553,1,1,1,1,16.56,3,6,50,0,0,0,0,0,1,1,1,0,0,2,5,0,0,18,0,0,10,0,0,9,0,0,6,0,0,13,0,0,9,0,0,12,0,0,5,0,0,1,0,0,6,0,0,1,0,0,8,0,0,15,0,0
201404AL14115,-2.840967,53.7742,1,3,4,6,16.47,3,3,40,9,4,6,0,0,1,1,2,0,0,2,9,9,9,9,18,18,10,10,10,6,2,2,6,1,6,13,13,13,9,9,9,12,12,12,3,1,5,1,1,1,6,6,6,1,2,1,5,7,8,6,11,16
201404AL14117,-2.880742,53.752638,1,2,1,5,17.0,3,1,50,1,4,6,0,0,1,1,1,0,0,2,9,5,0,9,18,0,10,10,0,8,8,0,6,6,0,13,13,0,9,9,0,12,12,0,1,4,0,1,1,0,6,6,0,1,1,0,8,8,0,10,13,0
201404AL14134,-3.034553,53.758556,1,2,1,4,7.15,6,6,20,3,3,6,0,0,1,1,2,0,0,1,19,9,0,18,7,0,10,10,0,8,8,0,6,6,0,13,13,0,9,9,0,12,12,0,1,3,0,1,1,0,1,2,0,1,2,0,5,6,0,6,12,0
201404AL14147,-2.998828,53.823576,1,1,3,6,0.5,6,6,30,0,0,0,0,0,4,1,1,0,0,1,9,0,0,18,0,0,10,0,0,9,0,0,1,0,0,13,0,0,7,0,0,4,0,0,1,0,0,1,0,0,6,0,0,1,0,0,4,0,0,9,0,0
201404AM14001,-3.028763,53.805885,1,2,1,2,16.40,3,6,30,3,4,6,0,4,1,1,2,0,0,1,9,3,0,9,18,0,10,10,0,6,1,0,6,2,0,13,13,0,9,9,0,12,12,0,5,5,0,1,1,0,6,6,0,1,1,0,9,9,0,13,2,0
201404AM14008,-3.010714,53.800466,1,1,1,4,8.35,6,6,30,3,2,6,0,5,1,1,1,0,0,1,9,0,0,18,0,0,10,0,0,2,0,0,6,0,0,13,0,0,9,0,0,12,0,0,1,0,0,1,0,0,2,0,0,2,0,0,9,0,0,5,0,0
201404AM14038,-2.964863,53.807226,1,1,1,3,19.45,6,6,60,0,0,0,0,0,1,1,1,0,0,2,5,0,0,18,0,0,7,0,0,9,0,0,1,0,0,13,0,0,1,0,0,9,0,0,5,0,0,1,0,0,6,0,0,1,0,0,7,0,0,7,0,0
201404AM14040,-3.038065,53.788997,1,2,1,6,8.0,6,6,30,3,4,6,0,0,1,8,2,0,0,1,3,9,0,13,9,0,10,10,0,1,5,0,6,6,0,13,13,0,9,9,0,12,12,0,1,3,0,1,1,0,2,2,0,1,2,0,4,8,0,6,18,0
201404AM14048,-3.027936,53.796904,1,1,1,6,18.14,6,6,30,0,0,0,0,0,1,1,1,0,0,1,5,0,0,4,0,0,10,0,0,9,0,0,2,0,0,13,0,0,9,0,0,12,0,0,4,0,0,1,0,0,6,0,0,1,0,0,8,0,0,13,0,0
201404AM14054,-3.033423,53.779239,1,1,1,6,19.0,6,1,30,1,4,3,0,0,1,2,2,0,0,1,3,0,0,7,0,0,10,0,0,4,0,0,6,0,0,13,0,0,9,0,0,12,0,0,3,0,0,1,0,0,6,0,0,2,0,0,6,0,0,3,0,0
201404AM14103,-2.9903,53.79758,1,1,1,1,18.45,6,6,30,9,4,6,0,0,1,1,1,0,0,1,9,0,0,4,0,0,10,0,0,2,0,0,6,0,0,13,0,0,9,0,0,12,0,0,1,0,0,1,0,0,6,0,0,1,0,0,6,0,0,11,0,0
201404AN14017,-3.025673,53.853461,1,1,1,5,16.20,6,6,30,0,0,0,0,0,1,1,1,0,0,1,5,0,0,18,0,0,10,0,0,9,0,0,5,0,0,13,0,0,9,0,0,12,0,0,4,0,0,1,0,0,6,0,0,2,0,0,7,0,0,7,0,0
201404AN14022,-3.030415,53.829871,1,1,1,3,17.45,3,6,30,3,4,6,0,0,1,1,1,0,0,1,9,0,0,18,0,0,10,0,0,1,0,0,6,0,0,13,0,0,9,0,0,12,0,0,1,0,0,1,0,0,2,0,0,2,0,0,7,0,0,6,0,0
201404AN14042,-3.037268,53.848957,1,1,1,4,16.50,6,6,30,0,0,0,0,1,1,1,1,0,0,1,9,0,0,18,0,0,10,0,0,9,0,0,6,0,0,13,0,0,9,0,0,12,0,0,1,0,0,1,0,0,6,0,0,2,0,0,4,0,0,14,0,0
201404AN14056,-3.023065,53.833799,1,1,3,1,14.10,6,6,30,9,4,6,0,4,1,1,1,0,0,1,5,0,0,14,0,0,10,0,0,1,0,0,6,0,0,13,0,0,9,0,0,12,0,0,3,0,0,1,0,0,6,0,0,1,0,0,8,0,0,9,0,0
201404AN14077,-3.019814,53.83131,1,1,1,6,8.45,6,6,20,0,0,0,0,0,1,1,1,0,0,1,9,0,0,18,0,0,10,0,0,9,0,0,6,0,0,13,0,0,9,0,0,12,0,0,3,0,0,1,0,0,2,0,0,1,0,0,9,0,0,5,0,0
201404AX14012,-3.051441,53.82007,1,1,1,5,11.4,3,6,30,1,4,3,0,0,1,1,1,0,0,1,9,0,0,12,0,0,10,0,0,1,0,0,6,0,0,13,0,0,9,0,0,12,0,0,4,0,0,1,0,0,6,0,0,1,0,0,10,0,0,10,0,0
201404AX14028,-3.051576,53.813328,1,1,1,2,16.40,3,6,30,0,0,0,0,0,1,1,1,0,0,1,11,0,0,18,0,0,2,0,0,9,0,0,1,0,0,13,0,0,9,0,0,12,0,0,1,0,0,1,0,0,1,0,0,1,0,0,9,0,0,15,0,0
201404AX14031,-3.036755,53.815884,1,1,1,3,7.40,3,6,30,3,4,6,0,4,1,1,1,0,2,1,3,0,0,18,0,0,10,0,0,1,0,0,6,0,0,11,0,0,9,0,0,12,0,0,4,0,0,1,0,0,2,0,0,1,0,0,8,0,0,5,0,0
201404AX14040,-3.055399,53.820395,1,1,1,5,10.44,3,6,20,0,0,0,0,0,1,1,1,0,0,1,9,0,0,18,0,0,10,0,0,9,0,0,1,0,0,13,0,0,9,0,0,12,0,0,1,0,0,1,0,0,1,0,0,1,0,0,8,0,0,8,0,0
201404AX14045,-3.028607,53.805707,1,1,1,5,19.15,3,6,30,0,0,0,0,4,1,1,1,0,0,1,5,0,0,14,0,0,10,0,0,9,0,0,6,0,0,13,0,0,9,0,0,12,0,0,1,0,0,1,0,0,6,0,0,1,0,0,5,0,0,29,0,0
201404AX14059,-3.055828,53.819313,1,1,1,1,9.20,3,6,30,0,0,0,0,0,1,1,1,0,0,1,9,0,0,18,0,0,10,0,0,9,0,0,6,0,0,13,0,0,9,0,0,12,0,0,4,0,0,1,0,0,6,0,0,1,0,0,11,0,0,1,0,0
201404AX14066,-3.053406,53.825716,1,1,1,1,18.50,6,6,30,0,0,0,0,0,1,1,1,0,0,1,9,0,0,18,0,0,10,0,0,9,0,0,6,0,0,13,0,0,9,0,0,12,0,0,3,0,0,1,0,0,6,0,0,2,0,0,4,0,0,10,0,0
201404AX14070,-3.049338,53.820988,1,2,2,3,13.55,3,6,30,3,4,6,0,0,1,1,1,0,0,1,9,11,0,9,18,0,10,10,0,8,8,0,6,6,0,13,13,0,9,9,0,12,12,0,5,5,0,1,1,0,6,1,0,2,1,0,8,9,0,7,3,0
201404AX14074,-3.052181,53.813233,1,1,1,3,17.20,3,6,30,3,4,6,0,0,1,1,1,0,0,1,9,0,0,7,0,0,10,0,0,6,0,0,6,0,0,13,0,0,9,0,0,12,0,0,1,0,0,1,0,0,2,0,0,1,0,0,6,0,0,7,0,0
201404AX14085,-3.055685,53.819674,1,1,1,2,9.29,3,6,30,0,0,0,0,0,1,1,1,0,0,1,9,0,0,18,0,0,10,0,0,9,0,0,6,0,0,13,0,0,9,0,0,12,0,0,4,0,0,1,0,0,1,0,0,1,0,0,5,0,0,3,0,0
201404AX14092,-3.056082,53.817333,1,1,1,7,18.25,3,6,20,3,4,6,0,1,1,1,1,0,0,1,9,0,0,18,0,0,10,0,0,2,0,0,6,0,0,13,0,0,9,0,0,1,0,0,1,0,0,1,0,0,6,0,0,1,0,0,9,0,0,15,0,0
201404BA14025,-2.781127,54.008704,1,2,1,1,9.30,1,3,70,0,0,0,0,0,1,1,1,0,0,2,9,9,0,18,18,0,10,10,0,9,9,0,6,6,0,13,13,0,9,9,0,12,12,0,1,5,0,1,1,0,2,1,0,1,1,0,8,8,0,14,11,0
201404BA14030,-2.797511,54.049186,1,1,1,3,11.29,6,6,20,3,4,3,0,0,1,1,1,0,0,1,21,0,0,5,0,0,10,0,0,6,0,0,6,0,0,13,0,0,9,0,0,12,0,0,1,0,0,1,0,0,1,0,0,1,0,0,7,0,0,8,0,0
201404BA14051,-2.808629,54.060113,1,1,1,2,17.30,4,6,30,0,0,0,0,0,1,1,1,0,0,1,9,0,0,18,0,0,10,0,0,9,0,0,6,0,0,13,0,0,9,0,0,12,0,0,3,0,0,1,0,0,6,0,0,2,0,0,5,0,0,10,0,0
201404BA14054,-2.794843,54.05022,1,2,2,1,3.35,6,6,20,9,4,6,0,0,4,1,1,0,0,1,9,8,0,17,16,0,10,10,0,8,8,0,6,6,0,13,13,0,9,9,0,12,12,0,1,1,0,1,1,0,6,1,0,1,1,0,7,7,0,12,10,0
201404BA14055,-2.789377,54.053554,1,1,1,1,0.40,6,6,30,3,4,6,0,0,4,2,2,0,0,1,9,0,0,18,0,0,10,0,0,8,0,0,6,0,0,13,0,0,7,0,0,10,0,0,1,0,0,1,0,0,6,0,0,1,0,0,5,0,0,11,0,0
201404BA14063,-2.868962,53.943656,1,1,1,6,16.37,3,6,60,0,0,0,0,0,1,1,1,0,0,2,5,0,0,17,0,0,10,0,0,9,0,0,1,0,0,10,0,0,2,0,0,12,0,0,5,0,0,1,0,0,6,0,0,1,0,0,8,0,0,18,0,0
201404BA14066,-2.815356,54.034596,1,1,2,7,3.55,6,6,30,3,4,6,0,0,4,1,1,0,0,2,3,0,0,16,0,0,10,0,0,5,0,0,6,0,0,13,0,0,7,0,0,10,0,0,1,0,0,1,0,0,6,0,0,1,0,0,4,0,0,8,0,0
201404BA14069,-2.795093,54.028916,1,1,1,2,14.42,3,6,30,8,4,6,0,0,1,1,1,0,0,1,19,0,0,9,0,0,9,0,0,5,0,0,6,0,0,13,0,0,9,0,0,12,0,0,1,0,0,1,0,0,1,0,0,1,0,0,8,0,0,1,0,0
201404BA14071,-2.819233,53.970808,1,1,1,1,17.14,3,6,60,0,0,0,0,0,1,1,1,0,0,2,9,0,0,17,0,0,10,0,0,9,0,0,2,0,0,13,0,0,7,0,0,4,0,0,1,0,0,1,0,0,6,0,0,1,0,0,7,0,0,6,0,0
201404BA14074,-2.79806,54.048338,1,1,1,2,15.30,3,2,30,9,4,6,0,4,1,1,1,0,0,1,11,0,0,18,0,0,10,0,0,1,0,0,6,0,0,13,0,0,9,0,0,12,0,0,5,0,0,1,0,0,1,0,0,1,0,0,6,0,0,3,0,0
201404BA14076,-2.81206,53.957878,1,2,2,7,12.10,4,6,60,0,0,0,0,0,1,2,2,0,0,2,9,17,0,18,18,0,10,10,0,9,9,0,6,6,0,13,13,0,9,9,0,12,12,0,1,1,0,1,1,0,6,1,0,2,1,0,9,4,0,1,13,0
201404BA14077,-2.799852,54.045378,1,1,3,2,11.40,3,2,30,9,4,6,0,0,1,1,1,0,0,1,9,0,0,18,0,0,9,0,0,1,0,0,6,0,0,13,0,0,9,0,0,12,0,0,1,0,0,1,0,0,6,0,0,1,0,0,11,0,0,3,0,0
201404BA14080,-2.591692,54.177786,1,2,2,3,20.0,3,6,60,8,4,6,0,0,1,1,1,5,0,2,5,5,0,16,16,0,10,10,0,8,8,0,2,2,0,13,13,0,7,7,0,10,10,0,3,1,0,1,1,0,6,6,0,1,1,0,6,8,0,7,5,0
201404BA14082,-2.815417,54.055681,1,1,2,3,12.45,3,6,30,0,0,0,0,0,1,1,1,0,0,2,3,0,0,18,0,0,10,0,0,9,0,0,6,0,0,13,0,0,9,0,0,12,0,0,1,0,0,1,0,0,6,0,0,1,0,0,10,0,0,16,0,0
201404BA14083,-2.638003,54.116765,1,2,1,6,15.0,3,6,30,3,4,6,0,0,1,1,1,0,0,2,9,5,0,9,18,0,10,10,0,5,1,0,6,6,0,13,13,0,9,9,0,12,12,0,4,1,0,1,1,0,6,6,0,2,1,0,6,8,0,13,2,0
201404BA14086,-2.799915,54.047867,1,1,1,6,11.45,6,6,20,0,0,0,0,0,1,1,1,0,0,1,9,0,0,18,0,0,10,0,0,9,0,0,6,0,0,13,0,0,9,0,0,12,0,0,1,0,0,1,0,0,6,0,0,1,0,0,11,0,0,8,0,0
201404BA14090,-2.754804,54.031405,1,2,2,3,14.35,6,6,60,6,4,6,0,0,1,1,1,0,0,2,9,9,0,18,18,0,10,10,0,8,8,0,1,6,0,13,13,0,7,9,0,10,12,0,1,1,0,1,1,0,6,6,0,2,1,0,11,7,0,14,14,0
201404BA14091,-2.819543,54.007612,1,1,1,4,18.30,3,6,60,9,4,6,0,0,1,1,1,0,0,2,5,0,0,18,0,0,10,0,0,8,0,0,2,0,0,13,0,0,2,0,0,1,0,0,1,0,0,1,0,0,6,0,0,1,0,0,6,0,0,1,0,0
201404BA14092,-2.79223,54.045365,1,2,1,2,21.5,6,6,20,3,4,6,0,0,1,1,1,0,0,1,9,9,0,9,18,0,10,10,0,8,8,0,6,6,0,13,13,0,9,9,0,12,12,0,1,3,0,1,1,0,6,2,0,1,1,0,6,7,0,16,4,0
201404BA14094,-2.719552,54.067681,1,1,1,1,9.40,6,6,60,0,0,0,0,0,1,1,1,0,2,2,5,0,0,18,0,0,10,0,0,9,0,0,1,0,0,11,0,0,7,0,0,12,0,0,4,0,0,1,0,0,6,0,0,1,0,0,8,0,0,13,0,0
201404BA14101,-2.73508,54.07387,1,1,1,1,11.52,3,6,60,0,0,0,0,0,1,1,1,0,2,2,5,0,0,16,0,0,10,0,0,9,0,0,1,0,0,13,0,0,8,0,0,10,0,0,1,0,0,1,0,0,6,0,0,1,0,0,10,0,0,22,0,0
201404BA14106,-2.82001,54.066274,1,2,1,6,8.5,6,6,20,6,4,6,0,0,1,1,1,0,0,2,5,9,0,18,9,0,10,10,0,1,2,0,6,6,0,13,13,0,9,9,0,12,12,0,1,4,0,1,1,0,6,3,0,1,1,0,5,7,0,6,12,0
201404BA14107,-2.812568,54.056069,1,1,1,6,17.30,6,6,20,0,0,0,0,0,1,1,1,0,0,1,9,0,0,18,0,0,10,0,0,9,0,0,6,0,0,13,0,0,9,0,0,12,0,0,4,0,0,1,0,0,6,0,0,1,0,0,6,0,0,14,0,0
201404BA14108,-2.730607,54.07245,1,1,1,4,14.32,3,6,60,0,0,0,0,0,1,1,1,0,0,2,5,0,0,16,0,0,10,0,0,9,0,0,6,0,0,13,0,0,7,0,0,4,0,0,3,0,0,1,0,0,6,0,0,2,0,0,9,0,0,3,0,0
201404BA14114,-2.795434,54.013994,1,1,1,5,23.55,3,6,40,0,0,0,0,0,1,1,1,0,0,2,9,0,0,18,0,0,10,0,0,9,0,0,6,0,0,13,0,0,1,0,0,12,0,0,1,0,0,1,0,0,1,0,0,2,0,0,7,0,0,3,0,0
201404BA14115,-2.797118,54.050169,1,1,1,1,13.45,6,6,30,0,0,0,0,0,1,1,1,0,0,1,9,0,0,18,0,0,10,0,0,9,0,0,6,0,0,13,0,0,9,0,0,12,0,0,1,0,0,1,0,0,6,0,0,1,0,0,10,0,0,9,0,0
201404BA14152,-2.535819,54.16382,1,2,2,4,11.10,5,6,60,0,0,0,0,0,1,1,1,0,0,2,9,9,0,18,18,0,10,10,0,9,9,0,6,6,0,13,13,0,1,9,0,10,12,0,1,1,0,1,1,0,6,6,0,1,1,0,10,6,0,14,6,0
201404BA14154,-2.802933,54.048341,1,4,3,6,22.6,3,2,30,0,0,0,0,0,4,1,1,0,0,1,8,9,9,4,4,4,10,10,10,9,9,9,1,6,6,13,13,13,9,9,9,12,12,12,1,2,2,1,1,1,1,6,6,1,1,1,7,5,8,2,12,8
201404BB14001,-2.766129,54.130003,1,1,1,5,15.15,3,6,50,0,0,0,0,0,1,1,1,0,0,2,9,0,0,18,0,0,10,0,0,9,0,0,6,0,0,13,0,0,9,0,0,12,0,0,1,0,0,1,0,0,6,0,0,1,0,0,10,0,0,2,0,0
201404BB14002,-2.896234,54.035306,1,1,2,5,19.0,3,6,60,0,0,0,0,0,4,1,1,0,0,1,9,0,0,17,0,0,10,0,0,9,0,0,1,0,0,13,0,0,1,0,0,4,0,0,3,0,0,1,0,0,6,0,0,1,0,0,6,0,0,14,0,0
201404BB14026,-2.839569,54.067038,1,1,1,2,19.50,3,6,30,0,0,0,0,0,4,1,1,0,0,1,5,0,0,18,0,0,10,0,0,9,0,0,6,0,0,13,0,0,9,0,0,12,0,0,4,0,0,1,0,0,6,0,0,1,0,0,6,0,0,16,0,0
201404BB14030,-2.839367,54.066878,1,1,1,1,16.5,3,1,40,1,4,3,0,0,1,1,1,0,0,1,5,0,0,5,0,0,10,0,0,4,0,0,6,0,0,13,0,0,9,0,0,12,0,0,4,0,0,1,0,0,6,0,0,1,0,0,8,0,0,11,0,0
201404BB14032,-2.854234,54.037777,1,1,2,5,8.40,6,6,60,0,0,0,0,0,1,1,1,0,0,2,9,0,0,17,0,0,10,0,0,9,0,0,2,0,0,13,0,0,2,0,0,9,0,0,4,0,0,1,0,0,6,0,0,1,0,0,5,0,0,11,0,0
201404BB14044,-2.79966,54.098246,1,3,1,1,13.40,3,6,30,3,4,6,0,0,1,1,1,0,0,2,5,9,9,18,3,9,10,10,10,1,1,6,6,6,6,13,13,13,9,9,9,12,12,12,1,2,5,1,1,1,6,6,6,1,2,1,6,7,10,14,4,4
201404BB14045,-2.867629,54.059936,1,1,2,4,2.58,6,6,30,0,0,0,0,0,4,1,1,0,0,1,9,0,0,16,0,0,10,0,0,9,0,0,1,0,0,10,0,0,7,0,0,10,0,0,1,0,0,1,0,0,6,0,0,1,0,0,5,0,0,16,0,0
201404BB14047,-2.763609,54.126101,1,1,1,1,11.45,6,6,30,0,0,0,0,0,1,1,1,0,0,2,9,0,0,9,0,0,10,0,0,9,0,0,6,0,0,13,0,0,9,0,0,10,0,0,1,0,0,1,0,0,6,0,0,2,0,0,11,0,0,9,0,0
201404BB14051,-2.838581,54.066515,1,2,1,4,12.55,4,1,30,9,4,6,0,0,1,1,2,0,0,1,9,9,0,4,3,0,10,10,0,3,3,0,6,6,0,13,13,0,9,9,0,12,12,0,1,2,0,1,1,0,6,6,0,1,1,0,6,6,0,1,1,0
201404BB14057,-2.789785,54.107255,1,2,1,5,7.47,3,6,30,3,4,6,1,5,1,1,1,0,0,2,3,9,0,14,9,0,10,10,0,1,1,0,5,6,0,13,13,0,7,9,0,12,12,0,4,3,0,1,1,0,2,2,0,1,2,0,5,8,0,12,7,0
201404BB14059,-2.838117,54.078373,1,2,1,4,10.16,6,2,20,3,4,4,0,0,1,1,1,0,0,1,9,19,0,18,2,0,10,10,0,1,2,0,5,6,0,13,13,0,9,9,0,10,12,0,1,3,0,1,1,0,6,6,0,2,1,0,11,6,0,1,4,0
201404BB14062,-2.866346,54.073167,1,1,1,1,14.5,3,6,30,3,4,6,0,5,1,1,1,0,0,1,9,0,0,18,0,0,10,0,0,1,0,0,6,0,0,13,0,0,9,0,0,12,0,0,4,0,0,1,0,0,6,0,0,2,0,0,10,0,0,17,0,0
201404BB14064,-2.832177,54.058047,1,2,1,2,17.24,6,6,30,0,0,0,0,0,1,1,1,0,0,1,9,3,0,9,18,0,10,10,0,9,9,0,6,6,0,13,13,0,9,9,0,12,12,0,1,4,0,1,1,0,2,6,0,2,1,0,9,9,0,8,6,0
201404BB14073,-2.753919,54.141908,1,2,1,1,15.20,3,1,50,1,4,1,0,0,1,1,1,0,0,2,9,5,0,12,18,0,10,10,0,8,8,0,6,1,0,13,13,0,9,9,0,12,12,0,5,5,0,1,1,0,6,6,0,1,1,0,8,9,0,4,9,0
201404BB14084,-2.675401,54.130412,1,1,2,4,20.30,4,6,60,0,0,0,0,0,1,1,1,0,0,2,9,0,0,16,0,0,10,0,0,9,0,0,1,0,0,13,0,0,1,0,0,10,0,0,4,0,0,1,0,0,6,0,0,1,0,0,4,0,0,9,0,0
201404BB14099,-2.876423,54.069786,1,1,1,6,5.15,3,6,30,0,0,0,0,4,4,2,2,0,0,1,9,0,0,18,0,0,10,0,0,9,0,0,6,0,0,7,0,0,9,0,0,1,0,0,1,0,0,1,0,0,6,0,0,1,0,0,9,0,0,12,0,0
201404BB14106,-2.863319,54.072362,1,1,1,6,15.42,4,2,30,9,4,4,0,4,1,1,1,0,0,1,9,0,0,18,0,0,10,0,0,2,0,0,6,0,0,13,0,0,9,0,0,12,0,0,1,0,0,1,0,0,6,0,0,1,0,0,10,0,0,11,0,0
201404BB14108,-2.766851,54.077914,1,1,1,1,0.20,6,6,30,0,0,0,0,0,4,1,1,0,0,2,9,0,0,16,0,0,10,0,0,9,0,0,6,0,0,13,0,0,7,0,0,10,0,0,1,0,0,1,0,0,6,0,0,1,0,0,5,0,0,16,0,0
201404BB14110,-2.770695,54.13356,1,2,2,1,19.28,6,6,30,0,0,0,0,0,4,1,1,0,0,2,9,9,0,16,17,0,10,10,0,9,9,0,2,6,0,13,13,0,2,2,0,10,10,0,1,1,0,1,1,0,6,6,0,1,1,0,6,10,0,9,9,0
201404BB14115,-2.625282,54.160908,1,1,1,7,12.0,4,6,50,0,0,0,0,0,1,2,2,0,0,2,5,0,0,17,0,0,10,0,0,9,0,0,2,0,0,13,0,0,9,0,0,12,0,0,3,0,0,1,0,0,6,0,0,2,0,0,5,0,0,18,0,0
201404BB14117,-2.823347,54.062683,1,2,3,7,19.30,4,6,30,0,0,0,0,0,4,1,1,0,0,1,9,9,0,16,17,0,10,10,0,9,9,0,6,6,0,13,13,0,9,1,0,12,12,0,1,1,0,1,1,0,6,6,0,1,2,0,7,7,0,6,3,0
201404BC14002,-2.758675,53.849667,1,1,1,3,13.59,6,6,60,0,0,0,0,0,1,1,2,0,0,2,9,0,0,17,0,0,10,0,0,9,0,0,1,0,0,13,0,0,1,0,0,4,0,0,3,0,0,1,0,0,6,0,0,2,0,0,4,0,0,14,0,0
201404BC14004,-2.98849,53.850996,1,2,1,3,20.0,3,6,30,7,2,3,0,0,1,2,2,0,0,1,9,2,0,9,18,0,10,10,0,8,1,0,6,6,0,13,13,0,9,9,0,12,12,0,1,1,0,1,1,0,6,1,0,2,2,0,7,8,0,5,17,0
201404BC14025,-3.043247,53.88094,1,2,1,5,8.30,6,6,30,0,0,0,0,0,1,1,2,0,0,1,9,9,0,1,18,0,10,10,0,9,9,0,6,6,0,13,13,0,9,9,0,12,12,0,4,1,0,1,1,0,6,2,0,1,2,0,6,5,0,12,11,0
201404BC14033,-2.767638,53.87759,1,1,1,7,18.9,6,6,20,9,4,6,0,0,4,1,1,0,0,2,3,0,0,18,0,0,10,0,0,1,0,0,1,0,0,10,0,0,9,0,0,12,0,0,4,0,0,1,0,0,2,0,0,1,0,0,7,0,0,3,0,0
201404BC14045,-2.861653,53.856549,1,3,3,3,9.51,3,6,50,0,0,0,0,0,1,1,1,0,0,2,9,9,9,18,18,18,10,10,10,9,9,9,6,6,6,13,13,13,9,9,9,12,12,12,1,3,1,1,1,1,2,1,6,1,1,1,8,9,10,9,2,13
201404BC14058,-2.851254,53.914229,1,1,1,7,0.30,6,6,60,3,4,6,0,0,6,1,2,0,0,2,9,0,0,16,0,0,10,0,0,8,0,0,1,0,0,13,0,0,7,0,0,4,0,0,3,0,0,1,0,0,6,0,0,1,0,0,9,0,0,7,0,0
201404BC14065,-2.987965,53.843585,1,1,2,7,23.41,3,6,30,0,0,0,0,0,4,1,2,0,0,1,9,0,0,18,0,0,10,0,0,9,0,0,1,0,0,13,0,0,7,0,0,2,0,0,4,0,0,1,0,0,6,0,0,1,0,0,5,0,0,16,0,0
201404BC14070,-2.895773,53.92355,1,1,1,2,20.52,3,6,40,0,0,0,0,0,1,1,1,0,0,2,9,0,0,17,0,0,10,0,0,9,0,0,1,0,0,10,0,0,7,0,0,2,0,0,1,0,0,1,0,0,6,0,0,1,0,0,4,0,0,12,0,0
201404BC14071,-3.006993,53.859974,1,3,4,4,12.0,4,6,50,0,0,0,0,0,1,1,1,0,0,2,9,9,9,18,18,18,10,10,10,9,9,9,6,6,6,13,13,13,9,9,9,12,12,12,1,2,1,1,1,1,6,6,6,2,1,1,5,6,10,8,13,3
201404BC14073,-3.023015,53.915855,1,1,1,6,16.20,5,6,30,9,4,6,0,0,1,1,1,0,0,1,9,0,0,18,0,0,10,0,0,2,0,0,6,0,0,13,0,0,9,0,0,12,0,0,1,0,0,1,0,0,6,0,0,2,0,0,9,0,0,6,0,0
201404BC14076,-3.039674,53.897591,1,2,2,6,16.25,3,6,30,0,0,0,0,0,1,1,1,0,0,2,9,9,0,18,2,0,10,10,0,9,9,0,6,6,0,4,13,0,9,9,0,12,12,0,1,2,0,1,1,0,6,1,0,2,1,0,7,7,0,16,11,0
201404BC14078,-3.009963,53.864605,1,2,1,4,18.20,3,1,30,1,4,4,0,8,1,1,1,0,0,2,9,9,0,7,17,0,10,10,0,4,8,0,6,1,0,13,13,0,9,9,0,12,12,0,1,3,0,1,1,0,6,6,0,2,2,0,8,6,0,11,3,0
201404BC14082,-2.872756,53.856037,1,1,1,7,18.10,3,3,50,0,0,0,0,0,1,1,1,0,0,2,5,0,0,18,0,0,10,0,0,9,0,0,2,0,0,13,0,0,9,0,0,12,0,0,4,0,0,1,0,0,6,0,0,1,0,0,8,0,0,16,0,0
201404BC14091,-3.010123,53.864307,1,2,1,5,9.45,3,1,30,1,4,6,0,0,1,1,1,0,0,2,3,9,0,7,18,0,10,10,0,3,3,0,6,6,0,13,13,0,9,9,0,12,12,0,1,3,0,1,1,0,6,6,0,1,2,0,5,5,0,16,11,0
201404BC14097,-2.985445,53.927791,1,2,1,4,20.30,4,6,30,0,0,0,0,0,1,1,1,0,0,2,9,3,0,5,18,0,10,10,0,9,9,0,6,6,0,13,13,0,9,9,0,12,12,0,3,4,0,1,1,0,1,6,0,1,1,0,5,5,0,11,36,0
201404BC14110,-3.032228,53.880128,1,1,1,5,19.10,6,6,30,6,4,6,0,0,1,1,1,0,0,1,9,0,0,5,0,0,10,0,0,8,0,0,6,0,0,13,0,0,9,0,0,12,0,0,1,0,0,1,0,0,6,0,0,2,0,0,5,0,0,5,0,0