Accident_Index,Longitude,Latitude,SV,Number_of_Vehicles,Number_of_Casualties,Day_of_Week,Time,1st_Road_Class,Road_Type,Speed_limit,Junction_Detail,Junction_Control,2nd_Road_Class,Pedestrian_Crossing-Human_Control,Pedestrian_Crossing-Physical_Facilities,Light_Conditions,Weather_Conditions,Road_Surface_Conditions,Special_Conditions_at_Site,Carriageway_Hazards,Urban_or_Rural_Area,Vehicle1_Type,Vehicle2_Type,Vehicle3_Type,Vehicle1_Manoeuvre,Vehicle2_Manoeuvre,Vehicle3_Manoeuvre,Vehicle1_Location-Restricted_Lane,Vehicle2_Location-Restricted_Lane,Vehicle3_Location-Restricted_Lane,Junction1_Location,Junction2_Location,Junction3_Location,Skidding1_and_Overturning,Skidding2_and_Overturning,Skidding3_and_Overturning,Hit_Object_in_Carriageway1,Hit_Object_in_Carriageway2,Hit_Object_in_Carriageway3,Vehicle1_Leaving_Carriageway,Vehicle2_Leaving_Carriageway,Vehicle3_Leaving_Carriageway,Hit_Object_off_Carriageway1,Hit_Object_off_Carriageway2,Hit_Object_off_Carriageway3,1st_Point_of_Impact1,1st_Point_of_Impact2,1st_Point_of_Impact3,Was_Vehicle 1_Left_Hand_Drive?,Was_Vehicle2_Left_Hand_Drive?,Was_Vehicle 3_Left_Hand_Drive?,Journey_Purpose_of_Driver1,Journey_Purpose_of_Driver2,Journey_Purpose_of_Driver3,Sex_of_Driver1,Sex_of_Driver2,Sex_of_Driver3,Age_Band_of_Driver1,Age_Band_of_Driver2,Age_Band_of_Driver3,Age_of_Vehicle1,Age_of_Vehicle2,Age_of_Vehicle3
201404BC14112,-2.782225,53.888947,1,3,1,1,16.20,3,3,50,3,4,6,0,0,1,1,1,0,0,2,5,5,9,4,4,4,10,10,10,1,1,1,1,6,6,13,13,13,9,9,9,12,12,12,1,2,5,1,1,1,6,6,6,1,2,2,9,9,9,16,15,7
201404BC14126,-2.888936,53.889876,1,1,1,5,13.0,6,6,60,0,0,0,0,0,1,1,1,5,0,2,9,0,0,18,0,0,10,0,0,9,0,0,1,0,0,13,0,0,7,0,0,4,0,0,1,0,0,1,0,0,6,0,0,1,0,0,8,0,0,3,0,0
201404BC14141,-3.014918,53.887745,1,2,1,6,9.0,6,6,30,6,2,6,0,5,1,1,2,0,0,2,9,9,0,9,9,0,6,6,0,5,5,0,6,6,0,13,13,0,9,9,0,12,12,0,1,1,0,1,1,0,6,6,0,1,1,0,6,9,0,13,2,0
201404BC14142,-2.989669,53.928673,1,1,1,2,16.0,4,6,30,9,4,6,0,0,1,1,1,0,0,2,9,0,0,18,0,0,10,0,0,2,0,0,6,0,0,13,0,0,9,0,0,12,0,0,1,0,0,1,0,0,6,0,0,1,0,0,9,0,0,12,0,0
201404BC14156,-3.025561,53.915375,1,1,1,5,20.35,6,6,20,6,4,6,0,0,1,1,1,0,0,1,9,0,0,18,0,0,10,0,0,2,0,0,6,0,0,13,0,0,9,0,0,12,0,0,1,0,0,1,0,0,6,0,0,2,0,0,6,0,0,8,0,0
201404BC14163,-2.776355,53.929342,1,2,1,6,14.8,3,6,50,3,4,6,0,0,1,1,1,0,0,2,9,5,0,5,18,0,10,10,0,6,1,0,6,1,0,13,13,0,9,9,0,12,12,0,1,1,0,1,1,0,1,6,0,1,1,0,9,10,0,6,11,0
201404CA14014,-2.619167,53.657335,1,1,1,5,10.0,4,6,30,0,0,0,0,8,1,1,1,0,2,1,3,0,0,18,0,0,10,0,0,9,0,0,6,0,0,11,0,0,9,0,0,12,0,0,5,0,0,1,0,0,4,0,0,1,0,0,4,0,0,8,0,0
201404CA14025,-2.668865,53.696851,1,1,1,3,12.35,4,6,30,8,4,6,0,0,1,1,1,0,0,1,2,0,0,9,0,0,9,0,0,5,0,0,6,0,0,13,0,0,9,0,0,12,0,0,1,0,0,1,0,0,6,0,0,1,0,0,9,0,0,1,0,0
201404CA14027,-2.549552,53.632192,1,2,2,7,23.40,6,6,60,3,4,6,0,0,6,1,2,0,0,2,9,9,0,18,18,0,10,10,0,1,1,0,6,6,0,13,13,0,1,9,0,4,12,0,1,5,0,1,1,0,6,1,0,1,1,0,5,7,0,12,3,0
201404CA14050,-2.696741,53.6744,1,1,1,3,23.56,6,6,40,9,4,6,0,0,4,1,1,0,0,2,9,0,0,18,0,0,10,0,0,1,0,0,2,0,0,13,0,0,7,0,0,10,0,0,5,0,0,1,0,0,6,0,0,2,0,0,4,0,0,10,0,0
201404CA14075,-2.664286,53.621453,1,2,2,2,17.55,4,6,30,3,4,6,0,1,1,1,1,0,0,2,3,9,0,13,9,0,10,10,0,8,8,0,6,6,0,13,13,0,9,9,0,7,12,0,1,1,0,1,1,0,2,6,0,1,2,0,5,5,0,9,12,0
201404CA14080,-2.636917,53.680432,1,2,2,5,17.25,3,6,40,0,0,0,0,0,1,1,1,0,0,1,9,9,0,18,4,0,10,10,0,9,9,0,6,6,0,13,13,0,9,9,0,12,12,0,1,2,0,1,1,0,6,6,0,2,2,0,4,7,0,8,6,0
201404CA14094,-2.814757,53.648505,1,1,1,4,21.0,3,6,50,0,0,0,0,0,1,1,1,0,2,2,5,0,0,16,0,0,10,0,0,9,0,0,2,0,0,11,0,0,7,0,0,9,0,0,4,0,0,1,0,0,6,0,0,1,0,0,7,0,0,8,0,0
201404CA14099,-2.708529,53.634377,1,2,1,4,13.30,6,6,40,3,4,4,0,0,1,1,1,0,0,2,9,21,0,18,17,0,10,10,0,8,1,0,6,6,0,13,13,0,9,9,0,12,12,0,3,1,0,1,1,0,6,1,0,1,1,0,11,8,0,10,8,0
201404CA14104,-2.602574,53.620674,1,2,1,2,15.23,3,6,30,0,0,0,0,0,1,1,1,0,0,1,9,3,0,5,18,0,10,10,0,9,9,0,6,6,0,13,13,0,9,9,0,12,12,0,3,1,0,1,1,0,6,6,0,1,1,0,11,4,0,13,12,0
201404CA14108,-2.627485,53.636681,1,1,1,1,23.3,4,1,30,1,4,6,0,0,4,2,2,0,0,2,9,0,0,9,0,0,9,0,0,4,0,0,1,0,0,13,0,0,1,0,0,4,0,0,1,0,0,1,0,0,6,0,0,2,0,0,11,0,0,1,0,0
201404CA14115,-2.649959,53.640516,1,1,1,6,15.5,6,6,30,0,0,0,0,0,1,1,1,0,0,1,9,0,0,5,0,0,10,0,0,9,0,0,6,0,0,13,0,0,9,0,0,12,0,0,1,0,0,1,0,0,6,0,0,2,0,0,8,0,0,6,0,0
201404CA14120,-2.653632,53.656064,1,2,1,2,16.30,3,6,40,3,4,6,0,0,1,1,1,0,0,2,9,9,0,18,7,0,10,10,0,8,5,0,6,6,0,13,13,0,1,9,0,10,12,0,1,4,0,1,1,0,6,6,0,2,2,0,11,6,0,10,11,0
201404CA14121,-2.777317,53.667612,1,1,1,6,0.57,4,6,30,3,4,6,0,0,4,1,1,0,0,2,9,0,0,17,0,0,10,0,0,6,0,0,1,0,0,13,0,0,3,0,0,12,0,0,1,0,0,1,0,0,6,0,0,1,0,0,5,0,0,12,0,0
201404CA14125,-2.583697,53.698896,1,2,3,1,5.26,3,6,30,0,0,0,0,0,1,1,1,0,7,2,19,9,0,11,17,0,10,10,0,9,9,0,6,6,0,13,13,0,9,1,0,12,10,0,3,3,0,1,1,0,2,2,0,1,1,0,7,6,0,7,11,0
201404CA14134,-2.607461,53.642006,1,1,2,1,21.0,6,6,30,3,4,6,0,0,1,1,1,0,0,2,3,0,0,16,0,0,10,0,0,8,0,0,6,0,0,13,0,0,7,0,0,1,0,0,1,0,0,1,0,0,6,0,0,1,0,0,4,0,0,3,0,0
201404CA14138,-2.56559,53.71758,1,2,1,5,12.0,3,6,50,0,0,0,0,0,1,1,1,0,0,2,9,5,0,9,18,0,10,10,0,9,9,0,6,6,0,13,13,0,9,9,0,12,12,0,1,1,0,1,1,0,6,6,0,1,1,0,10,7,0,12,13,0
201404CA14143,-2.672859,53.694662,1,1,1,5,18.29,6,6,20,0,0,0,0,0,1,1,1,0,0,1,9,0,0,4,0,0,10,0,0,9,0,0,6,0,0,13,0,0,9,0,0,12,0,0,1,0,0,1,0,0,6,0,0,2,0,0,8,0,0,2,0,0
201404CA14147,-2.677743,53.69512,1,1,1,5,2.20,1,7,70,0,0,0,0,0,4,1,1,0,0,1,19,0,0,11,0,0,10,0,0,9,0,0,6,0,0,13,0,0,1,0,0,2,0,0,1,0,0,1,0,0,1,0,0,2,0,0,8,0,0,1,0,0
201404CA14148,-2.544925,53.634649,1,2,1,5,21.53,6,6,60,0,0,0,0,0,6,1,1,0,0,2,5,9,0,17,16,0,10,10,0,9,9,0,6,6,0,13,13,0,1,9,0,10,12,0,3,3,0,1,1,0,6,6,0,1,1,0,8,5,0,10,9,0
201404CA14152,-2.632758,53.666648,1,2,2,6,14.20,3,3,30,1,2,4,0,0,1,1,1,0,0,1,19,9,0,15,7,0,10,10,0,8,8,0,6,6,0,13,13,0,9,9,0,12,12,0,4,3,0,2,1,0,1,2,0,1,1,0,8,10,0,1,5,0
201404CA14157,-2.751976,53.630786,1,2,2,4,17.47,6,6,30,0,0,0,0,0,1,1,1,0,0,2,5,9,0,16,17,0,10,10,0,9,9,0,1,6,0,13,13,0,9,1,0,12,12,0,1,3,0,1,1,0,6,6,0,1,1,0,8,9,0,8,2,0
201404CA14166,-2.521944,53.682903,1,1,2,3,12.12,3,6,50,0,0,0,0,0,1,1,1,0,0,2,9,0,0,13,0,0,10,0,0,9,0,0,1,0,0,13,0,0,1,0,0,4,0,0,1,0,0,1,0,0,2,0,0,2,0,0,5,0,0,9,0,0
201404CA14171,-2.577048,53.612513,1,1,3,3,0.14,6,6,30,3,4,6,0,0,6,1,1,0,0,2,9,0,0,18,0,0,10,0,0,1,0,0,6,0,0,13,0,0,3,0,0,4,0,0,1,0,0,1,0,0,6,0,0,1,0,0,4,0,0,13,0,0
201404CA14172,-2.588956,53.613318,1,2,1,2,17.46,3,6,30,0,0,0,0,0,1,1,1,0,0,1,9,5,0,12,18,0,10,10,0,9,9,0,1,6,0,13,13,0,9,9,0,12,12,0,1,1,0,1,1,0,6,6,0,2,1,0,5,8,0,12,8,0
201404CA14179,-2.638472,53.695183,1,1,1,5,8.18,3,6,40,0,0,0,0,0,1,1,1,0,0,1,9,0,0,5,0,0,10,0,0,9,0,0,6,0,0,13,0,0,9,0,0,12,0,0,5,0,0,1,0,0,6,0,0,2,0,0,5,0,0,11,0,0
201404CA14189,-2.662611,53.621669,1,1,1,7,14.30,4,6,30,3,4,6,0,0,1,1,1,0,0,2,5,0,0,18,0,0,10,0,0,1,0,0,6,0,0,13,0,0,1,0,0,2,0,0,1,0,0,1,0,0,6,0,0,1,0,0,7,0,0,3,0,0
201404CJ14008,-2.771258,53.586898,1,1,1,3,1.43,3,6,30,0,0,0,0,0,4,2,2,0,0,2,9,0,0,18,0,0,10,0,0,9,0,0,6,0,0,13,0,0,9,0,0,12,0,0,1,0,0,1,0,0,6,0,0,1,0,0,4,0,0,11,0,0
201404CJ14014,-3.004212,53.613259,1,1,1,4,6.47,6,6,60,0,0,0,0,0,1,1,2,0,0,1,9,0,0,18,0,0,10,0,0,9,0,0,1,0,0,13,0,0,1,0,0,4,0,0,1,0,0,1,0,0,2,0,0,2,0,0,6,0,0,6,0,0
201404CJ14022,-2.878144,53.576219,1,1,1,1,1.18,3,6,40,3,4,4,0,0,4,1,2,0,0,1,9,0,0,9,0,0,10,0,0,2,0,0,1,0,0,13,0,0,2,0,0,2,0,0,1,0,0,1,0,0,6,0,0,1,0,0,6,0,0,11,0,0
201404CJ14023,-2.883152,53.565773,1,1,1,6,15.10,6,6,30,7,2,6,0,5,1,1,1,0,0,1,11,0,0,9,0,0,10,0,0,8,0,0,6,0,0,13,0,0,9,0,0,12,0,0,5,0,0,1,0,0,6,0,0,1,0,0,10,0,0,7,0,0
201404CJ14037,-2.795671,53.588544,1,1,1,2,7.30,3,6,60,0,0,0,0,0,1,1,2,0,0,2,9,0,0,18,0,0,10,0,0,9,0,0,6,0,0,13,0,0,9,0,0,12,0,0,4,0,0,1,0,0,2,0,0,1,0,0,4,0,0,2,0,0
201404CJ14068,-2.739365,53.600609,1,1,1,7,23.30,6,6,60,0,0,0,0,0,6,1,1,0,0,2,9,0,0,17,0,0,10,0,0,9,0,0,1,0,0,13,0,0,1,0,0,3,0,0,1,0,0,1,0,0,1,0,0,2,0,0,4,0,0,9,0,0
201404CJ14075,-2.834052,53.545955,1,1,1,6,15.25,4,6,30,3,4,6,0,0,1,1,1,0,0,2,5,0,0,18,0,0,10,0,0,8,0,0,1,0,0,10,0,0,3,0,0,12,0,0,1,0,0,1,0,0,6,0,0,1,0,0,5,0,0,10,0,0
201404CJ14076,-2.841496,53.704248,1,2,1,6,22.0,6,6,30,0,0,0,0,0,5,1,1,0,0,2,9,5,0,9,18,0,10,10,0,9,9,0,6,6,0,13,13,0,9,1,0,12,12,0,1,1,0,1,1,0,6,6,0,1,1,0,5,6,0,13,21,0
201404CJ14077,-2.9428,53.618289,1,4,1,6,16.24,3,6,30,0,0,0,0,0,1,1,1,6,0,2,17,5,9,18,18,18,10,10,10,9,9,9,6,1,6,13,13,13,9,9,9,12,12,12,5,1,3,1,1,1,6,6,6,1,1,2,9,6,10,10,13,12
201404CJ14078,-2.766194,53.567523,1,1,1,7,13.0,6,6,50,0,0,0,0,0,1,1,1,1,0,2,3,0,0,17,0,0,10,0,0,9,0,0,6,0,0,13,0,0,1,0,0,4,0,0,4,0,0,1,0,0,6,0,0,1,0,0,4,0,0,6,0,0
201404CJ14082,-2.889792,53.572807,1,2,1,6,21.0,3,6,40,9,4,3,0,0,4,8,2,0,0,1,9,3,0,9,18,0,10,10,0,8,8,0,6,6,0,13,13,0,9,9,0,12,12,0,3,1,0,1,1,0,6,6,0,1,1,0,6,4,0,5,2,0
201404CJ14087,-2.92878,53.580169,1,2,1,1,19.10,6,6,60,3,4,6,0,0,1,1,1,0,0,2,5,9,0,16,18,0,10,10,0,2,1,0,6,6,0,13,13,0,9,9,0,12,12,0,1,1,0,1,1,0,6,6,0,1,1,0,9,5,0,1,14,0
201404CJ14107,-2.941342,53.596943,1,1,1,4,21.0,3,6,50,0,0,0,0,0,1,1,1,0,0,2,4,0,0,17,0,0,10,0,0,9,0,0,5,0,0,10,0,0,2,0,0,12,0,0,1,0,0,1,0,0,6,0,0,1,0,0,5,0,0,16,0,0
201404CJ14110,-2.764504,53.543274,1,1,1,7,18.40,6,6,30,3,4,6,0,0,1,1,1,0,0,1,9,0,0,18,0,0,10,0,0,8,0,0,2,0,0,13,0,0,1,0,0,10,0,0,4,0,0,1,0,0,6,0,0,1,0,0,7,0,0,8,0,0
201404CJ14114,-2.848671,53.543443,1,1,1,2,9.50,3,3,70,0,0,0,0,0,1,4,2,0,0,2,3,0,0,18,0,0,10,0,0,9,0,0,6,0,0,10,0,0,9,0,0,12,0,0,4,0,0,1,0,0,6,0,0,2,0,0,4,0,0,7,0,0
201404CJ14115,-2.959649,53.576591,1,3,1,3,8.15,3,6,60,0,0,0,0,0,1,1,1,0,0,2,5,21,9,13,18,18,10,10,10,9,9,9,5,6,6,13,13,13,9,9,9,12,12,12,3,4,2,1,1,1,2,1,2,1,1,1,6,9,7,14,6,2
201404CJ14123,-2.873217,53.570215,1,2,8,3,20.18,6,6,20,3,4,6,0,0,1,1,2,0,0,1,9,9,0,9,18,0,10,10,0,6,8,0,6,6,0,13,13,0,9,7,0,12,10,0,3,1,0,1,1,0,6,6,0,2,1,0,8,4,0,7,2,0
201404CJ14127,-2.894313,53.575219,1,2,2,5,16.30,3,6,30,0,0,0,0,0,1,1,1,0,0,1,9,5,0,6,18,0,10,10,0,9,9,0,6,6,0,13,13,0,9,9,0,12,12,0,1,1,0,1,1,0,6,6,0,2,1,0,7,5,0,7,2,0
201404CJ14133,-2.878041,53.663797,1,2,2,2,10.18,3,6,50,6,4,6,0,0,1,1,1,0,0,2,9,9,0,5,18,0,10,10,0,6,8,0,6,6,0,13,13,0,1,1,0,10,1,0,4,1,0,1,1,0,6,1,0,2,2,0,10,9,0,18,3,0
201404CJ14139,-2.823806,53.64936,1,2,1,1,16.30,3,6,60,8,4,6,0,0,1,1,1,0,0,2,5,9,0,18,10,0,10,10,0,8,8,0,2,6,0,13,13,0,1,9,0,4,12,0,1,1,0,1,1,0,6,6,0,1,1,0,10,9,0,47,5,0
201404CJ14140,-2.878901,53.657121,1,2,5,1,17.20,4,6,40,8,4,6,0,0,1,1,1,0,0,2,9,9,0,16,9,0,10,10,0,1,6,0,1,6,0,13,13,0,9,9,0,12,12,0,1,1,0,1,1,0,6,6,0,1,2,0,8,8,0,12,2,0
201404CJ14150,-2.925993,53.598465,1,1,1,1,17.50,3,6,40,0,0,0,0,0,1,1,1,0,2,2,5,0,0,16,0,0,10,0,0,9,0,0,1,0,0,13,0,0,7,0,0,10,0,0,3,0,0,1,0,0,6,0,0,1,0,0,6,0,0,13,0,0
201404CJ14151,-2.929817,53.613645,1,2,2,1,16.10,4,6,30,9,4,6,0,0,1,1,1,0,0,2,3,9,0,16,17,0,10,10,0,1,1,0,6,6,0,13,13,0,9,9,0,12,12,0,1,1,0,1,1,0,6,6,0,2,2,0,7,7,0,32,7,0
201404CJ14154,-2.753028,53.532731,1,2,2,6,8.0,6,2,40,0,0,0,0,0,1,2,2,0,0,2,9,9,0,18,18,0,10,10,0,9,9,0,1,1,0,10,10,0,1,8,0,10,10,0,3,4,0,1,1,0,2,2,0,1,1,0,6,6,0,1,16,0
201404CJ14172,-2.895553,53.578122,1,2,3,7,17.25,3,6,30,8,4,6,0,0,1,1,1,0,0,1,9,5,0,9,13,0,10,10,0,8,8,0,6,6,0,13,13,0,9,9,0,12,12,0,3,1,0,1,1,0,6,6,0,2,1,0,6,9,0,9,8,0
201404CJ14173,-2.719687,53.540819,1,2,3,3,17.30,3,6,30,0,0,0,0,0,1,2,2,0,0,1,9,9,0,18,18,0,10,10,0,9,9,0,6,6,0,13,13,0,9,1,0,12,10,0,1,1,0,1,1,0,6,6,0,2,1,0,8,11,0,11,2,0
201404CJ14177,-2.878078,53.653891,1,1,1,2,18.0,4,6,40,0,0,0,0,0,1,1,1,0,0,2,3,0,0,16,0,0,10,0,0,9,0,0,2,0,0,13,0,0,1,0,0,4,0,0,4,0,0,1,0,0,6,0,0,1,0,0,5,0,0,6,0,0
201404CJ14178,-2.775945,53.553267,1,1,2,1,17.33,6,3,30,1,4,6,0,0,1,1,1,0,0,2,5,0,0,18,0,0,10,0,0,1,0,0,2,0,0,9,0,0,9,0,0,12,0,0,1,0,0,1,0,0,6,0,0,1,0,0,5,0,0,22,0,0
201404CJ14185,-2.964792,53.552423,1,2,1,7,16.44,4,6,60,0,0,0,0,0,1,1,1,0,0,2,5,9,0,16,17,0,10,10,0,9,9,0,1,6,0,13,13,0,9,9,0,12,12,0,1,3,0,1,1,0,6,6,0,1,1,0,6,10,0,17,5,0
201404CJ14201,-2.851774,53.669353,1,2,1,1,16.5,3,6,50,0,0,0,0,0,1,1,1,0,0,2,5,9,0,18,9,0,10,10,0,9,9,0,6,6,0,13,13,0,9,9,0,12,12,0,1,3,0,1,1,0,6,6,0,1,2,0,7,8,0,15,9,0
201404CJ14206,-2.789673,53.558553,1,1,1,6,1.16,3,1,40,1,4,3,0,0,4,1,2,0,0,2,9,0,0,18,0,0,10,0,0,4,0,0,1,0,0,10,0,0,1,0,0,2,0,0,3,0,0,1,0,0,6,0,0,1,0,0,5,0,0,12,0,0
201404CL14009,-2.614968,53.739987,1,2,1,5,18.0,3,6,30,3,4,6,0,0,4,1,2,0,0,1,9,3,0,9,18,0,10,10,0,5,1,0,6,6,0,13,13,0,9,9,0,12,12,0,1,1,0,1,1,0,6,6,0,1,2,0,10,7,0,12,12,0
201404CL14022,-2.66954,53.72125,1,1,1,3,11.5,6,6,30,5,2,3,0,5,1,1,1,0,0,1,2,0,0,16,0,0,10,0,0,1,0,0,1,0,0,13,0,0,9,0,0,12,0,0,4,0,0,1,0,0,2,0,0,1,0,0,8,0,0,5,0,0
201404CL14031,-2.685713,53.700962,1,1,1,6,22.31,6,2,30,0,0,0,0,0,4,1,1,0,0,1,9,0,0,18,0,0,10,0,0,9,0,0,6,0,0,10,0,0,7,0,0,12,0,0,1,0,0,1,0,0,1,0,0,3,0,0,7,0,0,2,0,0
201404CL14033,-2.715309,53.723125,1,2,1,3,18.41,3,6,60,6,2,6,0,0,4,1,1,0,0,1,9,3,0,9,18,0,10,10,0,6,8,0,6,6,0,13,13,0,9,9,0,12,12,0,4,1,0,1,1,0,6,6,0,1,1,0,10,4,0,14,12,0
201404CL14054,-2.696855,53.685869,1,1,1,4,19.0,6,6,30,0,0,0,0,0,4,5,2,0,2,1,8,0,0,18,0,0,10,0,0,9,0,0,6,0,0,11,0,0,9,0,0,12,0,0,1,0,0,1,0,0,6,0,0,1,0,0,8,0,0,3,0,0
201404CL14083,-2.692744,53.695573,1,1,1,7,21.56,6,6,30,0,0,0,0,1,4,1,1,0,0,1,2,0,0,18,0,0,10,0,0,9,0,0,5,0,0,13,0,0,9,0,0,12,0,0,3,0,0,1,0,0,6,0,0,1,0,0,6,0,0,13,0,0
201404CL14107,-2.719914,53.737183,1,1,1,3,16.0,6,6,30,3,4,6,0,0,1,1,1,0,0,1,19,0,0,1,0,0,8,0,0,6,0,0,6,0,0,13,0,0,9,0,0,12,0,0,2,0,0,1,0,0,2,0,0,1,0,0,7,0,0,4,0,0
201404CL14116,-2.815912,53.720829,1,1,1,7,15.50,6,6,30,0,0,0,0,0,1,1,1,0,0,2,9,0,0,18,0,0,10,0,0,9,0,0,6,0,0,13,0,0,1,0,0,9,0,0,1,0,0,1,0,0,6,0,0,2,0,0,6,0,0,8,0,0
201404CL14133,-2.64714,53.720178,1,2,3,5,12.30,6,6,30,0,0,0,0,0,1,1,1,0,0,1,9,9,0,6,18,0,10,10,0,9,9,0,6,1,0,13,13,0,9,7,0,12,4,0,3,1,0,1,1,0,1,1,0,1,1,0,8,7,0,5,5,0
201404CL14158,-2.667358,53.737523,1,1,1,6,16.21,4,6,30,0,0,0,0,0,1,2,2,0,0,1,9,0,0,16,0,0,10,0,0,9,0,0,1,0,0,13,0,0,7,0,0,10,0,0,1,0,0,1,0,0,6,0,0,1,0,0,5,0,0,15,0,0
201404CL14161,-2.645296,53.76504,1,2,2,3,16.0,3,3,40,3,4,6,0,0,1,1,1,0,0,2,9,3,0,6,13,0,10,10,0,8,1,0,1,1,0,13,13,0,9,7,0,12,12,0,3,1,0,1,1,0,6,2,0,2,1,0,9,7,0,5,3,0
201404CL14175,-2.716736,53.706335,1,2,2,3,23.25,4,6,60,0,0,0,0,0,4,1,2,0,0,2,9,21,0,18,18,0,10,10,0,9,9,0,6,6,0,13,13,0,1,7,0,12,4,0,1,1,0,1,1,0,6,1,0,1,1,0,4,7,0,10,3,0
201404CL14178,-2.733161,53.750935,1,1,1,5,18.0,6,6,30,0,0,0,0,0,1,1,1,0,0,1,9,0,0,18,0,0,10,0,0,9,0,0,6,0,0,13,0,0,9,0,0,12,0,0,1,0,0,1,0,0,6,0,0,2,0,0,9,0,0,9,0,0
201404DA14004,-2.695102,53.756861,1,1,1,3,19.50,6,6,20,0,0,0,0,4,4,2,2,0,0,1,9,0,0,18,0,0,10,0,0,9,0,0,6,0,0,13,0,0,9,0,0,12,0,0,1,0,0,1,0,0,6,0,0,1,0,0,6,0,0,9,0,0
201404DA14021,-2.695126,53.759216,1,1,1,6,22.45,6,2,30,3,4,6,0,0,4,1,1,0,0,1,11,0,0,4,0,0,10,0,0,1,0,0,6,0,0,13,0,0,9,0,0,12,0,0,4,0,0,1,0,0,1,0,0,1,0,0,9,0,0,2,0,0
201404DA14040,-2.754567,53.779296,1,1,1,1,18.30,6,6,30,0,0,0,0,0,1,1,1,0,0,1,9,0,0,17,0,0,10,0,0,9,0,0,2,0,0,13,0,0,1,0,0,10,0,0,1,0,0,1,0,0,6,0,0,2,0,0,6,0,0,9,0,0
201404DA14043,-2.697102,53.758557,1,1,1,7,2.28,6,6,30,0,0,0,0,0,1,1,1,0,0,1,8,0,0,4,0,0,10,0,0,9,0,0,6,0,0,13,0,0,9,0,0,12,0,0,3,0,0,1,0,0,1,0,0,1,0,0,7,0,0,13,0,0
201404DA14056,-2.68462,53.750225,1,1,1,3,17.55,6,6,30,0,0,0,0,0,1,1,1,0,0,2,9,0,0,18,0,0,10,0,0,9,0,0,1,0,0,13,0,0,9,0,0,12,0,0,1,0,0,1,0,0,6,0,0,1,0,0,5,0,0,4,0,0
201404DA14062,-2.729251,53.773844,1,2,1,3,14.35,4,6,30,0,0,0,0,0,1,1,1,0,0,1,9,9,0,9,18,0,10,10,0,9,9,0,6,6,0,13,13,0,9,9,0,12,10,0,1,1,0,1,1,0,6,2,0,2,1,0,9,7,0,10,12,0
201404DA14067,-2.706028,53.762613,1,1,1,4,21.15,3,6,30,9,4,3,0,1,4,1,1,0,0,1,9,0,0,16,0,0,10,0,0,3,0,0,6,0,0,13,0,0,9,0,0,12,0,0,1,0,0,1,0,0,6,0,0,1,0,0,6,0,0,13,0,0
201404DF14003,-2.615446,53.80791,1,2,1,6,12.15,6,6,30,0,0,0,0,0,1,1,1,0,0,2,9,19,0,4,4,0,10,10,0,9,9,0,1,1,0,13,13,0,9,9,0,12,12,0,2,1,0,1,1,0,6,6,0,1,1,0,8,7,0,13,3,0
201404DF14038,-2.736109,53.825854,1,2,1,4,13.50,3,6,40,0,0,0,0,0,1,1,1,0,0,2,9,9,0,18,3,0,10,10,0,9,9,0,6,6,0,13,13,0,1,9,0,12,12,0,1,2,0,1,1,0,6,6,0,2,1,0,11,10,0,13,8,0
201404DF14066,-2.709416,53.791688,1,2,2,4,14.5,6,6,30,9,4,6,0,0,1,1,1,0,0,1,9,9,0,9,18,0,10,10,0,1,1,0,6,6,0,13,13,0,9,9,0,12,12,0,1,1,0,1,1,0,6,2,0,1,2,0,10,7,0,11,4,0
201404DF14079,-2.668016,53.774246,1,1,1,1,15.40,6,9,20,0,0,0,0,0,1,1,1,0,0,1,8,0,0,18,0,0,10,0,0,9,0,0,6,0,0,13,0,0,9,0,0,10,0,0,5,0,0,1,0,0,1,0,0,1,0,0,8,0,0,5,0,0
201404DF14133,-2.715781,53.773251,1,2,1,2,21.29,3,3,30,6,2,6,0,5,4,1,1,0,0,1,3,9,0,5,18,0,10,10,0,1,1,0,1,6,0,13,13,0,9,9,0,12,12,0,4,1,0,1,1,0,6,1,0,1,1,0,4,8,0,1,4,0
201404DF14139,-2.69941,53.838962,1,2,1,6,16.17,6,6,60,0,0,0,0,0,1,1,1,0,0,2,9,9,0,16,17,0,10,10,0,9,9,0,6,6,0,13,13,0,9,1,0,12,4,0,1,1,0,1,1,0,6,6,0,1,2,0,6,6,0,4,4,0
201404DL14001,-2.739492,53.768631,1,1,2,6,22.50,3,6,30,6,2,6,0,5,4,1,2,0,0,1,9,0,0,18,0,0,10,0,0,8,0,0,6,0,0,13,0,0,7,0,0,7,0,0,1,0,0,1,0,0,6,0,0,2,0,0,9,0,0,14,0,0
201404DL14004,-2.71786,53.766111,1,2,3,7,15.20,6,6,30,3,4,6,0,0,1,1,1,0,0,1,9,9,0,9,18,0,10,10,0,5,8,0,6,6,0,13,13,0,9,9,0,12,12,0,1,1,0,1,1,0,6,6,0,2,2,0,4,6,0,6,8,0
201404DL14007,-2.739818,53.794075,1,2,3,2,13.50,4,6,40,3,4,6,0,0,1,1,1,0,0,2,19,9,0,18,10,0,10,10,0,8,8,0,6,6,0,13,13,0,9,9,0,12,12,0,1,2,0,1,1,0,1,6,0,2,1,0,9,6,0,5,5,0
201404DL14009,-2.727986,53.76125,1,1,2,7,12.50,6,1,30,1,4,6,0,4,1,5,2,0,0,1,9,0,0,9,0,0,10,0,0,8,0,0,6,0,0,13,0,0,1,0,0,7,0,0,1,0,0,1,0,0,6,0,0,1,0,0,11,0,0,14,0,0