Accident_Index,Longitude,Latitude,SV,Number_of_Vehicles,Number_of_Casualties,Day_of_Week,Time,1st_Road_Class,Road_Type,Speed_limit,Junction_Detail,Junction_Control,2nd_Road_Class,Pedestrian_Crossing-Human_Control,Pedestrian_Crossing-Physical_Facilities,Light_Conditions,Weather_Conditions,Road_Surface_Conditions,Special_Conditions_at_Site,Carriageway_Hazards,Urban_or_Rural_Area,Vehicle1_Type,Vehicle2_Type,Vehicle3_Type,Vehicle1_Manoeuvre,Vehicle2_Manoeuvre,Vehicle3_Manoeuvre,Vehicle1_Location-Restricted_Lane,Vehicle2_Location-Restricted_Lane,Vehicle3_Location-Restricted_Lane,Junction1_Location,Junction2_Location,Junction3_Location,Skidding1_and_Overturning,Skidding2_and_Overturning,Skidding3_and_Overturning,Hit_Object_in_Carriageway1,Hit_Object_in_Carriageway2,Hit_Object_in_Carriageway3,Vehicle1_Leaving_Carriageway,Vehicle2_Leaving_Carriageway,Vehicle3_Leaving_Carriageway,Hit_Object_off_Carriageway1,Hit_Object_off_Carriageway2,Hit_Object_off_Carriageway3,1st_Point_of_Impact1,1st_Point_of_Impact2,1st_Point_of_Impact3,Was_Vehicle 1_Left_Hand_Drive?,Was_Vehicle2_Left_Hand_Drive?,Was_Vehicle 3_Left_Hand_Drive?,Journey_Purpose_of_Driver1,Journey_Purpose_of_Driver2,Journey_Purpose_of_Driver3,Sex_of_Driver1,Sex_of_Driver2,Sex_of_Driver3,Age_Band_of_Driver1,Age_Band_of_Driver2,Age_Band_of_Driver3,Age_of_Vehicle1,Age_of_Vehicle2,Age_of_Vehicle3
201404DL14032,-2.720752,53.756916,1,3,4,6,16.0,3,6,40,0,0,0,0,0,1,1,1,0,0,2,9,9,21,18,18,18,10,10,10,9,9,9,6,6,6,13,13,13,9,9,9,12,12,12,1,2,2,1,1,1,3,2,1,1,3,1,7,8,8,7,2,5
201404DL14059,-2.705768,53.771513,1,1,2,7,18.30,3,6,30,3,4,6,2,4,1,1,1,0,0,1,9,0,0,18,0,0,10,0,0,1,0,0,6,0,0,13,0,0,9,0,0,12,0,0,4,0,0,1,0,0,6,0,0,1,0,0,7,0,0,10,0,0
201404DL14060,-2.790913,53.780922,1,2,1,7,15.30,6,6,60,8,4,6,0,0,1,1,1,0,0,2,20,5,0,9,17,0,10,10,0,6,8,0,6,5,0,13,13,0,9,1,0,12,12,0,5,5,0,1,1,0,6,6,0,2,1,0,8,8,0,26,15,0
201404DL14077,-2.711078,53.769666,1,1,1,2,15.35,6,6,30,7,4,6,0,4,1,1,1,0,0,1,9,0,0,1,0,0,10,0,0,2,0,0,6,0,0,13,0,0,9,0,0,12,0,0,2,0,0,1,0,0,6,0,0,1,0,0,8,0,0,12,0,0
201404DL14079,-2.740359,53.762702,1,3,1,4,19.5,3,3,40,6,2,6,0,0,1,1,1,0,0,1,9,9,9,18,3,3,10,10,10,1,1,1,6,6,6,13,13,13,9,9,9,12,12,12,1,2,2,1,1,1,6,6,6,1,1,2,11,8,7,16,10,7
201404DL14086,-2.791519,53.761485,1,2,2,6,18.4,3,6,50,0,0,0,0,0,1,1,1,0,0,2,9,9,0,9,18,0,10,10,0,9,9,0,6,6,0,13,13,0,9,9,0,12,12,0,1,1,0,1,1,0,2,6,0,2,2,0,10,4,0,6,3,0
201404DR14001,-2.635017,53.799637,1,1,1,6,16.30,4,6,30,0,0,0,0,0,1,1,1,1,0,1,9,0,0,5,0,0,10,0,0,9,0,0,6,0,0,13,0,0,9,0,0,12,0,0,1,0,0,1,0,0,6,0,0,1,0,0,6,0,0,7,0,0
201404EA14001,-2.497215,53.749405,1,2,1,4,22.15,6,6,30,3,4,6,0,0,4,2,2,0,0,1,9,9,0,1,2,0,10,10,0,1,1,0,6,6,0,13,13,0,9,9,0,12,12,0,2,2,0,1,1,0,6,6,0,1,1,0,7,6,0,1,7,0
201404EA14004,-2.500507,53.745706,1,1,1,5,17.0,6,6,30,9,4,6,0,0,4,2,2,0,7,1,4,0,0,18,0,0,10,0,0,1,0,0,6,0,0,12,0,0,9,0,0,12,0,0,1,0,0,1,0,0,6,0,0,1,0,0,5,0,0,34,0,0
201404EA14006,-2.485486,53.771205,1,1,5,1,18.0,6,6,30,0,0,0,0,0,4,2,2,0,0,1,9,0,0,17,0,0,10,0,0,9,0,0,1,0,0,13,0,0,1,0,0,4,0,0,1,0,0,1,0,0,6,0,0,1,0,0,5,0,0,13,0,0
201404EA14008,-2.491332,53.752126,1,1,1,4,11.30,6,6,30,2,4,3,0,0,1,1,2,0,2,1,9,0,0,5,0,0,10,0,0,3,0,0,6,0,0,11,0,0,9,0,0,12,0,0,1,0,0,1,0,0,6,0,0,1,0,0,9,0,0,10,0,0
201404EA14009,-2.491854,53.7319,1,1,1,5,17.15,3,6,30,0,0,0,0,0,4,2,2,0,0,1,9,0,0,1,0,0,10,0,0,9,0,0,6,0,0,13,0,0,9,0,0,12,0,0,2,0,0,1,0,0,1,0,0,1,0,0,7,0,0,4,0,0
201404EA14023,-2.503769,53.638011,1,1,2,5,23.10,6,6,60,0,0,0,0,0,6,1,2,0,0,2,9,0,0,16,0,0,10,0,0,9,0,0,2,0,0,10,0,0,1,0,0,10,0,0,4,0,0,1,0,0,6,0,0,1,0,0,4,0,0,10,0,0
201404EA14041,-2.460462,53.744428,1,1,1,6,21.20,6,6,20,9,4,6,0,0,6,1,2,0,0,1,9,0,0,1,0,0,9,0,0,6,0,0,6,0,0,13,0,0,9,0,0,12,0,0,4,0,0,1,0,0,6,0,0,1,0,0,9,0,0,13,0,0
201404EA14056,-2.478575,53.750559,1,1,1,2,12.20,6,9,30,0,0,0,0,0,1,1,1,0,0,1,11,0,0,9,0,0,3,0,0,9,0,0,6,0,0,13,0,0,9,0,0,12,0,0,3,0,0,1,0,0,1,0,0,1,0,0,9,0,0,15,0,0
201404EA14068,-2.450609,53.702221,1,2,1,1,14.2,6,6,30,3,4,6,0,0,1,1,1,0,0,1,3,9,0,16,9,0,10,10,0,8,6,0,6,6,0,13,13,0,9,9,0,12,12,0,1,3,0,1,1,0,6,6,0,1,1,0,4,9,0,8,3,0
201404EA14077,-2.465469,53.744769,1,2,1,2,19.19,5,6,30,0,0,0,0,0,4,1,1,0,0,1,9,9,0,18,2,0,10,10,0,9,9,0,6,6,0,13,13,0,9,9,0,12,12,0,1,3,0,1,1,0,6,6,0,1,1,0,6,6,0,4,1,0
201404EA14078,-2.505416,53.750449,1,2,3,2,13.30,3,6,30,3,4,6,0,0,1,1,1,0,0,1,9,9,0,9,18,0,10,10,0,6,8,0,6,6,0,13,13,0,9,9,0,12,12,0,3,1,0,1,1,0,6,6,0,1,1,0,6,6,0,3,3,0
201404EA14109,-2.458462,53.700034,1,1,1,1,15.35,6,6,30,3,4,6,0,0,1,1,1,0,0,1,9,0,0,18,0,0,10,0,0,8,0,0,6,0,0,13,0,0,9,0,0,12,0,0,4,0,0,1,0,0,6,0,0,2,0,0,6,0,0,13,0,0
201404EA14111,-2.473971,53.759117,1,1,1,5,8.40,6,6,20,0,0,0,0,0,1,1,1,0,0,1,8,0,0,18,0,0,10,0,0,9,0,0,6,0,0,13,0,0,9,0,0,12,0,0,4,0,0,1,0,0,1,0,0,1,0,0,9,0,0,10,0,0
201404EA14125,-2.486968,53.75502,1,1,1,6,20.27,6,6,20,3,4,6,0,0,1,1,1,0,0,1,8,0,0,18,0,0,10,0,0,1,0,0,6,0,0,13,0,0,9,0,0,12,0,0,1,0,0,1,0,0,1,0,0,1,0,0,6,0,0,12,0,0
201404EA14140,-2.51422,53.639225,1,1,1,1,13.50,6,6,40,0,0,0,0,0,1,1,1,0,0,2,5,0,0,17,0,0,10,0,0,9,0,0,6,0,0,13,0,0,9,0,0,12,0,0,5,0,0,1,0,0,6,0,0,1,0,0,5,0,0,5,0,0
201404EA14146,-2.520965,53.732406,1,2,2,2,12.29,3,6,30,3,4,6,0,0,1,1,1,0,0,1,9,9,0,5,18,0,10,10,0,8,8,0,6,6,0,13,13,0,9,9,0,12,12,0,4,3,0,1,1,0,6,6,0,2,2,0,11,6,0,2,2,0
201404EA14161,-2.46256,53.700737,1,1,1,3,19.5,6,6,20,0,0,0,0,0,1,1,1,0,0,1,9,0,0,18,0,0,10,0,0,9,0,0,6,0,0,13,0,0,9,0,0,12,0,0,1,0,0,1,0,0,6,0,0,2,0,0,6,0,0,5,0,0
201404EA14174,-2.463562,53.764371,1,2,2,1,10.35,3,3,50,3,2,6,0,0,1,1,1,0,0,2,9,5,0,9,18,0,10,10,0,6,8,0,6,6,0,13,13,0,9,9,0,12,12,0,4,1,0,1,1,0,6,6,0,2,1,0,6,8,0,7,5,0
201404EA14195,-2.504846,53.753508,1,1,1,1,17.30,6,6,30,9,4,6,0,0,1,1,1,0,0,1,9,0,0,18,0,0,10,0,0,1,0,0,6,0,0,13,0,0,9,0,0,12,0,0,1,0,0,1,0,0,6,0,0,1,0,0,8,0,0,9,0,0
201404EA14210,-2.495528,53.747794,1,1,1,7,19.15,6,6,20,0,0,0,0,0,5,1,1,0,0,1,9,0,0,18,0,0,10,0,0,9,0,0,6,0,0,13,0,0,9,0,0,12,0,0,5,0,0,1,0,0,6,0,0,2,0,0,6,0,0,15,0,0
201404EA14218,-2.448388,53.77818,1,1,1,3,16.38,6,6,60,0,0,0,0,0,1,1,1,0,0,2,9,0,0,18,0,0,10,0,0,9,0,0,6,0,0,13,0,0,9,0,0,12,0,0,5,0,0,1,0,0,6,0,0,2,0,0,9,0,0,3,0,0
201404EA14225,-2.508025,53.727878,1,1,1,2,19.0,3,6,30,0,0,0,0,0,1,1,1,0,0,1,9,0,0,18,0,0,10,0,0,9,0,0,6,0,0,13,0,0,9,0,0,12,0,0,1,0,0,1,0,0,6,0,0,2,0,0,7,0,0,4,0,0
201404EA14227,-2.460971,53.74937,1,2,1,6,18.0,3,6,30,3,4,6,0,0,1,1,1,0,0,1,9,3,0,9,18,0,10,10,0,5,8,0,6,6,0,13,13,0,9,1,0,12,12,0,1,3,0,1,1,0,6,6,0,1,1,0,8,7,0,11,4,0
201404EA14233,-2.507573,53.740643,1,1,1,3,18.5,4,6,30,6,2,3,0,4,1,1,1,0,0,1,9,0,0,18,0,0,10,0,0,1,0,0,6,0,0,13,0,0,9,0,0,12,0,0,4,0,0,1,0,0,6,0,0,1,0,0,9,0,0,7,0,0
201404EA14236,-2.470392,53.696752,1,2,4,3,15.43,6,6,30,3,4,6,0,5,1,1,1,0,0,1,9,9,0,9,16,0,10,10,0,6,8,0,6,6,0,13,13,0,9,9,0,12,12,0,1,2,0,1,1,0,6,6,0,1,2,0,9,6,0,11,12,0
201404EA14248,-2.470406,53.69801,1,1,1,2,14.35,6,6,30,3,4,6,0,1,1,1,1,0,0,1,9,0,0,9,0,0,10,0,0,6,0,0,6,0,0,13,0,0,9,0,0,12,0,0,1,0,0,1,0,0,6,0,0,1,0,0,8,0,0,3,0,0
201404EA14253,-2.461081,53.745595,1,1,1,2,11.55,6,6,30,3,4,6,0,0,1,1,1,0,0,1,19,0,0,18,0,0,10,0,0,8,0,0,6,0,0,13,0,0,9,0,0,12,0,0,4,0,0,1,0,0,1,0,0,1,0,0,6,0,0,21,0,0
201404EA14254,-2.48953,53.740628,1,1,2,1,20.40,6,6,30,3,4,6,0,0,4,5,2,0,0,1,9,0,0,16,0,0,10,0,0,8,0,0,6,0,0,13,0,0,8,0,0,2,0,0,1,0,0,1,0,0,6,0,0,1,0,0,11,0,0,11,0,0
201404EA14258,-2.488882,53.737035,1,1,2,1,22.9,3,6,30,3,2,3,0,0,4,2,2,0,0,1,3,0,0,5,0,0,10,0,0,2,0,0,6,0,0,13,0,0,9,0,0,12,0,0,1,0,0,1,0,0,6,0,0,1,0,0,4,0,0,9,0,0
201404EA14266,-2.473107,53.763255,1,1,2,4,19.0,3,6,30,3,4,6,0,0,1,1,1,0,0,1,9,0,0,17,0,0,10,0,0,1,0,0,6,0,0,13,0,0,1,0,0,2,0,0,1,0,0,1,0,0,6,0,0,2,0,0,8,0,0,13,0,0
201404EA14267,-2.494241,53.638051,1,2,2,1,14.5,6,6,60,0,0,0,0,0,1,1,1,0,3,2,5,5,0,18,18,0,10,10,0,9,9,0,1,6,0,1,13,0,1,9,0,12,12,0,3,3,0,1,1,0,6,6,0,1,1,0,5,5,0,6,10,0
201404EA14286,-2.468339,53.702872,1,1,1,6,19.5,6,6,20,0,0,0,0,0,4,1,1,0,0,1,9,0,0,18,0,0,10,0,0,9,0,0,6,0,0,13,0,0,9,0,0,12,0,0,4,0,0,1,0,0,6,0,0,2,0,0,8,0,0,4,0,0
201404EA14294,-2.453677,53.74796,1,2,1,7,11.50,3,6,30,0,0,0,0,5,1,1,1,0,0,1,2,9,0,18,18,0,10,10,0,9,9,0,6,6,0,13,13,0,9,9,0,12,12,0,1,1,0,1,1,0,6,6,0,1,2,0,5,5,0,3,14,0
201404ED14006,-2.444443,53.749522,1,1,1,7,17.22,3,6,30,3,4,6,0,0,1,1,1,0,0,1,9,0,0,18,0,0,10,0,0,1,0,0,6,0,0,13,0,0,9,0,0,12,0,0,1,0,0,1,0,0,6,0,0,1,0,0,10,0,0,10,0,0
201404ED14025,-2.41264,53.750805,1,2,1,1,19.10,6,6,30,3,4,6,0,0,4,1,1,0,0,1,9,9,0,6,18,0,10,10,0,2,2,0,6,1,0,13,13,0,9,9,0,12,12,0,3,1,0,1,1,0,1,6,0,1,1,0,7,4,0,6,12,0
201404ED14035,-2.366723,53.756365,1,1,5,1,16.27,6,6,30,0,0,0,0,0,1,1,1,0,0,1,9,0,0,18,0,0,10,0,0,9,0,0,1,0,0,13,0,0,1,0,0,10,0,0,1,0,0,1,0,0,6,0,0,1,0,0,6,0,0,14,0,0
201404ED14040,-2.384999,53.666766,1,1,1,1,14.0,6,6,60,0,0,0,0,0,1,4,1,0,0,2,4,0,0,17,0,0,10,0,0,9,0,0,6,0,0,13,0,0,1,0,0,12,0,0,1,0,0,1,0,0,6,0,0,1,0,0,6,0,0,33,0,0
201404ED14051,-2.477972,53.750832,1,1,1,6,9.29,3,3,30,6,2,6,0,5,1,1,1,0,0,1,9,0,0,18,0,0,10,0,0,1,0,0,6,0,0,13,0,0,9,0,0,12,0,0,4,0,0,1,0,0,1,0,0,2,0,0,7,0,0,7,0,0
201404ED14052,-2.475763,53.702932,1,2,1,3,8.0,3,6,30,6,4,6,0,0,1,1,1,0,0,1,3,10,0,18,9,0,10,10,0,8,1,0,6,6,0,13,13,0,7,9,0,10,12,0,1,3,0,1,1,0,6,1,0,1,1,0,5,5,0,1,2,0
201404ED14081,-2.484688,53.741457,1,2,3,6,9.33,3,6,30,3,4,6,0,0,1,1,1,0,0,1,9,9,0,16,17,0,10,10,0,2,1,0,6,6,0,13,13,0,9,9,0,12,12,0,1,1,0,1,1,0,2,6,0,1,1,0,7,8,0,12,10,0
201404ED14082,-2.361161,53.749811,1,1,1,3,19.19,6,6,30,6,4,6,0,0,4,1,1,0,0,1,9,0,0,18,0,0,10,0,0,1,0,0,6,0,0,13,0,0,9,0,0,12,0,0,1,0,0,1,0,0,6,0,0,2,0,0,6,0,0,7,0,0
201404ED14083,-2.462205,53.695975,1,1,1,3,10.0,6,6,30,3,4,6,0,0,1,1,1,4,2,1,9,0,0,18,0,0,10,0,0,8,0,0,6,0,0,13,0,0,9,0,0,12,0,0,1,0,0,1,0,0,6,0,0,1,0,0,11,0,0,14,0,0
201404ED14092,-2.477299,53.704814,1,2,1,6,8.50,3,6,30,3,4,6,0,0,1,1,2,0,0,1,9,3,0,9,14,0,10,10,0,5,1,0,6,6,0,13,13,0,9,9,0,12,12,0,3,1,0,1,1,0,6,6,0,1,1,0,9,4,0,4,11,0
201404ED14093,-2.430989,53.752214,1,1,2,7,3.15,1,3,70,5,4,1,0,0,4,2,2,0,0,2,9,0,0,18,0,0,10,0,0,8,0,0,2,0,0,7,0,0,4,0,0,6,0,0,1,0,0,1,0,0,6,0,0,1,0,0,5,0,0,7,0,0
201404ED14098,-2.358311,53.74822,1,1,1,4,16.57,3,6,30,3,4,6,0,8,4,1,1,0,0,1,9,0,0,7,0,0,10,0,0,6,0,0,6,0,0,13,0,0,9,0,0,12,0,0,1,0,0,1,0,0,6,0,0,1,0,0,10,0,0,13,0,0
201404ED14106,-2.503457,53.738773,1,1,1,6,8.56,6,6,30,3,4,6,0,8,1,1,2,0,0,1,9,0,0,18,0,0,10,0,0,2,0,0,6,0,0,13,0,0,9,0,0,12,0,0,1,0,0,1,0,0,6,0,0,1,0,0,5,0,0,9,0,0
201404ED14107,-2.491755,53.749338,1,2,2,7,19.45,6,3,30,7,4,6,0,5,4,2,2,0,0,1,9,9,0,9,17,0,10,10,0,6,1,0,6,6,0,13,13,0,9,9,0,12,12,0,1,4,0,1,1,0,6,6,0,1,1,0,6,4,0,10,10,0
201404ED14112,-2.491367,53.729115,1,1,1,3,17.30,3,6,30,9,4,3,0,0,1,2,2,4,0,1,9,0,0,17,0,0,10,0,0,8,0,0,6,0,0,13,0,0,9,0,0,12,0,0,1,0,0,1,0,0,1,0,0,1,0,0,7,0,0,6,0,0
201404ED14117,-2.482379,53.751623,1,3,4,5,14.45,3,3,30,6,2,6,0,5,1,1,1,0,0,1,9,9,9,7,3,3,10,10,10,5,1,1,6,6,6,13,13,13,9,9,9,12,12,12,1,1,1,1,1,1,6,6,6,2,2,2,8,7,7,10,10,11
201404ED14120,-2.335292,53.752035,1,1,2,7,8.30,3,3,70,3,4,6,0,0,1,8,4,5,0,2,9,0,0,18,0,0,10,0,0,1,0,0,2,0,0,13,0,0,1,0,0,10,0,0,1,0,0,1,0,0,6,0,0,1,0,0,7,0,0,13,0,0
201404ED14121,-2.358497,53.775427,1,2,2,6,11.9,1,3,70,0,0,0,0,0,1,1,2,0,0,2,19,8,0,18,18,0,10,10,0,9,9,0,6,6,0,13,13,0,9,2,0,12,7,0,1,2,0,1,1,0,1,6,0,1,2,0,7,7,0,9,13,0
201404ED14130,-2.533386,53.781949,1,1,1,5,23.28,3,6,60,0,0,0,0,0,4,2,2,0,0,2,9,0,0,18,0,0,10,0,0,9,0,0,1,0,0,13,0,0,9,0,0,2,0,0,4,0,0,1,0,0,6,0,0,1,0,0,5,0,0,18,0,0
201404ED14135,-2.439249,53.741542,1,2,2,4,7.45,4,6,40,3,4,6,0,0,4,1,2,0,0,2,9,19,0,18,7,0,10,10,0,1,6,0,6,6,0,13,13,0,9,9,0,12,12,0,1,1,0,1,1,0,2,1,0,1,1,0,6,5,0,10,7,0
201404EF14023,-2.328013,53.707338,1,1,1,7,23.14,3,6,30,3,4,6,0,4,4,4,2,0,0,1,9,0,0,17,0,0,10,0,0,1,0,0,6,0,0,13,0,0,1,0,0,2,0,0,1,0,0,1,0,0,6,0,0,1,0,0,7,0,0,10,0,0
201404EF14027,-2.285235,53.792971,1,1,1,6,18.2,6,6,30,3,4,3,0,0,4,2,2,0,0,1,9,0,0,9,0,0,10,0,0,2,0,0,6,0,0,13,0,0,9,0,0,12,0,0,1,0,0,1,0,0,6,0,0,1,0,0,7,0,0,14,0,0
201404EF14052,-2.334601,53.79669,1,2,2,1,5.20,3,6,40,6,2,3,0,0,4,2,2,0,0,2,9,9,0,18,18,0,10,10,0,1,1,0,1,6,0,13,13,0,1,9,0,2,12,0,3,5,0,1,1,0,6,1,0,1,3,0,5,7,0,17,1,0
201404EF14067,-2.298237,53.796193,1,1,1,3,15.29,3,6,30,3,4,6,0,0,1,1,1,0,0,2,9,0,0,18,0,0,10,0,0,8,0,0,6,0,0,13,0,0,9,0,0,12,0,0,4,0,0,1,0,0,2,0,0,1,0,0,8,0,0,4,0,0
201404EG14002,-2.227936,53.830565,1,1,1,7,17.33,3,6,30,0,0,0,0,0,1,1,1,0,0,1,8,0,0,18,0,0,10,0,0,9,0,0,6,0,0,13,0,0,9,0,0,12,0,0,1,0,0,1,0,0,1,0,0,1,0,0,6,0,0,7,0,0
201404EG14004,-2.542184,53.835776,1,1,2,4,7.9,6,6,60,0,0,0,0,0,1,1,2,0,0,2,9,0,0,16,0,0,10,0,0,9,0,0,2,0,0,13,0,0,8,0,0,4,0,0,1,0,0,1,0,0,2,0,0,1,0,0,4,0,0,11,0,0
201404EG14014,-2.444159,53.808846,1,1,1,6,8.50,3,1,30,1,4,6,0,0,1,1,2,0,0,2,9,0,0,18,0,0,10,0,0,3,0,0,6,0,0,13,0,0,9,0,0,12,0,0,1,0,0,1,0,0,3,0,0,2,0,0,6,0,0,6,0,0
201404EG14017,-2.220597,53.833545,1,2,2,2,8.26,3,6,30,6,2,6,0,0,1,2,2,0,0,1,9,9,0,9,18,0,10,2,0,1,2,0,6,6,0,13,13,0,9,9,0,12,12,0,1,1,0,1,1,0,6,6,0,1,1,0,10,5,0,5,7,0
201404EG14019,-2.219567,53.851532,1,2,1,5,12.33,6,6,30,8,4,6,0,0,1,1,1,0,0,1,9,3,0,5,18,0,10,10,0,1,8,0,6,6,0,13,13,0,9,9,0,12,12,0,1,1,0,1,1,0,6,6,0,2,1,0,7,5,0,1,4,0
201404EG14037,-2.285698,53.925831,1,1,2,2,0.30,3,6,50,0,0,0,0,0,6,2,2,0,0,2,9,0,0,16,0,0,10,0,0,9,0,0,2,0,0,13,0,0,1,0,0,4,0,0,1,0,0,1,0,0,6,0,0,1,0,0,5,0,0,9,0,0
201404EG14039,-2.343933,53.80549,1,2,3,4,13.52,3,6,30,6,4,6,0,0,1,1,2,0,0,2,19,9,0,18,4,0,10,10,0,1,1,0,6,6,0,13,13,0,9,9,0,12,12,0,1,2,0,1,1,0,1,6,0,1,1,0,4,11,0,8,6,0
201404EG14056,-2.119779,53.876264,1,2,2,3,12.5,6,6,60,0,0,0,0,0,1,1,2,0,0,2,9,19,0,18,18,0,10,10,0,9,9,0,1,6,0,13,13,0,8,1,0,10,10,0,3,3,0,1,1,0,1,1,0,2,1,0,5,7,0,2,4,0
201404EL14006,-2.423721,53.77445,1,1,1,3,17.0,4,6,50,3,4,6,0,0,4,5,2,0,0,2,9,0,0,9,0,0,10,0,0,5,0,0,6,0,0,13,0,0,9,0,0,12,0,0,4,0,0,1,0,0,2,0,0,2,0,0,5,0,0,8,0,0
201404EL14021,-2.383139,53.77527,1,1,1,1,8.29,3,6,60,0,0,0,0,0,1,1,2,0,0,1,9,0,0,18,0,0,10,0,0,9,0,0,6,0,0,13,0,0,9,0,0,12,0,0,1,0,0,1,0,0,6,0,0,1,0,0,9,0,0,3,0,0
201404EL14045,-2.402504,53.789938,1,1,1,3,8.51,4,6,30,3,4,6,0,0,1,1,2,0,0,1,3,0,0,4,0,0,10,0,0,1,0,0,6,0,0,13,0,0,9,0,0,12,0,0,5,0,0,1,0,0,6,0,0,1,0,0,8,0,0,3,0,0
201404EL14051,-2.436508,53.77986,1,1,1,5,10.9,6,6,40,0,0,0,0,0,1,1,1,0,0,2,4,0,0,16,0,0,10,0,0,9,0,0,6,0,0,13,0,0,1,0,0,9,0,0,1,0,0,1,0,0,6,0,0,1,0,0,10,0,0,18,0,0
201404EL14057,-2.374581,53.754821,1,1,1,2,10.34,6,6,30,3,4,6,0,0,1,1,1,0,0,1,19,0,0,1,0,0,10,0,0,8,0,0,6,0,0,13,0,0,9,0,0,12,0,0,2,0,0,1,0,0,1,0,0,1,0,0,7,0,0,10,0,0
201404EL14059,-2.371799,53.748934,1,1,1,6,17.0,6,6,20,0,0,0,0,0,1,1,1,0,0,1,9,0,0,18,0,0,10,0,0,9,0,0,6,0,0,13,0,0,9,0,0,12,0,0,4,0,0,1,0,0,6,0,0,1,0,0,10,0,0,7,0,0
201404EL14073,-2.419322,53.769989,1,1,1,2,15.58,4,6,30,0,0,0,0,0,1,1,1,0,0,2,9,0,0,18,0,0,10,0,0,9,0,0,6,0,0,13,0,0,9,0,0,12,0,0,1,0,0,1,0,0,1,0,0,1,0,0,9,0,0,3,0,0
201404EL14076,-2.384021,53.778808,1,1,1,2,15.35,3,6,30,6,2,6,0,5,1,1,1,0,0,1,21,0,0,18,0,0,10,0,0,2,0,0,6,0,0,13,0,0,9,0,0,12,0,0,1,0,0,1,0,0,1,0,0,1,0,0,9,0,0,9,0,0
201404EL14077,-2.373728,53.740784,1,2,3,3,17.39,6,6,50,0,0,0,0,0,1,1,1,0,0,1,9,9,0,18,18,0,10,10,0,9,9,0,6,6,0,13,13,0,9,9,0,12,12,0,1,3,0,1,1,0,6,6,0,2,1,0,5,6,0,3,9,0
201404EL14087,-2.367111,53.755671,1,1,1,7,17.18,6,6,30,1,4,3,0,1,1,1,1,0,0,1,5,0,0,4,0,0,10,0,0,1,0,0,1,0,0,13,0,0,9,0,0,12,0,0,5,0,0,1,0,0,6,0,0,1,0,0,8,0,0,17,0,0
201404EL14089,-2.364748,53.747239,1,1,1,6,15.20,6,2,30,9,4,6,0,0,1,1,1,0,0,1,9,0,0,18,0,0,10,0,0,1,0,0,6,0,0,13,0,0,9,0,0,12,0,0,3,0,0,1,0,0,6,0,0,1,0,0,6,0,0,11,0,0
201404EL14109,-2.415357,53.80334,1,2,2,2,20.10,6,6,60,0,0,0,0,0,1,1,1,0,0,2,9,9,0,16,17,0,10,10,0,9,9,0,6,6,0,13,13,0,9,9,0,12,12,0,1,1,0,1,1,0,6,6,0,1,1,0,5,4,0,3,12,0
201404EL14123,-2.364951,53.751508,1,1,1,7,0.50,6,6,20,6,4,6,0,1,4,1,1,0,0,1,9,0,0,18,0,0,10,0,0,1,0,0,6,0,0,13,0,0,9,0,0,12,0,0,1,0,0,1,0,0,1,0,0,1,0,0,5,0,0,1,0,0
201404EN14003,-2.556843,53.826244,1,2,2,5,19.30,4,6,60,3,4,6,0,0,5,1,2,0,0,2,9,9,0,16,16,0,10,10,0,1,1,0,1,1,0,13,13,0,2,9,0,2,12,0,1,1,0,1,1,0,6,6,0,1,1,0,5,4,0,7,11,0
201404EN14008,-2.280944,53.929941,1,3,2,6,13.32,3,6,60,0,0,0,0,0,1,1,2,0,0,2,9,19,9,18,18,18,10,10,10,9,9,9,6,5,1,13,13,13,9,7,1,12,12,12,5,1,3,1,1,1,6,1,6,1,1,1,6,6,8,4,7,1
201404EN14012,-2.346513,53.900999,1,1,1,6,18.55,6,6,60,0,0,0,0,0,6,1,2,0,0,2,9,0,0,17,0,0,10,0,0,9,0,0,6,0,0,13,0,0,1,0,0,4,0,0,1,0,0,1,0,0,6,0,0,1,0,0,10,0,0,1,0,0
201404EN14014,-2.509508,53.800308,1,1,1,4,18.45,4,6,30,0,0,0,0,0,6,1,1,0,1,2,3,0,0,18,0,0,10,0,0,9,0,0,6,0,0,11,0,0,9,0,0,12,0,0,1,0,0,1,0,0,2,0,0,1,0,0,9,0,0,6,0,0
201404EN14024,-2.438896,53.851604,1,2,2,5,15.0,4,6,60,3,4,6,0,0,1,1,1,0,0,2,9,9,0,16,17,0,10,10,0,1,1,0,1,6,0,13,13,0,9,9,0,12,12,0,3,3,0,1,1,0,6,6,0,1,1,0,5,9,0,2,6,0
201404EN14025,-2.607684,53.839309,1,1,1,7,20.30,6,6,60,0,0,0,0,0,6,1,1,0,0,2,9,0,0,18,0,0,10,0,0,9,0,0,6,0,0,13,0,0,1,0,0,12,0,0,3,0,0,1,0,0,6,0,0,1,0,0,7,0,0,22,0,0
201404EN14029,-2.526862,53.785771,1,4,9,7,14.22,3,6,60,0,0,0,0,0,1,1,1,0,0,2,9,9,9,18,4,3,10,10,10,9,9,9,6,6,6,13,13,13,9,9,9,12,12,12,1,2,2,1,1,1,6,6,6,2,1,1,11,7,6,3,9,7