Accident_Index,Longitude,Latitude,SV,Number_of_Vehicles,Number_of_Casualties,Day_of_Week,Time,1st_Road_Class,Road_Type,Speed_limit,Junction_Detail,Junction_Control,2nd_Road_Class,Pedestrian_Crossing-Human_Control,Pedestrian_Crossing-Physical_Facilities,Light_Conditions,Weather_Conditions,Road_Surface_Conditions,Special_Conditions_at_Site,Carriageway_Hazards,Urban_or_Rural_Area,Vehicle1_Type,Vehicle2_Type,Vehicle3_Type,Vehicle1_Manoeuvre,Vehicle2_Manoeuvre,Vehicle3_Manoeuvre,Vehicle1_Location-Restricted_Lane,Vehicle2_Location-Restricted_Lane,Vehicle3_Location-Restricted_Lane,Junction1_Location,Junction2_Location,Junction3_Location,Skidding1_and_Overturning,Skidding2_and_Overturning,Skidding3_and_Overturning,Hit_Object_in_Carriageway1,Hit_Object_in_Carriageway2,Hit_Object_in_Carriageway3,Vehicle1_Leaving_Carriageway,Vehicle2_Leaving_Carriageway,Vehicle3_Leaving_Carriageway,Hit_Object_off_Carriageway1,Hit_Object_off_Carriageway2,Hit_Object_off_Carriageway3,1st_Point_of_Impact1,1st_Point_of_Impact2,1st_Point_of_Impact3,Was_Vehicle 1_Left_Hand_Drive?,Was_Vehicle2_Left_Hand_Drive?,Was_Vehicle 3_Left_Hand_Drive?,Journey_Purpose_of_Driver1,Journey_Purpose_of_Driver2,Journey_Purpose_of_Driver3,Sex_of_Driver1,Sex_of_Driver2,Sex_of_Driver3,Age_Band_of_Driver1,Age_Band_of_Driver2,Age_Band_of_Driver3,Age_of_Vehicle1,Age_of_Vehicle2,Age_of_Vehicle3
201404SA14165,-2.67317,53.745445,1,2,2,7,12.25,4,6,30,0,0,0,0,0,1,1,1,0,0,1,9,9,0,18,16,0,10,10,0,9,9,0,6,6,0,13,13,0,9,9,0,12,12,0,1,1,0,1,1,0,6,2,0,2,1,0,8,7,0,9,14,0
201404SA14185,-2.730919,53.770301,1,2,1,3,12.37,3,3,30,0,0,0,0,4,1,4,2,0,0,1,21,3,0,14,18,0,10,10,0,9,9,0,6,1,0,13,13,0,9,9,0,12,12,0,3,3,0,1,1,0,1,6,0,1,1,0,9,5,0,6,2,0
201404SB14001,-2.775223,53.540229,1,1,1,6,6.10,6,6,40,0,0,0,0,0,4,1,1,0,0,2,9,0,0,18,0,0,10,0,0,9,0,0,6,0,0,13,0,0,9,0,0,12,0,0,4,0,0,1,0,0,1,0,0,1,0,0,6,0,0,5,0,0
201404SB14003,-2.832046,53.544495,1,1,1,2,21.30,4,6,60,0,0,0,0,0,6,2,2,0,0,2,9,0,0,16,0,0,10,0,0,9,0,0,1,0,0,10,0,0,1,0,0,4,0,0,3,0,0,1,0,0,6,0,0,1,0,0,6,0,0,8,0,0
201404SB14004,-2.961295,53.62918,1,1,1,5,17.45,6,6,30,0,0,0,0,0,1,1,1,0,0,1,3,0,0,17,0,0,10,0,0,9,0,0,6,0,0,13,0,0,1,0,0,10,0,0,4,0,0,1,0,0,6,0,0,1,0,0,5,0,0,4,0,0
201404SB14007,-2.775074,53.546127,1,2,2,7,8.35,6,1,30,1,4,4,0,0,1,1,2,0,0,2,9,9,0,18,18,0,10,10,0,4,8,0,1,6,0,13,13,0,9,9,0,12,12,0,1,4,0,1,1,0,6,2,0,1,1,0,5,7,0,11,5,0
201404SB14028,-2.770509,53.568125,1,1,3,1,22.50,6,6,40,0,0,0,0,0,6,1,2,0,0,2,9,0,0,16,0,0,10,0,0,9,0,0,2,0,0,10,0,0,7,0,0,3,0,0,1,0,0,1,0,0,6,0,0,1,0,0,4,0,0,6,0,0
201404SB14038,-2.764632,53.567147,1,1,1,7,12.26,6,6,60,0,0,0,0,0,1,1,2,7,0,2,9,0,0,18,0,0,10,0,0,9,0,0,6,0,0,13,0,0,1,0,0,4,0,0,1,0,0,1,0,0,2,0,0,2,0,0,7,0,0,6,0,0
201404SB14040,-2.893403,53.56283,1,1,1,1,16.35,6,2,30,3,4,6,0,0,4,4,1,0,0,1,9,0,0,5,0,0,10,0,0,1,0,0,6,0,0,13,0,0,9,0,0,12,0,0,1,0,0,1,0,0,6,0,0,2,0,0,7,0,0,1,0,0
201404SB14060,-2.811458,53.586928,1,1,1,1,14.25,3,6,60,0,0,0,0,0,1,1,2,0,0,2,9,0,0,17,0,0,10,0,0,9,0,0,5,0,0,13,0,0,8,0,0,10,0,0,1,0,0,1,0,0,6,0,0,2,0,0,6,0,0,12,0,0
201404SB14061,-2.77702,53.552667,1,1,1,4,18.20,6,6,30,1,4,6,0,0,4,1,1,0,0,1,9,0,0,18,0,0,10,0,0,1,0,0,6,0,0,13,0,0,9,0,0,12,0,0,1,0,0,1,0,0,6,0,0,1,0,0,6,0,0,6,0,0
201404SC14002,-2.62649,53.649117,1,2,1,6,7.50,3,3,30,1,4,6,0,0,1,1,1,0,0,1,20,5,0,9,18,0,10,10,0,8,8,0,6,1,0,13,7,0,9,4,0,12,12,0,3,4,0,1,1,0,6,2,0,1,1,0,9,7,0,3,17,0
201404SC14009,-2.694167,53.69828,1,1,1,7,9.15,4,6,30,3,2,6,0,4,1,1,1,0,0,1,9,0,0,18,0,0,10,0,0,2,0,0,6,0,0,10,0,0,9,0,0,1,0,0,1,0,0,1,0,0,6,0,0,2,0,0,6,0,0,4,0,0
201404SC14012,-2.58431,53.7278,1,1,1,7,22.30,3,6,50,0,0,0,0,0,6,4,1,0,0,2,5,0,0,17,0,0,10,0,0,9,0,0,2,0,0,13,0,0,1,0,0,10,0,0,4,0,0,1,0,0,6,0,0,1,0,0,6,0,0,15,0,0
201404SC14015,-2.685182,53.700866,1,2,1,6,8.13,4,6,30,0,0,0,0,0,1,1,2,0,0,1,3,11,0,18,18,0,10,10,0,9,9,0,1,6,0,4,13,0,9,9,0,12,12,0,1,2,0,1,1,0,1,1,0,1,1,0,5,7,0,1,5,0
201404SC14018,-2.713772,53.714685,1,2,4,3,10.52,3,6,60,0,0,0,0,0,1,1,1,0,0,2,9,9,0,6,17,0,8,10,0,9,9,0,6,1,0,13,13,0,9,9,0,12,12,0,1,1,0,1,1,0,6,2,0,1,1,0,6,9,0,3,7,0
201404SC14021,-2.634685,53.692147,1,2,2,7,9.20,6,6,30,3,4,6,0,0,1,1,1,0,0,1,9,3,0,5,18,0,10,10,0,2,1,0,6,2,0,13,13,0,9,9,0,12,12,0,1,1,0,1,1,0,6,6,0,2,1,0,6,4,0,5,7,0
201404SC14022,-2.683179,53.71285,1,1,1,3,13.5,3,6,30,3,4,6,0,0,1,5,2,0,0,2,9,0,0,18,0,0,10,0,0,2,0,0,6,0,0,13,0,0,9,0,0,12,0,0,1,0,0,1,0,0,1,0,0,1,0,0,10,0,0,8,0,0
201404SC14051,-2.625655,53.662191,1,2,1,3,17.15,6,6,30,7,4,6,0,0,4,1,1,0,0,1,8,9,0,5,18,0,10,10,0,6,1,0,6,6,0,13,13,0,9,9,0,10,12,0,4,1,0,1,1,0,1,2,0,1,1,0,7,5,0,11,10,0
201404SC14056,-2.638457,53.695165,1,1,1,5,17.20,3,6,40,3,4,6,0,0,4,1,1,0,0,1,9,0,0,9,0,0,10,0,0,1,0,0,6,0,0,13,0,0,9,0,0,12,0,0,3,0,0,1,0,0,6,0,0,2,0,0,7,0,0,9,0,0
201404SC14060,-2.525201,53.687904,1,2,2,5,15.15,3,6,50,0,0,0,0,0,1,1,1,0,0,2,9,9,0,18,18,0,10,10,0,9,9,0,6,6,0,13,13,0,9,9,0,12,12,0,1,1,0,1,1,0,6,6,0,2,1,0,8,8,0,2,3,0
201404SC14062,-2.673144,53.722021,1,1,1,5,6.30,3,3,70,1,2,3,0,5,4,1,2,0,0,2,9,0,0,18,0,0,10,0,0,4,0,0,6,0,0,13,0,0,9,0,0,12,0,0,1,0,0,1,0,0,2,0,0,1,0,0,8,0,0,7,0,0
201404SC14066,-2.684082,53.703128,1,1,1,7,16.22,4,6,30,3,4,6,0,0,4,1,1,0,0,1,3,0,0,18,0,0,10,0,0,2,0,0,6,0,0,13,0,0,9,0,0,12,0,0,3,0,0,1,0,0,2,0,0,1,0,0,5,0,0,8,0,0
201404SC14069,-2.579,53.634723,1,1,1,1,7.46,6,6,60,0,0,0,0,0,1,1,2,0,0,2,5,0,0,16,0,0,10,0,0,9,0,0,6,0,0,10,0,0,8,0,0,10,0,0,3,0,0,1,0,0,2,0,0,1,0,0,6,0,0,13,0,0
201404SC14070,-2.814683,53.648578,1,2,1,1,12.30,3,6,50,8,4,3,0,0,1,1,1,0,0,2,5,9,0,16,18,0,10,10,0,1,1,0,6,6,0,13,13,0,9,9,0,12,12,0,1,1,0,1,1,0,6,6,0,1,2,0,9,10,0,9,4,0
201404SC14082,-2.737315,53.663344,1,1,1,2,8.20,3,6,30,0,0,0,0,0,1,2,2,0,0,2,9,0,0,18,0,0,10,0,0,9,0,0,6,0,0,13,0,0,9,0,0,12,0,0,1,0,0,1,0,0,2,0,0,2,0,0,8,0,0,4,0,0
201404SC14090,-2.696676,53.675003,1,1,3,1,21.5,6,6,60,0,0,0,0,0,6,1,2,0,0,2,19,0,0,16,0,0,10,0,0,9,0,0,6,0,0,13,0,0,7,0,0,4,0,0,1,0,0,1,0,0,6,0,0,1,0,0,6,0,0,8,0,0
201404SC14097,-2.637221,53.653429,1,1,1,4,17.5,3,6,30,0,0,0,0,1,4,2,2,0,0,1,9,0,0,18,0,0,10,0,0,9,0,0,6,0,0,13,0,0,9,0,0,12,0,0,1,0,0,1,0,0,2,0,0,2,0,0,8,0,0,11,0,0
201404SC14108,-2.694141,53.683817,1,2,1,3,12.45,6,6,30,9,4,6,0,0,1,1,2,0,0,1,3,9,0,18,10,0,10,10,0,1,1,0,6,6,0,13,13,0,9,9,0,12,12,0,1,2,0,1,1,0,6,6,0,1,1,0,4,4,0,19,6,0
201404TA14004,-2.636503,53.766435,1,1,1,2,22.53,1,7,70,0,0,0,0,0,4,1,2,0,0,2,3,0,0,18,0,0,10,0,0,9,0,0,1,0,0,13,0,0,9,0,0,12,0,0,3,0,0,1,0,0,2,0,0,1,0,0,8,0,0,2,0,0
201404TA14009,-2.758195,53.923985,1,1,2,2,14.13,1,3,70,0,0,0,0,0,1,1,2,0,0,2,9,0,0,18,0,0,10,0,0,9,0,0,6,0,0,13,0,0,1,0,0,4,0,0,1,0,0,1,0,0,6,0,0,1,0,0,11,0,0,6,0,0
201404TA14019,-2.339212,53.779321,1,2,2,1,20.22,1,3,70,0,0,0,0,0,6,8,4,0,0,2,9,9,0,18,18,0,10,10,0,9,9,0,1,6,0,13,13,0,5,9,0,6,12,0,1,1,0,1,1,0,6,6,0,2,2,0,5,10,0,6,5,0
201404TA14020,-2.761945,54.112144,1,1,1,3,14.22,1,3,70,0,0,0,0,0,1,1,1,0,0,2,9,0,0,4,0,0,7,0,0,9,0,0,6,0,0,13,0,0,1,0,0,7,0,0,4,0,0,1,0,0,6,0,0,1,0,0,10,0,0,2,0,0
201404TA14044,-2.592423,53.633156,1,2,1,3,14.0,1,3,70,0,0,0,0,0,1,1,1,0,0,2,9,19,0,18,2,0,10,10,0,9,9,0,6,6,0,13,13,0,9,9,0,12,12,0,1,2,0,1,1,0,6,1,0,1,1,0,10,6,0,8,9,0
201404TA14048,-2.244768,53.824851,1,2,1,5,23.24,1,3,70,0,0,0,0,0,4,1,1,0,0,2,9,9,0,18,18,0,10,10,0,9,9,0,6,6,0,13,13,0,9,2,0,12,6,0,1,2,0,1,1,0,6,6,0,1,1,0,6,7,0,12,10,0
201404TA14051,-2.693691,53.594653,1,2,1,6,13.35,1,3,70,0,0,0,0,0,1,4,1,0,0,2,9,9,0,12,18,0,10,10,0,9,9,0,1,1,0,13,13,0,2,9,0,12,12,0,3,1,0,1,1,0,6,2,0,1,1,0,8,8,0,12,9,0
201404TA14066,-2.692532,53.644798,1,2,2,5,5.26,1,3,70,0,0,0,0,0,1,1,1,0,2,2,9,9,0,18,18,0,10,10,0,9,9,0,2,6,0,7,11,0,9,9,0,12,12,0,3,1,0,1,1,0,6,6,0,2,1,0,5,9,0,3,3,0
201404TA14067,-2.391647,53.765032,1,1,1,2,19.58,1,3,70,1,4,3,0,0,4,1,1,0,0,2,4,0,0,17,0,0,10,0,0,3,0,0,1,0,0,13,0,0,9,0,0,12,0,0,3,0,0,1,0,0,1,0,0,1,0,0,5,0,0,17,0,0
201404TA14079,-2.766761,54.085491,1,2,1,1,11.33,1,3,70,0,0,0,0,0,1,1,1,0,0,2,9,5,0,13,18,0,10,10,0,9,9,0,1,1,0,13,13,0,1,1,0,7,7,0,4,3,0,1,1,0,6,6,0,2,2,0,6,8,0,6,7,0
201404TA14091,-2.781509,54.011164,1,1,1,1,10.10,1,3,70,0,0,0,0,0,1,1,1,0,0,2,5,0,0,18,0,0,10,0,0,9,0,0,6,0,0,13,0,0,1,0,0,12,0,0,1,0,0,1,0,0,6,0,0,1,0,0,9,0,0,29,0,0
201404TA14093,-2.748309,53.532913,1,1,1,2,14.25,1,3,70,0,0,0,0,0,1,5,2,0,0,2,5,0,0,16,0,0,10,0,0,9,0,0,2,0,0,13,0,0,1,0,0,12,0,0,3,0,0,1,0,0,6,0,0,1,0,0,7,0,0,14,0,0
201404TA14099,-2.69582,53.804837,1,3,4,3,11.2,1,3,50,9,4,1,0,0,1,1,1,4,2,2,9,9,9,16,16,16,10,10,10,1,1,1,6,6,6,13,13,13,9,9,9,12,12,12,1,2,2,1,1,1,6,6,6,1,1,1,11,7,11,10,4,2
201404TA14111,-2.624606,53.691553,1,2,3,2,5.52,1,3,70,0,0,0,0,0,1,1,1,0,0,2,9,9,0,11,18,0,10,10,0,9,9,0,1,2,0,13,13,0,9,1,0,12,10,0,1,2,0,1,1,0,2,2,0,1,1,0,5,5,0,8,22,0
201404TA14137,-2.778071,53.983943,1,1,1,1,17.0,1,3,70,5,4,1,0,0,1,1,1,5,0,2,5,0,0,16,0,0,10,0,0,8,0,0,1,0,0,13,0,0,4,0,0,12,0,0,4,0,0,1,0,0,6,0,0,1,0,0,7,0,0,7,0,0
201404TA14138,-2.270954,53.78886,1,3,1,4,8.24,1,3,70,0,0,0,0,0,1,1,1,0,0,1,9,9,9,18,4,18,10,10,10,9,9,9,1,6,6,13,13,13,9,9,9,12,12,12,1,2,4,1,1,1,2,2,2,1,2,1,8,6,7,4,2,4
201404WA14003,-2.9985,53.748408,1,1,2,3,14.15,6,6,30,0,0,0,0,0,1,1,1,0,0,1,9,0,0,18,0,0,10,0,0,9,0,0,6,0,0,13,0,0,9,0,0,12,0,0,1,0,0,1,0,0,6,0,0,1,0,0,9,0,0,8,0,0
201404WA14028,-2.985335,53.793037,1,2,1,6,16.50,3,3,40,1,4,6,0,0,1,1,2,0,0,2,9,9,0,18,3,0,10,10,0,1,1,0,6,6,0,13,13,0,9,9,0,12,12,0,1,2,0,1,1,0,6,2,0,2,1,0,9,8,0,3,8,0
201404WA14043,-2.869784,53.771307,1,1,1,5,9.10,6,6,30,3,4,5,0,0,1,1,2,0,7,1,3,0,0,18,0,0,10,0,0,2,0,0,2,0,0,13,0,0,7,0,0,12,0,0,4,0,0,1,0,0,6,0,0,1,0,0,7,0,0,1,0,0
201404WA14062,-2.893293,53.750146,1,2,1,5,17.34,3,6,30,6,2,6,0,0,4,1,2,0,0,2,9,5,0,9,18,0,10,10,0,8,8,0,6,2,0,13,13,0,9,9,0,12,12,0,4,1,0,1,1,0,2,2,0,1,1,0,8,7,0,5,1,0
201404WA14067,-3.016589,53.836191,1,2,1,2,15.15,4,6,30,3,4,6,0,0,1,1,1,0,0,1,9,9,0,18,9,0,10,10,0,1,5,0,6,6,0,13,13,0,9,9,0,12,12,0,1,2,0,1,1,0,6,6,0,1,2,0,5,8,0,1,3,0
201404WA14070,-3.03196,53.751135,1,1,1,7,10.19,6,6,30,0,0,0,0,1,1,1,1,0,0,1,11,0,0,5,0,0,10,0,0,9,0,0,6,0,0,13,0,0,9,0,0,12,0,0,5,0,0,1,0,0,6,0,0,1,0,0,8,0,0,8,0,0
201404WA14084,-3.012179,53.753488,1,1,1,6,8.20,6,6,30,0,0,0,0,0,1,1,2,0,0,1,9,0,0,18,0,0,10,0,0,9,0,0,6,0,0,13,0,0,9,0,0,12,0,0,1,0,0,1,0,0,3,0,0,1,0,0,6,0,0,7,0,0
201404WA14085,-2.967966,53.794284,1,1,1,6,20.45,1,3,70,0,0,0,0,0,6,1,1,0,0,2,9,0,0,18,0,0,10,0,0,9,0,0,1,0,0,13,0,0,1,0,0,10,0,0,1,0,0,1,0,0,6,0,0,1,0,0,9,0,0,4,0,0
201404WA14086,-3.017382,53.793668,1,4,1,6,12.40,6,6,30,3,4,6,0,0,1,1,2,0,0,1,9,9,9,9,18,2,10,10,10,6,1,2,6,6,6,13,13,13,9,9,9,12,12,12,1,3,1,1,1,1,1,6,6,1,1,2,8,6,8,3,13,5
201404WA14097,-2.986429,53.794376,1,1,1,4,13.30,3,1,50,1,4,3,0,0,1,1,2,0,0,2,9,0,0,17,0,0,10,0,0,8,0,0,1,0,0,10,0,0,1,0,0,4,0,0,1,0,0,1,0,0,6,0,0,2,0,0,4,0,0,10,0,0
201404WA14098,-2.952859,53.804922,1,2,3,7,11.51,6,6,60,0,0,0,0,0,1,1,2,0,0,2,9,9,0,16,17,0,10,10,0,9,9,0,6,1,0,13,13,0,9,1,0,12,12,0,1,1,0,1,1,0,6,6,0,1,1,0,9,8,0,1,7,0
201404WA14109,-2.91805,53.843628,1,3,2,2,20.50,3,6,50,0,0,0,0,0,4,1,1,4,0,2,9,9,9,18,18,6,10,10,10,9,9,9,6,6,6,13,13,13,9,9,9,12,12,12,1,2,5,1,1,1,1,6,6,2,1,1,6,9,9,11,12,5
201404WA14117,-2.881717,53.784675,1,1,1,3,1.8,4,6,20,0,0,0,0,0,4,1,1,0,0,1,9,0,0,17,0,0,10,0,0,9,0,0,1,0,0,13,0,0,2,0,0,2,0,0,1,0,0,1,0,0,6,0,0,1,0,0,5,0,0,8,0,0
201404WB14001,-2.860457,54.071438,1,1,1,4,17.44,4,6,30,0,0,0,0,8,1,1,1,0,0,1,9,0,0,18,0,0,10,0,0,9,0,0,6,0,0,13,0,0,9,0,0,12,0,0,1,0,0,1,0,0,6,0,0,1,0,0,8,0,0,12,0,0
201404WB14008,-2.769636,54.081383,1,2,2,4,19.24,1,3,70,0,0,0,0,0,6,2,2,0,0,2,9,9,0,18,18,0,10,10,0,9,9,0,6,6,0,13,13,0,2,9,0,12,12,0,1,1,0,1,1,0,6,6,0,1,1,0,10,7,0,13,1,0
201404WB14017,-2.777939,54.048865,1,1,1,2,4.1,6,6,30,1,4,6,0,0,1,1,1,0,0,2,9,0,0,17,0,0,10,0,0,1,0,0,1,0,0,10,0,0,2,0,0,10,0,0,1,0,0,1,0,0,6,0,0,1,0,0,5,0,0,10,0,0
201404WB14019,-2.797273,54.060648,1,1,1,7,16.43,6,6,30,3,4,6,0,0,1,1,1,0,0,1,9,0,0,18,0,0,10,0,0,8,0,0,1,0,0,13,0,0,9,0,0,12,0,0,1,0,0,1,0,0,6,0,0,2,0,0,6,0,0,12,0,0
201404WB14049,-2.766227,53.875289,1,2,2,7,17.40,3,6,50,3,4,6,0,0,4,1,1,0,0,2,9,9,0,18,4,0,10,10,0,1,5,0,6,6,0,13,13,0,9,1,0,12,12,0,1,2,0,1,1,0,6,6,0,1,2,0,6,8,0,13,1,0
201404WB14053,-2.78117,53.908297,1,2,1,3,4.27,3,6,30,6,2,4,0,0,4,1,2,0,0,2,3,19,0,9,18,0,10,10,0,6,8,0,6,6,0,13,13,0,7,9,0,12,12,0,1,4,0,1,1,0,6,2,0,1,1,0,5,6,0,1,12,0
201404WB14054,-2.800507,54.038965,1,2,1,2,15.22,3,6,30,3,4,6,0,4,6,1,1,0,0,1,2,9,0,14,10,0,10,10,0,1,6,0,1,6,0,13,13,0,9,9,0,12,12,0,1,1,0,1,1,0,6,6,0,1,2,0,9,8,0,11,1,0
201404WB14066,-2.821489,53.96149,1,2,1,4,15.25,3,6,60,0,0,0,0,0,1,1,1,0,0,2,9,21,0,6,13,0,10,10,0,9,9,0,6,1,0,13,13,0,7,7,0,12,12,0,3,4,0,1,1,0,6,1,0,2,1,0,9,7,0,7,27,0
201404WB14069,-2.826362,54.058312,1,2,1,2,8.47,4,6,30,3,4,6,0,0,1,1,1,0,0,1,19,3,0,9,18,0,10,10,0,5,1,0,6,6,0,13,13,0,9,9,0,12,12,0,3,4,0,1,1,0,2,2,0,1,1,0,9,6,0,13,1,0
201404WB14070,-2.794627,54.051722,1,1,1,5,7.50,6,2,20,0,0,0,0,0,1,2,2,0,0,1,5,0,0,18,0,0,10,0,0,9,0,0,1,0,0,13,0,0,9,0,0,12,0,0,3,0,0,1,0,0,2,0,0,1,0,0,7,0,0,15,0,0
201404WB14075,-2.766908,54.08514,1,2,2,4,21.35,1,3,70,0,0,0,0,0,6,1,1,0,0,2,19,9,0,18,18,0,10,10,0,9,9,0,1,2,0,13,13,0,9,1,0,12,4,0,1,2,0,1,1,0,2,6,0,1,2,0,7,4,0,1,11,0
201404WB14077,-2.867186,54.059948,1,1,1,5,9.5,6,6,30,0,0,0,0,4,1,1,1,0,0,1,9,0,0,4,0,0,10,0,0,9,0,0,6,0,0,13,0,0,9,0,0,12,0,0,1,0,0,1,0,0,6,0,0,1,0,0,8,0,0,9,0,0
201404WB14084,-2.749728,54.145476,1,2,1,4,13.16,3,3,50,0,0,0,0,0,1,1,2,0,0,2,5,9,0,13,9,0,10,10,0,9,9,0,6,6,0,13,13,0,8,9,0,12,12,0,4,3,0,1,1,0,2,6,0,1,1,0,8,6,0,13,9,0
201404WB14109,-2.78249,54.016299,1,1,1,7,5.31,1,3,70,0,0,0,0,0,6,1,1,0,0,2,21,0,0,18,0,0,10,0,0,9,0,0,2,0,0,13,0,0,2,0,0,1,0,0,1,0,0,1,0,0,1,0,0,1,0,0,9,0,0,6,0,0
201404WB14130,-2.673764,54.121011,1,1,2,7,20.15,6,6,60,0,0,0,0,0,6,1,1,0,0,2,9,0,0,18,0,0,10,0,0,9,0,0,1,0,0,13,0,0,1,0,0,10,0,0,3,0,0,1,0,0,6,0,0,1,0,0,4,0,0,11,0,0
201404WD14028,-3.038491,53.876254,1,4,2,1,19.30,6,6,30,0,0,0,0,0,4,5,2,0,0,1,9,9,9,5,18,4,10,10,10,9,9,9,6,6,6,13,13,13,7,1,7,10,12,10,1,3,1,1,1,1,6,6,6,1,1,1,9,5,7,15,11,11
201404WD14042,-3.008808,53.85453,1,1,1,1,20.14,6,6,30,9,4,6,0,0,4,1,2,0,0,1,5,0,0,18,0,0,10,0,0,2,0,0,5,0,0,13,0,0,9,0,0,12,0,0,3,0,0,1,0,0,6,0,0,1,0,0,7,0,0,18,0,0
201404WD14066,-3.024834,53.856435,1,1,1,7,22.20,6,6,30,0,0,0,0,1,4,2,2,0,0,1,9,0,0,18,0,0,10,0,0,9,0,0,1,0,0,13,0,0,7,0,0,10,0,0,1,0,0,1,0,0,6,0,0,1,0,0,4,0,0,15,0,0
2.01405E+12,-2.826633,53.399784,1,1,1,3,15.47,3,6,30,3,4,6,0,0,1,4,2,0,0,1,9,0,0,18,0,0,10,0,0,1,0,0,6,0,0,13,0,0,9,0,0,12,0,0,1,0,0,1,0,0,2,0,0,1,0,0,8,0,0,14,0,0
2.01405E+12,-3.000296,53.649058,1,2,3,4,17.40,6,6,30,6,4,6,0,4,1,1,1,0,0,1,9,9,0,5,18,0,10,10,0,8,8,0,6,6,0,13,13,0,9,9,0,12,12,0,3,1,0,1,1,0,4,6,0,2,1,0,7,11,0,6,7,0
2.01405E+12,-3.027531,53.387976,1,1,1,7,13.49,6,2,30,0,0,0,0,0,1,1,1,0,0,1,9,0,0,18,0,0,10,0,0,9,0,0,6,0,0,13,0,0,9,0,0,12,0,0,3,0,0,1,0,0,6,0,0,1,0,0,5,0,0,2,0,0
2.01405E+12,-3.112907,53.353879,1,1,1,3,18.0,6,6,30,0,0,0,0,0,5,2,2,0,0,2,9,0,0,18,0,0,10,0,0,9,0,0,6,0,0,13,0,0,9,0,0,12,0,0,1,0,0,1,0,0,6,0,0,1,0,0,11,0,0,10,0,0
2.01405E+12,-3.037325,53.412297,1,1,2,7,3.20,6,6,30,0,0,0,0,0,4,2,2,0,0,1,9,0,0,18,0,0,10,0,0,9,0,0,6,0,0,10,0,0,1,0,0,2,0,0,4,0,0,1,0,0,6,0,0,1,0,0,6,0,0,10,0,0
2.01405E+12,-2.999176,53.36436,1,1,1,7,13.5,3,3,50,0,0,0,0,0,1,1,1,0,0,1,5,0,0,16,0,0,10,0,0,9,0,0,6,0,0,13,0,0,4,0,0,6,0,0,1,0,0,1,0,0,6,0,0,1,0,0,6,0,0,6,0,0
2.01405E+12,-3.048732,53.415488,1,2,1,1,16.26,3,6,30,6,2,3,0,0,1,1,1,0,0,1,9,3,0,18,9,0,10,10,0,1,8,0,6,6,0,13,13,0,9,9,0,12,12,0,5,5,0,1,1,0,1,2,0,1,1,0,6,7,0,1,2,0
2.01405E+12,-2.960232,53.402874,1,1,1,1,1.20,6,6,30,0,0,0,0,0,4,2,2,0,0,1,8,0,0,18,0,0,10,0,0,9,0,0,6,0,0,13,0,0,9,0,0,12,0,0,3,0,0,1,0,0,1,0,0,1,0,0,7,0,0,8,0,0
2.01405E+12,-2.965604,53.311213,1,1,1,2,10.45,6,6,30,3,4,6,0,0,1,1,1,0,0,1,9,0,0,9,0,0,10,0,0,2,0,0,6,0,0,13,0,0,9,0,0,12,0,0,1,0,0,1,0,0,6,0,0,2,0,0,9,0,0,7,0,0
2.01405E+12,-2.80028,53.419676,1,1,1,2,9.28,6,6,30,3,4,6,0,0,1,1,1,0,0,1,5,0,0,17,0,0,10,0,0,1,0,0,1,0,0,13,0,0,9,0,0,12,0,0,4,0,0,1,0,0,6,0,0,1,0,0,6,0,0,4,0,0
2.01405E+12,-2.907551,53.459126,1,1,1,3,15.10,3,3,40,3,2,6,0,5,1,1,1,0,0,1,9,0,0,18,0,0,10,0,0,2,0,0,6,0,0,13,0,0,1,0,0,1,0,0,1,0,0,1,0,0,6,0,0,2,0,0,11,0,0,12,0,0
2.01405E+12,-2.942181,53.403495,1,1,1,3,19.54,4,3,30,3,2,6,0,0,4,2,2,0,0,1,11,0,0,18,0,0,10,0,0,8,0,0,6,0,0,13,0,0,9,0,0,12,0,0,1,0,0,1,0,0,1,0,0,1,0,0,7,0,0,3,0,0
2.01405E+12,-2.955083,53.530164,1,1,2,4,14.32,6,6,30,3,4,6,0,0,1,1,1,0,0,1,8,0,0,7,0,0,10,0,0,1,0,0,6,0,0,13,0,0,9,0,0,12,0,0,1,0,0,1,0,0,1,0,0,1,0,0,9,0,0,2,0,0
2.01405E+12,-2.97595,53.410738,1,2,4,7,2.39,3,3,30,6,2,4,0,4,4,1,1,0,0,1,8,8,0,18,18,0,10,10,0,8,8,0,6,6,0,13,13,0,9,9,0,12,12,0,1,4,0,1,1,0,1,1,0,1,1,0,7,8,0,6,7,0
2.01405E+12,-3.03542,53.479399,1,1,1,1,17.55,6,6,30,0,0,0,0,0,4,2,2,0,0,1,9,0,0,1,0,0,10,0,0,9,0,0,6,0,0,13,0,0,9,0,0,12,0,0,2,0,0,1,0,0,1,0,0,1,0,0,7,0,0,10,0,0
2.01405E+12,-2.901793,53.407735,1,1,1,2,16.26,3,3,40,0,0,0,0,0,4,1,1,0,0,1,5,0,0,11,0,0,10,0,0,9,0,0,1,0,0,10,0,0,9,0,0,12,0,0,3,0,0,1,0,0,6,0,0,1,0,0,6,0,0,8,0,0
2.01405E+12,-2.902756,53.473068,1,1,2,2,17.20,3,3,40,1,4,1,0,0,4,1,1,0,0,2,9,0,0,5,0,0,10,0,0,4,0,0,6,0,0,13,0,0,9,0,0,12,0,0,1,0,0,1,0,0,6,0,0,1,0,0,9,0,0,17,0,0