Accident_Index,Longitude,Latitude,SV,Number_of_Vehicles,Number_of_Casualties,Day_of_Week,Time,1st_Road_Class,Road_Type,Speed_limit,Junction_Detail,Junction_Control,2nd_Road_Class,Pedestrian_Crossing-Human_Control,Pedestrian_Crossing-Physical_Facilities,Light_Conditions,Weather_Conditions,Road_Surface_Conditions,Special_Conditions_at_Site,Carriageway_Hazards,Urban_or_Rural_Area,Vehicle1_Type,Vehicle2_Type,Vehicle3_Type,Vehicle1_Manoeuvre,Vehicle2_Manoeuvre,Vehicle3_Manoeuvre,Vehicle1_Location-Restricted_Lane,Vehicle2_Location-Restricted_Lane,Vehicle3_Location-Restricted_Lane,Junction1_Location,Junction2_Location,Junction3_Location,Skidding1_and_Overturning,Skidding2_and_Overturning,Skidding3_and_Overturning,Hit_Object_in_Carriageway1,Hit_Object_in_Carriageway2,Hit_Object_in_Carriageway3,Vehicle1_Leaving_Carriageway,Vehicle2_Leaving_Carriageway,Vehicle3_Leaving_Carriageway,Hit_Object_off_Carriageway1,Hit_Object_off_Carriageway2,Hit_Object_off_Carriageway3,1st_Point_of_Impact1,1st_Point_of_Impact2,1st_Point_of_Impact3,Was_Vehicle 1_Left_Hand_Drive?,Was_Vehicle2_Left_Hand_Drive?,Was_Vehicle 3_Left_Hand_Drive?,Journey_Purpose_of_Driver1,Journey_Purpose_of_Driver2,Journey_Purpose_of_Driver3,Sex_of_Driver1,Sex_of_Driver2,Sex_of_Driver3,Age_Band_of_Driver1,Age_Band_of_Driver2,Age_Band_of_Driver3,Age_of_Vehicle1,Age_of_Vehicle2,Age_of_Vehicle3
2.01405E+12,-2.967058,53.464385,1,2,1,2,19.5,6,6,30,6,4,6,0,0,4,2,2,0,0,1,9,3,0,9,18,0,10,10,0,2,8,0,6,6,0,13,13,0,9,9,0,12,12,0,1,1,0,1,1,0,6,6,0,1,2,0,8,8,0,4,1,0
2.01405E+12,-2.740289,53.459695,1,1,1,3,23.0,6,6,30,0,0,0,0,0,4,2,2,0,0,1,9,0,0,18,0,0,10,0,0,9,0,0,6,0,0,13,0,0,9,0,0,12,0,0,1,0,0,1,0,0,6,0,0,1,0,0,6,0,0,12,0,0
2.01405E+12,-2.967136,53.494992,1,3,1,4,21.27,3,3,30,0,0,0,0,0,4,1,1,0,0,1,9,9,9,18,18,18,10,10,10,9,9,9,6,6,6,13,13,13,9,9,9,12,12,12,3,3,3,1,1,1,6,6,6,2,2,1,9,9,8,6,12,5
2.01405E+12,-2.873035,53.420452,1,2,1,4,17.6,3,3,40,6,4,6,0,5,4,1,1,0,0,1,9,3,0,5,18,0,10,10,0,6,8,0,6,6,0,13,13,0,9,9,0,12,11,0,4,4,0,1,1,0,6,6,0,1,1,0,5,5,0,2,9,0
2.01405E+12,-2.945185,53.417548,1,1,1,5,16.10,6,6,30,3,4,6,0,0,4,9,1,0,0,1,9,0,0,7,0,0,10,0,0,1,0,0,6,0,0,13,0,0,9,0,0,12,0,0,5,0,0,1,0,0,6,0,0,1,0,0,8,0,0,2,0,0
2.01405E+12,-2.972279,53.435767,1,1,1,6,21.1,3,6,30,0,0,0,0,0,4,1,1,0,0,1,8,0,0,18,0,0,10,0,0,9,0,0,6,0,0,13,0,0,9,0,0,12,0,0,3,0,0,1,0,0,2,0,0,1,0,0,8,0,0,6,0,0
2.01405E+12,-2.81398,53.364121,1,2,6,7,9.51,6,6,60,3,4,6,0,0,1,1,2,0,0,2,9,9,0,9,18,0,10,10,0,6,8,0,6,6,0,13,13,0,9,9,0,12,12,0,3,1,0,1,1,0,6,6,0,1,1,0,8,8,0,6,4,0
2.01405E+12,-3.055238,53.333035,1,1,1,3,13.40,6,6,50,3,4,6,0,0,1,1,1,0,0,2,9,0,0,18,0,0,10,0,0,8,0,0,6,0,0,13,0,0,1,0,0,11,0,0,1,0,0,1,0,0,6,0,0,2,0,0,11,0,0,6,0,0
2.01405E+12,-2.985403,53.434374,1,2,3,3,19.0,3,6,30,3,4,6,0,5,4,1,1,4,0,1,9,4,0,9,18,0,10,10,0,5,1,0,6,6,0,13,13,0,9,9,0,12,12,0,4,1,0,1,1,0,6,6,0,1,1,0,11,6,0,9,16,0
2.01405E+12,-2.753398,53.450678,1,3,2,6,8.46,6,6,30,3,4,6,0,0,1,1,1,0,0,1,3,9,9,9,18,18,10,10,10,5,1,1,6,6,6,13,13,13,9,9,9,12,12,12,1,1,1,1,1,1,6,6,6,1,2,2,5,6,5,1,8,3
2.01405E+12,-3.020637,53.362506,1,1,1,7,20.55,6,6,30,0,0,0,0,0,4,1,1,0,0,1,9,0,0,18,0,0,10,0,0,9,0,0,6,0,0,13,0,0,9,0,0,12,0,0,3,0,0,1,0,0,6,0,0,2,0,0,9,0,0,4,0,0
2.01405E+12,-2.94101,53.448593,1,1,2,2,8.30,3,3,40,3,4,6,0,4,1,1,1,0,0,1,9,0,0,4,0,0,10,0,0,1,0,0,6,0,0,13,0,0,9,0,0,12,0,0,1,0,0,1,0,0,2,0,0,2,0,0,6,0,0,1,0,0
2.01405E+12,-3.109174,53.386599,1,2,2,2,12.25,3,6,40,0,0,0,0,0,1,1,1,0,0,1,9,9,0,12,18,0,10,10,0,9,9,0,6,6,0,13,13,0,9,9,0,12,12,0,1,1,0,1,1,0,6,6,0,1,2,0,11,9,0,5,4,0
2.01405E+12,-2.898974,53.40176,1,3,5,3,12.10,3,3,40,6,4,5,0,0,1,1,1,0,0,1,9,9,9,18,18,9,10,10,10,1,1,5,6,6,1,13,10,13,9,1,9,12,1,12,5,1,1,1,1,1,6,6,6,1,1,2,7,6,5,4,8,7
2.01405E+12,-2.949478,53.386672,1,1,1,3,17.30,6,6,30,0,0,0,1,1,6,2,2,0,0,1,8,0,0,18,0,0,10,0,0,9,0,0,6,0,0,13,0,0,9,0,0,12,0,0,4,0,0,1,0,0,2,0,0,1,0,0,8,0,0,6,0,0
2.01405E+12,-2.967757,53.410346,1,1,1,6,23.5,3,6,30,6,2,3,0,5,4,2,2,0,0,1,8,0,0,9,0,0,10,0,0,2,0,0,6,0,0,13,0,0,9,0,0,12,0,0,1,0,0,1,0,0,1,0,0,1,0,0,7,0,0,6,0,0
2.01405E+12,-2.7115,53.462018,1,1,1,5,15.30,6,6,30,3,4,6,0,0,1,1,2,0,0,1,19,0,0,14,0,0,10,0,0,1,0,0,6,0,0,13,0,0,9,0,0,12,0,0,4,0,0,1,0,0,6,0,0,2,0,0,6,0,0,6,0,0
2.01405E+12,-2.989105,53.41294,1,2,2,5,11.25,3,3,30,6,2,3,0,5,1,1,1,0,0,1,9,9,0,9,18,0,10,10,0,8,8,0,6,6,0,13,13,0,9,9,0,12,12,0,1,1,0,1,1,0,6,6,0,2,2,0,6,6,0,8,5,0
2.01405E+12,-3.01005,53.37617,1,2,2,1,22.45,4,6,30,6,4,6,0,0,4,1,2,0,0,1,9,9,0,7,18,0,10,10,0,1,8,0,1,1,0,13,13,0,9,9,0,12,12,0,1,4,0,1,1,0,6,6,0,1,2,0,6,9,0,8,16,0
2.01405E+12,-3.062631,53.556403,1,1,1,4,15.10,6,6,20,3,4,6,0,0,1,1,1,0,0,1,9,0,0,9,0,0,10,0,0,2,0,0,6,0,0,13,0,0,9,0,0,12,0,0,5,0,0,1,0,0,1,0,0,1,0,0,6,0,0,1,0,0
2.01405E+12,-2.895233,53.462131,1,1,1,5,15.17,6,6,30,0,0,0,0,0,5,1,1,0,0,1,11,0,0,18,0,0,10,0,0,9,0,0,6,0,0,13,0,0,9,0,0,12,0,0,5,0,0,1,0,0,1,0,0,1,0,0,8,0,0,5,0,0
2.01405E+12,-2.990613,53.407247,1,1,1,7,16.20,3,2,30,3,4,6,0,0,4,1,1,0,0,1,9,0,0,18,0,0,10,0,0,1,0,0,6,0,0,13,0,0,9,0,0,12,0,0,1,0,0,1,0,0,1,0,0,1,0,0,7,0,0,6,0,0
2.01405E+12,-2.883686,53.362961,1,1,1,7,20.5,4,6,40,6,2,6,0,4,4,1,2,0,0,1,9,0,0,18,0,0,10,0,0,2,0,0,6,0,0,13,0,0,9,0,0,12,0,0,1,0,0,1,0,0,6,0,0,1,0,0,5,0,0,11,0,0
2.01405E+12,-2.768828,53.400377,1,2,1,2,8.40,1,3,70,0,0,0,0,0,1,1,2,0,0,2,9,9,0,18,4,0,10,10,0,9,9,0,5,6,0,13,13,0,9,9,0,12,12,0,1,2,0,1,1,0,2,2,0,1,1,0,6,5,0,16,8,0
2.01405E+12,-2.816628,53.40041,1,2,1,2,13.41,6,6,30,3,4,6,0,0,1,1,1,0,0,1,3,21,0,18,9,0,10,10,0,1,8,0,6,6,0,13,13,0,9,9,0,12,12,0,1,3,0,1,1,0,6,1,0,1,1,0,7,8,0,13,3,0
2.01405E+12,-2.91208,53.36823,1,1,1,2,18.25,6,6,30,3,4,6,0,0,4,1,2,0,0,1,9,0,0,18,0,0,10,0,0,8,0,0,1,0,0,13,0,0,9,0,0,12,0,0,1,0,0,1,0,0,6,0,0,2,0,0,5,0,0,4,0,0
2.01405E+12,-2.996713,53.627335,1,2,1,7,15.47,6,6,30,0,0,0,0,0,1,1,1,0,0,2,9,9,0,18,18,0,10,10,0,9,9,0,6,6,0,13,13,0,9,9,0,12,12,0,1,1,0,1,1,0,6,6,0,1,2,0,11,8,0,17,13,0
2.01405E+12,-2.633554,53.471203,1,3,1,2,2.48,1,3,70,0,0,0,0,0,5,5,4,0,3,2,9,9,9,18,18,18,10,10,10,9,9,9,1,6,6,13,1,1,9,4,1,12,6,7,1,1,1,1,1,1,2,2,2,2,1,1,5,9,8,6,7,8
2.01405E+12,-2.637318,53.479084,1,1,1,5,13.30,3,6,30,3,4,6,0,0,1,5,2,0,0,1,3,0,0,18,0,0,10,0,0,8,0,0,1,0,0,13,0,0,9,0,0,12,0,0,3,0,0,1,0,0,6,0,0,1,0,0,7,0,0,2,0,0
2.01405E+12,-2.92564,53.431427,1,1,1,6,18.10,6,6,30,3,4,6,0,0,4,2,2,0,0,1,9,0,0,9,0,0,10,0,0,5,0,0,6,0,0,13,0,0,9,0,0,12,0,0,3,0,0,1,0,0,6,0,0,2,0,0,7,0,0,7,0,0
2.01405E+12,-2.827158,53.368696,1,3,1,7,17.20,6,6,30,0,0,0,0,0,4,1,1,0,0,1,5,9,9,13,18,18,10,10,10,9,9,9,6,6,6,13,13,13,9,9,9,1,12,12,4,3,1,1,1,1,6,1,6,1,1,1,8,9,6,12,4,17
2.01405E+12,-2.984428,53.407154,1,1,1,7,13.30,6,6,30,0,0,0,0,0,1,8,2,0,0,1,8,0,0,2,0,0,10,0,0,9,0,0,6,0,0,13,0,0,9,0,0,12,0,0,4,0,0,1,0,0,1,0,0,1,0,0,7,0,0,4,0,0
2.01405E+12,-2.996663,53.439548,1,1,1,2,14.5,3,6,30,3,4,6,0,0,1,1,2,0,0,1,5,0,0,9,0,0,10,0,0,6,0,0,6,0,0,13,0,0,9,0,0,12,0,0,4,0,0,1,0,0,6,0,0,1,0,0,10,0,0,12,0,0
2.01405E+12,-2.731233,53.441072,1,1,1,6,14.0,3,3,70,5,4,6,0,0,1,6,2,0,0,2,9,0,0,4,0,0,10,0,0,8,0,0,1,0,0,13,0,0,1,0,0,1,0,0,1,0,0,1,0,0,6,0,0,1,0,0,5,0,0,11,0,0
2.01405E+12,-2.94729,53.378204,1,2,1,3,8.36,3,6,30,3,4,6,0,0,1,1,2,0,0,1,9,9,0,7,18,0,10,10,0,6,8,0,6,6,0,13,13,0,9,9,0,12,12,0,1,4,0,1,1,0,6,6,0,2,1,0,6,9,0,9,6,0
2.01405E+12,-3.028422,53.374422,1,1,2,3,19.42,6,6,30,6,4,6,0,0,4,2,2,0,0,1,8,0,0,9,0,0,10,0,0,8,0,0,6,0,0,13,0,0,9,0,0,12,0,0,1,0,0,1,0,0,1,0,0,1,0,0,5,0,0,8,0,0
2.01405E+12,-2.730775,53.441569,1,1,1,3,22.56,3,3,40,0,0,0,0,0,4,2,2,0,0,2,9,0,0,18,0,0,10,0,0,9,0,0,6,0,0,13,0,0,9,0,0,12,0,0,4,0,0,1,0,0,6,0,0,2,0,0,9,0,0,6,0,0
2.01405E+12,-2.962699,53.380193,1,1,1,4,18.30,6,6,30,1,4,6,0,0,4,1,2,0,0,1,9,0,0,18,0,0,10,0,0,3,0,0,6,0,0,13,0,0,9,0,0,12,0,0,5,0,0,1,0,0,6,0,0,1,0,0,6,0,0,15,0,0
2.01405E+12,-3.039776,53.396194,1,3,5,5,1.45,6,6,30,3,2,3,0,0,4,1,2,0,0,1,9,9,19,7,7,10,10,10,10,1,1,1,6,6,6,13,13,13,9,7,1,12,11,11,5,1,1,1,1,1,1,6,1,1,1,1,6,4,8,2,6,2
2.01405E+12,-2.918206,53.362349,1,1,1,5,19.25,6,6,30,0,0,0,0,0,4,1,2,0,0,1,9,0,0,18,0,0,10,0,0,9,0,0,6,0,0,13,0,0,9,0,0,12,0,0,1,0,0,1,0,0,6,0,0,1,0,0,11,0,0,4,0,0
2.01405E+12,-2.930068,53.390178,1,2,1,5,22.45,3,6,30,7,2,4,0,5,4,2,2,0,0,1,2,8,0,9,17,0,10,10,0,8,8,0,6,6,0,13,13,0,9,9,0,12,12,0,4,1,0,1,1,0,6,1,0,1,1,0,10,7,0,12,3,0
2.01405E+12,-2.968335,53.437776,1,1,1,6,16.40,6,6,30,0,0,0,0,0,4,2,2,0,0,1,3,0,0,18,0,0,10,0,0,9,0,0,6,0,0,13,0,0,9,0,0,12,0,0,1,0,0,1,0,0,6,0,0,1,0,0,7,0,0,3,0,0
2.01405E+12,-2.904614,53.414482,1,1,1,6,21.55,3,3,40,0,0,0,0,0,4,2,2,0,0,1,9,0,0,18,0,0,10,0,0,9,0,0,6,0,0,13,0,0,9,0,0,12,0,0,1,0,0,1,0,0,6,0,0,1,0,0,7,0,0,8,0,0
2.01405E+12,-3.0126,53.62331,1,3,7,7,11.2,3,6,30,0,0,0,0,0,1,1,2,0,0,1,19,9,9,9,18,18,10,10,10,9,9,9,6,6,6,13,13,13,9,9,9,12,12,12,1,1,1,1,1,1,6,6,6,1,2,1,7,8,7,10,10,4
2.01405E+12,-3.057152,53.385497,1,2,3,7,6.51,6,6,30,6,4,6,0,0,1,1,1,0,0,1,9,9,0,18,9,0,10,10,0,1,1,0,6,6,0,13,13,0,9,9,0,12,12,0,1,1,0,1,1,0,6,6,0,1,2,0,11,6,0,8,1,0
2.01405E+12,-2.9021,53.41656,1,1,1,1,8.5,3,3,30,0,0,0,0,0,6,1,2,0,0,1,8,0,0,1,0,0,10,0,0,9,0,0,6,0,0,13,0,0,9,0,0,12,0,0,2,0,0,1,0,0,1,0,0,1,0,0,7,0,0,10,0,0
2.01405E+12,-2.940775,53.42294,1,1,1,1,18.9,6,6,30,0,0,0,0,1,4,1,2,0,0,1,9,0,0,18,0,0,10,0,0,9,0,0,6,0,0,13,0,0,9,0,0,12,0,0,3,0,0,1,0,0,6,0,0,2,0,0,7,0,0,5,0,0
2.01405E+12,-3.026259,53.39072,1,1,1,3,18.38,6,6,30,9,4,4,0,0,5,1,2,0,0,1,8,0,0,18,0,0,10,0,0,8,0,0,6,0,0,13,0,0,9,0,0,12,0,0,4,0,0,1,0,0,1,0,0,1,0,0,8,0,0,8,0,0
2.01405E+12,-2.897231,53.397539,1,2,3,3,18.11,3,1,30,1,4,4,0,0,4,1,1,0,0,1,9,9,0,7,9,0,10,10,0,3,8,0,6,6,0,13,13,0,9,7,0,12,1,0,1,1,0,1,1,0,2,6,0,1,2,0,7,6,0,1,4,0
2.01405E+12,-2.850524,53.432525,1,1,1,4,9.58,1,3,70,0,0,0,0,0,1,1,1,0,2,2,21,0,0,18,0,0,10,0,0,9,0,0,6,0,0,11,0,0,9,0,0,12,0,0,1,0,0,1,0,0,1,0,0,1,0,0,7,0,0,3,0,0
2.01405E+12,-2.987668,53.638251,1,1,1,7,19.20,3,6,30,6,4,6,0,1,4,1,1,0,0,1,9,0,0,18,0,0,10,0,0,1,0,0,6,0,0,13,0,0,9,0,0,12,0,0,1,0,0,1,0,0,6,0,0,1,0,0,8,0,0,24,0,0
2.01405E+12,-3.00948,53.368597,1,1,1,4,12.5,6,6,30,3,4,6,0,0,1,1,1,0,0,1,9,0,0,9,0,0,10,0,0,5,0,0,6,0,0,13,0,0,9,0,0,12,0,0,1,0,0,1,0,0,6,0,0,1,0,0,8,0,0,2,0,0
2.01405E+12,-3.035342,53.390129,1,2,5,4,18.24,6,6,30,0,0,0,0,4,4,5,2,0,0,1,9,9,0,18,18,0,10,10,0,9,9,0,6,6,0,13,13,0,9,9,0,12,12,0,1,1,0,1,1,0,2,6,0,2,2,0,8,6,0,11,1,0
2.01405E+12,-2.91744,53.445558,1,3,1,5,14.47,6,6,30,0,0,0,0,0,1,1,1,0,0,1,9,9,4,4,2,16,10,10,10,9,9,9,6,6,6,13,13,4,9,9,9,12,12,12,3,3,4,1,1,1,1,6,6,1,1,1,7,6,4,3,1,33
2.01405E+12,-3.028984,53.414545,1,2,1,1,13.9,3,6,30,3,4,6,0,0,1,1,1,0,0,1,9,5,0,5,18,0,10,10,0,5,8,0,6,6,0,13,13,0,9,9,0,12,12,0,1,1,0,1,1,0,6,6,0,2,1,0,6,8,0,12,23,0
201405AA01013,-3.042138,53.434998,1,1,1,6,17.45,6,6,30,3,4,6,0,4,4,2,2,0,0,1,9,0,0,9,0,0,10,0,0,5,0,0,6,0,0,13,0,0,9,0,0,12,0,0,1,0,0,1,0,0,6,0,0,1,0,0,4,0,0,7,0,0
201405AA01155,-3.065457,53.423034,1,1,1,3,16.5,3,3,30,0,0,0,0,4,1,2,2,0,0,1,9,0,0,18,0,0,10,0,0,9,0,0,6,0,0,13,0,0,9,0,0,12,0,0,4,0,0,1,0,0,6,0,0,2,0,0,8,0,0,10,0,0
201405AA01174,-3.051204,53.372938,1,1,1,5,17.0,3,6,30,0,0,0,0,0,4,1,1,0,0,1,9,0,0,18,0,0,10,0,0,9,0,0,6,0,0,13,0,0,9,0,0,12,0,0,1,0,0,1,0,0,6,0,0,1,0,0,9,0,0,3,0,0
201405AA01199,-3.029999,53.388036,1,1,1,5,15.20,3,3,30,6,2,4,0,5,1,1,1,0,0,1,9,0,0,18,0,0,10,0,0,1,0,0,6,0,0,13,0,0,9,0,0,12,0,0,1,0,0,1,0,0,6,0,0,1,0,0,6,0,0,7,0,0
201405AA01216,-2.984538,53.339572,1,2,2,2,12.50,4,6,30,3,4,6,0,0,1,1,1,0,0,2,9,9,0,18,18,0,10,10,0,1,2,0,1,1,0,13,13,0,9,7,0,12,12,0,1,1,0,1,1,0,6,6,0,1,2,0,11,5,0,9,2,0
201405AA01265,-3.021574,53.401044,1,2,1,3,22.40,6,6,30,9,4,3,0,0,4,1,2,0,0,1,3,11,0,18,18,0,10,10,0,6,1,0,5,6,0,13,13,0,9,9,0,12,12,0,1,1,0,1,1,0,2,1,0,1,1,0,7,10,0,13,11,0
201405AA01275,-3.027456,53.388588,1,2,1,4,16.6,3,3,30,9,2,6,2,5,1,1,1,0,0,1,5,9,0,18,18,0,10,10,0,8,8,0,6,6,0,13,13,0,9,9,0,12,12,0,1,2,0,1,1,0,2,6,0,1,2,0,8,6,0,3,2,0
201405AA01448,-3.023514,53.339586,1,2,1,3,8.27,1,7,70,5,4,1,0,0,1,1,1,0,0,2,9,9,0,3,18,0,10,10,0,3,1,0,6,6,0,13,13,0,9,9,0,12,12,0,2,1,0,1,1,0,1,6,0,1,1,0,8,11,0,3,13,0
201405AA01464,-3.071949,53.422068,1,1,1,4,9.20,3,3,30,0,0,0,0,0,1,5,2,0,0,1,9,0,0,18,0,0,10,0,0,9,0,0,6,0,0,13,0,0,9,0,0,12,0,0,1,0,0,1,0,0,6,0,0,1,0,0,7,0,0,13,0,0
201405AA01497,-3.083226,53.345306,1,2,1,6,8.20,3,6,30,3,4,6,0,0,1,2,2,0,0,2,9,5,0,9,18,0,10,10,0,1,1,0,6,6,0,13,13,0,9,9,0,12,12,0,3,1,0,1,1,0,6,6,0,2,1,0,7,8,0,6,1,0
201405AA01587,-3.185775,53.374931,1,1,1,5,16.0,6,6,30,3,4,3,0,0,1,1,1,0,0,1,19,0,0,9,0,0,10,0,0,5,0,0,6,0,0,13,0,0,9,0,0,12,0,0,5,0,0,1,0,0,1,0,0,1,0,0,8,0,0,2,0,0
201405AA01614,-3.058815,53.387074,1,1,1,1,1.20,4,6,30,3,4,6,0,0,4,1,1,0,0,1,9,0,0,18,0,0,10,0,0,1,0,0,6,0,0,10,0,0,1,0,0,11,0,0,1,0,0,1,0,0,6,0,0,1,0,0,5,0,0,8,0,0
201405AA01646,-3.032807,53.380452,1,2,1,2,19.6,3,6,30,3,4,6,0,4,4,1,1,0,0,1,9,3,0,9,18,0,10,10,0,6,8,0,6,6,0,13,13,0,9,9,0,12,12,0,3,1,0,1,1,0,6,6,0,1,1,0,5,5,0,11,2,0
201405AA01856,-3.042797,53.431819,1,2,1,2,14.15,4,6,30,3,4,6,0,0,1,1,1,0,0,1,9,8,0,9,17,0,10,10,0,8,8,0,6,6,0,13,13,0,9,9,0,12,12,0,5,5,0,1,1,0,6,1,0,2,1,0,10,8,0,10,8,0
201405AA01897,-3.046379,53.373547,1,1,1,7,1.14,3,6,30,0,0,0,0,4,4,1,1,0,0,1,9,0,0,18,0,0,10,0,0,9,0,0,6,0,0,13,0,0,9,0,0,12,0,0,1,0,0,1,0,0,6,0,0,1,0,0,8,0,0,2,0,0
201405AA01937,-2.9741,53.331028,1,2,3,1,11.35,3,3,40,3,2,6,0,0,1,1,1,0,0,1,19,9,0,9,18,0,10,10,0,8,8,0,6,6,0,7,13,0,4,9,0,12,12,0,4,1,0,1,1,0,1,6,0,1,1,0,7,10,0,10,1,0
201405AA01963,-3.067519,53.427277,1,1,1,4,17.5,6,6,30,0,0,0,0,0,1,1,1,0,0,1,9,0,0,18,0,0,10,0,0,9,0,0,6,0,0,13,0,0,9,0,0,12,0,0,4,0,0,1,0,0,4,0,0,1,0,0,4,0,0,7,0,0
201405AA02011,-3.135663,53.384713,1,1,1,7,11.0,4,6,50,0,0,0,0,0,1,1,1,6,0,2,5,0,0,18,0,0,10,0,0,9,0,0,1,0,0,13,0,0,9,0,0,12,0,0,5,0,0,1,0,0,6,0,0,1,0,0,5,0,0,13,0,0
201405AA02040,-3.171632,53.368428,1,1,1,3,15.55,6,6,30,0,0,0,0,8,1,1,1,0,0,1,9,0,0,18,0,0,10,0,0,9,0,0,6,0,0,13,0,0,9,0,0,12,0,0,1,0,0,1,0,0,6,0,0,1,0,0,11,0,0,13,0,0
201405AA02087,-3.101823,53.329558,1,1,1,5,14.45,3,6,30,0,0,0,0,5,1,2,2,0,0,1,9,0,0,18,0,0,10,0,0,9,0,0,6,0,0,13,0,0,9,0,0,12,0,0,3,0,0,1,0,0,6,0,0,2,0,0,8,0,0,11,0,0
201405AA02159,-2.999873,53.352434,1,2,4,4,13.30,6,6,30,3,4,6,0,0,1,1,1,0,0,1,9,9,0,18,9,0,10,10,0,1,1,0,6,6,0,13,13,0,9,9,0,12,12,0,1,4,0,1,1,0,6,6,0,2,2,0,8,6,0,2,5,0
201405AA02191,-3.040563,53.432773,1,1,1,7,14.9,3,6,30,0,0,0,0,4,1,1,1,0,0,1,9,0,0,18,0,0,10,0,0,9,0,0,6,0,0,13,0,0,9,0,0,12,0,0,4,0,0,1,0,0,6,0,0,1,0,0,7,0,0,4,0,0
201405AA02313,-3.027838,53.397583,1,3,1,7,11.25,3,6,30,6,4,6,0,0,1,1,2,0,0,1,9,5,9,18,18,2,10,10,10,8,8,2,6,5,6,13,13,13,3,9,9,11,12,12,4,1,5,1,1,1,6,6,6,1,1,1,10,8,7,9,13,13
201405AA02332,-3.111851,53.375067,1,3,2,5,17.34,6,6,30,3,4,6,0,0,1,2,2,0,0,1,9,9,9,18,9,9,10,10,10,1,5,5,6,6,6,13,13,13,9,9,9,12,12,12,1,3,3,1,1,1,6,6,6,2,2,1,8,9,8,8,1,12
201405AA02368,-3.095293,53.326741,1,2,1,1,15.15,3,6,30,0,0,0,0,0,1,1,1,0,0,1,9,5,0,6,13,0,10,10,0,9,9,0,6,6,0,13,13,0,9,9,0,12,12,0,3,4,0,1,1,0,6,6,0,1,1,0,8,9,0,5,14,0
201405AA02501,-3.019417,53.390734,1,2,1,5,16.50,3,1,30,1,4,3,0,0,1,1,1,0,0,1,9,3,0,5,18,0,10,10,0,4,8,0,6,2,0,13,13,0,9,9,0,12,12,0,3,1,0,1,1,0,6,2,0,1,1,0,10,7,0,19,2,0
201405AA02583,-3.009021,53.37715,1,1,1,1,17.50,3,3,30,1,4,3,0,0,1,1,1,0,0,1,5,0,0,18,0,0,10,0,0,4,0,0,6,0,0,13,0,0,9,0,0,12,0,0,1,0,0,1,0,0,6,0,0,1,0,0,7,0,0,10,0,0
201405AA02734,-3.007342,53.372894,1,1,1,2,17.26,4,6,30,6,2,4,0,5,1,1,1,0,0,1,9,0,0,18,0,0,10,0,0,2,0,0,6,0,0,13,0,0,9,0,0,12,0,0,4,0,0,1,0,0,2,0,0,2,0,0,7,0,0,6,0,0
201405AA02758,-3.081278,53.383493,1,2,1,3,8.45,6,6,30,3,4,6,0,0,1,1,1,0,0,1,9,5,0,9,18,0,10,10,0,6,8,0,6,2,0,13,13,0,9,9,0,12,12,0,5,5,0,1,1,0,6,6,0,1,1,0,10,9,0,14,6,0
201405AA02788,-3.057401,53.413137,1,1,1,1,19.35,3,3,40,0,0,0,0,0,1,1,1,0,0,1,5,0,0,16,0,0,10,0,0,9,0,0,1,0,0,7,0,0,4,0,0,6,0,0,1,0,0,1,0,0,6,0,0,1,0,0,6,0,0,15,0,0
201405AA02861,-3.022687,53.391632,1,1,1,6,17.38,3,7,30,0,0,0,0,0,1,1,1,0,0,1,9,0,0,18,0,0,10,0,0,9,0,0,6,0,0,13,0,0,1,0,0,10,0,0,1,0,0,1,0,0,6,0,0,2,0,0,8,0,0,9,0,0
201405AA02967,-2.964232,53.314928,1,2,3,3,15.45,3,6,40,0,0,0,0,0,1,1,1,0,0,1,9,8,0,18,4,0,10,10,0,9,9,0,6,6,0,13,13,0,9,9,0,12,12,0,1,2,0,1,1,0,6,1,0,2,1,0,4,6,0,11,7,0
201405AA03226,-3.066358,53.375429,1,2,2,4,7.44,6,6,30,0,0,0,0,0,1,1,1,0,0,1,9,9,0,17,16,0,10,10,0,9,9,0,6,6,0,13,13,0,9,9,0,12,12,0,1,1,0,1,1,0,6,6,0,2,1,0,5,11,0,1,14,0
201405AA03316,-3.088973,53.41929,1,1,1,1,21.7,3,1,40,1,4,6,0,8,1,1,1,0,0,1,9,0,0,18,0,0,10,0,0,3,0,0,6,0,0,13,0,0,9,0,0,12,0,0,1,0,0,1,0,0,6,0,0,1,0,0,11,0,0,12,0,0
201405AA03363,-3.015089,53.374419,1,1,2,7,4.22,6,6,30,3,4,4,0,0,1,1,1,0,0,1,5,0,0,7,0,0,10,0,0,1,0,0,1,0,0,13,0,0,7,0,0,11,0,0,1,0,0,1,0,0,6,0,0,1,0,0,5,0,0,21,0,0
201405AA03365,-3.041985,53.439197,1,1,1,1,15.25,6,2,30,0,0,0,0,0,1,1,1,0,0,1,9,0,0,18,0,0,10,0,0,9,0,0,6,0,0,13,0,0,9,0,0,12,0,0,3,0,0,1,0,0,2,0,0,2,0,0,8,0,0,2,0,0
201405AA03456,-3.021037,53.389309,1,1,1,3,17.40,3,6,30,0,0,0,0,0,1,1,1,0,0,1,11,0,0,18,0,0,10,0,0,9,0,0,6,0,0,13,0,0,9,0,0,12,0,0,1,0,0,1,0,0,1,0,0,1,0,0,9,0,0,8,0,0
201405AA03498,-3.091518,53.381754,1,1,1,5,19.40,6,6,30,0,0,0,0,0,1,1,1,0,0,1,9,0,0,18,0,0,10,0,0,9,0,0,6,0,0,13,0,0,9,0,0,12,0,0,1,0,0,1,0,0,6,0,0,2,0,0,6,0,0,6,0,0