Accident_Index,Longitude,Latitude,SV,Number_of_Vehicles,Number_of_Casualties,Day_of_Week,Time,1st_Road_Class,Road_Type,Speed_limit,Junction_Detail,Junction_Control,2nd_Road_Class,Pedestrian_Crossing-Human_Control,Pedestrian_Crossing-Physical_Facilities,Light_Conditions,Weather_Conditions,Road_Surface_Conditions,Special_Conditions_at_Site,Carriageway_Hazards,Urban_or_Rural_Area,Vehicle1_Type,Vehicle2_Type,Vehicle3_Type,Vehicle1_Manoeuvre,Vehicle2_Manoeuvre,Vehicle3_Manoeuvre,Vehicle1_Location-Restricted_Lane,Vehicle2_Location-Restricted_Lane,Vehicle3_Location-Restricted_Lane,Junction1_Location,Junction2_Location,Junction3_Location,Skidding1_and_Overturning,Skidding2_and_Overturning,Skidding3_and_Overturning,Hit_Object_in_Carriageway1,Hit_Object_in_Carriageway2,Hit_Object_in_Carriageway3,Vehicle1_Leaving_Carriageway,Vehicle2_Leaving_Carriageway,Vehicle3_Leaving_Carriageway,Hit_Object_off_Carriageway1,Hit_Object_off_Carriageway2,Hit_Object_off_Carriageway3,1st_Point_of_Impact1,1st_Point_of_Impact2,1st_Point_of_Impact3,Was_Vehicle 1_Left_Hand_Drive?,Was_Vehicle2_Left_Hand_Drive?,Was_Vehicle 3_Left_Hand_Drive?,Journey_Purpose_of_Driver1,Journey_Purpose_of_Driver2,Journey_Purpose_of_Driver3,Sex_of_Driver1,Sex_of_Driver2,Sex_of_Driver3,Age_Band_of_Driver1,Age_Band_of_Driver2,Age_Band_of_Driver3,Age_of_Vehicle1,Age_of_Vehicle2,Age_of_Vehicle3
201405AA03516,-3.123379,53.377297,1,2,2,5,10.50,4,6,30,9,4,6,0,0,1,1,1,0,0,1,9,9,0,16,17,0,10,10,0,2,2,0,6,6,0,13,13,0,9,1,0,12,11,0,1,1,0,1,1,0,1,6,0,1,2,0,5,11,0,6,6,0
201405AA03579,-2.97645,53.324123,1,2,1,3,17.0,6,6,30,6,2,6,0,0,1,1,1,0,0,1,90,9,0,9,18,0,10,10,0,8,8,0,5,6,0,13,13,0,9,9,0,12,12,0,1,1,0,1,1,0,6,6,0,1,2,0,11,10,0,17,12,0
201405AA03606,-3.071801,53.391641,1,1,1,1,15.45,3,6,30,0,0,0,0,0,1,1,1,0,0,1,5,0,0,17,0,0,10,0,0,9,0,0,2,0,0,10,0,0,2,0,0,11,0,0,4,0,0,1,0,0,6,0,0,1,0,0,7,0,0,7,0,0
201405AA03628,-3.042476,53.389159,1,2,2,5,14.29,6,6,30,6,4,6,0,0,1,1,1,0,0,1,9,9,0,18,18,0,10,10,0,1,1,0,6,2,0,13,13,0,9,9,0,12,12,0,1,3,0,1,1,0,6,6,0,1,1,0,5,10,0,9,3,0
201405AA03709,-3.005066,53.353469,1,2,1,4,21.20,4,6,30,0,0,0,0,0,1,1,1,0,0,1,9,3,0,18,18,0,10,10,0,9,9,0,6,6,0,13,13,0,9,9,0,12,12,0,1,1,0,1,1,0,6,6,0,2,1,0,8,4,0,4,8,0
201405AA03736,-3.100996,53.36217,1,1,1,1,14.35,6,6,20,0,0,0,0,0,1,1,1,0,0,2,9,0,0,1,0,0,9,0,0,9,0,0,6,0,0,13,0,0,9,0,0,12,0,0,2,0,0,1,0,0,6,0,0,2,0,0,10,0,0,7,0,0
201405AA03761,-2.994724,53.364864,1,1,1,5,11.0,6,6,30,0,0,0,0,0,1,1,1,0,0,1,19,0,0,18,0,0,10,0,0,9,0,0,6,0,0,13,0,0,9,0,0,12,0,0,3,0,0,1,0,0,1,0,0,1,0,0,7,0,0,11,0,0
201405AA03769,-3.121372,53.377594,1,1,1,2,12.45,4,6,30,0,0,0,0,4,1,1,1,0,0,1,9,0,0,18,0,0,10,0,0,9,0,0,6,0,0,13,0,0,9,0,0,12,0,0,1,0,0,1,0,0,1,0,0,2,0,0,5,0,0,9,0,0
201405AA03847,-3.054916,53.400889,1,2,5,1,13.52,3,6,30,0,0,0,0,0,1,1,1,0,0,1,9,9,0,18,18,0,10,10,0,9,9,0,1,6,0,13,13,0,9,9,0,12,12,0,1,1,0,1,1,0,6,6,0,1,1,0,6,7,0,10,1,0
201405AA03912,-3.126386,53.396128,1,1,1,1,21.49,3,6,30,6,2,6,0,4,4,1,1,7,0,1,9,0,0,18,0,0,10,0,0,8,0,0,6,0,0,13,0,0,9,0,0,12,0,0,1,0,0,1,0,0,1,0,0,1,0,0,5,0,0,9,0,0
201405AA03968,-2.96572,53.31239,1,1,1,2,17.0,6,6,30,1,4,6,0,0,1,1,1,0,0,1,9,0,0,18,0,0,10,0,0,3,0,0,6,0,0,13,0,0,9,0,0,12,0,0,4,0,0,1,0,0,6,0,0,1,0,0,9,0,0,15,0,0
201405AA03971,-2.974479,53.309424,1,1,1,3,11.42,6,6,30,3,4,6,0,0,1,1,1,0,0,1,21,0,0,9,0,0,10,0,0,1,0,0,6,0,0,13,0,0,9,0,0,12,0,0,2,0,0,1,0,0,1,0,0,1,0,0,7,0,0,3,0,0
201405AA04033,-3.028811,53.390527,1,2,1,7,11.52,6,6,30,0,0,0,0,0,1,1,1,0,0,1,9,5,0,7,18,0,10,10,0,9,9,0,6,6,0,13,13,0,9,9,0,12,12,0,4,1,0,1,1,0,6,6,0,1,1,0,5,9,0,3,12,0
201405AA04163,-3.029854,53.415059,1,1,1,3,17.18,3,6,30,3,4,6,0,0,1,1,1,0,0,1,9,0,0,18,0,0,10,0,0,1,0,0,6,0,0,13,0,0,9,0,0,12,0,0,1,0,0,1,0,0,6,0,0,2,0,0,6,0,0,10,0,0
201405AA04167,-3.090723,53.324734,1,1,1,2,17.0,3,6,30,3,4,6,0,0,1,1,1,0,0,1,9,0,0,18,0,0,10,0,0,6,0,0,5,0,0,13,0,0,3,0,0,4,0,0,1,0,0,1,0,0,6,0,0,2,0,0,10,0,0,3,0,0
201405AA04279,-3.100165,53.404013,1,2,1,5,6.31,3,6,30,3,4,6,0,0,1,1,1,0,0,1,3,9,0,13,9,0,10,10,0,1,1,0,2,6,0,13,13,0,7,9,0,12,12,0,4,3,0,1,1,0,2,1,0,1,1,0,4,8,0,3,3,0
201405AA04285,-3.075373,53.365729,1,1,2,5,20.12,6,6,60,0,0,0,0,0,1,1,1,0,0,2,9,0,0,18,0,0,10,0,0,9,0,0,2,0,0,13,0,0,8,0,0,11,0,0,1,0,0,1,0,0,6,0,0,1,0,0,5,0,0,15,0,0
201405AA04315,-3.073518,53.330202,1,2,3,7,9.0,3,6,30,0,0,0,0,0,1,2,2,0,0,2,9,19,0,17,18,0,10,10,0,9,9,0,1,6,0,13,13,0,7,9,0,4,12,0,4,1,0,1,1,0,6,2,0,1,1,0,6,7,0,7,12,0
201405AA04392,-3.005306,53.341332,1,1,1,1,16.15,4,6,30,6,2,4,0,5,1,1,1,0,0,1,9,0,0,18,0,0,10,0,0,8,0,0,6,0,0,13,0,0,9,0,0,12,0,0,1,0,0,1,0,0,6,0,0,1,0,0,6,0,0,1,0,0
201405AA04453,-3.010809,53.321887,1,1,5,2,20.9,1,3,70,0,0,0,0,0,6,1,1,0,0,2,10,0,0,15,0,0,10,0,0,9,0,0,6,0,0,13,0,0,9,0,0,12,0,0,3,0,0,1,0,0,6,0,0,1,0,0,6,0,0,1,0,0
201405AA04531,-3.079481,53.3891,1,1,4,4,3.0,3,6,30,0,0,0,0,0,4,1,1,0,0,1,9,0,0,18,0,0,10,0,0,9,0,0,2,0,0,13,0,0,2,0,0,4,0,0,1,0,0,1,0,0,6,0,0,1,0,0,4,0,0,8,0,0
201405AA04631,-3.110753,53.38199,1,2,2,7,14.20,4,6,30,3,4,6,0,0,1,1,1,0,0,1,9,5,0,9,18,0,10,10,0,6,8,0,6,6,0,13,13,0,9,9,0,12,12,0,3,1,0,1,1,0,6,6,0,1,1,0,7,8,0,5,5,0
201405AA04664,-3.029952,53.387992,1,1,1,3,15.10,3,6,30,6,2,4,2,5,1,1,1,0,0,1,11,0,0,5,0,0,10,0,0,8,0,0,6,0,0,13,0,0,9,0,0,12,0,0,5,0,0,1,0,0,1,0,0,1,0,0,9,0,0,6,0,0
201405AA04747,-3.029934,53.390338,1,1,2,3,16.44,6,6,30,6,2,3,0,5,1,1,1,0,0,1,3,0,0,18,0,0,10,0,0,1,0,0,5,0,0,13,0,0,9,0,0,12,0,0,1,0,0,1,0,0,6,0,0,1,0,0,10,0,0,6,0,0
201405AA04752,-3.030718,53.389189,1,1,1,3,18.15,3,6,30,3,2,6,0,4,1,1,1,0,0,1,9,0,0,18,0,0,10,0,0,1,0,0,6,0,0,13,0,0,9,0,0,12,0,0,1,0,0,1,0,0,6,0,0,1,0,0,6,0,0,12,0,0
201405AA04756,-3.078273,53.380571,1,1,1,3,8.20,6,6,30,0,0,0,0,0,1,1,1,0,0,1,9,0,0,18,0,0,10,0,0,9,0,0,6,0,0,13,0,0,9,0,0,12,0,0,3,0,0,1,0,0,3,0,0,2,0,0,7,0,0,7,0,0
201405AA04796,-3.038167,53.37396,1,1,1,7,18.50,6,2,30,0,0,0,0,0,1,1,2,0,0,1,9,0,0,18,0,0,10,0,0,9,0,0,6,0,0,13,0,0,9,0,0,12,0,0,1,0,0,1,0,0,6,0,0,2,0,0,6,0,0,9,0,0
201405AA04937,-3.10942,53.401258,1,3,1,1,9.45,3,6,30,3,4,6,0,0,1,1,1,0,0,1,9,9,9,18,2,2,10,10,10,8,1,1,6,6,6,13,13,13,9,9,9,12,12,12,1,2,1,1,1,1,6,6,6,1,2,2,11,5,8,2,10,6
201405AA04997,-3.074666,53.348359,1,1,1,3,17.10,6,6,30,0,0,0,0,0,1,1,1,0,0,2,9,0,0,9,0,0,10,0,0,9,0,0,6,0,0,13,0,0,7,0,0,11,0,0,1,0,0,1,0,0,6,0,0,1,0,0,11,0,0,14,0,0
201405AA05017,-3.039449,53.371045,1,2,1,5,19.30,6,6,30,0,0,0,0,0,4,2,2,0,0,1,9,9,0,18,2,0,10,10,0,9,9,0,2,6,0,4,13,0,9,9,0,12,12,0,1,1,0,1,1,0,6,1,0,1,1,0,11,6,0,1,8,0
201405AA05085,-3.082899,53.370911,1,2,3,2,11.40,3,6,40,0,0,0,0,0,1,1,1,0,0,1,9,19,0,17,16,0,10,10,0,9,9,0,6,6,0,13,13,0,9,9,0,12,12,0,4,1,0,1,1,0,6,1,0,1,1,0,8,9,0,13,2,0
201405BB01172,-2.950294,53.48603,1,1,1,5,19.12,4,6,30,6,2,3,0,0,4,1,1,0,0,1,9,0,0,18,0,0,10,0,0,1,0,0,6,0,0,13,0,0,9,0,0,12,0,0,1,0,0,1,0,0,6,0,0,1,0,0,8,0,0,11,0,0
201405BB01183,-3.018775,53.516128,1,4,2,7,13.48,3,6,50,0,0,0,0,0,1,1,1,0,0,2,5,9,9,17,18,18,10,10,10,9,9,9,2,6,6,13,13,13,1,9,9,12,12,12,1,3,4,1,1,1,6,6,2,1,2,1,10,7,9,27,12,7
201405BB01379,-2.95738,53.488167,1,2,1,3,22.55,3,3,30,6,2,3,0,4,4,2,2,0,0,1,9,3,0,9,18,0,10,10,0,8,8,0,6,6,0,13,13,0,9,9,0,12,12,0,1,1,0,1,1,0,6,6,0,1,1,0,5,5,0,13,28,0
201405BB01563,-3.047058,53.567085,1,1,1,2,20.10,3,3,60,0,0,0,0,0,4,2,2,0,0,2,9,0,0,4,0,0,10,0,0,9,0,0,1,0,0,13,0,0,1,0,0,1,0,0,3,0,0,1,0,0,6,0,0,1,0,0,4,0,0,2,0,0
201405BB01588,-3.030667,53.476034,1,2,6,4,12.5,6,6,30,6,4,6,0,0,1,5,2,0,0,1,9,11,0,18,18,0,10,10,0,8,8,0,6,6,0,13,13,0,7,9,0,12,12,0,4,1,0,1,1,0,2,1,0,2,1,0,5,8,0,4,2,0
201405BB01717,-2.976971,53.449356,1,2,1,6,21.55,3,3,30,3,4,6,0,0,4,1,2,0,0,1,9,3,0,9,18,0,10,10,0,6,1,0,6,6,0,13,13,0,9,9,0,12,12,0,3,1,0,1,1,0,6,6,0,1,1,0,6,6,0,12,5,0
201405BB01827,-2.951563,53.492223,1,3,4,6,6.40,3,3,50,3,2,1,0,0,4,1,1,0,0,2,9,9,9,18,18,18,10,10,10,8,8,8,2,6,6,13,13,13,1,1,1,9,12,1,1,3,1,1,1,1,2,6,1,1,1,1,7,9,9,1,8,6
201405BB02115,-3.002407,53.494207,1,1,1,1,13.0,6,6,30,0,0,0,0,0,1,1,1,0,0,1,9,0,0,18,0,0,10,0,0,9,0,0,6,0,0,13,0,0,9,0,0,12,0,0,1,0,0,1,0,0,6,0,0,1,0,0,6,0,0,12,0,0
201405BB02136,-2.987226,53.448714,1,1,1,4,18.3,3,6,30,0,0,0,0,0,1,2,2,0,0,1,9,0,0,18,0,0,10,0,0,9,0,0,6,0,0,13,0,0,9,0,0,12,0,0,3,0,0,1,0,0,2,0,0,1,0,0,6,0,0,13,0,0
201405BB02221,-2.953071,53.49293,1,2,2,2,20.10,3,3,40,6,2,1,0,0,4,1,2,0,0,2,9,9,0,18,18,0,10,10,0,8,8,0,6,6,0,13,13,0,9,5,0,12,12,0,1,4,0,1,1,0,6,6,0,2,1,0,8,11,0,8,21,0
201405BB02261,-2.950644,53.515826,1,2,1,7,22.40,6,6,30,1,4,6,0,0,4,1,1,0,0,1,9,9,0,18,18,0,10,10,0,4,4,0,6,6,0,13,13,0,9,9,0,12,12,0,1,1,0,1,1,0,6,6,0,1,1,0,5,8,0,15,1,0
201405BB02361,-3.058575,53.525787,1,1,1,4,19.50,6,6,30,0,0,0,0,0,1,1,1,0,0,2,19,0,0,18,0,0,10,0,0,9,0,0,6,0,0,13,0,0,9,0,0,12,0,0,5,0,0,1,0,0,6,0,0,1,0,0,5,0,0,9,0,0
201405BB02451,-2.971401,53.483065,1,1,1,6,7.1,6,6,30,0,0,0,0,0,1,1,1,0,0,1,9,0,0,18,0,0,10,0,0,9,0,0,6,0,0,13,0,0,9,0,0,12,0,0,1,0,0,1,0,0,6,0,0,2,0,0,8,0,0,4,0,0
201405BB02452,-2.961354,53.484621,1,1,1,7,12.4,3,3,40,0,0,0,0,0,1,1,1,0,2,1,5,0,0,18,0,0,10,0,0,9,0,0,2,0,0,11,0,0,9,0,0,12,0,0,3,0,0,1,0,0,6,0,0,1,0,0,10,0,0,3,0,0
201405BB02457,-3.006197,53.45883,1,1,1,1,18.34,6,6,30,0,0,0,0,0,1,1,1,0,0,1,9,0,0,18,0,0,10,0,0,9,0,0,6,0,0,13,0,0,9,0,0,12,0,0,1,0,0,1,0,0,1,0,0,1,0,0,7,0,0,6,0,0
201405BB02556,-2.988895,53.449914,1,1,1,5,13.10,6,6,30,6,4,6,0,0,1,1,1,0,0,1,8,0,0,1,0,0,10,0,0,1,0,0,6,0,0,13,0,0,9,0,0,12,0,0,2,0,0,1,0,0,1,0,0,1,0,0,7,0,0,6,0,0
201405BB02588,-3.010265,53.645829,1,1,1,3,16.40,6,6,30,3,4,3,0,0,1,1,1,0,0,1,5,0,0,18,0,0,10,0,0,6,0,0,6,0,0,13,0,0,9,0,0,12,0,0,3,0,0,1,0,0,6,0,0,1,0,0,8,0,0,19,0,0
201405BB02667,-2.999911,53.650671,1,1,1,6,11.30,6,6,30,0,0,0,0,0,1,1,1,0,0,1,9,0,0,18,0,0,10,0,0,9,0,0,6,0,0,13,0,0,9,0,0,12,0,0,3,0,0,1,0,0,6,0,0,1,0,0,6,0,0,8,0,0
201405BB02687,-2.958664,53.53507,1,2,1,2,19.5,3,6,30,0,0,0,0,0,1,1,1,0,0,1,9,5,0,5,18,0,10,10,0,9,9,0,6,2,0,13,13,0,9,9,0,12,12,0,3,1,0,1,1,0,6,1,0,2,1,0,8,5,0,12,8,0
201405BB02831,-2.948032,53.473131,1,3,4,7,21.22,6,6,30,0,0,0,2,4,4,1,1,0,0,1,9,9,9,13,17,16,10,10,10,9,9,9,6,6,6,13,13,13,9,9,9,12,12,12,1,1,5,1,1,1,6,6,6,1,1,2,4,5,6,1,2,10
201405BB02863,-2.995796,53.471331,1,3,4,4,18.9,3,3,40,0,0,0,0,0,1,1,1,0,0,1,9,9,9,18,18,18,10,10,10,9,9,9,1,6,6,13,13,13,9,9,9,12,12,12,1,2,3,1,1,1,1,6,6,1,2,2,6,7,6,3,3,4
201405BB02921,-2.951721,53.483116,1,2,3,6,9.30,3,3,40,6,2,6,0,8,1,1,1,0,0,1,9,8,0,18,18,0,10,10,0,8,8,0,6,6,0,13,7,0,9,1,0,12,1,0,1,3,0,1,1,0,6,1,0,2,1,0,6,6,0,10,7,0
201405BB03029,-2.993325,53.453913,1,2,2,6,11.45,3,6,30,8,4,6,0,0,1,1,1,0,0,1,9,9,0,9,18,0,10,10,0,5,1,0,6,6,0,13,13,0,9,9,0,12,12,0,4,1,0,1,1,0,6,6,0,2,2,0,6,9,0,10,11,0
201405BB03349,-3.045683,53.583546,1,1,1,1,5.16,3,3,50,0,0,0,0,0,1,1,1,0,0,1,9,0,0,18,0,0,10,0,0,9,0,0,5,0,0,13,0,0,1,0,0,2,0,0,1,0,0,1,0,0,6,0,0,2,0,0,5,0,0,8,0,0
201405BB03434,-3.056895,53.606711,1,2,3,6,20.45,6,6,50,1,4,6,0,0,1,2,2,0,0,2,9,19,0,16,18,0,10,10,0,3,1,0,1,6,0,13,13,0,1,1,0,12,1,0,1,1,0,1,1,0,6,2,0,1,1,0,6,8,0,10,9,0
201405BB03517,-3.046077,53.554841,1,2,1,7,19.5,3,3,60,0,0,0,0,0,1,1,1,0,0,1,3,11,0,13,18,0,10,10,0,9,9,0,2,6,0,13,13,0,4,9,0,10,12,0,1,2,0,1,1,0,6,1,0,1,1,0,6,9,0,19,1,0
201405BB03610,-3.026237,53.474148,1,1,1,6,10.30,6,6,30,3,4,6,0,0,1,1,1,0,0,1,19,0,0,1,0,0,10,0,0,1,0,0,6,0,0,13,0,0,9,0,0,12,0,0,2,0,0,1,0,0,1,0,0,1,0,0,8,0,0,5,0,0
201405BB03629,-3.01481,53.462524,1,1,1,5,21.25,3,3,40,0,0,0,0,0,1,1,1,0,0,1,5,0,0,16,0,0,10,0,0,9,0,0,6,0,0,10,0,0,6,0,0,12,0,0,1,0,0,1,0,0,6,0,0,1,0,0,6,0,0,8,0,0
201405BB03714,-3.025799,53.638865,1,2,1,5,13.20,6,6,30,3,4,6,0,0,1,1,1,0,0,2,2,9,0,17,18,0,10,10,0,8,5,0,2,6,0,13,13,0,9,9,0,12,12,0,1,1,0,1,1,0,1,1,0,1,1,0,6,11,0,12,4,0
201405BB03908,-2.985598,53.459694,1,1,1,4,22.5,3,6,30,0,0,0,0,0,4,1,1,0,0,1,5,0,0,18,0,0,10,0,0,9,0,0,2,0,0,10,0,0,9,0,0,12,0,0,1,0,0,1,0,0,6,0,0,1,0,0,4,0,0,14,0,0
201405BB04113,-2.975709,53.460009,1,2,1,5,19.9,3,3,30,6,4,6,0,0,1,1,1,0,0,1,9,3,0,9,18,0,10,10,0,8,8,0,6,6,0,13,13,0,9,9,0,12,12,0,1,3,0,1,1,0,6,6,0,1,1,0,9,9,0,13,49,0
201405BB04233,-2.946717,53.521691,1,1,1,4,10.40,6,6,30,3,4,6,0,0,1,2,2,0,0,1,9,0,0,18,0,0,10,0,0,1,0,0,1,0,0,13,0,0,1,0,0,11,0,0,1,0,0,1,0,0,6,0,0,2,0,0,11,0,0,7,0,0
201405BB04308,-2.951475,53.49234,1,3,5,3,10.20,3,3,50,6,2,1,0,5,1,1,1,0,0,2,9,9,9,18,18,18,10,10,10,8,8,8,6,6,6,13,13,13,9,9,9,12,12,12,1,1,4,1,1,1,6,6,6,2,1,1,9,8,8,3,1,9
201405BB04464,-2.97947,53.476815,1,1,1,3,15.30,3,3,40,0,0,0,0,4,1,1,1,0,0,1,9,0,0,18,0,0,10,0,0,9,0,0,6,0,0,13,0,0,9,0,0,12,0,0,1,0,0,1,0,0,6,0,0,1,0,0,5,0,0,1,0,0
201405BB04537,-2.944038,53.506332,1,1,1,2,9.15,3,3,40,0,0,0,0,7,1,1,1,0,0,1,5,0,0,18,0,0,10,0,0,9,0,0,6,0,0,13,0,0,9,0,0,12,0,0,1,0,0,1,0,0,2,0,0,1,0,0,6,0,0,14,0,0
201405BB04599,-2.960496,53.475315,1,2,2,3,9.10,6,6,30,3,2,6,0,4,1,1,1,0,0,1,9,9,0,9,18,0,10,10,0,8,8,0,6,6,0,13,13,0,9,9,0,12,12,0,1,3,0,1,1,0,6,6,0,1,2,0,11,8,0,6,4,0
201405BB04751,-3.023542,53.479888,1,1,1,3,18.20,3,6,30,0,0,0,0,4,4,1,1,0,0,1,8,0,0,18,0,0,10,0,0,9,0,0,6,0,0,13,0,0,9,0,0,12,0,0,1,0,0,1,0,0,1,0,0,1,0,0,9,0,0,10,0,0
201405BB04828,-2.982022,53.676464,1,3,2,5,16.35,6,6,50,3,4,6,0,4,1,1,1,0,0,2,9,5,9,7,18,3,10,10,10,6,1,1,6,6,6,13,13,13,1,9,9,12,12,12,3,4,3,1,1,1,6,6,2,2,1,1,6,10,7,2,24,8
201405BB04835,-3.004999,53.626044,1,1,1,5,18.40,4,6,20,0,0,0,0,0,1,1,1,0,0,1,9,0,0,11,0,0,10,0,0,9,0,0,6,0,0,13,0,0,9,0,0,12,0,0,1,0,0,1,0,0,6,0,0,1,0,0,9,0,0,11,0,0
201405BB04885,-2.983517,53.449833,1,1,1,3,5.30,3,6,30,0,0,0,0,0,4,1,1,0,7,1,5,0,0,18,0,0,10,0,0,9,0,0,2,0,0,13,0,0,2,0,0,1,0,0,4,0,0,1,0,0,2,0,0,1,0,0,8,0,0,16,0,0
201405CC01158,-2.886964,53.488854,1,1,1,3,21.30,3,6,30,3,2,6,0,4,4,2,2,0,0,1,9,0,0,18,0,0,10,0,0,8,0,0,6,0,0,13,0,0,9,0,0,12,0,0,1,0,0,1,0,0,1,0,0,1,0,0,6,0,0,3,0,0
201405CC01258,-2.910879,53.471074,1,1,1,3,20.40,3,3,40,3,2,6,0,4,4,1,2,0,0,1,9,0,0,18,0,0,10,0,0,2,0,0,6,0,0,13,0,0,9,0,0,12,0,0,4,0,0,1,0,0,2,0,0,1,0,0,6,0,0,4,0,0
201405CC01528,-2.852926,53.367553,1,1,1,7,22.25,6,6,20,3,4,6,0,0,4,2,2,0,0,1,8,0,0,9,0,0,10,0,0,5,0,0,6,0,0,13,0,0,9,0,0,12,0,0,3,0,0,1,0,0,1,0,0,1,0,0,8,0,0,4,0,0
201405CC01723,-2.815244,53.398837,1,2,2,5,13.58,3,6,30,3,4,6,0,0,1,1,1,0,0,1,9,9,0,9,18,0,10,10,0,6,1,0,6,6,0,13,13,0,9,9,0,12,12,0,3,1,0,1,1,0,6,6,0,1,1,0,7,9,0,12,8,0
201405CC01802,-2.831809,53.418373,1,1,1,6,17.25,4,6,30,3,2,6,0,5,1,1,1,0,0,1,9,0,0,18,0,0,10,0,0,1,0,0,6,0,0,13,0,0,9,0,0,12,0,0,4,0,0,1,0,0,6,0,0,2,0,0,6,0,0,6,0,0
201405CC01883,-2.837574,53.403932,1,1,1,5,18.30,6,6,30,3,4,6,0,0,4,1,1,0,0,1,9,0,0,5,0,0,10,0,0,1,0,0,6,0,0,13,0,0,9,0,0,12,0,0,5,0,0,1,0,0,6,0,0,2,0,0,8,0,0,5,0,0
201405CC01982,-2.843047,53.421342,1,2,1,6,21.50,3,3,40,0,0,0,0,0,4,4,1,0,0,1,9,11,0,14,2,0,10,10,0,9,9,0,6,6,0,13,13,0,9,9,0,12,12,0,1,5,0,1,1,0,6,1,0,1,1,0,6,7,0,5,5,0
201405CC02029,-2.853405,53.456154,1,2,3,2,19.5,4,6,30,3,4,6,0,0,4,1,1,0,0,2,9,9,0,18,4,0,10,10,0,2,1,0,6,6,0,13,13,0,9,9,0,12,12,0,1,1,0,1,1,0,6,6,0,1,2,0,11,10,0,12,6,0
201405CC02786,-2.79687,53.408751,1,2,1,3,7.0,6,6,30,3,4,6,0,0,1,1,2,0,0,1,9,4,0,9,18,0,10,10,0,6,1,0,6,6,0,13,13,0,9,9,0,12,12,0,1,3,0,1,1,0,6,6,0,1,1,0,8,8,0,16,1,0
201405CC02836,-2.797885,53.426821,1,1,1,5,11.50,6,1,30,1,4,3,0,8,1,1,1,0,0,1,9,0,0,5,0,0,10,0,0,8,0,0,6,0,0,13,0,0,9,0,0,12,0,0,5,0,0,1,0,0,6,0,0,2,0,0,11,0,0,11,0,0
201405CC03075,-2.875254,53.408328,1,1,1,5,2.35,1,7,70,0,0,0,0,0,4,8,2,0,0,1,8,0,0,18,0,0,10,0,0,9,0,0,6,0,0,13,0,0,9,0,0,12,0,0,1,0,0,1,0,0,1,0,0,1,0,0,8,0,0,13,0,0
201405CC03164,-2.786352,53.419202,1,1,1,3,12.16,6,6,30,0,0,0,0,0,1,1,1,0,0,1,9,0,0,18,0,0,10,0,0,9,0,0,6,0,0,13,0,0,9,0,0,12,0,0,1,0,0,1,0,0,2,0,0,1,0,0,7,0,0,8,0,0
201405CC03407,-2.833512,53.420824,1,1,1,3,12.0,6,6,30,3,4,6,0,0,1,9,1,0,0,1,20,0,0,18,0,0,10,0,0,1,0,0,6,0,0,13,0,0,9,0,0,12,0,0,4,0,0,1,0,0,6,0,0,1,0,0,6,0,0,9,0,0
201405CC03556,-2.850304,53.408688,1,1,1,3,15.30,3,6,30,3,4,6,0,0,1,1,1,0,0,1,8,0,0,18,0,0,10,0,0,1,0,0,6,0,0,13,0,0,9,0,0,12,0,0,1,0,0,1,0,0,1,0,0,1,0,0,8,0,0,1,0,0
201405CC03632,-2.820384,53.39864,1,2,2,6,19.5,3,6,30,3,4,6,0,0,1,1,1,0,0,1,5,9,0,18,4,0,10,10,0,1,1,0,1,6,0,13,13,0,9,9,0,12,12,0,1,2,0,1,1,0,2,6,0,1,1,0,9,8,0,28,2,0
201405CC03678,-2.875391,53.407706,1,2,1,4,8.44,3,6,30,0,0,0,0,0,1,1,1,0,0,1,9,3,0,1,18,0,10,10,0,9,9,0,6,6,0,13,13,0,9,9,0,12,12,0,2,4,0,1,1,0,1,1,0,2,1,0,8,7,0,6,1,0
201405CC03850,-2.765561,53.39264,1,2,1,1,14.56,6,6,60,0,0,0,0,0,1,1,1,0,0,2,9,9,0,16,17,0,10,10,0,9,9,0,6,6,0,13,13,0,9,9,0,12,12,0,1,1,0,1,1,0,6,6,0,2,1,0,6,6,0,7,10,0
201405CC03851,-2.86246,53.421383,1,1,1,7,22.30,3,3,40,3,4,6,0,4,4,2,2,0,0,1,9,0,0,18,0,0,10,0,0,6,0,0,6,0,0,13,0,0,9,0,0,12,0,0,1,0,0,1,0,0,6,0,0,1,0,0,5,0,0,6,0,0
201405CC03884,-2.847712,53.488654,1,2,2,3,5.45,6,6,30,5,4,6,0,0,1,1,1,0,0,1,9,21,0,18,18,0,10,10,0,1,1,0,6,6,0,13,13,0,9,9,0,12,12,0,1,1,0,1,1,0,1,1,0,1,1,0,8,6,0,4,2,0
201405CC04086,-2.829113,53.429853,1,2,1,2,21.52,1,7,70,5,4,1,0,0,6,1,1,0,0,2,9,9,0,18,3,0,10,10,0,7,7,0,1,1,0,13,13,0,9,1,0,12,4,0,1,2,0,1,1,0,6,6,0,1,1,0,8,9,0,11,11,0
201405CC04138,-2.880248,53.471672,1,1,1,1,14.27,6,6,30,0,0,0,0,0,1,1,1,0,0,1,9,0,0,18,0,0,10,0,0,9,0,0,6,0,0,13,0,0,9,0,0,12,0,0,1,0,0,1,0,0,6,0,0,2,0,0,7,0,0,11,0,0
201405CC04220,-2.881475,53.492365,1,2,1,6,16.15,6,6,30,3,4,6,0,0,1,1,1,0,0,2,19,11,0,18,4,0,10,10,0,2,2,0,6,6,0,13,13,0,9,9,0,12,12,0,1,2,0,1,1,0,6,1,0,1,1,0,7,8,0,8,5,0