Accident_Index,Longitude,Latitude,SV,Number_of_Vehicles,Number_of_Casualties,Day_of_Week,Time,1st_Road_Class,Road_Type,Speed_limit,Junction_Detail,Junction_Control,2nd_Road_Class,Pedestrian_Crossing-Human_Control,Pedestrian_Crossing-Physical_Facilities,Light_Conditions,Weather_Conditions,Road_Surface_Conditions,Special_Conditions_at_Site,Carriageway_Hazards,Urban_or_Rural_Area,Vehicle1_Type,Vehicle2_Type,Vehicle3_Type,Vehicle1_Manoeuvre,Vehicle2_Manoeuvre,Vehicle3_Manoeuvre,Vehicle1_Location-Restricted_Lane,Vehicle2_Location-Restricted_Lane,Vehicle3_Location-Restricted_Lane,Junction1_Location,Junction2_Location,Junction3_Location,Skidding1_and_Overturning,Skidding2_and_Overturning,Skidding3_and_Overturning,Hit_Object_in_Carriageway1,Hit_Object_in_Carriageway2,Hit_Object_in_Carriageway3,Vehicle1_Leaving_Carriageway,Vehicle2_Leaving_Carriageway,Vehicle3_Leaving_Carriageway,Hit_Object_off_Carriageway1,Hit_Object_off_Carriageway2,Hit_Object_off_Carriageway3,1st_Point_of_Impact1,1st_Point_of_Impact2,1st_Point_of_Impact3,Was_Vehicle 1_Left_Hand_Drive?,Was_Vehicle2_Left_Hand_Drive?,Was_Vehicle 3_Left_Hand_Drive?,Journey_Purpose_of_Driver1,Journey_Purpose_of_Driver2,Journey_Purpose_of_Driver3,Sex_of_Driver1,Sex_of_Driver2,Sex_of_Driver3,Age_Band_of_Driver1,Age_Band_of_Driver2,Age_Band_of_Driver3,Age_of_Vehicle1,Age_of_Vehicle2,Age_of_Vehicle3
201405CC04316,-2.832994,53.402778,1,1,1,2,18.20,6,6,30,0,0,0,0,0,1,1,1,0,0,1,9,0,0,2,0,0,10,0,0,9,0,0,6,0,0,13,0,0,9,0,0,12,0,0,3,0,0,1,0,0,6,0,0,2,0,0,6,0,0,5,0,0
201405CC04333,-2.894596,53.495566,1,1,1,3,21.11,3,6,30,0,0,0,0,0,4,1,1,0,0,2,3,0,0,18,0,0,10,0,0,9,0,0,1,0,0,13,0,0,9,0,0,12,0,0,3,0,0,1,0,0,6,0,0,1,0,0,4,0,0,1,0,0
201405CC04351,-2.844349,53.424011,1,1,1,3,18.0,6,6,20,0,0,0,0,0,1,1,1,0,0,1,9,0,0,16,0,0,10,0,0,9,0,0,6,0,0,13,0,0,9,0,0,12,0,0,4,0,0,1,0,0,6,0,0,1,0,0,7,0,0,5,0,0
201405CC04356,-2.889426,53.491263,1,2,2,4,10.48,3,6,30,6,2,6,0,0,1,1,1,0,0,1,9,9,0,18,18,0,10,10,0,8,8,0,6,6,0,13,13,0,9,9,0,12,12,0,4,1,0,1,1,0,6,6,0,1,2,0,8,5,0,11,5,0
201405CC04501,-2.871428,53.412499,1,2,2,6,10.24,6,6,30,0,0,0,0,0,1,1,1,0,0,1,9,11,0,5,18,0,10,10,0,9,9,0,6,6,0,13,13,0,9,9,0,12,12,0,4,1,0,1,1,0,6,1,0,2,1,0,5,8,0,14,3,0
201405CC05112,-2.835801,53.415577,1,1,1,2,17.0,4,6,30,0,0,0,2,4,1,1,1,0,0,1,19,0,0,18,0,0,10,0,0,9,0,0,6,0,0,13,0,0,9,0,0,12,0,0,3,0,0,1,0,0,2,0,0,1,0,0,8,0,0,10,0,0
201405DD01050,-2.726758,53.406429,1,2,2,2,21.50,1,3,70,0,0,0,0,0,4,5,2,0,0,2,9,9,0,18,18,0,10,10,0,9,9,0,6,6,0,13,13,0,9,9,0,12,12,0,4,4,0,1,1,0,6,2,0,2,1,0,6,6,0,8,1,0
201405DD01119,-2.607459,53.458467,1,3,1,7,7.40,1,3,70,0,0,0,0,0,1,2,2,0,0,2,9,21,9,18,18,18,10,10,10,9,9,9,1,6,6,13,13,13,5,9,9,6,12,12,1,3,5,1,1,1,1,1,6,1,1,2,6,7,4,2,1,9
201405DD01221,-2.618486,53.452415,1,2,1,6,4.47,6,6,30,3,4,6,0,0,4,1,2,0,0,1,19,9,0,7,18,0,10,10,0,6,1,0,5,6,0,13,13,0,9,9,0,12,12,0,3,5,0,1,1,0,6,1,0,1,1,0,5,6,0,11,1,0
201405DD01255,-2.67003,53.465638,1,2,1,2,17.55,3,6,30,3,4,6,0,0,4,1,1,0,0,1,9,8,0,9,18,0,10,10,0,6,1,0,6,6,0,13,13,0,9,9,0,12,12,0,3,1,0,1,1,0,6,6,0,1,1,0,9,5,0,6,10,0
201405DD01556,-2.691626,53.431951,1,2,1,3,11.0,4,6,50,0,0,0,0,0,1,1,2,0,0,2,9,21,0,16,18,0,10,10,0,9,9,0,6,6,0,13,13,0,1,9,0,12,12,0,1,1,0,1,1,0,6,1,0,1,1,0,9,10,0,11,3,0
201405DD01571,-2.792626,53.448267,1,2,1,3,18.2,4,6,40,0,0,0,0,0,4,3,4,0,0,2,9,9,0,16,16,0,10,10,0,9,9,0,6,6,0,13,13,0,9,9,0,12,12,0,1,2,0,1,1,0,6,6,0,1,2,0,4,6,0,7,1,0
201405DD01617,-2.760043,53.437396,1,1,1,6,21.51,6,2,30,3,4,6,0,0,4,5,2,0,0,1,9,0,0,9,0,0,10,0,0,5,0,0,6,0,0,13,0,0,9,0,0,12,0,0,1,0,0,1,0,0,2,0,0,1,0,0,9,0,0,10,0,0
201405DD01998,-2.699369,53.437829,1,1,1,6,12.20,6,6,30,0,0,0,0,0,1,1,1,0,0,1,9,0,0,18,0,0,10,0,0,9,0,0,6,0,0,13,0,0,9,0,0,12,0,0,4,0,0,1,0,0,6,0,0,2,0,0,8,0,0,4,0,0
201405DD02044,-2.743846,53.452958,1,1,1,3,20.40,3,6,30,0,0,0,0,0,4,1,1,0,0,1,9,0,0,18,0,0,10,0,0,9,0,0,6,0,0,13,0,0,9,0,0,12,0,0,3,0,0,1,0,0,6,0,0,2,0,0,7,0,0,7,0,0
201405DD02071,-2.613102,53.470663,1,2,1,4,8.0,3,3,60,0,0,0,0,0,1,1,1,0,0,2,9,5,0,11,15,0,10,10,0,9,9,0,6,6,0,13,13,0,9,9,0,12,12,0,4,3,0,1,1,0,1,1,0,1,1,0,5,8,0,5,2,0
201405DD02111,-2.754183,53.401477,1,2,3,7,21.32,1,3,70,0,0,0,0,0,6,1,2,0,0,2,9,21,0,3,3,0,10,10,0,9,9,0,6,6,0,13,13,0,9,9,0,12,12,0,1,2,0,1,1,0,6,1,0,1,1,0,6,8,0,14,1,0
201405DD02113,-2.772004,53.484358,1,2,2,4,15.0,3,3,60,0,0,0,0,0,1,1,1,0,0,1,3,3,0,18,18,0,10,10,0,9,9,0,6,6,0,13,13,0,9,9,0,12,12,0,3,4,0,1,1,0,6,6,0,1,1,0,4,4,0,5,1,0
201405DD02149,-2.73557,53.405368,1,2,1,1,19.5,1,3,70,0,0,0,0,0,6,1,1,0,0,2,9,9,0,18,18,0,10,10,0,9,9,0,1,2,0,13,13,0,9,9,0,12,12,0,4,3,0,1,1,0,6,6,0,1,1,0,8,8,0,15,4,0
201405DD02225,-2.674349,53.498612,1,2,1,3,15.15,6,6,30,3,4,6,0,0,1,1,1,0,0,1,9,5,0,9,18,0,10,10,0,1,1,0,6,1,0,13,13,0,9,9,0,12,12,0,4,1,0,1,1,0,1,6,0,1,1,0,9,6,0,12,12,0
201405DD03151,-2.695381,53.452675,1,1,1,4,23.41,3,1,30,1,4,6,0,0,4,2,2,0,0,1,9,0,0,18,0,0,10,0,0,4,0,0,6,0,0,9,0,0,3,0,0,1,0,0,1,0,0,1,0,0,6,0,0,1,0,0,5,0,0,8,0,0
201405DD03165,-2.755042,53.448277,1,1,1,3,17.30,3,6,30,3,2,3,0,4,1,1,2,4,0,1,11,0,0,18,0,0,10,0,0,1,0,0,6,0,0,13,0,0,9,0,0,12,0,0,1,0,0,1,0,0,1,0,0,1,0,0,9,0,0,2,0,0
201405DD03258,-2.730495,53.453355,1,1,1,3,9.42,6,6,30,3,4,6,0,0,1,1,1,0,0,1,11,0,0,18,0,0,10,0,0,8,0,0,6,0,0,13,0,0,9,0,0,12,0,0,4,0,0,1,0,0,1,0,0,1,0,0,9,0,0,5,0,0
201405DD03641,-2.754003,53.401478,1,2,2,5,16.18,1,3,70,0,0,0,0,0,1,1,1,0,2,2,19,9,0,2,18,0,10,10,0,9,9,0,6,1,0,13,13,0,9,4,0,12,6,0,5,4,0,1,1,0,2,2,0,1,1,0,6,7,0,10,7,0
201405DD03655,-2.719076,53.416534,1,1,1,3,15.10,6,6,30,3,4,6,0,0,1,1,1,0,0,1,19,0,0,18,0,0,10,0,0,8,0,0,6,0,0,13,0,0,9,0,0,12,0,0,1,0,0,1,0,0,1,0,0,1,0,0,6,0,0,9,0,0
201405DD03817,-2.613693,53.454174,1,1,1,4,10.10,3,6,30,3,2,3,0,0,1,1,1,0,0,1,9,0,0,18,0,0,10,0,0,1,0,0,6,0,0,13,0,0,1,0,0,11,0,0,1,0,0,1,0,0,2,0,0,1,0,0,7,0,0,9,0,0
201405DD03977,-2.747501,53.403784,1,2,2,2,15.37,3,1,30,1,2,1,0,5,1,1,1,0,0,2,9,9,0,18,3,0,10,10,0,1,1,0,6,6,0,13,13,0,9,9,0,12,12,0,1,2,0,1,1,0,6,6,0,1,1,0,9,6,0,11,9,0
201405DD04238,-2.729967,53.441871,1,1,1,4,16.52,3,3,40,1,4,3,0,0,1,1,1,0,0,2,9,0,0,16,0,0,10,0,0,3,0,0,6,0,0,13,0,0,9,0,0,12,0,0,1,0,0,1,0,0,6,0,0,2,0,0,6,0,0,4,0,0
201405DD04508,-2.753074,53.459606,1,2,2,7,14.23,3,2,30,6,4,6,0,4,1,1,1,0,0,1,9,5,0,18,8,0,10,10,0,8,8,0,6,1,0,13,13,0,9,9,0,12,12,0,3,1,0,1,1,0,6,6,0,1,1,0,11,6,0,2,16,0
201405DD04814,-2.759126,53.438336,1,1,1,1,14.20,4,6,30,3,4,6,0,8,1,1,1,0,0,1,9,0,0,18,0,0,10,0,0,2,0,0,6,0,0,13,0,0,9,0,0,12,0,0,1,0,0,1,0,0,6,0,0,1,0,0,7,0,0,12,0,0
201405DD04866,-2.676137,53.412929,1,2,1,2,11.10,1,3,70,0,0,0,0,0,1,2,2,0,0,2,21,21,0,11,18,0,10,10,0,9,9,0,3,6,0,13,13,0,9,9,0,12,12,0,1,2,0,1,1,0,1,1,0,1,1,0,6,9,0,7,4,0
201405DD04881,-2.676941,53.413338,1,4,3,2,17.18,1,3,70,0,0,0,0,0,1,1,1,0,0,2,9,9,9,18,18,18,10,10,10,9,9,9,6,6,6,13,13,13,9,9,9,12,12,12,1,2,1,1,1,1,6,6,6,2,2,2,7,9,5,7,1,7
201405DD04989,-2.747128,53.457208,1,1,1,3,17.30,3,6,30,3,4,6,0,5,1,1,1,0,0,1,9,0,0,18,0,0,10,0,0,2,0,0,6,0,0,13,0,0,9,0,0,12,0,0,1,0,0,1,0,0,6,0,0,1,0,0,5,0,0,4,0,0
201405DD05100,-2.719265,53.490988,1,1,1,4,15.30,6,6,30,3,4,6,0,0,1,2,2,0,0,2,9,0,0,9,0,0,10,0,0,1,0,0,6,0,0,13,0,0,9,0,0,12,0,0,1,0,0,1,0,0,1,0,0,1,0,0,10,0,0,3,0,0
201405EE01017,-2.967693,53.419462,1,2,2,5,17.30,3,6,30,3,4,3,0,0,4,1,1,0,0,1,9,9,0,9,18,0,10,10,0,8,8,0,6,6,0,13,13,0,9,9,0,12,12,0,1,3,0,1,1,0,6,6,0,1,1,0,7,7,0,5,6,0
201405EE01074,-2.943072,53.412495,1,1,1,4,16.40,3,6,30,0,0,0,0,4,4,2,2,0,0,1,9,0,0,11,0,0,10,0,0,9,0,0,6,0,0,13,0,0,9,0,0,12,0,0,3,0,0,1,0,0,6,0,0,1,0,0,10,0,0,3,0,0
201405EE01141,-2.915742,53.424717,1,2,1,2,16.15,3,3,40,3,4,6,0,8,4,1,2,0,0,1,9,9,0,18,18,0,10,10,0,6,8,0,6,6,0,13,13,0,9,9,0,12,12,0,3,1,0,1,1,0,6,6,0,1,2,0,7,8,0,3,9,0
201405EE01179,-2.895531,53.441203,1,2,1,6,8.30,6,6,30,0,0,0,0,0,1,1,2,0,0,2,19,9,0,4,18,0,10,10,0,9,9,0,6,6,0,13,13,0,9,9,0,12,12,0,2,1,0,1,1,0,1,6,0,1,2,0,8,11,0,10,5,0
201405EE01215,-2.962422,53.457879,1,1,1,5,21.15,3,3,30,3,2,3,0,4,4,1,1,0,0,1,9,0,0,9,0,0,10,0,0,8,0,0,6,0,0,13,0,0,9,0,0,12,0,0,1,0,0,1,0,0,2,0,0,2,0,0,8,0,0,10,0,0
201405EE01229,-2.921872,53.415213,1,1,1,2,17.45,6,6,30,3,4,3,0,0,7,1,1,0,0,1,9,0,0,9,0,0,10,0,0,5,0,0,6,0,0,13,0,0,9,0,0,12,0,0,1,0,0,1,0,0,6,0,0,2,0,0,8,0,0,8,0,0
201405EE01274,-2.979221,53.406406,1,1,1,6,12.20,3,6,30,3,2,6,0,5,1,1,2,0,0,1,11,0,0,18,0,0,10,0,0,1,0,0,6,0,0,13,0,0,9,0,0,12,0,0,5,0,0,1,0,0,1,0,0,1,0,0,7,0,0,3,0,0
201405EE01326,-2.916048,53.448041,1,2,5,1,16.38,6,3,30,0,0,0,0,0,1,1,2,0,0,1,9,8,0,1,18,0,10,10,0,9,9,0,6,6,0,13,13,0,9,4,0,12,2,0,5,1,0,1,1,0,6,1,0,2,1,0,10,8,0,4,5,0
201405EE01360,-2.955988,53.467153,1,1,1,3,6.42,6,6,30,3,4,3,0,0,7,2,2,0,0,1,9,0,0,9,0,0,9,0,0,5,0,0,6,0,0,13,0,0,9,0,0,12,0,0,1,0,0,1,0,0,1,0,0,1,0,0,7,0,0,6,0,0
201405EE01389,-2.950187,53.416492,1,2,1,5,15.50,6,6,30,3,4,6,0,0,1,1,2,0,0,1,3,10,0,18,4,0,10,10,0,1,1,0,6,6,0,13,13,0,9,9,0,12,12,0,1,2,0,1,1,0,2,1,0,1,1,0,5,9,0,1,12,0
201405EE01471,-2.885439,53.427929,1,2,1,4,19.23,6,6,30,0,0,0,0,0,4,1,2,0,0,1,9,8,0,18,2,0,10,10,0,9,9,0,6,6,0,13,13,0,9,9,0,12,12,0,4,4,0,1,1,0,6,1,0,1,1,0,11,9,0,6,10,0
201405EE01474,-2.97933,53.405254,1,1,1,7,18.0,6,2,30,3,2,6,0,4,4,1,2,0,0,1,8,0,0,18,0,0,10,0,0,2,0,0,6,0,0,13,0,0,9,0,0,12,0,0,1,0,0,1,0,0,1,0,0,1,0,0,8,0,0,5,0,0
201405EE01547,-2.950525,53.441758,1,1,1,2,17.45,3,3,40,3,4,6,0,4,4,1,1,0,0,1,8,0,0,5,0,0,10,0,0,2,0,0,6,0,0,13,0,0,9,0,0,12,0,0,1,0,0,1,0,0,1,0,0,1,0,0,7,0,0,7,0,0
201405EE01676,-2.921659,53.417902,1,1,1,4,18.24,4,6,30,6,4,6,0,0,4,1,1,0,0,1,9,0,0,18,0,0,10,0,0,2,0,0,6,0,0,13,0,0,9,0,0,12,0,0,1,0,0,1,0,0,6,0,0,1,0,0,7,0,0,1,0,0
201405EE01737,-2.917631,53.409717,1,2,1,6,20.30,3,6,30,6,4,4,0,5,4,5,2,0,0,1,9,9,0,9,18,0,10,10,0,8,8,0,6,1,0,13,13,0,9,9,0,12,12,0,4,1,0,1,1,0,6,2,0,1,2,0,6,8,0,6,4,0
201405EE01777,-2.948446,53.40856,1,2,2,4,10.0,6,6,30,9,4,3,0,0,1,1,1,0,0,1,9,9,0,18,18,0,10,10,0,1,1,0,6,6,0,10,13,0,1,9,0,12,12,0,3,4,0,1,1,0,6,6,0,2,1,0,7,6,0,13,8,0
201405EE01785,-2.92076,53.455654,1,2,3,4,6.50,6,6,40,3,4,6,0,0,1,1,2,0,0,1,9,8,0,9,18,0,10,10,0,6,1,0,6,6,0,13,13,0,9,9,0,12,12,0,3,1,0,1,1,0,6,1,0,2,1,0,5,9,0,10,11,0
201405EE01794,-2.915713,53.424753,1,2,1,5,18.10,3,3,40,6,4,6,0,0,4,1,1,0,0,1,9,9,0,9,18,0,10,10,0,1,1,0,6,6,0,13,13,0,9,9,0,12,12,0,1,1,0,1,1,0,2,2,0,2,2,0,6,5,0,10,5,0
201405EE01796,-2.981227,53.404681,1,1,1,5,16.10,4,6,30,3,4,6,0,4,1,1,1,0,0,1,11,0,0,18,0,0,10,0,0,1,0,0,6,0,0,13,0,0,9,0,0,12,0,0,1,0,0,1,0,0,1,0,0,1,0,0,7,0,0,3,0,0
201405EE01862,-2.987753,53.427936,1,1,1,3,15.30,3,6,30,0,0,0,0,0,1,1,1,0,0,1,8,0,0,18,0,0,9,0,0,9,0,0,6,0,0,13,0,0,7,0,0,11,0,0,1,0,0,1,0,0,1,0,0,1,0,0,9,0,0,14,0,0
201405EE01920,-2.978287,53.421416,1,1,1,6,15.17,6,6,30,0,0,0,0,0,1,1,1,0,0,1,9,0,0,18,0,0,10,0,0,9,0,0,6,0,0,13,0,0,9,0,0,12,0,0,4,0,0,1,0,0,6,0,0,1,0,0,9,0,0,9,0,0
201405EE01953,-2.930182,53.405773,1,1,1,2,17.50,6,6,30,0,0,0,2,4,1,1,1,0,0,1,9,0,0,18,0,0,10,0,0,9,0,0,6,0,0,13,0,0,9,0,0,12,0,0,1,0,0,1,0,0,6,0,0,1,0,0,9,0,0,12,0,0
201405EE01993,-2.975622,53.410831,1,1,1,5,19.12,3,3,30,6,2,4,0,4,4,1,1,0,0,1,9,0,0,18,0,0,10,0,0,1,0,0,6,0,0,13,0,0,9,0,0,12,0,0,1,0,0,1,0,0,6,0,0,1,0,0,5,0,0,1,0,0
201405EE02100,-2.92209,53.429459,1,3,4,6,9.43,3,6,40,3,4,6,0,0,1,1,1,0,0,1,9,19,9,18,18,18,10,10,10,1,1,1,6,6,6,13,13,13,9,9,9,12,12,12,1,1,2,1,1,1,1,1,6,1,1,2,7,4,9,5,5,11
201405EE02132,-3.000187,53.424192,1,3,2,7,13.10,3,6,30,3,4,6,0,0,1,1,2,6,0,1,9,9,9,18,2,2,10,10,10,2,2,2,1,6,6,4,13,13,9,9,9,12,12,12,1,1,2,1,1,1,6,6,6,1,1,1,5,7,7,8,8,11
201405EE02226,-2.979248,53.403017,1,1,2,1,21.39,6,6,30,6,4,6,0,0,4,1,1,0,0,1,9,0,0,18,0,0,10,0,0,2,0,0,6,0,0,13,0,0,1,0,0,11,0,0,1,0,0,1,0,0,6,0,0,1,0,0,7,0,0,4,0,0
201405EE02230,-2.996668,53.422388,1,2,3,4,22.20,3,6,30,6,4,6,0,0,4,1,1,0,0,1,9,9,0,18,18,0,10,10,0,6,8,0,6,6,0,13,13,0,1,9,0,11,12,0,3,1,0,1,1,0,6,2,0,1,1,0,6,9,0,10,16,0
201405EE02325,-2.988849,53.410326,1,2,1,4,17.50,3,6,30,3,4,6,0,0,1,1,1,0,0,1,9,5,0,9,18,0,10,10,0,1,8,0,6,6,0,13,13,0,9,9,0,12,12,0,1,3,0,1,1,0,6,2,0,2,1,0,6,7,0,6,5,0
201405EE02334,-2.937932,53.413443,1,1,1,3,19.45,3,6,30,3,4,6,0,0,1,1,1,0,0,1,11,0,0,18,0,0,10,0,0,8,0,0,6,0,0,13,0,0,9,0,0,12,0,0,1,0,0,1,0,0,6,0,0,1,0,0,6,0,0,5,0,0
201405EE02384,-2.914238,53.409312,1,2,1,1,23.13,3,3,30,6,2,6,0,4,4,1,1,0,0,1,9,9,0,9,18,0,10,10,0,8,8,0,6,6,0,13,13,0,9,9,0,12,12,0,4,1,0,1,1,0,6,6,0,2,2,0,8,11,0,2,12,0
201405EE02407,-2.950637,53.422493,1,1,2,2,12.55,6,6,30,3,4,6,0,0,1,1,1,0,0,1,8,0,0,1,0,0,10,0,0,1,0,0,6,0,0,13,0,0,9,0,0,12,0,0,2,0,0,1,0,0,1,0,0,1,0,0,7,0,0,8,0,0
201405EE02536,-2.988491,53.40526,1,1,1,6,22.2,6,6,30,3,2,6,0,4,4,2,2,0,0,1,8,0,0,9,0,0,10,0,0,2,0,0,6,0,0,13,0,0,9,0,0,12,0,0,1,0,0,1,0,0,1,0,0,1,0,0,7,0,0,6,0,0
201405EE02644,-2.975334,53.435751,1,2,7,2,11.5,6,6,30,3,4,6,0,0,1,1,1,0,0,1,9,11,0,9,18,0,10,10,0,5,1,0,6,6,0,13,13,0,9,9,0,12,12,0,4,1,0,1,1,0,6,1,0,1,1,0,8,7,0,5,11,0
201405EE02944,-2.87236,53.428664,1,1,1,1,21.48,6,6,30,3,2,6,0,5,4,1,1,0,0,1,9,0,0,14,0,0,10,0,0,2,0,0,6,0,0,13,0,0,9,0,0,12,0,0,1,0,0,1,0,0,6,0,0,1,0,0,5,0,0,8,0,0
201405EE03003,-2.985781,53.40254,1,1,1,1,23.38,4,6,30,0,0,0,0,0,4,1,1,0,0,1,8,0,0,18,0,0,10,0,0,9,0,0,6,0,0,13,0,0,9,0,0,12,0,0,3,0,0,1,0,0,1,0,0,1,0,0,6,0,0,11,0,0
201405EE03043,-2.982007,53.42286,1,1,1,4,17.51,3,3,30,0,0,0,0,5,1,2,2,0,0,1,21,0,0,18,0,0,10,0,0,9,0,0,6,0,0,13,0,0,9,0,0,12,0,0,3,0,0,1,0,0,1,0,0,1,0,0,7,0,0,2,0,0
201405EE03166,-2.956822,53.443955,1,1,1,2,5.30,3,3,40,6,2,3,0,0,1,2,2,6,0,1,4,0,0,7,0,0,10,0,0,2,0,0,1,0,0,13,0,0,9,0,0,12,0,0,5,0,0,1,0,0,1,0,0,1,0,0,5,0,0,2,0,0
201405EE03219,-2.970917,53.440084,1,2,1,1,1.13,3,6,30,6,2,6,0,0,4,1,1,0,0,1,5,9,0,18,7,0,10,10,0,8,8,0,1,6,0,13,13,0,9,9,0,12,12,0,1,1,0,1,1,0,6,6,0,1,1,0,5,5,0,4,3,0
201405EE03261,-2.954249,53.41175,1,1,2,2,16.34,6,6,30,6,2,3,0,0,1,1,1,0,0,1,9,0,0,8,0,0,10,0,0,2,0,0,6,0,0,13,0,0,9,0,0,12,0,0,3,0,0,1,0,0,6,0,0,1,0,0,8,0,0,10,0,0
201405EE03266,-2.95568,53.470194,1,1,1,3,9.25,3,6,30,6,4,6,0,4,1,1,1,0,0,1,9,0,0,9,0,0,10,0,0,8,0,0,6,0,0,13,0,0,9,0,0,12,0,0,1,0,0,1,0,0,6,0,0,2,0,0,6,0,0,3,0,0
201405EE03440,-2.943393,53.434452,1,1,1,1,17.15,6,6,30,0,0,0,0,0,1,1,1,0,0,1,9,0,0,18,0,0,10,0,0,9,0,0,6,0,0,13,0,0,9,0,0,12,0,0,1,0,0,1,0,0,6,0,0,1,0,0,6,0,0,1,0,0
201405EE03613,-2.926805,53.449693,1,1,1,6,20.16,6,6,30,0,0,0,0,0,1,1,1,0,0,1,8,0,0,18,0,0,10,0,0,9,0,0,6,0,0,13,0,0,9,0,0,12,0,0,3,0,0,1,0,0,1,0,0,1,0,0,8,0,0,8,0,0
201405EE03644,-2.991358,53.399195,1,1,1,6,18.7,6,6,20,0,0,0,0,0,1,2,2,0,0,1,11,0,0,18,0,0,10,0,0,9,0,0,6,0,0,13,0,0,9,0,0,12,0,0,4,0,0,1,0,0,1,0,0,1,0,0,7,0,0,1,0,0
201405EE03830,-2.977095,53.41668,1,2,1,4,16.35,6,6,30,6,4,6,0,0,1,1,1,0,0,1,9,5,0,6,18,0,10,10,0,1,1,0,6,6,0,13,13,0,9,9,0,12,12,0,1,1,0,1,1,0,2,2,0,1,1,0,8,9,0,6,14,0
201405EE03855,-2.947141,53.430414,1,1,1,7,18.27,6,6,30,9,4,6,0,0,1,1,1,0,0,1,9,0,0,18,0,0,10,0,0,1,0,0,6,0,0,13,0,0,9,0,0,12,0,0,3,0,0,1,0,0,6,0,0,2,0,0,5,0,0,9,0,0
201405EE04030,-2.889,53.418986,1,1,1,5,8.21,3,1,30,1,2,6,0,4,1,1,1,0,0,1,19,0,0,18,0,0,10,0,0,3,0,0,6,0,0,13,0,0,9,0,0,12,0,0,5,0,0,1,0,0,1,0,0,1,0,0,7,0,0,13,0,0
201405EE04043,-2.963683,53.439756,1,1,1,5,18.5,6,6,30,0,0,0,0,0,1,1,1,0,0,1,9,0,0,18,0,0,10,0,0,9,0,0,6,0,0,13,0,0,9,0,0,12,0,0,3,0,0,1,0,0,6,0,0,2,0,0,6,0,0,2,0,0
201405EE04093,-2.938038,53.452428,1,2,1,3,17.15,4,6,30,0,0,0,0,0,1,1,1,0,0,1,9,3,0,18,14,0,10,10,0,9,9,0,6,6,0,13,13,0,9,9,0,12,12,0,1,1,0,1,1,0,6,6,0,2,1,0,8,5,0,7,6,0
201405EE04097,-2.936148,53.413718,1,1,1,4,12.5,3,6,30,3,4,6,0,4,1,1,1,0,0,1,9,0,0,14,0,0,10,0,0,8,0,0,6,0,0,13,0,0,9,0,0,12,0,0,1,0,0,1,0,0,6,0,0,2,0,0,10,0,0,12,0,0
201405EE04227,-2.93728,53.451526,1,3,5,4,13.32,4,6,30,3,4,6,0,0,1,1,1,0,0,1,9,9,9,18,3,3,10,10,10,1,1,1,6,6,6,13,13,13,9,9,9,12,12,12,1,2,2,1,1,1,6,6,6,1,1,1,6,7,8,8,9,18
201405EE04276,-2.981254,53.442462,1,2,1,5,23.27,3,6,30,3,4,6,0,8,4,1,1,0,0,1,9,3,0,6,18,0,10,10,0,2,1,0,6,6,0,13,13,0,9,9,0,12,12,0,3,1,0,1,1,0,2,2,0,1,1,0,9,4,0,11,17,0
201405EE04822,-2.966948,53.417104,1,1,1,7,17.40,3,6,30,6,4,6,0,0,1,1,1,0,0,1,19,0,0,18,0,0,10,0,0,8,0,0,6,0,0,13,0,0,9,0,0,12,0,0,1,0,0,1,0,0,6,0,0,1,0,0,7,0,0,7,0,0
201405EE04827,-2.98047,53.407735,1,2,8,6,16.15,3,3,30,0,0,0,0,5,1,1,1,0,0,1,11,9,0,18,4,0,10,10,0,9,9,0,6,6,0,13,13,0,9,9,0,12,12,0,1,2,0,1,1,0,1,6,0,1,1,0,7,7,0,3,1,0
201405EE05037,-2.981121,53.42622,1,3,2,1,19.50,3,3,30,3,2,3,0,0,4,4,2,1,0,1,9,9,9,18,9,3,10,10,10,8,8,1,6,6,6,13,13,13,1,9,9,12,12,12,1,4,1,1,1,1,2,6,6,1,1,2,6,9,5,7,6,6
201405FF01300,-2.962382,53.387486,1,2,1,6,15.50,6,6,30,6,4,6,0,0,1,2,2,0,0,1,9,8,0,18,18,0,10,10,0,8,8,0,6,6,0,13,13,0,9,9,0,12,12,0,1,3,0,1,1,0,6,6,0,1,1,0,4,9,0,12,15,0
201405FF01345,-2.948669,53.40303,1,1,1,2,16.20,3,6,30,3,4,6,0,0,1,1,1,0,0,1,9,0,0,18,0,0,10,0,0,1,0,0,6,0,0,13,0,0,9,0,0,12,0,0,1,0,0,1,0,0,6,0,0,2,0,0,6,0,0,3,0,0
201405FF01401,-2.924409,53.386473,1,1,2,7,19.32,6,6,30,3,4,6,0,0,4,1,2,0,0,1,9,0,0,9,0,0,10,0,0,5,0,0,6,0,0,13,0,0,9,0,0,12,0,0,1,0,0,1,0,0,2,0,0,1,0,0,4,0,0,12,0,0
201405FF01440,-2.873275,53.369734,1,2,1,2,6.2,3,3,30,0,0,0,0,0,4,1,1,0,0,1,19,9,0,18,18,0,10,10,0,9,9,0,6,6,0,13,13,0,7,9,0,4,12,0,1,5,0,1,1,0,6,6,0,1,1,0,6,7,0,13,2,0