Accident_Index,Longitude,Latitude,SV,Number_of_Vehicles,Number_of_Casualties,Day_of_Week,Time,1st_Road_Class,Road_Type,Speed_limit,Junction_Detail,Junction_Control,2nd_Road_Class,Pedestrian_Crossing-Human_Control,Pedestrian_Crossing-Physical_Facilities,Light_Conditions,Weather_Conditions,Road_Surface_Conditions,Special_Conditions_at_Site,Carriageway_Hazards,Urban_or_Rural_Area,Vehicle1_Type,Vehicle2_Type,Vehicle3_Type,Vehicle1_Manoeuvre,Vehicle2_Manoeuvre,Vehicle3_Manoeuvre,Vehicle1_Location-Restricted_Lane,Vehicle2_Location-Restricted_Lane,Vehicle3_Location-Restricted_Lane,Junction1_Location,Junction2_Location,Junction3_Location,Skidding1_and_Overturning,Skidding2_and_Overturning,Skidding3_and_Overturning,Hit_Object_in_Carriageway1,Hit_Object_in_Carriageway2,Hit_Object_in_Carriageway3,Vehicle1_Leaving_Carriageway,Vehicle2_Leaving_Carriageway,Vehicle3_Leaving_Carriageway,Hit_Object_off_Carriageway1,Hit_Object_off_Carriageway2,Hit_Object_off_Carriageway3,1st_Point_of_Impact1,1st_Point_of_Impact2,1st_Point_of_Impact3,Was_Vehicle 1_Left_Hand_Drive?,Was_Vehicle2_Left_Hand_Drive?,Was_Vehicle 3_Left_Hand_Drive?,Journey_Purpose_of_Driver1,Journey_Purpose_of_Driver2,Journey_Purpose_of_Driver3,Sex_of_Driver1,Sex_of_Driver2,Sex_of_Driver3,Age_Band_of_Driver1,Age_Band_of_Driver2,Age_Band_of_Driver3,Age_of_Vehicle1,Age_of_Vehicle2,Age_of_Vehicle3
201406E090108,-2.252257,53.42921,1,2,1,7,4.10,3,3,40,0,0,0,0,0,4,1,1,0,0,1,3,9,0,7,18,0,10,10,0,9,9,0,6,6,0,10,13,0,1,9,0,4,12,0,1,5,0,1,1,0,6,1,0,1,1,0,5,6,0,2,3,0
201406E091164,-2.283732,53.386991,1,2,3,1,19.0,5,6,30,0,0,0,0,0,1,1,1,0,0,1,9,9,0,17,2,0,10,10,0,9,9,0,1,6,0,13,13,0,7,9,0,4,12,0,3,3,0,1,1,0,6,6,0,1,1,0,5,9,0,9,15,0
201406E091422,-2.240115,53.371204,1,2,2,1,16.55,5,6,30,6,2,4,0,5,1,1,1,0,0,1,9,9,0,9,18,0,10,10,0,8,8,0,6,6,0,7,13,0,9,9,0,12,12,0,1,1,0,1,1,0,6,6,0,2,1,0,7,5,0,7,1,0
201406E091501,-2.228496,53.460898,1,1,1,5,18.16,4,6,30,3,4,6,0,0,1,1,1,0,0,1,5,0,0,18,0,0,10,0,0,8,0,0,6,0,0,13,0,0,9,0,0,12,0,0,3,0,0,1,0,0,6,0,0,1,0,0,7,0,0,5,0,0
201406E091782,-2.232104,53.415309,1,1,1,2,13.51,3,6,30,3,4,6,0,0,1,1,1,0,0,1,11,0,0,18,0,0,10,0,0,8,0,0,6,0,0,13,0,0,9,0,0,12,0,0,5,0,0,1,0,0,1,0,0,2,0,0,7,0,0,6,0,0
201406E092373,-2.241161,53.457835,1,1,4,1,6.0,4,6,30,3,4,6,0,0,4,1,1,0,0,1,9,0,0,17,0,0,10,0,0,8,0,0,6,0,0,7,0,0,9,0,0,12,0,0,1,0,0,1,0,0,6,0,0,1,0,0,5,0,0,8,0,0
201406E092422,-2.245414,53.456271,1,1,1,6,17.57,6,3,30,7,2,3,0,5,1,1,1,0,0,1,9,0,0,9,0,0,10,0,0,1,0,0,6,0,0,13,0,0,9,0,0,12,0,0,3,0,0,1,0,0,6,0,0,1,0,0,8,0,0,12,0,0
201406E092868,-2.267172,53.453321,1,2,3,4,15.23,4,6,30,6,4,6,0,0,1,1,2,0,0,1,9,9,0,18,18,0,10,10,0,8,8,0,6,6,0,13,13,0,9,1,0,12,10,0,1,3,0,1,1,0,6,6,0,1,1,0,6,6,0,8,8,0
201406E093456,-2.219596,53.452268,1,3,1,4,13.50,3,6,30,3,4,6,0,0,1,1,1,0,0,1,5,9,9,15,2,2,10,10,10,2,2,2,6,6,6,13,13,13,9,9,9,12,12,12,4,4,1,1,1,1,6,6,6,1,1,1,6,9,7,6,5,9
201406E093570,-2.277069,53.442243,1,1,1,3,12.30,4,6,30,0,0,0,0,0,1,1,1,0,0,1,9,0,0,18,0,0,10,0,0,9,0,0,6,0,0,13,0,0,9,0,0,12,0,0,1,0,0,1,0,0,6,0,0,1,0,0,9,0,0,12,0,0
201406E093672,-2.243996,53.37178,1,1,1,2,10.40,5,6,30,3,4,6,0,0,1,2,2,0,0,1,9,0,0,18,0,0,10,0,0,8,0,0,6,0,0,13,0,0,9,0,0,12,0,0,4,0,0,1,0,0,2,0,0,2,0,0,9,0,0,9,0,0
201406E094217,-2.271368,53.386247,1,2,1,2,13.25,6,6,20,3,4,6,0,0,1,1,1,0,0,1,9,3,0,18,18,0,10,10,0,8,8,0,6,6,0,13,13,0,9,9,0,12,12,0,1,1,0,1,1,0,2,2,0,2,1,0,8,5,0,8,1,0
201406E095052,-2.274828,53.442491,1,3,3,7,13.8,3,6,30,6,2,6,0,5,1,1,1,0,0,1,9,9,9,18,18,18,10,10,10,8,8,8,6,6,6,13,13,13,9,9,9,12,12,12,1,4,1,1,1,1,1,6,6,2,1,1,7,6,6,1,4,11
201406E095433,-2.244494,53.453406,1,1,1,3,16.10,5,6,20,8,4,6,0,0,4,2,2,0,0,1,20,0,0,7,0,0,10,0,0,2,0,0,6,0,0,13,0,0,9,0,0,12,0,0,4,0,0,1,0,0,1,0,0,1,0,0,6,0,0,11,0,0
201406F081956,-2.291709,53.489246,1,1,1,6,20.38,6,6,30,3,4,5,0,0,4,2,2,0,0,1,9,0,0,18,0,0,10,0,0,1,0,0,6,0,0,13,0,0,9,0,0,12,0,0,1,0,0,1,0,0,6,0,0,2,0,0,5,0,0,11,0,0
201406F082735,-2.416869,53.448255,1,4,3,7,15.12,6,6,30,3,4,6,0,0,1,2,2,0,0,1,9,9,9,18,9,2,10,10,10,8,6,1,1,1,6,13,4,4,9,9,9,12,9,12,1,3,2,1,1,1,6,6,6,1,2,1,4,6,6,1,3,13
201406F083325,-2.282303,53.489052,1,2,2,1,4.9,6,6,30,3,4,6,0,0,4,1,1,0,0,1,9,8,0,16,18,0,10,10,0,1,2,0,6,6,0,10,13,0,9,9,0,12,12,0,1,1,0,1,1,0,6,1,0,1,1,0,6,8,0,6,4,0
201406F085462,-2.398016,53.522134,1,2,1,4,12.5,3,3,30,6,4,6,0,0,1,1,1,0,0,1,9,3,0,9,18,0,10,10,0,8,8,0,6,6,0,13,13,0,9,9,0,12,12,0,3,1,0,1,1,0,6,6,0,2,1,0,7,5,0,7,5,0
201406F086053,-2.254248,53.505636,1,1,1,5,15.12,3,6,30,0,0,0,0,4,1,1,1,0,0,1,9,0,0,18,0,0,10,0,0,9,0,0,6,0,0,13,0,0,9,0,0,12,0,0,1,0,0,1,0,0,6,0,0,1,0,0,8,0,0,5,0,0
201406F087155,-2.351877,53.513155,1,1,1,7,19.0,6,6,30,0,0,0,0,0,1,1,1,0,0,1,19,0,0,18,0,0,10,0,0,9,0,0,6,0,0,13,0,0,9,0,0,12,0,0,4,0,0,1,0,0,1,0,0,1,0,0,5,0,0,1,0,0
201406F087816,-2.394595,53.465678,1,2,1,4,16.35,3,3,50,8,4,6,0,0,1,1,1,0,0,2,21,5,0,7,18,0,10,10,0,8,8,0,6,6,0,13,13,0,9,9,0,12,12,0,5,5,0,1,1,0,1,6,0,1,1,0,8,7,0,3,8,0
201406F087880,-2.331785,53.518318,1,2,1,2,13.0,3,6,30,3,4,6,0,0,1,1,1,0,0,1,9,3,0,9,18,0,10,10,0,8,8,0,6,6,0,13,13,0,9,9,0,12,12,0,5,5,0,1,1,0,6,6,0,2,1,0,8,4,0,8,6,0
201406F089523,-2.26519,53.475986,1,2,1,7,21.39,3,3,40,6,2,4,0,5,4,2,2,0,0,1,9,9,0,9,18,0,10,10,0,8,8,0,6,6,0,13,13,0,9,9,0,12,12,0,4,1,0,1,1,0,6,6,0,2,1,0,6,8,0,7,25,0
201406F089806,-2.374839,53.474964,1,3,1,6,9.38,3,6,30,3,4,6,0,0,1,1,1,0,0,1,5,21,9,13,17,16,10,10,10,2,2,1,1,6,6,13,13,13,9,9,9,12,12,12,3,3,1,1,1,1,6,1,6,1,1,2,9,8,6,13,5,2
201406F089913,-2.326853,53.48893,1,2,1,3,20.54,3,6,30,3,4,6,0,4,4,1,2,0,0,1,9,4,0,1,18,0,2,10,0,1,1,0,6,6,0,13,13,0,9,9,0,12,12,0,1,1,0,1,1,0,2,6,0,1,1,0,6,6,0,12,15,0
201406F090632,-2.268794,53.476481,1,1,1,3,12.25,3,3,40,6,2,3,0,5,1,1,1,0,0,1,9,0,0,18,0,0,10,0,0,1,0,0,6,0,0,13,0,0,9,0,0,12,0,0,1,0,0,1,0,0,6,0,0,1,0,0,7,0,0,5,0,0
201406F090911,-2.331164,53.516037,1,2,1,4,17.8,5,6,30,8,4,6,0,0,1,1,1,0,0,1,9,5,0,9,18,0,10,10,0,8,8,0,6,6,0,13,13,0,9,9,0,12,12,0,4,1,0,1,1,0,6,6,0,2,1,0,6,7,0,8,9,0
201406F091448,-2.265207,53.493253,1,1,1,5,8.39,6,6,20,3,4,5,0,0,1,1,1,0,0,1,9,0,0,7,0,0,10,0,0,2,0,0,6,0,0,13,0,0,9,0,0,12,0,0,1,0,0,1,0,0,3,0,0,2,0,0,6,0,0,10,0,0
201406F091637,-2.324277,53.489099,1,1,1,3,8.8,3,6,30,0,0,0,0,0,1,1,1,0,0,1,11,0,0,18,0,0,2,0,0,9,0,0,6,0,0,13,0,0,9,0,0,12,0,0,1,0,0,1,0,0,3,0,0,1,0,0,9,0,0,13,0,0
201406F091876,-2.25752,53.483311,1,2,2,3,8.30,3,3,30,6,2,3,0,5,1,1,1,0,0,1,9,9,0,9,18,0,10,10,0,8,8,0,6,6,0,13,13,0,9,9,0,12,12,0,1,3,0,1,1,0,2,2,0,2,1,0,5,6,0,8,10,0
201406F092000,-2.293054,53.491948,1,2,1,6,11.52,3,6,30,0,0,0,0,0,1,1,1,0,0,1,5,19,0,18,5,0,10,10,0,9,9,0,6,5,0,13,13,0,9,9,0,12,12,0,1,2,0,1,1,0,6,1,0,1,1,0,5,8,0,2,5,0
201406F092023,-2.258989,53.501833,1,1,1,4,8.30,3,6,30,6,4,6,0,0,1,1,2,0,0,1,9,0,0,9,0,0,10,0,0,6,0,0,6,0,0,13,0,0,9,0,0,12,0,0,3,0,0,1,0,0,1,0,0,2,0,0,6,0,0,2,0,0
201406F093092,-2.339646,53.513056,1,1,1,3,13.50,4,6,30,0,0,0,0,5,1,4,2,0,0,1,9,0,0,18,0,0,10,0,0,9,0,0,6,0,0,13,0,0,9,0,0,12,0,0,4,0,0,1,0,0,2,0,0,2,0,0,7,0,0,9,0,0
201406F094174,-2.399707,53.523953,1,1,1,7,15.35,3,3,30,0,0,0,0,0,1,1,1,0,0,1,9,0,0,18,0,0,9,0,0,9,0,0,6,0,0,13,0,0,9,0,0,12,0,0,4,0,0,1,0,0,6,0,0,2,0,0,5,0,0,6,0,0
201406F095087,-2.338364,53.511127,1,1,1,4,17.32,3,3,30,6,2,6,0,5,4,2,2,0,0,1,9,0,0,18,0,0,10,0,0,2,0,0,6,0,0,13,0,0,9,0,0,12,0,0,3,0,0,1,0,0,2,0,0,2,0,0,7,0,0,5,0,0
201406F095103,-2.419153,53.502763,1,1,1,3,11.0,3,6,30,3,4,6,0,0,1,1,2,0,0,1,9,0,0,17,0,0,10,0,0,1,0,0,6,0,0,13,0,0,9,0,0,12,0,0,1,0,0,1,0,0,6,0,0,1,0,0,9,0,0,5,0,0
201406F095506,-2.311346,53.501492,1,2,1,3,22.35,4,6,30,3,4,5,0,0,4,8,2,0,0,1,9,3,0,3,3,0,10,10,0,1,1,0,6,6,0,13,13,0,9,9,0,12,12,0,1,2,0,1,1,0,6,6,0,2,1,0,6,5,0,8,3,0
201406G081818,-2.033951,53.466846,1,2,1,5,20.15,5,6,30,3,4,6,0,0,4,1,1,0,0,1,9,4,0,9,18,0,10,10,0,8,8,0,6,6,0,13,13,0,9,9,0,12,12,0,1,1,0,1,1,0,6,6,0,1,1,0,8,6,0,3,10,0
201406G083404,-2.047377,53.484666,1,2,2,6,16.25,4,6,30,3,4,6,0,0,1,1,1,0,0,1,9,9,0,9,18,0,10,10,0,6,1,0,6,6,0,13,13,0,9,7,0,12,10,0,3,1,0,1,1,0,6,6,0,1,1,0,4,5,0,5,15,0
201406G084325,-2.075384,53.462899,1,2,1,3,18.45,5,6,30,6,2,4,0,5,4,1,2,0,0,1,9,9,0,9,8,0,10,10,0,2,1,0,6,6,0,13,13,0,9,9,0,12,12,0,3,4,0,1,1,0,6,6,0,2,1,0,8,5,0,6,6,0
201406G084582,-2.110162,53.450998,1,2,2,7,2.4,6,6,30,0,0,0,0,0,4,1,1,0,0,1,3,9,0,18,2,0,10,10,0,9,9,0,6,6,0,13,13,0,9,9,0,12,12,0,1,1,0,1,1,0,6,6,0,1,1,0,4,9,0,6,16,0
201406G084701,-2.145091,53.48039,1,1,1,2,19.19,5,6,30,3,4,6,0,4,1,1,1,0,0,1,9,0,0,18,0,0,10,0,0,1,0,0,6,0,0,13,0,0,9,0,0,12,0,0,4,0,0,1,0,0,6,0,0,1,0,0,5,0,0,4,0,0
201406G087930,-2.105215,53.502679,1,1,1,3,18.10,3,6,30,3,4,6,0,0,1,1,1,0,0,1,19,0,0,18,0,0,10,0,0,1,0,0,6,0,0,13,0,0,9,0,0,12,0,0,4,0,0,1,0,0,6,0,0,1,0,0,7,0,0,8,0,0
201406G088007,-2.056616,53.507718,1,3,3,5,15.57,3,6,40,0,0,0,0,0,1,1,1,4,0,2,9,9,9,18,3,3,10,10,10,9,9,9,6,6,6,13,13,13,9,9,9,12,12,12,1,3,3,1,1,1,1,6,6,2,1,1,10,5,6,11,2,1
201406G088273,-2.07919,53.492568,1,1,1,3,15.50,3,6,30,6,4,6,0,4,1,1,2,0,0,1,9,0,0,18,0,0,10,0,0,8,0,0,6,0,0,13,0,0,9,0,0,12,0,0,1,0,0,1,0,0,6,0,0,2,0,0,8,0,0,7,0,0
201406G089847,-2.094945,53.487883,1,1,1,6,11.10,6,6,30,3,4,6,0,0,1,2,2,0,0,1,9,0,0,9,0,0,10,0,0,8,0,0,6,0,0,13,0,0,9,0,0,12,0,0,4,0,0,1,0,0,6,0,0,2,0,0,7,0,0,3,0,0
201406G090152,-2.073463,53.484734,1,2,2,2,18.18,4,6,30,3,4,6,0,0,1,1,1,0,0,1,5,9,0,18,9,0,10,10,0,1,5,0,6,6,0,13,13,0,7,8,0,12,10,0,1,3,0,1,1,0,6,6,0,1,2,0,6,9,0,7,5,0
201406G092592,-2.120145,53.456202,1,2,2,3,22.4,3,6,30,3,4,6,0,0,4,1,1,0,0,1,9,4,0,9,18,0,10,10,0,8,8,0,6,6,0,13,13,0,9,9,0,12,12,0,3,1,0,1,1,0,6,6,0,2,1,0,5,5,0,1,6,0
201406G092953,-2.114153,53.456882,1,1,1,2,17.30,3,6,30,3,4,6,0,0,4,1,1,0,0,1,9,0,0,15,0,0,10,0,0,1,0,0,6,0,0,13,0,0,9,0,0,12,0,0,1,0,0,1,0,0,2,0,0,2,0,0,4,0,0,7,0,0
201406G093332,-2.051392,53.439892,1,1,3,2,8.30,3,6,30,0,0,0,0,0,1,1,2,0,0,1,9,0,0,17,0,0,10,0,0,9,0,0,1,0,0,10,0,0,7,0,0,10,0,0,4,0,0,1,0,0,6,0,0,2,0,0,5,0,0,14,0,0
201406G093878,-2.084295,53.490686,1,1,1,4,15.25,3,6,30,3,4,6,0,0,1,1,1,0,0,1,9,0,0,18,0,0,10,0,0,8,0,0,6,0,0,13,0,0,9,0,0,12,0,0,4,0,0,1,0,0,6,0,0,2,0,0,8,0,0,11,0,0
201406G093905,-2.126504,53.452304,1,1,1,7,13.15,5,6,30,3,4,6,0,0,1,1,2,0,0,1,5,0,0,17,0,0,10,0,0,2,0,0,2,0,0,13,0,0,8,0,0,10,0,0,4,0,0,1,0,0,6,0,0,1,0,0,8,0,0,14,0,0
201406G093928,-2.112695,53.469324,1,2,1,4,17.0,3,6,30,8,4,6,0,0,4,1,2,0,0,1,9,2,0,9,18,0,10,10,0,8,8,0,6,6,0,13,13,0,9,9,0,12,12,0,1,3,0,1,1,0,6,6,0,1,1,0,6,4,0,11,7,0
201406G095131,-2.040566,53.453739,1,2,1,3,18.5,3,6,30,3,4,5,0,0,4,1,2,0,0,2,9,3,0,9,18,0,10,10,0,8,8,0,6,5,0,13,13,0,9,9,0,12,12,0,1,3,0,1,1,0,6,6,0,1,1,0,7,5,0,9,3,0
201406J081806,-2.099301,53.410541,1,1,1,2,13.15,3,6,30,0,0,0,0,0,1,1,1,0,0,1,9,0,0,18,0,0,10,0,0,9,0,0,6,0,0,13,0,0,9,0,0,12,0,0,1,0,0,1,0,0,6,0,0,2,0,0,7,0,0,4,0,0
201406J082229,-2.194227,53.39064,1,1,1,1,18.4,5,6,30,0,0,0,0,4,4,1,1,0,0,1,9,0,0,18,0,0,10,0,0,9,0,0,6,0,0,13,0,0,9,0,0,12,0,0,1,0,0,1,0,0,6,0,0,2,0,0,8,0,0,9,0,0
201406J082902,-2.213106,53.395273,1,1,1,4,11.40,3,6,30,3,2,4,0,5,1,1,2,0,0,1,9,0,0,17,0,0,10,0,0,8,0,0,1,0,0,13,0,0,9,0,0,12,0,0,3,0,0,1,0,0,6,0,0,2,0,0,8,0,0,10,0,0
201406J083450,-2.116285,53.377285,1,2,1,5,23.40,3,6,30,3,2,3,0,5,4,1,2,0,0,1,9,3,0,9,18,0,10,10,0,8,8,0,6,6,0,13,13,0,9,9,0,12,12,0,4,1,0,1,1,0,2,6,0,1,1,0,6,4,0,10,3,0
201406J083620,-2.102744,53.415922,1,1,1,1,14.40,3,6,30,3,4,6,0,0,1,1,1,0,0,1,11,0,0,5,0,0,10,0,0,1,0,0,6,0,0,13,0,0,9,0,0,12,0,0,5,0,0,1,0,0,1,0,0,1,0,0,8,0,0,10,0,0
201406J083941,-2.114648,53.422536,1,1,1,7,14.33,3,6,30,3,2,3,0,5,1,1,2,0,0,1,9,0,0,18,0,0,10,0,0,1,0,0,6,0,0,13,0,0,9,0,0,12,0,0,1,0,0,1,0,0,6,0,0,2,0,0,7,0,0,6,0,0
201406J084182,-2.194057,53.376402,1,2,2,2,12.5,3,6,30,6,2,5,0,0,1,1,1,0,0,1,9,9,0,18,10,0,10,10,0,8,8,0,6,6,0,13,13,0,9,9,0,12,12,0,1,4,0,1,1,0,6,6,0,1,2,0,11,4,0,18,2,0
201406J084282,-2.087256,53.398101,1,1,1,6,15.0,6,6,30,0,0,0,1,0,1,9,1,0,0,1,9,0,0,18,0,0,10,0,0,9,0,0,6,0,0,13,0,0,9,0,0,12,0,0,1,0,0,1,0,0,3,0,0,2,0,0,7,0,0,7,0,0
201406J084558,-2.063334,53.391923,1,1,1,6,18.15,6,6,30,0,0,0,0,0,1,1,1,0,0,1,9,0,0,18,0,0,10,0,0,9,0,0,1,0,0,13,0,0,9,0,0,12,0,0,3,0,0,1,0,0,6,0,0,1,0,0,10,0,0,21,0,0
201406J084862,-2.117436,53.385967,1,1,1,1,15.45,5,6,30,3,4,6,0,0,1,1,1,0,0,1,9,0,0,18,0,0,10,0,0,2,0,0,1,0,0,13,0,0,9,0,0,12,0,0,4,0,0,1,0,0,6,0,0,1,0,0,8,0,0,8,0,0
201406J086085,-2.136392,53.403772,1,2,1,4,16.12,3,6,30,3,4,6,0,0,1,1,1,0,0,1,10,11,0,14,2,0,10,10,0,2,2,0,6,6,0,13,13,0,9,9,0,12,12,0,1,5,0,1,1,0,1,1,0,1,1,0,6,8,0,7,10,0
201406J086491,-2.134799,53.432492,1,1,1,4,0.45,6,6,20,0,0,0,0,0,7,9,1,0,0,1,8,0,0,5,0,0,10,0,0,9,0,0,6,0,0,13,0,0,9,0,0,12,0,0,5,0,0,1,0,0,1,0,0,1,0,0,6,0,0,7,0,0
201406J087302,-2.231121,53.369999,1,1,1,4,10.47,6,6,20,3,4,5,0,0,1,1,1,0,0,1,9,0,0,1,0,0,10,0,0,1,0,0,6,0,0,13,0,0,9,0,0,12,0,0,2,0,0,1,0,0,6,0,0,1,0,0,9,0,0,4,0,0
201406J087334,-2.216905,53.394089,1,1,1,1,18.36,3,6,30,3,4,6,0,5,1,1,1,0,0,1,8,0,0,5,0,0,10,0,0,2,0,0,6,0,0,13,0,0,9,0,0,12,0,0,5,0,0,1,0,0,1,0,0,1,0,0,7,0,0,8,0,0
201406J087840,-2.154465,53.426725,1,3,3,1,15.10,4,6,30,9,4,6,0,0,1,1,1,0,0,1,9,2,9,9,18,2,10,10,10,5,1,2,6,6,6,13,4,13,9,7,9,12,12,12,4,1,3,1,1,1,6,6,6,2,1,1,6,5,6,11,1,10
201406J087897,-2.181722,53.423819,1,2,1,4,12.29,4,6,30,6,4,6,0,0,1,1,1,0,0,1,19,4,0,7,18,0,10,10,0,8,8,0,6,2,0,13,13,0,9,9,0,12,12,0,5,5,0,1,1,0,1,6,0,1,1,0,5,5,0,2,4,0
201406J088230,-2.065351,53.393297,1,2,1,2,18.3,5,1,30,2,4,5,0,8,1,1,1,0,0,1,9,3,0,18,9,0,10,10,0,8,8,0,6,6,0,13,13,0,9,9,0,12,12,0,3,1,0,1,1,0,6,6,0,1,1,0,9,9,0,4,3,0
201406J088375,-2.236457,53.370096,1,1,1,5,8.20,5,6,30,0,0,0,0,4,1,1,1,0,0,1,2,0,0,18,0,0,10,0,0,9,0,0,6,0,0,13,0,0,9,0,0,12,0,0,1,0,0,1,0,0,2,0,0,1,0,0,4,0,0,7,0,0
201406J088571,-2.160461,53.372407,1,2,2,4,9.45,3,6,30,3,4,5,0,0,1,1,1,0,0,1,9,21,0,9,18,0,10,10,0,6,8,0,6,6,0,13,13,0,7,9,0,10,12,0,3,1,0,1,1,0,6,1,0,1,1,0,11,6,0,20,1,0
201406J088764,-2.167455,53.358357,1,2,1,7,12.40,3,6,30,8,4,6,0,0,1,1,1,0,0,1,9,5,0,9,18,0,10,10,0,8,8,0,6,6,0,13,13,0,9,9,0,12,12,0,5,5,0,1,1,0,6,6,0,2,1,0,5,8,0,4,7,0
201406J089444,-2.122889,53.425764,1,1,1,1,6.31,3,3,50,0,0,0,0,0,1,2,2,0,0,2,9,0,0,16,0,0,10,0,0,9,0,0,1,0,0,13,0,0,1,0,0,1,0,0,3,0,0,1,0,0,6,0,0,2,0,0,8,0,0,7,0,0
201406J090131,-2.15286,53.398727,1,1,1,3,16.45,5,6,30,7,2,3,0,5,1,1,1,0,0,1,19,0,0,18,0,0,10,0,0,2,0,0,6,0,0,13,0,0,9,0,0,12,0,0,1,0,0,1,0,0,2,0,0,1,0,0,5,0,0,7,0,0
201406J090179,-2.153852,53.402726,1,1,1,5,17.43,5,6,30,3,4,6,0,0,1,1,1,0,0,1,19,0,0,18,0,0,10,0,0,2,0,0,6,0,0,13,0,0,9,0,0,12,0,0,1,0,0,1,0,0,1,0,0,1,0,0,8,0,0,3,0,0
201406J090512,-2.067846,53.363974,1,2,1,4,17.45,3,6,30,3,4,5,0,4,1,1,1,0,0,1,9,3,0,9,18,0,10,10,0,8,8,0,6,6,0,13,13,0,9,9,0,12,12,0,3,4,0,1,1,0,2,2,0,1,1,0,9,8,0,6,4,0
201406J091043,-2.185777,53.421835,1,1,1,7,22.35,4,6,30,3,4,6,0,0,4,1,1,0,0,1,9,0,0,18,0,0,10,0,0,1,0,0,6,0,0,13,0,0,9,0,0,12,0,0,3,0,0,1,0,0,6,0,0,1,0,0,8,0,0,11,0,0
201406J092872,-2.172098,53.373137,1,3,3,3,19.41,5,6,30,6,4,6,0,0,4,5,2,0,0,1,9,9,9,18,18,18,10,10,10,6,8,8,6,6,6,13,13,13,1,9,9,10,12,12,1,4,1,1,1,1,6,6,6,1,1,1,8,6,8,8,1,3
201406J092876,-2.175034,53.400216,1,1,2,5,7.15,4,6,30,3,4,6,0,4,1,8,2,0,0,1,3,0,0,4,0,0,10,0,0,1,0,0,2,0,0,13,0,0,9,0,0,12,0,0,1,0,0,1,0,0,1,0,0,1,0,0,4,0,0,5,0,0
201406J092937,-2.083399,53.417699,1,1,2,1,1.30,5,6,30,0,0,0,0,0,4,1,1,0,0,1,9,0,0,18,0,0,10,0,0,9,0,0,2,0,0,13,0,0,8,0,0,10,0,0,3,0,0,1,0,0,6,0,0,1,0,0,6,0,0,13,0,0
201406J093142,-2.170002,53.416906,1,2,1,3,5.55,3,6,30,3,4,6,0,0,4,9,2,0,0,1,9,3,0,9,18,0,10,10,0,8,8,0,6,6,0,13,13,0,9,9,0,12,12,0,3,1,0,1,1,0,2,2,0,1,1,0,7,5,0,9,6,0
201406J093168,-2.185432,53.373773,1,1,1,2,19.40,3,6,30,0,0,0,0,0,4,1,2,0,0,1,9,0,0,18,0,0,10,0,0,9,0,0,6,0,0,13,0,0,9,0,0,12,0,0,1,0,0,1,0,0,6,0,0,1,0,0,9,0,0,1,0,0
201406J093406,-2.069761,53.395506,1,2,1,7,7.13,3,6,30,8,4,6,0,0,1,1,2,0,0,1,5,9,0,15,7,0,10,10,0,8,5,0,6,6,0,13,13,0,9,9,0,12,12,0,3,4,0,1,1,0,6,6,0,1,1,0,8,7,0,6,11,0
201406J093584,-2.124809,53.423739,1,1,4,7,1.0,3,3,50,1,4,3,0,0,4,1,2,0,0,2,9,0,0,16,0,0,10,0,0,1,0,0,5,0,0,13,0,0,4,0,0,12,0,0,1,0,0,1,0,0,6,0,0,1,0,0,5,0,0,13,0,0
201406J094742,-2.224705,53.387521,1,2,1,1,21.41,3,3,50,3,4,5,0,0,7,1,1,0,0,1,9,8,0,18,18,0,10,10,0,8,8,0,6,6,0,13,13,0,5,1,0,1,12,0,1,2,0,1,1,0,6,1,0,1,1,0,11,8,0,9,10,0
201406J095024,-2.070994,53.395613,1,1,1,3,14.45,6,6,30,3,4,3,0,0,1,1,2,0,0,1,9,0,0,9,0,0,10,0,0,5,0,0,6,0,0,13,0,0,9,0,0,12,0,0,1,0,0,1,0,0,6,0,0,1,0,0,11,0,0,13,0,0
201406J095261,-2.162047,53.437681,1,1,1,6,17.46,6,6,30,3,4,6,0,0,4,2,2,0,0,1,9,0,0,9,0,0,10,0,0,2,0,0,6,0,0,13,0,0,9,0,0,12,0,0,1,0,0,1,0,0,6,0,0,2,0,0,7,0,0,8,0,0
201406K081502,-2.418281,53.576536,1,1,1,6,19.4,3,6,30,3,4,5,0,0,4,1,2,0,0,1,9,0,0,18,0,0,10,0,0,8,0,0,6,0,0,13,0,0,9,0,0,12,0,0,1,0,0,1,0,0,6,0,0,2,0,0,6,0,0,16,0,0
201406K081921,-2.515403,53.55258,1,1,1,6,8.35,4,6,30,0,0,0,0,0,1,1,2,0,0,1,19,0,0,18,0,0,10,0,0,9,0,0,6,0,0,13,0,0,9,0,0,12,0,0,4,0,0,1,0,0,1,0,0,1,0,0,9,0,0,5,0,0
201406K081954,-2.449657,53.585815,1,1,1,3,12.50,4,6,30,3,4,6,0,0,1,1,1,0,0,1,9,0,0,1,0,0,10,0,0,1,0,0,6,0,0,13,0,0,9,0,0,12,0,0,2,0,0,1,0,0,6,0,0,1,0,0,9,0,0,3,0,0
201406K082462,-2.594289,53.602379,1,2,2,3,16.40,3,6,60,6,4,5,0,0,1,1,1,0,0,2,9,9,0,18,18,0,10,10,0,2,1,0,6,6,0,13,13,0,9,9,0,12,12,0,1,1,0,1,1,0,2,6,0,1,1,0,4,7,0,10,5,0