Accident_Index,Longitude,Latitude,SV,Number_of_Vehicles,Number_of_Casualties,Day_of_Week,Time,1st_Road_Class,Road_Type,Speed_limit,Junction_Detail,Junction_Control,2nd_Road_Class,Pedestrian_Crossing-Human_Control,Pedestrian_Crossing-Physical_Facilities,Light_Conditions,Weather_Conditions,Road_Surface_Conditions,Special_Conditions_at_Site,Carriageway_Hazards,Urban_or_Rural_Area,Vehicle1_Type,Vehicle2_Type,Vehicle3_Type,Vehicle1_Manoeuvre,Vehicle2_Manoeuvre,Vehicle3_Manoeuvre,Vehicle1_Location-Restricted_Lane,Vehicle2_Location-Restricted_Lane,Vehicle3_Location-Restricted_Lane,Junction1_Location,Junction2_Location,Junction3_Location,Skidding1_and_Overturning,Skidding2_and_Overturning,Skidding3_and_Overturning,Hit_Object_in_Carriageway1,Hit_Object_in_Carriageway2,Hit_Object_in_Carriageway3,Vehicle1_Leaving_Carriageway,Vehicle2_Leaving_Carriageway,Vehicle3_Leaving_Carriageway,Hit_Object_off_Carriageway1,Hit_Object_off_Carriageway2,Hit_Object_off_Carriageway3,1st_Point_of_Impact1,1st_Point_of_Impact2,1st_Point_of_Impact3,Was_Vehicle 1_Left_Hand_Drive?,Was_Vehicle2_Left_Hand_Drive?,Was_Vehicle 3_Left_Hand_Drive?,Journey_Purpose_of_Driver1,Journey_Purpose_of_Driver2,Journey_Purpose_of_Driver3,Sex_of_Driver1,Sex_of_Driver2,Sex_of_Driver3,Age_Band_of_Driver1,Age_Band_of_Driver2,Age_Band_of_Driver3,Age_of_Vehicle1,Age_of_Vehicle2,Age_of_Vehicle3
201406K082539,-2.40135,53.55734,1,2,2,2,9.35,3,6,30,7,2,3,0,0,1,1,1,0,0,1,9,9,0,9,18,0,10,10,0,8,8,0,6,6,0,13,13,0,9,9,0,12,12,0,1,1,0,1,1,0,6,6,0,1,1,0,10,5,0,14,4,0
201406K082598,-2.401396,53.582894,1,2,1,2,21.51,3,3,40,3,4,6,0,0,4,2,2,0,0,1,3,9,0,18,9,0,10,10,0,6,8,0,6,6,0,13,13,0,9,9,0,12,12,0,1,3,0,1,1,0,6,6,0,1,2,0,5,6,0,7,16,0
201406K082695,-2.523677,53.555267,1,1,1,3,18.5,4,6,30,3,4,6,0,0,7,9,1,0,0,1,9,0,0,18,0,0,10,0,0,1,0,0,6,0,0,13,0,0,9,0,0,12,0,0,4,0,0,1,0,0,6,0,0,2,0,0,11,0,0,10,0,0
201406K083359,-2.431078,53.577011,1,1,1,1,9.55,6,6,30,9,4,6,0,4,1,1,1,0,0,1,9,0,0,18,0,0,10,0,0,8,0,0,6,0,0,13,0,0,9,0,0,12,0,0,1,0,0,1,0,0,6,0,0,2,0,0,11,0,0,3,0,0
201406K083859,-2.516133,53.541871,1,4,1,2,8.30,4,6,30,3,4,6,0,0,1,1,1,0,0,1,19,9,3,9,18,3,10,10,10,6,8,8,6,6,6,13,13,13,9,9,9,12,12,12,1,3,1,1,1,1,6,6,6,1,2,1,5,5,6,16,4,9
201406K084451,-2.462756,53.588704,1,1,1,3,21.53,4,6,30,6,4,6,0,8,4,1,2,0,0,1,9,0,0,18,0,0,10,0,0,1,0,0,6,0,0,13,0,0,9,0,0,12,0,0,1,0,0,1,0,0,6,0,0,1,0,0,8,0,0,15,0,0
201406K085091,-2.410824,53.614349,1,1,3,1,10.45,4,6,30,3,4,5,0,0,1,1,1,0,0,1,9,0,0,18,0,0,10,0,0,1,0,0,6,0,0,13,0,0,1,0,0,10,0,0,1,0,0,1,0,0,6,0,0,1,0,0,11,0,0,1,0,0
201406K085160,-2.386697,53.584399,1,2,4,2,18.15,5,6,30,6,4,6,0,0,1,1,1,0,0,1,9,9,0,18,18,0,10,10,0,8,1,0,6,6,0,13,13,0,7,7,0,12,10,0,1,4,0,1,1,0,1,6,0,1,1,0,4,6,0,9,12,0
201406K085418,-2.521491,53.533362,1,1,1,3,18.1,6,6,30,0,0,0,0,0,1,1,1,0,0,1,9,0,0,18,0,0,10,0,0,9,0,0,6,0,0,13,0,0,9,0,0,12,0,0,3,0,0,1,0,0,6,0,0,1,0,0,4,0,0,13,0,0
201406K085931,-2.50593,53.548063,1,2,1,3,18.20,3,6,30,3,4,5,0,0,1,1,1,0,0,1,9,9,0,5,9,0,10,10,0,1,1,0,6,6,0,13,13,0,9,9,0,12,12,0,1,2,0,1,1,0,6,6,0,2,1,0,7,8,0,5,14,0
201406K086054,-2.386652,53.584426,1,2,1,1,18.55,5,6,30,6,4,6,0,0,1,1,1,0,0,1,9,9,0,18,18,0,10,10,0,1,1,0,6,6,0,13,13,0,9,1,0,12,12,0,1,1,0,1,1,0,6,6,0,1,1,0,8,6,0,1,8,0
201406K086187,-2.552515,53.604359,1,2,3,4,20.20,5,6,30,0,0,0,0,0,4,1,1,0,0,1,9,9,0,17,2,0,10,10,0,9,9,0,2,6,0,13,13,0,7,9,0,4,12,0,1,3,0,1,1,0,6,6,0,1,1,0,4,6,0,15,5,0
201406K086213,-2.528201,53.545144,1,2,1,4,23.15,3,6,30,0,0,0,0,0,4,1,2,0,0,1,9,3,0,13,18,0,10,10,0,9,9,0,1,1,0,13,13,0,9,9,0,12,12,0,1,1,0,1,1,0,1,2,0,1,1,0,7,7,0,9,4,0
201406K086856,-2.460777,53.569287,1,1,1,3,11.38,6,6,30,3,4,6,0,0,1,2,2,0,0,1,9,0,0,1,0,0,10,0,0,1,0,0,6,0,0,13,0,0,9,0,0,12,0,0,2,0,0,1,0,0,6,0,0,2,0,0,7,0,0,9,0,0
201406K087158,-2.425914,53.577138,1,1,1,5,11.51,3,6,30,3,2,3,0,5,1,1,1,0,0,1,9,0,0,18,0,0,10,0,0,1,0,0,6,0,0,13,0,0,9,0,0,12,0,0,4,0,0,1,0,0,6,0,0,2,0,0,10,0,0,5,0,0
201406K087338,-2.594183,53.602335,1,2,1,6,11.45,3,6,60,6,4,5,0,0,1,1,1,0,0,2,4,9,0,18,18,0,10,10,0,8,8,0,6,6,0,13,13,0,9,9,0,12,12,0,3,1,0,1,1,0,6,6,0,1,1,0,11,9,0,27,4,0
201406K087801,-2.416046,53.613432,1,2,1,4,14.38,4,6,30,6,4,6,0,0,1,1,1,0,0,1,9,19,0,9,18,0,10,10,0,6,8,0,6,6,0,13,13,0,9,1,0,12,10,0,1,3,0,1,1,0,6,1,0,2,1,0,9,8,0,9,1,0
201406K088132,-2.462489,53.557371,1,1,1,4,16.45,3,6,30,0,0,0,0,4,1,1,1,0,0,1,9,0,0,18,0,0,10,0,0,9,0,0,6,0,0,13,0,0,9,0,0,12,0,0,1,0,0,1,0,0,1,0,0,1,0,0,7,0,0,20,0,0
201406K089530,-2.453304,53.568004,1,1,1,7,14.35,6,6,30,0,0,0,0,0,1,1,1,0,0,1,9,0,0,18,0,0,10,0,0,9,0,0,6,0,0,13,0,0,9,0,0,12,0,0,1,0,0,1,0,0,6,0,0,2,0,0,7,0,0,12,0,0
201406K089713,-2.431432,53.594026,1,2,1,2,20.52,3,6,30,3,2,6,0,5,4,1,1,0,0,1,9,5,0,9,18,0,10,10,0,8,8,0,6,6,0,13,13,0,9,9,0,12,12,0,2,1,0,1,1,0,6,6,0,1,1,0,8,8,0,13,2,0
201406K090185,-2.409718,53.571873,1,1,1,5,12.6,5,6,30,0,0,0,0,0,1,1,2,0,0,1,9,0,0,16,0,0,10,0,0,9,0,0,6,0,0,13,0,0,1,0,0,10,0,0,1,0,0,1,0,0,1,0,0,2,0,0,8,0,0,9,0,0
201406K092572,-2.369687,53.56519,1,3,1,6,21.40,6,6,30,0,0,0,0,0,4,2,2,0,0,1,9,9,9,18,18,2,10,10,10,9,9,9,5,6,6,13,13,13,1,9,9,12,12,12,1,1,3,1,1,1,6,1,6,1,1,2,6,7,6,12,9,4
201406K092616,-2.41805,53.566883,1,1,1,7,17.10,6,6,30,3,4,5,0,0,1,1,1,0,0,1,9,0,0,18,0,0,10,0,0,2,0,0,6,0,0,13,0,0,9,0,0,12,0,0,4,0,0,1,0,0,6,0,0,1,0,0,8,0,0,6,0,0
201406K092642,-2.431728,53.594896,1,2,1,7,10.25,3,3,30,3,4,6,0,0,1,1,1,0,0,1,9,5,0,9,18,0,10,10,0,8,8,0,6,6,0,13,13,0,9,9,0,12,12,0,4,1,0,1,1,0,6,6,0,2,1,0,7,8,0,8,15,0
201406K092672,-2.536025,53.582718,1,2,1,4,11.44,6,6,30,1,4,6,0,0,1,2,2,0,0,1,9,3,0,18,18,0,10,10,0,8,8,0,6,6,0,13,13,0,9,9,0,12,12,0,4,4,0,1,1,0,6,1,0,2,1,0,8,5,0,12,1,0
201406K093924,-2.431991,53.576262,1,1,1,5,17.20,5,6,30,0,0,0,0,0,4,1,1,0,0,1,11,0,0,18,0,0,10,0,0,9,0,0,6,0,0,13,0,0,9,0,0,12,0,0,1,0,0,1,0,0,1,0,0,1,0,0,6,0,0,12,0,0
201406K094519,-2.407338,53.580384,1,2,1,5,10.10,3,6,30,3,4,4,0,0,1,1,1,0,0,1,9,5,0,5,18,0,10,10,0,2,8,0,6,1,0,13,13,0,9,9,0,12,12,0,3,1,0,1,1,0,6,2,0,2,1,0,6,9,0,1,16,0
201406K094597,-2.411004,53.597055,1,2,2,7,13.37,3,6,30,6,2,3,0,5,1,1,1,0,0,1,9,9,0,9,18,0,10,10,0,8,8,0,6,6,0,13,13,0,9,9,0,12,12,0,1,1,0,1,1,0,6,6,0,2,2,0,9,6,0,1,9,0
201406K094798,-2.453329,53.581711,1,2,1,6,8.50,6,6,30,3,4,6,0,0,1,1,2,0,0,1,3,9,0,18,5,0,10,10,0,8,6,0,6,6,0,13,13,0,9,9,0,12,12,0,3,1,0,1,1,0,6,3,0,1,2,0,5,7,0,7,10,0
201406K095144,-2.575751,53.589373,1,1,1,5,2.42,4,6,30,0,0,0,0,0,4,1,1,0,0,1,9,0,0,18,0,0,10,0,0,9,0,0,6,0,0,13,0,0,9,0,0,12,0,0,3,0,0,1,0,0,1,0,0,1,0,0,7,0,0,1,0,0
201406K095178,-2.407338,53.580393,1,2,1,3,16.37,3,6,30,3,4,4,0,8,4,2,2,0,0,1,11,3,0,9,18,0,10,10,0,8,8,0,6,6,0,13,13,0,9,9,0,12,12,0,3,1,0,1,1,0,1,2,0,1,1,0,8,6,0,2,1,0
201406L081348,-2.611891,53.527828,1,2,1,6,17.47,3,6,30,3,4,6,0,0,4,2,2,0,0,1,9,5,0,9,18,0,10,10,0,6,8,0,6,6,0,13,13,0,9,9,0,12,12,0,1,1,0,1,1,0,6,6,0,2,1,0,7,6,0,8,18,0
201406L082436,-2.631936,53.545854,1,1,1,6,17.26,6,2,30,0,0,0,0,1,4,2,2,0,0,1,9,0,0,17,0,0,10,0,0,9,0,0,6,0,0,13,0,0,9,0,0,12,0,0,1,0,0,1,0,0,1,0,0,1,0,0,8,0,0,7,0,0
201406L082652,-2.586106,53.536272,1,2,3,7,17.0,3,6,30,3,4,6,0,0,4,2,2,0,0,1,9,9,0,9,18,0,10,10,0,6,1,0,6,1,0,13,13,0,9,9,0,12,12,0,4,1,0,1,1,0,6,6,0,1,1,0,7,6,0,10,12,0
201406L083584,-2.624424,53.548123,1,1,1,7,19.30,6,6,30,3,4,6,0,0,4,1,2,0,0,1,8,0,0,9,0,0,10,0,0,5,0,0,6,0,0,13,0,0,9,0,0,12,0,0,3,0,0,1,0,0,6,0,0,1,0,0,8,0,0,10,0,0
201406L083586,-2.529042,53.513401,1,1,1,3,8.54,5,6,30,0,0,0,0,4,1,2,2,0,0,1,9,0,0,14,0,0,10,0,0,9,0,0,6,0,0,13,0,0,9,0,0,12,0,0,1,0,0,1,0,0,3,0,0,2,0,0,7,0,0,11,0,0
201406L083697,-2.554212,53.513413,1,1,1,7,15.33,4,6,30,0,0,0,0,0,1,1,1,0,0,1,5,0,0,16,0,0,10,0,0,9,0,0,2,0,0,13,0,0,7,0,0,10,0,0,4,0,0,1,0,0,6,0,0,1,0,0,9,0,0,20,0,0
201406L083812,-2.506613,53.492771,1,1,1,6,18.15,6,6,30,0,0,0,0,0,4,1,1,0,0,1,9,0,0,18,0,0,10,0,0,9,0,0,6,0,0,13,0,0,9,0,0,12,0,0,4,0,0,1,0,0,1,0,0,1,0,0,9,0,0,1,0,0
201406L084618,-2.67397,53.536519,1,1,1,2,19.23,6,6,20,0,0,0,0,0,1,1,2,0,0,1,9,0,0,18,0,0,10,0,0,9,0,0,6,0,0,13,0,0,9,0,0,12,0,0,3,0,0,1,0,0,6,0,0,1,0,0,5,0,0,13,0,0
201406L084929,-2.514282,53.509915,1,3,1,2,14.30,4,6,30,0,0,0,0,0,1,1,1,0,0,1,9,9,9,18,18,18,10,10,10,9,9,9,6,6,6,13,13,10,9,9,1,12,12,12,1,2,2,1,1,1,6,6,6,1,2,2,6,5,9,9,6,1
201406L084968,-2.63999,53.490477,1,1,1,5,14.5,6,6,30,3,4,3,0,0,1,1,1,0,0,1,9,0,0,7,0,0,10,0,0,5,0,0,6,0,0,13,0,0,9,0,0,12,0,0,1,0,0,1,0,0,6,0,0,2,0,0,9,0,0,9,0,0
201406L085076,-2.499069,53.492092,1,2,1,2,21.45,3,6,30,3,2,3,0,0,4,1,1,0,0,1,9,3,0,9,18,0,10,10,0,8,8,0,6,6,0,13,13,0,9,9,0,12,12,0,1,4,0,1,1,0,6,6,0,1,1,0,6,6,0,12,1,0
201406L085745,-2.497349,53.530607,1,2,1,1,21.42,6,6,30,0,0,0,0,0,4,1,1,0,0,1,4,9,0,18,18,0,10,10,0,9,9,0,1,6,0,13,13,0,9,9,0,12,12,0,5,5,0,1,1,0,6,6,0,1,1,0,6,6,0,8,13,0
201406L086090,-2.621366,53.543393,1,1,1,5,14.50,6,6,30,3,4,3,0,0,1,1,1,0,0,1,9,0,0,9,0,0,10,0,0,5,0,0,6,0,0,13,0,0,9,0,0,12,0,0,1,0,0,1,0,0,2,0,0,1,0,0,6,0,0,13,0,0
201406L086258,-2.578178,53.479331,1,2,1,7,13.20,6,6,30,3,4,6,0,0,1,1,1,0,0,1,9,9,0,9,18,0,10,10,0,8,8,0,6,6,0,13,13,0,9,9,0,12,12,0,1,4,0,1,1,0,6,6,0,2,1,0,6,8,0,1,10,0
201406L086449,-2.485406,53.483582,1,2,1,4,8.50,3,3,60,0,0,0,0,0,1,1,1,0,0,2,10,5,0,6,18,0,10,10,0,9,9,0,6,6,0,13,13,0,9,1,0,12,9,0,4,1,0,1,1,0,1,1,0,1,1,0,10,8,0,10,15,0
201406L086469,-2.513722,53.494772,1,1,1,1,12.30,3,6,30,3,2,6,0,5,1,1,1,0,0,1,9,0,0,18,0,0,10,0,0,2,0,0,6,0,0,13,0,0,9,0,0,12,0,0,2,0,0,1,0,0,6,0,0,2,0,0,9,0,0,8,0,0
201406L086619,-2.572354,53.464186,1,2,1,5,22.0,3,6,30,3,2,3,0,0,4,1,1,0,0,1,9,5,0,18,9,0,10,10,0,8,8,0,6,6,0,13,13,0,9,9,0,12,12,0,1,1,0,1,1,0,6,6,0,2,1,0,5,9,0,1,11,0
201406L088446,-2.465572,53.514996,1,1,1,6,16.8,3,2,30,6,4,6,0,0,1,1,1,0,0,1,9,0,0,9,0,0,10,0,0,2,0,0,6,0,0,13,0,0,9,0,0,12,0,0,1,0,0,1,0,0,6,0,0,2,0,0,8,0,0,9,0,0
201406L089248,-2.565427,53.540255,1,2,2,3,0.5,3,6,30,6,4,5,0,0,4,2,1,0,0,1,9,19,0,18,9,0,10,10,0,8,8,0,6,6,0,13,13,0,9,9,0,12,12,0,1,1,0,1,1,0,6,1,0,1,1,0,5,8,0,12,4,0
201406L089258,-2.528761,53.515056,1,1,1,2,14.55,5,6,30,8,4,6,1,0,1,1,1,0,0,1,9,0,0,9,0,0,10,0,0,8,0,0,6,0,0,13,0,0,9,0,0,12,0,0,1,0,0,1,0,0,3,0,0,2,0,0,6,0,0,6,0,0
201406L089567,-2.500749,53.486287,1,2,1,1,19.26,3,6,30,0,0,0,0,0,1,1,1,0,0,1,9,5,0,6,18,0,10,10,0,9,9,0,6,6,0,13,13,0,9,9,0,12,12,0,3,4,0,1,1,0,6,6,0,2,2,0,6,8,0,6,10,0
201406L089711,-2.5989,53.560811,1,1,1,2,17.21,4,6,30,0,0,0,0,0,1,1,1,0,0,1,4,0,0,17,0,0,10,0,0,9,0,0,6,0,0,13,0,0,7,0,0,12,0,0,3,0,0,1,0,0,6,0,0,1,0,0,6,0,0,8,0,0
201406L090091,-2.682189,53.536257,1,1,1,3,22.0,3,3,30,3,4,6,0,0,4,1,2,0,0,1,9,0,0,18,0,0,10,0,0,8,0,0,6,0,0,13,0,0,9,0,0,12,0,0,1,0,0,1,0,0,6,0,0,1,0,0,7,0,0,11,0,0
201406L090789,-2.569834,53.480756,1,1,3,2,9.5,5,6,30,0,0,0,0,0,1,1,1,0,0,1,9,0,0,17,0,0,10,0,0,9,0,0,1,0,0,13,0,0,7,0,0,1,0,0,4,0,0,1,0,0,6,0,0,2,0,0,6,0,0,11,0,0
201406L090838,-2.644497,53.557068,1,1,1,2,13.10,5,6,30,3,4,6,0,0,1,1,1,0,0,1,9,0,0,18,0,0,10,0,0,1,0,0,6,0,0,13,0,0,9,0,0,12,0,0,1,0,0,1,0,0,6,0,0,1,0,0,10,0,0,7,0,0
201406L094353,-2.624421,53.542775,1,1,1,3,18.32,3,6,30,6,2,3,0,0,4,1,1,0,0,1,9,0,0,18,0,0,10,0,0,2,0,0,6,0,0,13,0,0,9,0,0,12,0,0,4,0,0,1,0,0,2,0,0,2,0,0,6,0,0,3,0,0
201406L094376,-2.621245,53.547519,1,1,1,6,12.30,4,6,30,6,2,5,0,5,1,1,1,0,0,1,9,0,0,18,0,0,10,0,0,1,0,0,6,0,0,13,0,0,9,0,0,12,0,0,1,0,0,1,0,0,6,0,0,1,0,0,6,0,0,14,0,0
201406L094465,-2.616711,53.535615,1,1,1,2,19.25,3,1,30,1,4,6,0,0,4,1,1,0,0,1,9,0,0,18,0,0,10,0,0,3,0,0,1,0,0,13,0,0,9,0,0,12,0,0,1,0,0,1,0,0,6,0,0,1,0,0,6,0,0,11,0,0
201406L094702,-2.433822,53.511601,1,2,1,5,7.30,3,6,30,3,4,6,0,0,1,1,1,0,0,1,9,2,0,3,14,0,10,10,0,8,8,0,6,6,0,13,13,0,9,9,0,12,12,0,4,3,0,1,1,0,2,1,0,2,1,0,7,4,0,2,1,0
201406M085011,-2.384491,53.442736,1,1,1,1,13.15,4,6,30,3,4,4,0,8,1,1,1,0,0,1,9,0,0,18,0,0,10,0,0,1,0,0,6,0,0,13,0,0,9,0,0,12,0,0,1,0,0,1,0,0,1,0,0,1,0,0,9,0,0,2,0,0
201406M085368,-2.341713,53.473769,1,2,2,6,23.10,6,6,30,0,0,0,0,0,6,1,1,0,0,1,3,9,0,18,12,0,10,10,0,9,9,0,6,6,0,13,13,0,9,9,0,12,12,0,1,4,0,1,1,0,6,6,0,1,1,0,4,5,0,1,8,0
201406M085701,-2.335637,53.452268,1,1,1,3,17.0,5,6,30,3,4,6,0,0,1,1,1,0,0,1,9,0,0,1,0,0,10,0,0,1,0,0,6,0,0,13,0,0,9,0,0,12,0,0,2,0,0,1,0,0,6,0,0,1,0,0,7,0,0,13,0,0
201406M086923,-2.312736,53.399377,1,2,2,7,17.23,4,6,30,0,0,0,0,0,1,1,2,0,0,1,9,9,0,18,18,0,10,10,0,9,9,0,6,6,0,13,13,0,1,1,0,12,12,0,1,1,0,1,1,0,6,6,0,2,1,0,8,8,0,3,9,0
201406M087884,-2.308799,53.451783,1,2,5,2,9.4,5,6,30,3,4,6,0,0,1,1,1,0,0,1,9,9,0,9,18,0,10,10,0,8,8,0,6,6,0,13,13,0,9,1,0,12,1,0,1,1,0,1,1,0,6,3,0,2,1,0,6,6,0,5,12,0
201406M087993,-2.275269,53.457231,1,1,1,6,19.29,6,6,20,6,2,4,0,5,1,1,1,0,0,1,9,0,0,18,0,0,10,0,0,2,0,0,6,0,0,13,0,0,9,0,0,12,0,0,4,0,0,1,0,0,6,0,0,2,0,0,8,0,0,10,0,0
201406M089162,-2.262783,53.459416,1,3,1,6,17.4,5,6,20,3,4,6,0,0,1,1,1,0,0,1,3,9,9,18,2,7,10,10,10,2,2,5,1,6,6,13,13,13,9,9,9,12,12,12,1,2,5,1,1,1,6,6,6,1,3,1,4,6,6,12,1,4
201406M089596,-2.321276,53.450932,1,1,1,6,17.1,5,6,30,6,4,6,0,0,1,1,1,0,0,1,9,0,0,18,0,0,10,0,0,2,0,0,6,0,0,13,0,0,9,0,0,12,0,0,1,0,0,1,0,0,6,0,0,2,0,0,8,0,0,14,0,0
201406M090620,-2.32179,53.421295,1,2,2,6,21.50,5,6,30,3,4,6,0,0,4,2,2,0,0,1,9,9,0,18,9,0,10,10,0,8,8,0,6,6,0,13,13,0,7,9,0,4,12,0,4,3,0,1,1,0,1,6,0,1,2,0,6,4,0,6,10,0
201406M091725,-2.365778,53.386642,1,2,1,2,17.40,3,6,30,3,4,6,0,0,1,1,1,0,0,1,9,5,0,9,17,0,10,10,0,2,1,0,6,6,0,13,13,0,9,9,0,12,12,0,2,4,0,1,1,0,2,6,0,1,1,0,4,6,0,9,16,0
201406M092020,-2.318257,53.397601,1,1,1,6,16.27,4,6,30,6,2,4,0,5,1,1,1,0,0,1,9,0,0,18,0,0,10,0,0,1,0,0,6,0,0,13,0,0,9,0,0,12,0,0,2,0,0,1,0,0,2,0,0,2,0,0,7,0,0,7,0,0
201406M092446,-2.302895,53.419807,1,2,1,2,21.18,3,6,30,0,0,0,0,0,4,2,2,0,0,1,19,19,0,2,18,0,10,10,0,9,9,0,6,6,0,13,13,0,9,9,0,12,12,0,3,4,0,1,1,0,6,6,0,1,1,0,8,6,0,1,3,0
201406M093031,-2.362487,53.452288,1,2,1,4,16.49,4,6,30,3,4,4,0,0,1,1,1,0,0,1,9,3,0,9,18,0,10,10,0,8,8,0,6,5,0,13,13,0,9,9,0,12,12,0,1,1,0,1,1,0,6,6,0,1,1,0,7,5,0,5,3,0
201406M093646,-2.353873,53.450462,1,1,1,3,13.32,6,6,30,3,2,4,0,5,1,1,1,0,0,1,9,0,0,18,0,0,10,0,0,1,0,0,6,0,0,13,0,0,9,0,0,12,0,0,1,0,0,1,0,0,6,0,0,2,0,0,9,0,0,2,0,0
201406M094517,-2.335913,53.44904,1,1,1,5,8.25,6,6,30,3,4,5,0,8,1,1,2,0,0,1,9,0,0,9,0,0,10,0,0,8,0,0,6,0,0,13,0,0,9,0,0,12,0,0,1,0,0,1,0,0,3,0,0,1,0,0,8,0,0,3,0,0
201406M094851,-2.357421,53.381535,1,1,1,7,2.11,5,6,30,6,4,5,0,0,4,1,1,0,0,1,9,0,0,18,0,0,10,0,0,8,0,0,6,0,0,13,0,0,7,0,0,4,0,0,1,0,0,1,0,0,6,0,0,2,0,0,6,0,0,12,0,0
201406M095205,-2.318501,53.379802,1,1,1,5,16.36,5,6,30,3,4,6,0,0,4,1,2,0,0,1,9,0,0,18,0,0,10,0,0,8,0,0,6,0,0,13,0,0,9,0,0,12,0,0,4,0,0,1,0,0,6,0,0,1,0,0,9,0,0,4,0,0
201406N081506,-2.30055,53.582157,1,2,1,3,18.55,5,9,30,3,4,6,0,0,4,9,1,0,0,1,9,9,0,9,18,0,10,10,0,8,2,0,6,6,0,13,13,0,9,9,0,12,12,0,1,2,0,1,1,0,6,6,0,2,1,0,6,6,0,4,7,0
201406N082850,-2.322926,53.563141,1,1,1,2,17.30,3,6,30,8,4,6,0,4,7,9,2,0,0,1,9,0,0,9,0,0,10,0,0,8,0,0,6,0,0,13,0,0,9,0,0,12,0,0,1,0,0,1,0,0,6,0,0,1,0,0,9,0,0,2,0,0
201406N083400,-2.2976,53.553544,1,2,1,1,15.45,4,6,30,3,2,3,0,5,1,1,1,0,0,1,9,9,0,13,18,0,10,10,0,1,1,0,2,6,0,10,13,0,1,9,0,10,12,0,4,3,0,1,1,0,6,6,0,1,1,0,8,7,0,4,5,0
201406N084315,-2.324508,53.58639,1,1,1,6,16.38,3,6,30,3,4,6,0,4,1,1,1,0,0,1,20,0,0,18,0,0,10,0,0,1,0,0,6,0,0,13,0,0,9,0,0,12,0,0,1,0,0,1,0,0,6,0,0,2,0,0,9,0,0,15,0,0
201406N084966,-2.31644,53.610528,1,1,1,7,2.25,4,6,30,3,4,6,0,8,4,1,1,0,0,1,9,0,0,14,0,0,10,0,0,8,0,0,6,0,0,13,0,0,9,0,0,12,0,0,1,0,0,1,0,0,6,0,0,1,0,0,5,0,0,1,0,0
201406N086167,-2.280653,53.574807,1,2,1,5,13.30,5,6,30,3,4,6,0,0,1,1,1,0,0,1,5,9,0,18,9,0,10,10,0,8,5,0,6,6,0,13,13,0,9,9,0,12,12,0,1,3,0,1,1,0,6,6,0,1,1,0,8,9,0,15,9,0
201406N088815,-2.359891,53.574487,1,1,2,2,17.4,5,6,30,0,0,0,0,0,1,1,2,5,0,2,9,0,0,17,0,0,10,0,0,9,0,0,6,0,0,13,0,0,1,0,0,4,0,0,1,0,0,1,0,0,6,0,0,1,0,0,4,0,0,10,0,0
201406N089595,-2.281434,53.594499,1,2,1,3,19.30,4,6,30,3,4,6,0,0,1,1,1,0,0,1,9,5,0,9,18,0,10,10,0,8,8,0,6,2,0,13,13,0,9,9,0,12,12,0,4,1,0,1,1,0,6,6,0,1,1,0,9,5,0,11,15,0
201406N090420,-2.333812,53.56321,1,1,1,3,16.30,3,6,30,0,0,0,2,5,1,1,1,0,0,1,9,0,0,4,0,0,10,0,0,9,0,0,6,0,0,13,0,0,9,0,0,12,0,0,1,0,0,1,0,0,6,0,0,1,0,0,6,0,0,1,0,0
201406N091869,-2.287938,53.542243,1,1,1,4,11.43,3,6,30,6,2,5,0,0,1,1,1,0,0,1,11,0,0,18,0,0,10,0,0,1,0,0,6,0,0,13,0,0,9,0,0,12,0,0,4,0,0,1,0,0,1,0,0,1,0,0,9,0,0,7,0,0
201406N092180,-2.266026,53.544513,1,2,1,5,14.35,5,6,20,0,0,0,0,0,1,1,1,0,0,1,9,9,0,18,18,0,10,10,0,9,9,0,6,6,0,13,13,0,9,9,0,12,12,0,3,5,0,1,1,0,4,6,0,1,1,0,8,6,0,12,3,0
201406N092510,-2.293194,53.586507,1,2,1,1,21.35,4,1,20,1,4,4,0,0,4,1,1,0,0,1,9,8,0,18,18,0,10,10,0,4,8,0,6,6,0,13,13,0,9,9,0,12,12,0,3,4,0,1,1,0,6,6,0,2,1,0,6,6,0,8,10,0
201406N094709,-2.315181,53.544906,1,1,1,3,17.44,3,6,30,3,4,6,0,0,4,5,2,0,0,1,9,0,0,18,0,0,10,0,0,8,0,0,5,0,0,13,0,0,2,0,0,4,0,0,1,0,0,1,0,0,6,0,0,1,0,0,7,0,0,11,0,0
201406N095143,-2.322219,53.642961,1,1,1,4,17.20,3,6,30,6,2,5,0,5,4,1,1,0,0,1,9,0,0,5,0,0,10,0,0,1,0,0,6,0,0,13,0,0,9,0,0,12,0,0,1,0,0,1,0,0,2,0,0,2,0,0,8,0,0,3,0,0
201406NP95250,-2.237737,53.540366,1,1,1,5,21.40,3,1,30,1,2,1,0,0,4,1,2,0,0,2,9,0,0,18,0,0,10,0,0,8,0,0,6,0,0,13,0,0,1,0,0,1,0,0,1,0,0,1,0,0,6,0,0,2,0,0,10,0,0,2,0,0